source_concept_id,source_label,target_uri,target_label,relation,confidence,source_url,source_version
15e8_KDZ_31Z,SFI-lärare,http://data.europa.eu/esco/occupation/9711dcfc-d9a8-4fba-9c5e-8428d8bcb53e,"lärare, språkskola",close-match,low,https://taxonomy.api.jobtechdev.se/v1/taxonomy/graphql,30
17FS_XzU_AQ4,Skolvärd,http://data.europa.eu/esco/occupation/00674f21-2f8f-4a41-9896-133f7cbe2a6e,"lärarassistent, grundskola",close-match,low,https://taxonomy.api.jobtechdev.se/v1/taxonomy/graphql,30
17FS_XzU_AQ4,Skolvärd,http://data.europa.eu/esco/occupation/4d27152a-a8ee-4f5a-9f93-a2fb4fb2b2e3,"lärarassistent, förskola",close-match,low,https://taxonomy.api.jobtechdev.se/v1/taxonomy/graphql,30
17FS_XzU_AQ4,Skolvärd,http://data.europa.eu/esco/occupation/79c2e54e-26e8-4cdc-a7f1-908e000bfb83,"lärarassistent, gymnasieskola",close-match,low,https://taxonomy.api.jobtechdev.se/v1/taxonomy/graphql,30
17Xf_MuM_vg2,Bilskadereparatör,http://data.europa.eu/esco/occupation/1a1ea837-0103-4230-8756-533a77c5f9f4,tunnplåtslagare,broad-match,low,https://taxonomy.api.jobtechdev.se/v1/taxonomy/graphql,30
1Cjx_ooE_HT9,Arkivutredare,http://data.europa.eu/esco/occupation/d8e502b4-1be6-4d10-a224-151688f8f0c8,lantmätare,close-match,low,https://taxonomy.api.jobtechdev.se/v1/taxonomy/graphql,30
1Cjx_ooE_HT9,Arkivutredare,http://data.europa.eu/esco/occupation/e3b08984-19fe-4d51-a1b0-990676fc7234,arkivarie,close-match,low,https://taxonomy.api.jobtechdev.se/v1/taxonomy/graphql,30
1DSQ_YqU_AMs,EU-handläggare,http://data.europa.eu/esco/occupation/1c85eee2-a8ca-4750-a889-10a3e6c17b80,förvaltare av EU-medel,narrow-match,low,https://taxonomy.api.jobtechdev.se/v1/taxonomy/graphql,30
1DSQ_YqU_AMs,EU-handläggare,http://data.europa.eu/esco/occupation/caf7b8fb-b2d6-46b7-bffa-bea7f8e4aed8,"handläggare, offentlig förvaltning",broad-match,low,https://taxonomy.api.jobtechdev.se/v1/taxonomy/graphql,30
1ERY_48v_Q6m,Administrativ chef,http://data.europa.eu/esco/occupation/3f6fc9db-18c1-45e8-819e-baf7b6cfe372,"administrativ chef, domstol",narrow-match,low,https://taxonomy.api.jobtechdev.se/v1/taxonomy/graphql,30
1ERY_48v_Q6m,Administrativ chef,http://data.europa.eu/esco/occupation/8b26eec6-7497-4218-8364-9b5983b04ae7,"administrativ chef, försvaret",narrow-match,low,https://taxonomy.api.jobtechdev.se/v1/taxonomy/graphql,30
1Kv4_35e_BX3,"Arbetsledare, ventilation",http://data.europa.eu/esco/occupation/0763c810-8ac6-4e39-867d-780a11af26e0,"arbetsledare, VVS",broad-match,low,https://taxonomy.api.jobtechdev.se/v1/taxonomy/graphql,30
1Liw_W5W_n2z,Väskmakare,http://data.europa.eu/esco/occupation/24e9f120-eae8-411a-8daf-c48e8ae2f5f6,sadelmakare,broad-match,low,https://taxonomy.api.jobtechdev.se/v1/taxonomy/graphql,30
1Liw_W5W_n2z,Väskmakare,http://data.europa.eu/esco/occupation/3e0b4b9b-b624-4ceb-9bc9-9627cdfb0b81,"maskinoperatör, lädervaror",close-match,low,https://taxonomy.api.jobtechdev.se/v1/taxonomy/graphql,30
1Liw_W5W_n2z,Väskmakare,http://data.europa.eu/esco/occupation/e666c384-2a14-4cd9-981f-7067dc0bb9a9,"sömmare, skinn",close-match,low,https://taxonomy.api.jobtechdev.se/v1/taxonomy/graphql,30
1N2U_6xW_Tdx,Fotograf,http://data.europa.eu/esco/occupation/480d2853-db07-43d4-847f-7ffdd8d368f5,fotojournalist,narrow-match,low,https://taxonomy.api.jobtechdev.se/v1/taxonomy/graphql,30
1N2U_6xW_Tdx,Fotograf,http://data.europa.eu/esco/occupation/66542dd6-05a6-4d9e-97ff-3f4858c31ff9,fotograf,exact-match,high,https://taxonomy.api.jobtechdev.se/v1/taxonomy/graphql,30
1UTZ_bS9_kUD,Scrum master,http://data.europa.eu/esco/occupation/8b6388a4-4904-471b-9331-d3b1211f5525,projektledare inom IKT,broad-match,low,https://taxonomy.api.jobtechdev.se/v1/taxonomy/graphql,30
1WpJ_Ho8_Ley,Kontrollmätare virke,http://data.europa.eu/esco/occupation/ad7bbc92-d5cb-4b64-a1a3-efc593afd437,"kontrollmätare, virke",close-match,low,https://taxonomy.api.jobtechdev.se/v1/taxonomy/graphql,30
1WsA_bfK_QUd,SOS-operatör,http://data.europa.eu/esco/occupation/68450507-b4a0-40e0-895b-385fe705be10,larmoperatör,exact-match,high,https://taxonomy.api.jobtechdev.se/v1/taxonomy/graphql,30
1YQx_x8S_Mk8,Regiassistent,http://data.europa.eu/esco/occupation/71898b81-fc2f-4a97-826d-f45e49a8160a,"regiassistent, film",narrow-match,low,https://taxonomy.api.jobtechdev.se/v1/taxonomy/graphql,30
1YQx_x8S_Mk8,Regiassistent,http://data.europa.eu/esco/occupation/e1106f6d-81fc-44f8-af94-8b7d2763065c,"regiassistent, teater",narrow-match,low,https://taxonomy.api.jobtechdev.se/v1/taxonomy/graphql,30
1YZp_JJt_Nen,Riksbibliotekarie,http://data.europa.eu/esco/occupation/24d39e12-e104-49d3-8224-8b7a5f9b99d1,bibliotekschef,close-match,low,https://taxonomy.api.jobtechdev.se/v1/taxonomy/graphql,30
1aZz_LY7_QYN,HR-strateg,http://data.europa.eu/esco/occupation/d3e32e5e-7f24-48e3-b939-e4f800eb62fb,personalhandläggare,broad-match,low,https://taxonomy.api.jobtechdev.se/v1/taxonomy/graphql,30
1awg_QKB_bkw,"Trafikplanerare, offentlig förvaltning",http://data.europa.eu/esco/occupation/93e4e70b-aae4-4fdc-8037-e48e7077564e,transportplanerare,exact-match,high,https://taxonomy.api.jobtechdev.se/v1/taxonomy/graphql,30
1d3z_y59_2Hm,HR-konsult/PA-konsult,http://data.europa.eu/esco/occupation/068370e0-9c27-4814-87d0-44fbb3140815,rekryteringskonsult,narrow-match,low,https://taxonomy.api.jobtechdev.se/v1/taxonomy/graphql,30
1d3z_y59_2Hm,HR-konsult/PA-konsult,http://data.europa.eu/esco/occupation/d3e32e5e-7f24-48e3-b939-e4f800eb62fb,personalhandläggare,broad-match,low,https://taxonomy.api.jobtechdev.se/v1/taxonomy/graphql,30
1eeu_FfB_Kpm,Fastighetsmäklare,http://data.europa.eu/esco/occupation/8ec8df02-e9dd-43b7-b416-5846ae0414ab,fastighetsmäklare,exact-match,high,https://taxonomy.api.jobtechdev.se/v1/taxonomy/graphql,30
1gxo_A2w_5A3,Hovrättsråd,http://data.europa.eu/esco/occupation/07bd65d7-c13f-443a-bdf6-88903f3822be,domare,broad-match,low,https://taxonomy.api.jobtechdev.se/v1/taxonomy/graphql,30
1ixi_57J_KFF,Kyltekniker,http://data.europa.eu/esco/occupation/79f435d0-9bc6-4d25-a26a-acbe16569ebb,"serviceinstallatör, uppvärmning och ventilation",broad-match,low,https://taxonomy.api.jobtechdev.se/v1/taxonomy/graphql,30
1jm3_XFQ_TdJ,"Projektledare, el",http://data.europa.eu/esco/occupation/bea99fea-0383-4c63-b944-70d4799de2c5,projektledare,broad-match,low,https://taxonomy.api.jobtechdev.se/v1/taxonomy/graphql,30
1mBD_3PT_t2h,Miljö- och klimatstrateg,http://data.europa.eu/esco/occupation/b5d2db88-9e2b-4efa-8f2f-0e62a494791e,"handläggare, offentlig förvaltning, miljö",exact-match,high,https://taxonomy.api.jobtechdev.se/v1/taxonomy/graphql,30
1n3p_xeZ_Zhy,Sjukhuskemist,http://data.europa.eu/esco/occupation/0d93706d-32fd-4de3-aa08-be1003e325da,kemist,broad-match,low,https://taxonomy.api.jobtechdev.se/v1/taxonomy/graphql,30
1naX_kwP_nzG,Hållbarhetsutvecklare,http://data.europa.eu/esco/occupation/2cf2b905-3308-4b5d-8e8d-633fc7a3f3ce,hållbarhetsspecialist,exact-match,high,https://taxonomy.api.jobtechdev.se/v1/taxonomy/graphql,30
1naX_kwP_nzG,Hållbarhetsutvecklare,http://data.europa.eu/esco/occupation/96e88e86-f2c7-42e6-a2b2-17e4f08d4ee0,samordnare av volontärarbete bland anställda,close-match,low,https://taxonomy.api.jobtechdev.se/v1/taxonomy/graphql,30
1puM_DYY_yEy,Trähusindustriarbetare,http://data.europa.eu/esco/occupation/77a05858-f682-4648-baa5-9b86deeffbc1,snickerimaskinskötare,broad-match,low,https://taxonomy.api.jobtechdev.se/v1/taxonomy/graphql,30
1puM_DYY_yEy,Trähusindustriarbetare,http://data.europa.eu/esco/occupation/ceb5277b-2c4d-4cb9-9b7e-b386e66e11ba,"maskinskötare, spikmaskin",exact-match,high,https://taxonomy.api.jobtechdev.se/v1/taxonomy/graphql,30
1qgf_mXF_5Xp,Character artist,http://data.europa.eu/esco/occupation/d68ff35f-e34d-4e32-88ab-d6c06a6c25b9,dataspelsdesigner,broad-match,low,https://taxonomy.api.jobtechdev.se/v1/taxonomy/graphql,30
1r5s_qHw_84e,Eventpersonal,http://data.europa.eu/esco/occupation/84931290-ad27-45ad-b611-9556c5facbdb,eventassistent,exact-match,high,https://taxonomy.api.jobtechdev.se/v1/taxonomy/graphql,30
1vrZ_JJL_fLC,Hårdlödare,http://data.europa.eu/esco/occupation/6d72138d-2ebb-4a89-b2b2-8c22365b89bf,hårdlödare,exact-match,high,https://taxonomy.api.jobtechdev.se/v1/taxonomy/graphql,30
1xNQ_zHp_Gtj,Platschef reseföretag,http://data.europa.eu/esco/occupation/425ed170-bf90-42c9-b5bd-148282ed96ff,resmålsansvarig,narrow-match,low,https://taxonomy.api.jobtechdev.se/v1/taxonomy/graphql,30
1yBB_G2R_LGr,Sångpedagog,http://data.europa.eu/esco/occupation/88990bdf-4f6b-4411-82c9-9eecad1db8fb,musikinstruktör,broad-match,low,https://taxonomy.api.jobtechdev.se/v1/taxonomy/graphql,30
1z8u_QoC_C56,Relationsmarknadsförare,http://data.europa.eu/esco/occupation/725090a7-9943-4dae-8079-a6999d21ddba,relationsmarknadsförare,exact-match,high,https://taxonomy.api.jobtechdev.se/v1/taxonomy/graphql,30
1zWB_81n_EEV,Resehandläggare,http://data.europa.eu/esco/occupation/291da1ab-1f90-426d-bbc5-60d0fa7d608b,resekonsult,broad-match,low,https://taxonomy.api.jobtechdev.se/v1/taxonomy/graphql,30
21B5_fF6_MTN,Resebyråchef,http://data.europa.eu/esco/occupation/02609ece-cea3-43fa-bf38-b6fb821f28b2,chef på researrangörsföretag,exact-match,high,https://taxonomy.api.jobtechdev.se/v1/taxonomy/graphql,30
21B5_fF6_MTN,Resebyråchef,http://data.europa.eu/esco/occupation/9358775a-3769-4327-bf25-6c0d9d69d192,chef på resebyrå,exact-match,high,https://taxonomy.api.jobtechdev.se/v1/taxonomy/graphql,30
23nR_PXa_9br,HR business partner/HR BP,http://data.europa.eu/esco/occupation/d3e32e5e-7f24-48e3-b939-e4f800eb62fb,personalhandläggare,broad-match,low,https://taxonomy.api.jobtechdev.se/v1/taxonomy/graphql,30
2546_5Ve_4ep,Kostymmästare,http://data.europa.eu/esco/occupation/b3b79192-f6e0-4aa0-92d1-f876508e05b3,kostymmakare,exact-match,high,https://taxonomy.api.jobtechdev.se/v1/taxonomy/graphql,30
2AGe_heZ_E94,"Försäkringshandläggare, försäkringskassa",http://data.europa.eu/esco/occupation/4d750b7f-f40d-447c-ba90-f5fb0ee9ef27,socialförsäkringshandläggare,broad-match,low,https://taxonomy.api.jobtechdev.se/v1/taxonomy/graphql,30
2CKr_6Br_jGR,"Specialistläkare, neurologi",http://data.europa.eu/esco/occupation/9b889f07-c39c-464d-b9d9-b2daa650f9ac,specialistläkare,broad-match,low,https://taxonomy.api.jobtechdev.se/v1/taxonomy/graphql,30
2Cjr_5Bn_GVb,Studiotekniker,http://data.europa.eu/esco/occupation/aa50ae49-1e40-4ba9-959f-22a11ff172b4,inspelningstekniker,exact-match,high,https://taxonomy.api.jobtechdev.se/v1/taxonomy/graphql,30
2DRV_Z7N_2Gk,Marknadskonsult,http://data.europa.eu/esco/occupation/4795d4e3-c623-47ff-abab-7de97fcb764e,marknadskonsult,exact-match,high,https://taxonomy.api.jobtechdev.se/v1/taxonomy/graphql,30
2DVG_WgT_925,Musikhandledare,http://data.europa.eu/esco/occupation/6667bf29-a3e3-4513-a71b-82c67206045b,"vårdare, ungdomsboende",close-match,low,https://taxonomy.api.jobtechdev.se/v1/taxonomy/graphql,30
2DVG_WgT_925,Musikhandledare,http://data.europa.eu/esco/occupation/78f474ae-c154-4206-ad0f-d8a00e9c541e,"vårdare, vuxna med funktionsnedsättning",close-match,low,https://taxonomy.api.jobtechdev.se/v1/taxonomy/graphql,30
2Di8_skD_voL,Finansanalytiker,http://data.europa.eu/esco/occupation/18d2b37a-9c31-4393-833e-bc2f7b1ce52a,"finansanalytiker, fusioner och förvärv",narrow-match,low,https://taxonomy.api.jobtechdev.se/v1/taxonomy/graphql,30
2Di8_skD_voL,Finansanalytiker,http://data.europa.eu/esco/occupation/1e331638-3f66-4641-9c49-56a94235f94c,"finansanalytiker, försäkring",narrow-match,low,https://taxonomy.api.jobtechdev.se/v1/taxonomy/graphql,30
2Di8_skD_voL,Finansanalytiker,http://data.europa.eu/esco/occupation/1fce1be0-bf52-449b-9a2b-3f2cc710290a,kompensationsanalytiker,narrow-match,low,https://taxonomy.api.jobtechdev.se/v1/taxonomy/graphql,30
2Di8_skD_voL,Finansanalytiker,http://data.europa.eu/esco/occupation/276a4ff1-a67c-4677-9f20-dc85f1060e1b,"analytiker, middle office",narrow-match,low,https://taxonomy.api.jobtechdev.se/v1/taxonomy/graphql,30
2Di8_skD_voL,Finansanalytiker,http://data.europa.eu/esco/occupation/7a6ca615-a2bc-499d-8288-d186ce2594ea,"finansanalytiker, risk",narrow-match,low,https://taxonomy.api.jobtechdev.se/v1/taxonomy/graphql,30
2Di8_skD_voL,Finansanalytiker,http://data.europa.eu/esco/occupation/8d586ee9-0ab1-4155-a3b0-2ca786c8e48c,finansanalytiker,exact-match,high,https://taxonomy.api.jobtechdev.se/v1/taxonomy/graphql,30
2Di8_skD_voL,Finansanalytiker,http://data.europa.eu/esco/occupation/b7f47c25-bdf3-42fa-a68e-ad32754b2dba,"finansanalytiker, investeringar",narrow-match,low,https://taxonomy.api.jobtechdev.se/v1/taxonomy/graphql,30
2Di8_skD_voL,Finansanalytiker,http://data.europa.eu/esco/occupation/dfa51b4d-0929-4885-b682-29e375c6b52c,"finansanalytiker, utdelningar",narrow-match,low,https://taxonomy.api.jobtechdev.se/v1/taxonomy/graphql,30
2Eib_vX9_79R,"Platschef, försäkringskassa/Områdeschef, försäkringskassa",http://data.europa.eu/esco/occupation/94e0bedd-e56e-42be-a5a4-b74a260f437c,avdelningschef,broad-match,low,https://taxonomy.api.jobtechdev.se/v1/taxonomy/graphql,30
2F9v_VeB_3AQ,Grundläggningsmaskinförare,http://data.europa.eu/esco/occupation/b4f4b21e-7664-45ca-9697-9123cfd8c9ef,pålmaskinförare,narrow-match,low,https://taxonomy.api.jobtechdev.se/v1/taxonomy/graphql,30
2KG5_YmC_TRA,"Belysningstekniker: scen, film, TV",http://data.europa.eu/esco/occupation/9ac10bde-93a0-4570-afc2-e2b6cf46d8d2,ljustekniker,close-match,low,https://taxonomy.api.jobtechdev.se/v1/taxonomy/graphql,30
2MWk_Cnz_tTJ,Social media manager/Social media specialist,http://data.europa.eu/esco/occupation/137b1d11-c4bc-4016-89ba-45345d4c71f0,communityansvarig,narrow-match,low,https://taxonomy.api.jobtechdev.se/v1/taxonomy/graphql,30
2MYm_KVX_GfS,Bokförläggare,http://data.europa.eu/esco/occupation/e2ad6d3e-1736-466b-a2bf-9823f683c8ab,förläggare,broad-match,low,https://taxonomy.api.jobtechdev.se/v1/taxonomy/graphql,30
2NdT_qer_nQk,"Serviceingenjör, maskin",http://data.europa.eu/esco/occupation/8d410283-865d-4cbb-acae-ac7f69d9cf26,fordonsingenjör,broad-match,low,https://taxonomy.api.jobtechdev.se/v1/taxonomy/graphql,30
2RC6_tLW_jCJ,Sjöfarts- och hamnskyddskontrollant,http://data.europa.eu/esco/occupation/4cbe5a17-056c-489a-9f10-f9d816905000,väktare,close-match,low,https://taxonomy.api.jobtechdev.se/v1/taxonomy/graphql,30
2Sz2_yAG_zwd,Konfektionssömmerska,http://data.europa.eu/esco/occupation/bda98f02-4f92-4015-a0c8-b86b8abc711a,"sömnadsarbetare, klädprov",exact-match,high,https://taxonomy.api.jobtechdev.se/v1/taxonomy/graphql,30
2Sz2_yAG_zwd,Konfektionssömmerska,http://data.europa.eu/esco/occupation/db55bf08-3ad3-4bf6-bf59-7f9f426a6de5,"sömnadsarbetare, ändringssömnad",exact-match,high,https://taxonomy.api.jobtechdev.se/v1/taxonomy/graphql,30
2ZTF_EUL_UyD,Skomakare,http://data.europa.eu/esco/occupation/06f89f2c-c6e9-40c5-a4a5-0e34d5fbc184,skodesigner,narrow-match,low,https://taxonomy.api.jobtechdev.se/v1/taxonomy/graphql,30
2ZTF_EUL_UyD,Skomakare,http://data.europa.eu/esco/occupation/07ba3429-cccd-435b-a7d0-c02ba962bbd9,beställningsskomakare,exact-match,high,https://taxonomy.api.jobtechdev.se/v1/taxonomy/graphql,30
2ZTF_EUL_UyD,Skomakare,http://data.europa.eu/esco/occupation/0a5001af-ce4b-4787-92e8-62af70089e53,"skomakare, pinnare",exact-match,high,https://taxonomy.api.jobtechdev.se/v1/taxonomy/graphql,30
2ZTF_EUL_UyD,Skomakare,http://data.europa.eu/esco/occupation/40d76b2c-b917-4bf1-95b3-191f11472e67,skodesigner med 3D-datorstöd,narrow-match,low,https://taxonomy.api.jobtechdev.se/v1/taxonomy/graphql,30
2ZTF_EUL_UyD,Skomakare,http://data.europa.eu/esco/occupation/ce594060-b05a-45d8-ac41-1cf3bb980085,"skomakare, nåtlare",exact-match,high,https://taxonomy.api.jobtechdev.se/v1/taxonomy/graphql,30
2ZTF_EUL_UyD,Skomakare,http://data.europa.eu/esco/occupation/dc9b98da-c389-4caf-a21a-c6f8c530c0bf,reparationsskomakare,exact-match,high,https://taxonomy.api.jobtechdev.se/v1/taxonomy/graphql,30
2ZTF_EUL_UyD,Skomakare,http://data.europa.eu/esco/occupation/f8e76759-811e-4b39-9adf-3e77429cff8f,skomakare,exact-match,high,https://taxonomy.api.jobtechdev.se/v1/taxonomy/graphql,30
2d5J_nX1_74P,"Fogarbetare, hus och anläggning",http://data.europa.eu/esco/occupation/95da5e1b-cc1e-46bd-96c4-81d4f7003080,husmontör,close-match,low,https://taxonomy.api.jobtechdev.se/v1/taxonomy/graphql,30
2eTw_69k_MEy,Saneringsarbetare,http://data.europa.eu/esco/occupation/c0ec3a06-1dac-4c21-9f08-4c9dfbc9d6cf,saneringsarbetare,exact-match,high,https://taxonomy.api.jobtechdev.se/v1/taxonomy/graphql,30
2eTw_69k_MEy,Saneringsarbetare,http://data.europa.eu/esco/occupation/c95121e9-e9f7-40a9-adcb-6fda1e82bbd2,"tekniker, riskavfall",exact-match,high,https://taxonomy.api.jobtechdev.se/v1/taxonomy/graphql,30
2gtP_DKV_nfQ,Miljöinspektör,http://data.europa.eu/esco/occupation/28742973-c452-4996-b070-440e437306dc,vattenanalytiker,narrow-match,low,https://taxonomy.api.jobtechdev.se/v1/taxonomy/graphql,30
2gtP_DKV_nfQ,Miljöinspektör,http://data.europa.eu/esco/occupation/7a523273-9fff-4f11-beb6-110eeaec1436,återvinningsspecialist,narrow-match,low,https://taxonomy.api.jobtechdev.se/v1/taxonomy/graphql,30
2gtP_DKV_nfQ,Miljöinspektör,http://data.europa.eu/esco/occupation/e8461d2e-3d75-477c-93a2-ea8d342bb55b,miljötekniker,narrow-match,low,https://taxonomy.api.jobtechdev.se/v1/taxonomy/graphql,30
2hTu_y9K_CxY,Belysningsmästare,http://data.europa.eu/esco/occupation/9ac10bde-93a0-4570-afc2-e2b6cf46d8d2,ljustekniker,broad-match,low,https://taxonomy.api.jobtechdev.se/v1/taxonomy/graphql,30
2iBk_N8d_Gm4,Forskarassistent,http://data.europa.eu/esco/occupation/1092dd4c-b96b-4b3f-87fe-4a9e8d1937fb,forskarassistent,exact-match,high,https://taxonomy.api.jobtechdev.se/v1/taxonomy/graphql,30
2iBk_N8d_Gm4,Forskarassistent,http://data.europa.eu/esco/occupation/5ac65daa-0896-4193-9f0e-8b00746b78a1,"forskarassistent, högskola",exact-match,high,https://taxonomy.api.jobtechdev.se/v1/taxonomy/graphql,30
2iBk_N8d_Gm4,Forskarassistent,http://data.europa.eu/esco/occupation/82b5c6dc-6a4d-4415-80d8-5cfedfc54de7,assistent vid kliniska prövningar,narrow-match,low,https://taxonomy.api.jobtechdev.se/v1/taxonomy/graphql,30
2mPd_wgX_1zA,Frisöraspirant,http://data.europa.eu/esco/occupation/099c6bb0-22d3-4c5d-8bf5-70910af381ef,frisör,exact-match,high,https://taxonomy.api.jobtechdev.se/v1/taxonomy/graphql,30
2mPd_wgX_1zA,Frisöraspirant,http://data.europa.eu/esco/occupation/55f6380c-7511-4c33-8fc4-c74f10f524fa,frisörsassistent,exact-match,high,https://taxonomy.api.jobtechdev.se/v1/taxonomy/graphql,30
2p8h_gqm_4LG,"Matros, inre fart",http://data.europa.eu/esco/occupation/bd22a34c-1dc2-48df-a254-66e5d03dec12,"matros, inre fart",exact-match,high,https://taxonomy.api.jobtechdev.se/v1/taxonomy/graphql,30
2qmv_BHZ_kuo,Industristädare,http://data.europa.eu/esco/occupation/245be6d1-fe9a-4ac8-9f81-122a687e4724,fabriksassistent,exact-match,high,https://taxonomy.api.jobtechdev.se/v1/taxonomy/graphql,30
2qmv_BHZ_kuo,Industristädare,http://data.europa.eu/esco/occupation/303a1e34-cb16-4054-b323-81e5eec17397,fastighetsstädare,close-match,low,https://taxonomy.api.jobtechdev.se/v1/taxonomy/graphql,30
2tBP_FRG_gwT,Skulptör,http://data.europa.eu/esco/occupation/94d94bd0-9ac3-4bd8-81c0-c3fdf551aa16,skulptör,exact-match,high,https://taxonomy.api.jobtechdev.se/v1/taxonomy/graphql,30
2tSL_RP2_jUP,Förvaltningsekonom,http://data.europa.eu/esco/occupation/99492920-e5a5-4dba-9e5a-93193147198c,ekonom,broad-match,low,https://taxonomy.api.jobtechdev.se/v1/taxonomy/graphql,30
31Uw_P9P_AgC,"Bergarbetare, bygg och anläggning",http://data.europa.eu/esco/occupation/425f4904-3a7a-4ad0-ac5b-42b38392f768,operatör av tunga maskiner under jord,exact-match,high,https://taxonomy.api.jobtechdev.se/v1/taxonomy/graphql,30
31Uw_P9P_AgC,"Bergarbetare, bygg och anläggning",http://data.europa.eu/esco/occupation/4a215d87-8363-4db2-a661-3c0d816b2a70,gruvarbetare vid dagbrott,exact-match,high,https://taxonomy.api.jobtechdev.se/v1/taxonomy/graphql,30
31Uw_P9P_AgC,"Bergarbetare, bygg och anläggning",http://data.europa.eu/esco/occupation/4cdfac8c-b000-4279-985e-31bc1fbe2447,gruvarbetare under jord,exact-match,high,https://taxonomy.api.jobtechdev.se/v1/taxonomy/graphql,30
31Uw_P9P_AgC,"Bergarbetare, bygg och anläggning",http://data.europa.eu/esco/occupation/efd5d3cb-3716-43b7-b21b-98e17f00e9eb,"lärling, bergarbetare",exact-match,high,https://taxonomy.api.jobtechdev.se/v1/taxonomy/graphql,30
333u_QiV_URJ,Förrådsansvarig,http://data.europa.eu/esco/occupation/2f5de1ab-eddf-4715-8193-e994912c22ea,lagerchef,close-match,low,https://taxonomy.api.jobtechdev.se/v1/taxonomy/graphql,30
37Yu_WtR_fRM,Hårdvarukonstruktör,http://data.europa.eu/esco/occupation/92bb3d8c-8a9f-4cd7-80ec-247bbf173004,maskinvarukonstruktör,exact-match,high,https://taxonomy.api.jobtechdev.se/v1/taxonomy/graphql,30
38iE_Jad_mu6,Customer success manager/CSM,http://data.europa.eu/esco/occupation/2eac08c2-a81a-46fc-8d75-eb0e0f3e0f6d,kundansvarig,broad-match,low,https://taxonomy.api.jobtechdev.se/v1/taxonomy/graphql,30
3C5w_yFv_KP9,Garvare,http://data.europa.eu/esco/occupation/21a33619-1959-42e6-8478-64a930f7f225,läderfärgare,close-match,low,https://taxonomy.api.jobtechdev.se/v1/taxonomy/graphql,30
3C5w_yFv_KP9,Garvare,http://data.europa.eu/esco/occupation/2c94916d-bd7d-4855-ab89-574d2c439a63,"maskinoperatör, lädermätning",narrow-match,low,https://taxonomy.api.jobtechdev.se/v1/taxonomy/graphql,30
3C5w_yFv_KP9,Garvare,http://data.europa.eu/esco/occupation/3c0c688b-f7ca-40dc-8222-ab011d4e2449,garvare,broad-match,low,https://taxonomy.api.jobtechdev.se/v1/taxonomy/graphql,30
3C5w_yFv_KP9,Garvare,http://data.europa.eu/esco/occupation/a645b7e5-dfa8-4cce-938f-2d6395a6b51d,lädervaruarbetare,close-match,low,https://taxonomy.api.jobtechdev.se/v1/taxonomy/graphql,30
3C5w_yFv_KP9,Garvare,http://data.europa.eu/esco/occupation/d2078576-9c43-40f7-bf52-356f53d650fd,hudsorterare,narrow-match,low,https://taxonomy.api.jobtechdev.se/v1/taxonomy/graphql,30
3C5w_yFv_KP9,Garvare,http://data.europa.eu/esco/occupation/e6eea1ed-e982-4583-bafe-a0ac796f6cf1,skinnberedare,exact-match,high,https://taxonomy.api.jobtechdev.se/v1/taxonomy/graphql,30
3EeV_kzS_zag,Naprapat,http://data.europa.eu/esco/occupation/49e4e358-8ba3-4a05-8ef9-abb73156f5f7,kiropraktor,close-match,low,https://taxonomy.api.jobtechdev.se/v1/taxonomy/graphql,30
3GKG_7xX_AcT,UI-designer,http://data.europa.eu/esco/occupation/96e20037-0a25-4bf6-a25e-808d1605d890,designer av användargränssnitt,exact-match,high,https://taxonomy.api.jobtechdev.se/v1/taxonomy/graphql,30
3HoD_9KS_4Lb,Utvecklingschef,http://data.europa.eu/esco/occupation/1488589a-7b83-471d-b094-492f5616f4e0,produktutvecklingschef,close-match,low,https://taxonomy.api.jobtechdev.se/v1/taxonomy/graphql,30
3HoD_9KS_4Lb,Utvecklingschef,http://data.europa.eu/esco/occupation/73ceb2f9-18e3-4cfe-9c06-e9fb31ece440,forsknings- och utvecklingschef,exact-match,high,https://taxonomy.api.jobtechdev.se/v1/taxonomy/graphql,30
3HoD_9KS_4Lb,Utvecklingschef,http://data.europa.eu/esco/occupation/9f1d546b-1b4e-4b64-97e8-600fc502304b,innovationsansvarig,narrow-match,low,https://taxonomy.api.jobtechdev.se/v1/taxonomy/graphql,30
3Hz5_7WC_nyE,"Specialistläkare, reumatologi",http://data.europa.eu/esco/occupation/9b889f07-c39c-464d-b9d9-b2daa650f9ac,specialistläkare,broad-match,low,https://taxonomy.api.jobtechdev.se/v1/taxonomy/graphql,30
3MDV_uBQ_6oG,"Forskare, trafiksäkerhet",http://data.europa.eu/esco/occupation/684fd8d5-9b40-4b02-a680-438f0082d923,universitets- och högskolelektor,broad-match,low,https://taxonomy.api.jobtechdev.se/v1/taxonomy/graphql,30
3N52_wtb_L2r,Tulltjänsteman,http://data.europa.eu/esco/occupation/5f16819d-50b9-475b-a2d8-607ee6d99a9d,tulltjänsteman,exact-match,high,https://taxonomy.api.jobtechdev.se/v1/taxonomy/graphql,30
3N52_wtb_L2r,Tulltjänsteman,http://data.europa.eu/esco/occupation/6296faea-1909-4943-b0e0-662b43ad855d,gränsövervakningspersonal,broad-match,low,https://taxonomy.api.jobtechdev.se/v1/taxonomy/graphql,30
3PX6_gqv_WJW,Specialistsjuksköterska inom palliativ vård,http://data.europa.eu/esco/occupation/18e14e61-495b-44cc-a7c6-df4c625934ba,specialistsjuksköterska,broad-match,low,https://taxonomy.api.jobtechdev.se/v1/taxonomy/graphql,30
3QrR_fRx_u4U,Bankdirektör,http://data.europa.eu/esco/occupation/754ce08f-b4d9-4b9c-b9d2-06f15258a3ce,bankchef,exact-match,high,https://taxonomy.api.jobtechdev.se/v1/taxonomy/graphql,30
3RP3_h9J_Hc9,Bergsprängare,http://data.europa.eu/esco/occupation/2aae7736-f58b-4027-8de4-6884281c3b0b,bergsprängare,exact-match,high,https://taxonomy.api.jobtechdev.se/v1/taxonomy/graphql,30
3RzT_cHB_vVp,Biträdande jurist,http://data.europa.eu/esco/occupation/974d4eab-fbee-4c52-b16e-73bdd8c25b53,advokat,close-match,low,https://taxonomy.api.jobtechdev.se/v1/taxonomy/graphql,30
3Uhk_4A8_cy6,Polissekreterare,http://data.europa.eu/esco/occupation/2ae275fe-4f11-4a38-9e95-d466d74b42a3,polischef,broad-match,low,https://taxonomy.api.jobtechdev.se/v1/taxonomy/graphql,30
3UjR_xoC_5D6,Turistbyråchef,http://data.europa.eu/esco/occupation/f4e3dd1c-f86b-4a69-8887-547255eadc79,turistbyråchef,exact-match,high,https://taxonomy.api.jobtechdev.se/v1/taxonomy/graphql,30
3XMs_GiA_szk,Museilektor,http://data.europa.eu/esco/occupation/c2efadc4-6f47-4f34-997b-dd80aba609dd,museipedagog,close-match,low,https://taxonomy.api.jobtechdev.se/v1/taxonomy/graphql,30
3XPa_uKH_Dwp,"Hjullastarförare, godshantering",http://data.europa.eu/esco/occupation/eeac6251-1974-42f5-91ed-513c6c883755,truckförare,close-match,low,https://taxonomy.api.jobtechdev.se/v1/taxonomy/graphql,30
3XPa_uKH_Dwp,"Hjullastarförare, godshantering",http://data.europa.eu/esco/occupation/eedbf8b1-9432-4f42-ab7f-db5cd3eb2a05,grävmaskinsförare,close-match,low,https://taxonomy.api.jobtechdev.se/v1/taxonomy/graphql,30
3ZFj_Cbb_uPL,Bildproducent,http://data.europa.eu/esco/occupation/7642cbcc-9839-47fb-b2cf-d4bb831d6c93,ljud- och bildtekniker,broad-match,low,https://taxonomy.api.jobtechdev.se/v1/taxonomy/graphql,30
3Zo3_ez5_Kdx,Verksamhetskonsult,http://data.europa.eu/esco/occupation/6a29d804-f775-446c-bec7-35fc4e28ac97,företagskonsult,exact-match,high,https://taxonomy.api.jobtechdev.se/v1/taxonomy/graphql,30
3abF_Jyu_WtS,Marknadskoordinator,http://data.europa.eu/esco/occupation/21af40bb-2ae3-4fc7-9b28-d2cdd8308912,marknadskoordinator,exact-match,high,https://taxonomy.api.jobtechdev.se/v1/taxonomy/graphql,30
3b5s_USP_HkW,"Kvalitetsingenjör, textil, trä, glas, förpackningar",http://data.europa.eu/esco/occupation/16bc69b8-5abc-49e4-a860-befb734d54d3,"kvalitetstekniker, textilkemi",narrow-match,low,https://taxonomy.api.jobtechdev.se/v1/taxonomy/graphql,30
3b5s_USP_HkW,"Kvalitetsingenjör, textil, trä, glas, förpackningar",http://data.europa.eu/esco/occupation/45f8504d-24ac-4bcd-8692-a93acc74204c,"laboratorietekniker, kvalitetskontroll, lädervaror",narrow-match,low,https://taxonomy.api.jobtechdev.se/v1/taxonomy/graphql,30
3b5s_USP_HkW,"Kvalitetsingenjör, textil, trä, glas, förpackningar",http://data.europa.eu/esco/occupation/7bf11599-d0bb-4789-9886-55c87f5da449,"kvalitetstekniker, lädervaror",narrow-match,low,https://taxonomy.api.jobtechdev.se/v1/taxonomy/graphql,30
3b5s_USP_HkW,"Kvalitetsingenjör, textil, trä, glas, förpackningar",http://data.europa.eu/esco/occupation/8a0c1556-f616-4d41-a03c-8a093a644807,"kvalitetstekniker, skoindustri",exact-match,high,https://taxonomy.api.jobtechdev.se/v1/taxonomy/graphql,30
3b5s_USP_HkW,"Kvalitetsingenjör, textil, trä, glas, förpackningar",http://data.europa.eu/esco/occupation/ed976196-3d5d-4121-9367-e1022af603fa,"laboratorietekniker, kvalitetskontroll, skoindustri",narrow-match,low,https://taxonomy.api.jobtechdev.se/v1/taxonomy/graphql,30
3bJd_7LS_t8i,Limnolog,http://data.europa.eu/esco/occupation/55167849-82cf-484e-b818-fa702a4e69e9,hydrolog,broad-match,low,https://taxonomy.api.jobtechdev.se/v1/taxonomy/graphql,30
3c8Q_wFq_K7G,"Produktionsassistent: kultur, media, film, dataspel",http://data.europa.eu/esco/occupation/71898b81-fc2f-4a97-826d-f45e49a8160a,"regiassistent, film",close-match,low,https://taxonomy.api.jobtechdev.se/v1/taxonomy/graphql,30
3c8Q_wFq_K7G,"Produktionsassistent: kultur, media, film, dataspel",http://data.europa.eu/esco/occupation/e1106f6d-81fc-44f8-af94-8b7d2763065c,"regiassistent, teater",close-match,low,https://taxonomy.api.jobtechdev.se/v1/taxonomy/graphql,30
3ciP_LJE_ux6,"Forskare, historia",http://data.europa.eu/esco/occupation/0cd729a6-ed11-4338-ac4b-d4b924390128,historiker,exact-match,high,https://taxonomy.api.jobtechdev.se/v1/taxonomy/graphql,30
3g1T_NaF_M1m,Hydrobiolog,http://data.europa.eu/esco/occupation/68f4fdd9-182c-4c0d-a73d-f767b8a8355e,"biolog, vattenbruk",narrow-match,low,https://taxonomy.api.jobtechdev.se/v1/taxonomy/graphql,30
3g1T_NaF_M1m,Hydrobiolog,http://data.europa.eu/esco/occupation/bff716c9-42c7-471e-8af0-582f799fb29a,miljöanalytiker vattenbruk,close-match,low,https://taxonomy.api.jobtechdev.se/v1/taxonomy/graphql,30
3g1T_NaF_M1m,Hydrobiolog,http://data.europa.eu/esco/occupation/eee68e13-8248-43bb-a9fb-959832a6c217,biolog,broad-match,low,https://taxonomy.api.jobtechdev.se/v1/taxonomy/graphql,30
3gEQ_8d7_G94,"Specialistläkare, laboratoriemedicin",http://data.europa.eu/esco/occupation/9b889f07-c39c-464d-b9d9-b2daa650f9ac,specialistläkare,broad-match,low,https://taxonomy.api.jobtechdev.se/v1/taxonomy/graphql,30
3gEQ_8d7_G94,"Specialistläkare, laboratoriemedicin",http://data.europa.eu/esco/occupation/c6c48286-2037-47e3-a132-b745dce858e2,undersökningsdomare,narrow-match,low,https://taxonomy.api.jobtechdev.se/v1/taxonomy/graphql,30
3j5w_jGS_use,Försäkringshandläggare,http://data.europa.eu/esco/occupation/4d750b7f-f40d-447c-ba90-f5fb0ee9ef27,socialförsäkringshandläggare,close-match,low,https://taxonomy.api.jobtechdev.se/v1/taxonomy/graphql,30
3j5w_jGS_use,Försäkringshandläggare,http://data.europa.eu/esco/occupation/e91bc34c-0c4f-4ac9-8e2f-8f337d75f9ca,"försäkringsutredare, försäkringskassa",close-match,low,https://taxonomy.api.jobtechdev.se/v1/taxonomy/graphql,30
3kFW_XLk_v9H,Hotellreceptionist,http://data.europa.eu/esco/occupation/1ae8d28e-407c-48ab-88ff-4cb25bfcdea6,hotellconcierge,narrow-match,low,https://taxonomy.api.jobtechdev.se/v1/taxonomy/graphql,30
3kFW_XLk_v9H,Hotellreceptionist,http://data.europa.eu/esco/occupation/6e6e44ba-d9f0-403b-93d4-a8d4bd67787a,nattportier,exact-match,high,https://taxonomy.api.jobtechdev.se/v1/taxonomy/graphql,30
3kFW_XLk_v9H,Hotellreceptionist,http://data.europa.eu/esco/occupation/82025c02-9082-416c-998b-f51eb0359ee6,receptionist inom hotell- och restaurangbranschen,exact-match,high,https://taxonomy.api.jobtechdev.se/v1/taxonomy/graphql,30
3kbp_yfk_LgT,Landsbygdsutvecklare,http://data.europa.eu/esco/occupation/c40ef517-d4ab-4932-b184-9c2ea5b24fe2,agronom,close-match,low,https://taxonomy.api.jobtechdev.se/v1/taxonomy/graphql,30
3tXK_9La_M3W,Beroendeterapeut,http://data.europa.eu/esco/occupation/5d758e75-a116-485a-b800-5db08ffd3ba1,"rådgivare, drog- och alkoholberoende",close-match,low,https://taxonomy.api.jobtechdev.se/v1/taxonomy/graphql,30
3uEE_35U_U6j,"Grovarbetare, bygg och anläggning",http://data.europa.eu/esco/occupation/fb7e2f4f-1545-42f1-972e-94082e49c6dc,byggnadsarbetare,exact-match,high,https://taxonomy.api.jobtechdev.se/v1/taxonomy/graphql,30
3uZy_tC8_H8X,Orderassistent,http://data.europa.eu/esco/occupation/c8b296be-54ae-48cf-be21-031fa8457937,inköpsassistent,broad-match,low,https://taxonomy.api.jobtechdev.se/v1/taxonomy/graphql,30
3vTw_fLi_JoX,"Kontrolltekniker, textil, trä, glas, förpackningar",http://data.europa.eu/esco/occupation/2b48a4cd-2333-4abf-ac3e-6f63d6ed3663,"kvalitetskontrollant, skor",narrow-match,low,https://taxonomy.api.jobtechdev.se/v1/taxonomy/graphql,30
3vTw_fLi_JoX,"Kontrolltekniker, textil, trä, glas, förpackningar",http://data.europa.eu/esco/occupation/3027abf6-bc54-4709-8dc1-4f20b772ac70,"kvalitetsbedömare, träskivor",narrow-match,low,https://taxonomy.api.jobtechdev.se/v1/taxonomy/graphql,30
3vTw_fLi_JoX,"Kontrolltekniker, textil, trä, glas, förpackningar",http://data.europa.eu/esco/occupation/371885b5-0f93-406f-b96a-58ecd5bbc3ce,"kvalitetskontrollant, lädervaror",narrow-match,low,https://taxonomy.api.jobtechdev.se/v1/taxonomy/graphql,30
3vTw_fLi_JoX,"Kontrolltekniker, textil, trä, glas, förpackningar",http://data.europa.eu/esco/occupation/745c8bb3-b50b-4380-9377-1b68a6576986,"kontrolltekniker, textil",narrow-match,low,https://taxonomy.api.jobtechdev.se/v1/taxonomy/graphql,30
3vry_gaE_yfQ,Organisationsutvecklare,http://data.europa.eu/esco/occupation/60082a99-d8ef-4e84-9290-78902681b6ed,företagsanalytiker,close-match,low,https://taxonomy.api.jobtechdev.se/v1/taxonomy/graphql,30
3vry_gaE_yfQ,Organisationsutvecklare,http://data.europa.eu/esco/occupation/6a29d804-f775-446c-bec7-35fc4e28ac97,företagskonsult,close-match,low,https://taxonomy.api.jobtechdev.se/v1/taxonomy/graphql,30
3vry_gaE_yfQ,Organisationsutvecklare,http://data.europa.eu/esco/occupation/c9862fdd-53b7-4da9-b742-4302d704836c,"verksamhetsutvecklare, lean",close-match,low,https://taxonomy.api.jobtechdev.se/v1/taxonomy/graphql,30
3wHJ_rrt_WDK,Entrévärd,http://data.europa.eu/esco/occupation/7e17f4ea-9565-41e0-b408-b52b5c9492a3,dörrvakt,exact-match,high,https://taxonomy.api.jobtechdev.se/v1/taxonomy/graphql,30
3wHJ_rrt_WDK,Entrévärd,http://data.europa.eu/esco/occupation/7f346896-a4fb-47a1-9572-13398bc297a6,publikvärd,close-match,low,https://taxonomy.api.jobtechdev.se/v1/taxonomy/graphql,30
3wHJ_rrt_WDK,Entrévärd,http://data.europa.eu/esco/occupation/d1fc31d2-38e1-4000-85b7-3f82d2fbed9e,klubbvärd,close-match,low,https://taxonomy.api.jobtechdev.se/v1/taxonomy/graphql,30
3yNP_r6U_JEp,Länsjurist,http://data.europa.eu/esco/occupation/779d13be-60b4-48f3-a339-fe483be96c7f,förvaltningsjurist,broad-match,low,https://taxonomy.api.jobtechdev.se/v1/taxonomy/graphql,30
41Vq_aR6_yRb,"Verksamhetschef, hälso- och sjukvård",http://data.europa.eu/esco/occupation/4a29eab1-5f02-4723-a863-e2d5a0614dfa,"verksamhetschef, vårdenhet",narrow-match,low,https://taxonomy.api.jobtechdev.se/v1/taxonomy/graphql,30
41dT_obG_dFc,"Forskare, cell- och molekylärbiologi",http://data.europa.eu/esco/occupation/eee68e13-8248-43bb-a9fb-959832a6c217,biolog,broad-match,low,https://taxonomy.api.jobtechdev.se/v1/taxonomy/graphql,30
43oy_qgN_eds,Trädgårdsmästare odling,http://data.europa.eu/esco/occupation/d36b66f8-c08a-4416-953b-62c271ca7509,ansvarig för trädgårdsodling,close-match,low,https://taxonomy.api.jobtechdev.se/v1/taxonomy/graphql,30
442F_Jtj_uDq,Marinbiolog,http://data.europa.eu/esco/occupation/bff716c9-42c7-471e-8af0-582f799fb29a,miljöanalytiker vattenbruk,close-match,low,https://taxonomy.api.jobtechdev.se/v1/taxonomy/graphql,30
442F_Jtj_uDq,Marinbiolog,http://data.europa.eu/esco/occupation/f0296b9c-764d-42ab-8de9-2a3729a9b67a,marinbiolog,exact-match,high,https://taxonomy.api.jobtechdev.se/v1/taxonomy/graphql,30
44U4_7Fz_GCy,"Konstruktör, tillverkningsindustri",http://data.europa.eu/esco/occupation/6818c837-072a-4120-b913-bd360b7b14d0,tillverkningsingenjör,broad-match,low,https://taxonomy.api.jobtechdev.se/v1/taxonomy/graphql,30
44wU_Cyh_yqp,Ljusdesigner,http://data.europa.eu/esco/occupation/068df7d1-516f-4829-b339-294cb0cf6318,"ljusdesigner, föreställning",exact-match,high,https://taxonomy.api.jobtechdev.se/v1/taxonomy/graphql,30
47p3_SHB_BaN,"ST-läkare, arbets- och miljömedicin",http://data.europa.eu/esco/occupation/71f09c8b-a172-408c-b9e7-32e580e39ff6,läkare,close-match,low,https://taxonomy.api.jobtechdev.se/v1/taxonomy/graphql,30
47wW_Pwz_Fi8,"Forskare, filosofi",http://data.europa.eu/esco/occupation/bfc92738-128b-44f5-92d4-51b10df17961,filosof,exact-match,high,https://taxonomy.api.jobtechdev.se/v1/taxonomy/graphql,30
48KV_oBC_Ffd,Scripta,http://data.europa.eu/esco/occupation/99b096eb-a628-4e69-a79b-0563f2ed1b93,scripta,exact-match,high,https://taxonomy.api.jobtechdev.se/v1/taxonomy/graphql,30
49G8_LRE_73K,Kostymtekniker/Påklädare,http://data.europa.eu/esco/occupation/2a6784d7-c457-413d-ba99-e320de11fc98,påklädare,exact-match,high,https://taxonomy.api.jobtechdev.se/v1/taxonomy/graphql,30
49G8_LRE_73K,Kostymtekniker/Påklädare,http://data.europa.eu/esco/occupation/b3b79192-f6e0-4aa0-92d1-f876508e05b3,kostymmakare,broad-match,low,https://taxonomy.api.jobtechdev.se/v1/taxonomy/graphql,30
4EZJ_3HN_fUK,Ventilationsplåtslagare,http://data.europa.eu/esco/occupation/572c9810-e1ee-4f7a-a71f-820f17c0c25b,byggnadsplåtslagare,broad-match,low,https://taxonomy.api.jobtechdev.se/v1/taxonomy/graphql,30
4GHe_kgB_cAk,Larmoperatör,http://data.europa.eu/esco/occupation/68450507-b4a0-40e0-895b-385fe705be10,larmoperatör,exact-match,high,https://taxonomy.api.jobtechdev.se/v1/taxonomy/graphql,30
4HnZ_K23_35y,Skadereglerare,http://data.europa.eu/esco/occupation/01a83071-6533-4675-b2da-f0c6d02669f5,skadereglerare,exact-match,high,https://taxonomy.api.jobtechdev.se/v1/taxonomy/graphql,30
4HnZ_K23_35y,Skadereglerare,http://data.europa.eu/esco/occupation/e91bc34c-0c4f-4ac9-8e2f-8f337d75f9ca,"försäkringsutredare, försäkringskassa",close-match,low,https://taxonomy.api.jobtechdev.se/v1/taxonomy/graphql,30
4JrT_mJm_cdW,Rättstolk,http://data.europa.eu/esco/occupation/23e692a9-a242-4d4f-988f-ed562f757864,tolk,broad-match,low,https://taxonomy.api.jobtechdev.se/v1/taxonomy/graphql,30
4L47_MLv_eFJ,IT-pedagog,http://data.europa.eu/esco/occupation/4588cd69-e6a5-4668-94c7-f02a3d86a649,"lärare, digital kompetens",exact-match,high,https://taxonomy.api.jobtechdev.se/v1/taxonomy/graphql,30
4L47_MLv_eFJ,IT-pedagog,http://data.europa.eu/esco/occupation/9e657046-67ce-4e16-ab2e-ddb918638910,IKT-utbildare,exact-match,high,https://taxonomy.api.jobtechdev.se/v1/taxonomy/graphql,30
4PHG_Sgt_3Pd,Stagehand,http://data.europa.eu/esco/occupation/d52db93d-9ae5-47d9-b9dc-eab8aa9f2ba9,"roddare, scenteknik",exact-match,high,https://taxonomy.api.jobtechdev.se/v1/taxonomy/graphql,30
4Phz_zGz_JKi,"Forskare, filmvetenskap",http://data.europa.eu/esco/occupation/19db5ad1-ffbf-41a0-8746-d3878f0d5dbd,medieforskare,close-match,low,https://taxonomy.api.jobtechdev.se/v1/taxonomy/graphql,30
4REQ_8b1_Nee,Organisationschef,http://data.europa.eu/esco/occupation/e9cf8b24-6b8b-47cc-9dd3-b601aa135960,chefstjänsteman vid intresseorganisation,close-match,low,https://taxonomy.api.jobtechdev.se/v1/taxonomy/graphql,30
4SdN_cwv_Tfo,Efterbearbetningsredaktör,http://data.europa.eu/esco/occupation/8bd74371-1818-47d5-a253-d703c51c5f26,redaktör,broad-match,low,https://taxonomy.api.jobtechdev.se/v1/taxonomy/graphql,30
4Y6u_JPp_jas,Park- och trädgårdsarbetare,http://data.europa.eu/esco/occupation/a48b9a5a-5ded-482d-8cda-7fd097a32c16,vaktmästare,exact-match,high,https://taxonomy.api.jobtechdev.se/v1/taxonomy/graphql,30
4Z7F_oBG_vMG,Träarbetare/Snickare,http://data.europa.eu/esco/occupation/0b5e4142-90ad-48a6-8407-ed47b2664954,dörrmontör,narrow-match,low,https://taxonomy.api.jobtechdev.se/v1/taxonomy/graphql,30
4Z7F_oBG_vMG,Träarbetare/Snickare,http://data.europa.eu/esco/occupation/2a22ff9e-de3b-408d-b312-5034896cc4f4,snickare,exact-match,high,https://taxonomy.api.jobtechdev.se/v1/taxonomy/graphql,30
4Z7F_oBG_vMG,Träarbetare/Snickare,http://data.europa.eu/esco/occupation/353a22a7-1c55-410c-a7a7-c531692b5e50,fönstermontör,narrow-match,low,https://taxonomy.api.jobtechdev.se/v1/taxonomy/graphql,30
4Z7F_oBG_vMG,Träarbetare/Snickare,http://data.europa.eu/esco/occupation/59cc9783-7289-4e1d-b80b-93c1776f49cc,träarbetare,exact-match,high,https://taxonomy.api.jobtechdev.se/v1/taxonomy/graphql,30
4Z7F_oBG_vMG,Träarbetare/Snickare,http://data.europa.eu/esco/occupation/bc61af54-0c3b-411c-a434-4b0d23c6fcce,köksmontör,narrow-match,low,https://taxonomy.api.jobtechdev.se/v1/taxonomy/graphql,30
4ZeS_9Z9_wmL,Hovmästare,http://data.europa.eu/esco/occupation/53ed8787-3423-4843-8c63-7be1877d29e2,hovmästare/hovmästarinna,exact-match,high,https://taxonomy.api.jobtechdev.se/v1/taxonomy/graphql,30
4ZyQ_56y_MwM,Livsmedelstekniker,http://data.europa.eu/esco/occupation/952c766a-db5c-42b2-809d-d14cbb02cdb6,ansvarig för bearbetning av mjölk,narrow-match,low,https://taxonomy.api.jobtechdev.se/v1/taxonomy/graphql,30
4ZyQ_56y_MwM,Livsmedelstekniker,http://data.europa.eu/esco/occupation/afee6a28-f654-4ac7-a665-f758616bc689,livsmedelstekniker,exact-match,high,https://taxonomy.api.jobtechdev.se/v1/taxonomy/graphql,30
4bkL_eTC_tAq,Projekteringsingenjör elektronik,http://data.europa.eu/esco/occupation/02eb0ae6-ecdd-4602-9c8e-60ffe6dbe1e2,telekommunikationsingenjör,broad-match,low,https://taxonomy.api.jobtechdev.se/v1/taxonomy/graphql,30
4bqt_oWT_Jo8,Lingvist,http://data.europa.eu/esco/occupation/a9c7a04d-807a-41b5-b441-87c73c73c9c5,lingvist,exact-match,high,https://taxonomy.api.jobtechdev.se/v1/taxonomy/graphql,30
4chG_ayZ_cPA,Produktutvecklingschef,http://data.europa.eu/esco/occupation/73ceb2f9-18e3-4cfe-9c06-e9fb31ece440,forsknings- och utvecklingschef,broad-match,low,https://taxonomy.api.jobtechdev.se/v1/taxonomy/graphql,30
4chG_ayZ_cPA,Produktutvecklingschef,http://data.europa.eu/esco/occupation/8a0afc76-4a09-449a-9e7b-a33495889f95,produktchef,exact-match,high,https://taxonomy.api.jobtechdev.se/v1/taxonomy/graphql,30
4eYC_a1M_xtL,"Processtekniker, tillverkningsindustri",http://data.europa.eu/esco/occupation/42381741-f3a7-4b26-b35c-da6fad9f1cfd,produktutvecklingstekniker,close-match,low,https://taxonomy.api.jobtechdev.se/v1/taxonomy/graphql,30
4eaw_x3V_ddY,"Golvläggare, utan yrkesbevis",http://data.europa.eu/esco/occupation/0663d464-f139-4554-ae87-97aa6c4dad77,"golvläggare, textil, plast, linoleum, kork",exact-match,high,https://taxonomy.api.jobtechdev.se/v1/taxonomy/graphql,30
4eaw_x3V_ddY,"Golvläggare, utan yrkesbevis",http://data.europa.eu/esco/occupation/a50d64e7-2dba-4418-81a7-92b2ba2e508f,terrazzoarbetare,narrow-match,low,https://taxonomy.api.jobtechdev.se/v1/taxonomy/graphql,30
4fuh_Uf7_NAA,Naturvårdare,http://data.europa.eu/esco/occupation/e011f10f-e172-43ce-bfd9-fb56e426c0c9,naturvårdsförvaltare,exact-match,high,https://taxonomy.api.jobtechdev.se/v1/taxonomy/graphql,30
4gH3_huQ_czg,Miljösamordnare/Miljökoordinator,http://data.europa.eu/esco/occupation/351a0eb0-a1d0-49bd-a2f8-6dc447ddf316,"miljöprojektledare, rörledningar",narrow-match,low,https://taxonomy.api.jobtechdev.se/v1/taxonomy/graphql,30
4gH3_huQ_czg,Miljösamordnare/Miljökoordinator,http://data.europa.eu/esco/occupation/59883630-45f9-40e7-9732-9e5ff9758d2b,miljösamordnare,exact-match,high,https://taxonomy.api.jobtechdev.se/v1/taxonomy/graphql,30
4h8W_71M_HXk,2:e Fartygsingenjör,http://data.europa.eu/esco/occupation/9dbbeb2c-0d51-4c03-8ef6-8dfa7360db22,2:e fartygsingenjör,exact-match,high,https://taxonomy.api.jobtechdev.se/v1/taxonomy/graphql,30
4itw_Zm3_2YB,Lotsoperatör,http://data.europa.eu/esco/occupation/c3760388-d070-491a-9c1f-be305a576815,lotsoperatör,exact-match,high,https://taxonomy.api.jobtechdev.se/v1/taxonomy/graphql,30
4jr9_Ywm_6J1,Silversmed,http://data.europa.eu/esco/occupation/103aaf7a-48da-4e25-99fc-5cf1ee1388b1,"guld- och silversmed, specialiserad på filigran",narrow-match,low,https://taxonomy.api.jobtechdev.se/v1/taxonomy/graphql,30
4jr9_Ywm_6J1,Silversmed,http://data.europa.eu/esco/occupation/eb64b583-20fe-467f-8e44-8aae263a0139,silversmed,exact-match,high,https://taxonomy.api.jobtechdev.se/v1/taxonomy/graphql,30
4kjM_ehP_cRa,Krossoperatör,http://data.europa.eu/esco/occupation/bcb7efae-2374-4ea7-a8e7-a77e4c6ecfc8,"krosskötare, malmkross",exact-match,high,https://taxonomy.api.jobtechdev.se/v1/taxonomy/graphql,30
4mUk_ow8_wji,Lekterapeut,http://data.europa.eu/esco/occupation/55d60ead-0343-4008-b9e4-fb4b5a179c83,förskollärare,close-match,low,https://taxonomy.api.jobtechdev.se/v1/taxonomy/graphql,30
4mpC_7ue_qJb,"Produktionsingenjör, gruv, metallurgi",http://data.europa.eu/esco/occupation/5fd69ee2-2042-4280-85e1-8f1462886987,Ingenjörer (gruvutveckling),narrow-match,low,https://taxonomy.api.jobtechdev.se/v1/taxonomy/graphql,30
4mpC_7ue_qJb,"Produktionsingenjör, gruv, metallurgi",http://data.europa.eu/esco/occupation/7b99007f-c6bf-4703-85d3-f168bc6a9f28,"ingenjör, gruvplanering",narrow-match,low,https://taxonomy.api.jobtechdev.se/v1/taxonomy/graphql,30
4mpC_7ue_qJb,"Produktionsingenjör, gruv, metallurgi",http://data.europa.eu/esco/occupation/f83f19ca-b816-484a-b8be-92b7785121ea,"säkerhetsansvarig, gruvdrift",narrow-match,low,https://taxonomy.api.jobtechdev.se/v1/taxonomy/graphql,30
4mpC_7ue_qJb,"Produktionsingenjör, gruv, metallurgi",http://data.europa.eu/esco/occupation/fad4abdf-fe1b-4751-8253-aef40b49afe0,"produktionsingenjör, avsaltning",narrow-match,low,https://taxonomy.api.jobtechdev.se/v1/taxonomy/graphql,30
4oKL_Mvq_iG6,"Forskare, humaniora",http://data.europa.eu/esco/occupation/f3d8bc61-f812-4106-afd2-a356e4c11fce,litteraturforskare,narrow-match,low,https://taxonomy.api.jobtechdev.se/v1/taxonomy/graphql,30
4omd_94n_7Hn,"Projektledare, bioteknik",http://data.europa.eu/esco/occupation/bea99fea-0383-4c63-b944-70d4799de2c5,projektledare,broad-match,low,https://taxonomy.api.jobtechdev.se/v1/taxonomy/graphql,30
4p9W_pWH_roy,Chief Information Security Officer,http://data.europa.eu/esco/occupation/b1ed68f8-8d51-4bcc-8825-bd554859480f,chef för efterlevnad och informationssäkerhet,exact-match,high,https://taxonomy.api.jobtechdev.se/v1/taxonomy/graphql,30
4qYQ_tWb_QjD,Anestesisjuksköterska,http://data.europa.eu/esco/occupation/16e65196-3449-4c88-b379-0aa98f43db2b,anestesisjuksköterska,exact-match,high,https://taxonomy.api.jobtechdev.se/v1/taxonomy/graphql,30
4uw5_ysb_1Ky,Hotellvärd,http://data.europa.eu/esco/occupation/2171a849-4065-411c-8390-835b7782ed8b,pensionatsvärd,exact-match,high,https://taxonomy.api.jobtechdev.se/v1/taxonomy/graphql,30
4uw5_ysb_1Ky,Hotellvärd,http://data.europa.eu/esco/occupation/82025c02-9082-416c-998b-f51eb0359ee6,receptionist inom hotell- och restaurangbranschen,exact-match,high,https://taxonomy.api.jobtechdev.se/v1/taxonomy/graphql,30
4ve8_yBg_LJZ,Juristassistent/Advokatsekreterare,http://data.europa.eu/esco/occupation/0264b794-3771-47aa-a675-78bf13b62ee7,advokatsekreterare,exact-match,high,https://taxonomy.api.jobtechdev.se/v1/taxonomy/graphql,30
4vig_i3K_hPX,"Processtekniker, gjuteri",http://data.europa.eu/esco/occupation/4efee3ed-de09-44c6-bd4a-d9eaafd04683,"utvecklingsingenjör, metallurgi",close-match,low,https://taxonomy.api.jobtechdev.se/v1/taxonomy/graphql,30
4z18_2pz_Lof,Fasadputsare,http://data.europa.eu/esco/occupation/f4a22809-c00c-4dd0-8b09-c7251f8dcd1c,gipsarbetare,narrow-match,low,https://taxonomy.api.jobtechdev.se/v1/taxonomy/graphql,30
4zLr_jP5_peZ,Vårdbiträde,http://data.europa.eu/esco/occupation/50743f62-3d5b-4ef6-b706-00d2b1adfcc3,"vårdbiträde, äldreboende",narrow-match,low,https://taxonomy.api.jobtechdev.se/v1/taxonomy/graphql,30
51jM_crG_YQH,"Planeringsingenjör, elektronik",http://data.europa.eu/esco/occupation/27811419-407f-4868-a388-2f7df7aafd91,elektroniktekniker,broad-match,low,https://taxonomy.api.jobtechdev.se/v1/taxonomy/graphql,30
51vT_RSZ_sK1,Mekatronikingenjör,http://data.europa.eu/esco/occupation/ab360abd-32e2-4e03-967d-a10758efffa7,mekatronikingenjör,exact-match,high,https://taxonomy.api.jobtechdev.se/v1/taxonomy/graphql,30
52nn_w2h_wuK,Ventilationsrengörare,http://data.europa.eu/esco/occupation/c0ec3a06-1dac-4c21-9f08-4c9dfbc9d6cf,saneringsarbetare,broad-match,low,https://taxonomy.api.jobtechdev.se/v1/taxonomy/graphql,30
54qK_bhx_bc5,Geodatasamordnare,http://data.europa.eu/esco/occupation/ad8ab454-b506-46a5-afd3-66bbffd54115,kartograf,close-match,low,https://taxonomy.api.jobtechdev.se/v1/taxonomy/graphql,30
57z2_b5A_hAT,Betongarbetare,http://data.europa.eu/esco/occupation/a9068f84-cecd-4cbb-9acb-e20c714435ec,betongarbetare,exact-match,high,https://taxonomy.api.jobtechdev.se/v1/taxonomy/graphql,30
59gf_eKP_pEW,"Forskare, odontologi",http://data.europa.eu/esco/occupation/a580e79a-b752-49c1-b033-b5ab2b34bfba,specialisttandläkare,close-match,low,https://taxonomy.api.jobtechdev.se/v1/taxonomy/graphql,30
5BLi_wBL_fM1,Filmtekniker,http://data.europa.eu/esco/occupation/ac734172-ae9a-41ab-80a0-a7b33694e027,video- och filmredigerare,close-match,low,https://taxonomy.api.jobtechdev.se/v1/taxonomy/graphql,30
5Cj7_PtE_aUX,"Lärling, plattsättare",http://data.europa.eu/esco/occupation/02447817-ea01-4d8b-b09c-8bc128e447e6,plattsättare,exact-match,high,https://taxonomy.api.jobtechdev.se/v1/taxonomy/graphql,30
5DcA_EVV_BHZ,Kakelugnsmakare,http://data.europa.eu/esco/occupation/05f321f8-055b-407d-bf19-e0ddabda56b7,murare,broad-match,low,https://taxonomy.api.jobtechdev.se/v1/taxonomy/graphql,30
5E9J_4Ka_UPK,Konferensvärd,http://data.europa.eu/esco/occupation/82025c02-9082-416c-998b-f51eb0359ee6,receptionist inom hotell- och restaurangbranschen,close-match,low,https://taxonomy.api.jobtechdev.se/v1/taxonomy/graphql,30
5GzE_JXd_gM2,"Distributionschef, logistik och transporter",http://data.europa.eu/esco/occupation/032d4115-03ec-49c9-853d-678f8a41969b,"distributionschef, elektronik och telekommunikationsutrustning",narrow-match,low,https://taxonomy.api.jobtechdev.se/v1/taxonomy/graphql,30
5GzE_JXd_gM2,"Distributionschef, logistik och transporter",http://data.europa.eu/esco/occupation/13b12b2d-e223-46f5-a6c0-cb77fe37f03a,"distributionschef, maskiner för textilindustri",narrow-match,low,https://taxonomy.api.jobtechdev.se/v1/taxonomy/graphql,30
5GzE_JXd_gM2,"Distributionschef, logistik och transporter",http://data.europa.eu/esco/occupation/23a9e478-d465-4b61-b6d9-97b7e90af17a,"distributionschef, blommor och växter",narrow-match,low,https://taxonomy.api.jobtechdev.se/v1/taxonomy/graphql,30
5GzE_JXd_gM2,"Distributionschef, logistik och transporter",http://data.europa.eu/esco/occupation/243f3b7e-cd7a-419a-94c0-d4f2040f09af,"distributionschef, datorer och kringutrustning samt programvara",narrow-match,low,https://taxonomy.api.jobtechdev.se/v1/taxonomy/graphql,30
5GzE_JXd_gM2,"Distributionschef, logistik och transporter",http://data.europa.eu/esco/occupation/24af7ff6-bd84-43a6-8cba-e60776f956f5,"distributionschef, farmaceutiska produkter",narrow-match,low,https://taxonomy.api.jobtechdev.se/v1/taxonomy/graphql,30
5GzE_JXd_gM2,"Distributionschef, logistik och transporter",http://data.europa.eu/esco/occupation/29a95106-3680-427b-bd1c-3f13d6999241,"distributionschef, levande djur",narrow-match,low,https://taxonomy.api.jobtechdev.se/v1/taxonomy/graphql,30
5GzE_JXd_gM2,"Distributionschef, logistik och transporter",http://data.europa.eu/esco/occupation/2ad52381-6adb-4262-b17c-ea7fcb3b6696,"distributionschef, fisk, skaldjur och blötdjur",narrow-match,low,https://taxonomy.api.jobtechdev.se/v1/taxonomy/graphql,30
5GzE_JXd_gM2,"Distributionschef, logistik och transporter",http://data.europa.eu/esco/occupation/37f92bd9-b14c-4ab5-82fb-545ba7ba3b8b,"distributionschef, glas och porslin",narrow-match,low,https://taxonomy.api.jobtechdev.se/v1/taxonomy/graphql,30
5GzE_JXd_gM2,"Distributionschef, logistik och transporter",http://data.europa.eu/esco/occupation/449f6aef-a8e6-4edc-aea4-802a7b773e00,"distributionschef, jordbruksråvaror, utsäde och djurfoder",narrow-match,low,https://taxonomy.api.jobtechdev.se/v1/taxonomy/graphql,30
5GzE_JXd_gM2,"Distributionschef, logistik och transporter",http://data.europa.eu/esco/occupation/49607371-2712-4b0a-8d7c-1b4bc22d9581,"distributionschef, trä- och byggvaror",narrow-match,low,https://taxonomy.api.jobtechdev.se/v1/taxonomy/graphql,30
5GzE_JXd_gM2,"Distributionschef, logistik och transporter",http://data.europa.eu/esco/occupation/4ea620f2-5c75-49ee-85a0-b2fb6bbf3624,"driftschef, vägtransport",narrow-match,low,https://taxonomy.api.jobtechdev.se/v1/taxonomy/graphql,30
5GzE_JXd_gM2,"Distributionschef, logistik och transporter",http://data.europa.eu/esco/occupation/52d303a7-630b-4e3f-9f62-becd9b2fcb46,"distributionschef, metaller och metallmalmer",narrow-match,low,https://taxonomy.api.jobtechdev.se/v1/taxonomy/graphql,30
5GzE_JXd_gM2,"Distributionschef, logistik och transporter",http://data.europa.eu/esco/occupation/53e61b71-60a3-4873-bc14-d6e28693818c,"distributionschef, textilier, textilhalvfabrikat och textilråvaror",narrow-match,low,https://taxonomy.api.jobtechdev.se/v1/taxonomy/graphql,30
5GzE_JXd_gM2,"Distributionschef, logistik och transporter",http://data.europa.eu/esco/occupation/61a61a3b-6fcd-4525-9f5c-0a1415a9a51f,"distributionschef, tobaksvaror",narrow-match,low,https://taxonomy.api.jobtechdev.se/v1/taxonomy/graphql,30
5GzE_JXd_gM2,"Distributionschef, logistik och transporter",http://data.europa.eu/esco/occupation/625d316c-2b93-4a9c-ada2-b19efa7c611b,"distributionschef, kläder och skor",narrow-match,low,https://taxonomy.api.jobtechdev.se/v1/taxonomy/graphql,30
5GzE_JXd_gM2,"Distributionschef, logistik och transporter",http://data.europa.eu/esco/occupation/632e61c8-4e4b-44c7-b213-6dd5a174b143,distributionschef,broad-match,low,https://taxonomy.api.jobtechdev.se/v1/taxonomy/graphql,30
5GzE_JXd_gM2,"Distributionschef, logistik och transporter",http://data.europa.eu/esco/occupation/67aee472-533b-4569-a7a5-e7bc34b2cdce,"distributionschef, ur, guldsmedsvaror och smycken",narrow-match,low,https://taxonomy.api.jobtechdev.se/v1/taxonomy/graphql,30
5GzE_JXd_gM2,"Distributionschef, logistik och transporter",http://data.europa.eu/esco/occupation/72d1e9ca-294c-4349-90ed-f99541d447d0,"distributionschef, specialgods",narrow-match,low,https://taxonomy.api.jobtechdev.se/v1/taxonomy/graphql,30
5GzE_JXd_gM2,"Distributionschef, logistik och transporter",http://data.europa.eu/esco/occupation/73bdadf0-2175-4097-8f4d-b6dabeb0a030,"distributionschef, frukt och grönsaker",narrow-match,low,https://taxonomy.api.jobtechdev.se/v1/taxonomy/graphql,30
5GzE_JXd_gM2,"Distributionschef, logistik och transporter",http://data.europa.eu/esco/occupation/7ff7ab7d-12a6-4d87-ac91-8a8f3540b1c0,"distributionschef, hudar, skinn och läder",narrow-match,low,https://taxonomy.api.jobtechdev.se/v1/taxonomy/graphql,30
5GzE_JXd_gM2,"Distributionschef, logistik och transporter",http://data.europa.eu/esco/occupation/87426cf2-9e36-46a4-aa4f-6a8d20dd93d6,"distributionschef, kemiska varor",narrow-match,low,https://taxonomy.api.jobtechdev.se/v1/taxonomy/graphql,30
5GzE_JXd_gM2,"Distributionschef, logistik och transporter",http://data.europa.eu/esco/occupation/96c870c0-f93a-43c3-9ce4-1fe9e737fece,"distributionschef, maskiner, industriell utrustning, fartyg och luftfartyg",narrow-match,low,https://taxonomy.api.jobtechdev.se/v1/taxonomy/graphql,30
5GzE_JXd_gM2,"Distributionschef, logistik och transporter",http://data.europa.eu/esco/occupation/98ad0008-13d9-4e9b-94bf-4f4a5faae764,"driftschef, järnvägstransport",narrow-match,low,https://taxonomy.api.jobtechdev.se/v1/taxonomy/graphql,30
5GzE_JXd_gM2,"Distributionschef, logistik och transporter",http://data.europa.eu/esco/occupation/9fcce643-276b-435f-aa94-4516c2414686,"distributionschef, avfall och skrot",narrow-match,low,https://taxonomy.api.jobtechdev.se/v1/taxonomy/graphql,30
5GzE_JXd_gM2,"Distributionschef, logistik och transporter",http://data.europa.eu/esco/occupation/a49e1479-90c4-41d2-871b-ac58ebc4894b,"distributionschef, hushållsartiklar",narrow-match,low,https://taxonomy.api.jobtechdev.se/v1/taxonomy/graphql,30
5GzE_JXd_gM2,"Distributionschef, logistik och transporter",http://data.europa.eu/esco/occupation/ad404c6b-291f-439e-9ad4-c93ddabd3c13,"distributionschef, gruv-, bygg- och anläggningsmaskiner",narrow-match,low,https://taxonomy.api.jobtechdev.se/v1/taxonomy/graphql,30
5GzE_JXd_gM2,"Distributionschef, logistik och transporter",http://data.europa.eu/esco/occupation/b7474960-a03e-46c3-88ce-81575cb8f657,"distributionschef, parfymer och kosmetika",narrow-match,low,https://taxonomy.api.jobtechdev.se/v1/taxonomy/graphql,30
5GzE_JXd_gM2,"Distributionschef, logistik och transporter",http://data.europa.eu/esco/occupation/bd7c070b-333f-4b9d-a70a-25f135ff931e,"distributionschef, möbler, mattor och belysningsartiklar",narrow-match,low,https://taxonomy.api.jobtechdev.se/v1/taxonomy/graphql,30
5GzE_JXd_gM2,"Distributionschef, logistik och transporter",http://data.europa.eu/esco/occupation/c1ee52e0-f30a-4f8d-a7f5-b07f5f06f88f,"distributionschef, mejeriprodukter och matoljor",narrow-match,low,https://taxonomy.api.jobtechdev.se/v1/taxonomy/graphql,30
5GzE_JXd_gM2,"Distributionschef, logistik och transporter",http://data.europa.eu/esco/occupation/d46a0f9d-4474-46f8-b59d-7970da915b94,"distributionschef, järnhandelsvaror och VVS-armatur",narrow-match,low,https://taxonomy.api.jobtechdev.se/v1/taxonomy/graphql,30
5GzE_JXd_gM2,"Distributionschef, logistik och transporter",http://data.europa.eu/esco/occupation/de0084a5-7e00-43cc-bc51-3cb70a031295,"distributionschef, elektriska hushållsapparater",narrow-match,low,https://taxonomy.api.jobtechdev.se/v1/taxonomy/graphql,30
5GzE_JXd_gM2,"Distributionschef, logistik och transporter",http://data.europa.eu/esco/occupation/e0433bbb-8a93-4ab4-ac7a-84ccc1a04637,"distributionschef, drycker",narrow-match,low,https://taxonomy.api.jobtechdev.se/v1/taxonomy/graphql,30
5GzE_JXd_gM2,"Distributionschef, logistik och transporter",http://data.europa.eu/esco/occupation/e04bca7b-c0c7-454d-9d15-dfb64a30dc0a,"distributionschef, jordbruksmaskiner och utrustning",narrow-match,low,https://taxonomy.api.jobtechdev.se/v1/taxonomy/graphql,30
5GzE_JXd_gM2,"Distributionschef, logistik och transporter",http://data.europa.eu/esco/occupation/e83bf81f-c1d0-48e1-8533-7d65be8007c5,"distributionschef, socker, choklad och sockerkonfektyrer",narrow-match,low,https://taxonomy.api.jobtechdev.se/v1/taxonomy/graphql,30
5GzE_JXd_gM2,"Distributionschef, logistik och transporter",http://data.europa.eu/esco/occupation/ee5f8b2f-4b40-4426-8290-a6926ae4898b,"distributionschef, kött och köttvaror",narrow-match,low,https://taxonomy.api.jobtechdev.se/v1/taxonomy/graphql,30
5GzE_JXd_gM2,"Distributionschef, logistik och transporter",http://data.europa.eu/esco/occupation/f8d7d59d-242d-4903-9e0d-d2d23a0ef4c3,"distributionschef, kaffe, te, kakao och kryddor",narrow-match,low,https://taxonomy.api.jobtechdev.se/v1/taxonomy/graphql,30
5LS7_Cbz_1Yt,Bakteriolog,http://data.europa.eu/esco/occupation/eee68e13-8248-43bb-a9fb-959832a6c217,biolog,broad-match,low,https://taxonomy.api.jobtechdev.se/v1/taxonomy/graphql,30
5Lm9_jot_RaW,Industrirobotoperatör,http://data.europa.eu/esco/occupation/5001506f-dd7d-4801-92ac-6f7e93b45133,industrirobotoperatör,exact-match,high,https://taxonomy.api.jobtechdev.se/v1/taxonomy/graphql,30
5Lm9_jot_RaW,Industrirobotoperatör,http://data.europa.eu/esco/occupation/869e3a85-6e4c-4e3c-b14f-a8399c1abd2d,robotoperatör,close-match,low,https://taxonomy.api.jobtechdev.se/v1/taxonomy/graphql,30
5NsF_Rae_fse,Patentingenjör/Patentkonsult,http://data.europa.eu/esco/occupation/e047b8f5-9491-4da2-8816-7aa37ad2370d,patentingenjör,exact-match,high,https://taxonomy.api.jobtechdev.se/v1/taxonomy/graphql,30
5QWK_67p_yJv,Fartygsplåtslagare,http://data.europa.eu/esco/occupation/8afab6c4-6145-4ea1-a0ae-d2c3438bda7e,fartygsplåtslagare,exact-match,high,https://taxonomy.api.jobtechdev.se/v1/taxonomy/graphql,30
5RkB_Zeq_aH6,"Forskare, virologi",http://data.europa.eu/esco/occupation/eee68e13-8248-43bb-a9fb-959832a6c217,biolog,broad-match,low,https://taxonomy.api.jobtechdev.se/v1/taxonomy/graphql,30
5W5Z_b4L_upx,Aktieanalytiker,http://data.europa.eu/esco/occupation/076d23f3-a689-4f1a-8b55-ae870c9aaa85,"finansanalytiker, värdepapper",broad-match,low,https://taxonomy.api.jobtechdev.se/v1/taxonomy/graphql,30
5XnU_5ZJ_LQN,Fastighetsvärd,http://data.europa.eu/esco/occupation/1822bfc2-e735-449f-ba00-ca71eb5c062b,fastighetsvärd,exact-match,high,https://taxonomy.api.jobtechdev.se/v1/taxonomy/graphql,30
5avt_87C_rXE,Imam,http://data.europa.eu/esco/occupation/ed256ed0-0432-4969-8544-3e5e01a517a9,religiös ledare,broad-match,low,https://taxonomy.api.jobtechdev.se/v1/taxonomy/graphql,30
5bYa_vBF_REN,Statistiker,http://data.europa.eu/esco/occupation/ac8b3cd1-a127-4e6a-8208-5cfcf7111955,statistiker,exact-match,high,https://taxonomy.api.jobtechdev.se/v1/taxonomy/graphql,30
5bYa_vBF_REN,Statistiker,http://data.europa.eu/esco/occupation/b0f3f595-4965-4f13-ba5c-f6049b62469f,"statistiker, biometri",narrow-match,low,https://taxonomy.api.jobtechdev.se/v1/taxonomy/graphql,30
5cVu_BVm_nNG,Polismästare,http://data.europa.eu/esco/occupation/2ae275fe-4f11-4a38-9e95-d466d74b42a3,polischef,broad-match,low,https://taxonomy.api.jobtechdev.se/v1/taxonomy/graphql,30
5foG_kMS_LM5,Köksmontör,http://data.europa.eu/esco/occupation/7eadbe33-d62e-4a82-8e3a-e89df5aefb2c,"montör, träprodukter",broad-match,low,https://taxonomy.api.jobtechdev.se/v1/taxonomy/graphql,30
5fri_5bN_1Da,Manusförfattare,http://data.europa.eu/esco/occupation/ebe936e2-64e7-4777-94d6-42caa5a12409,manusförfattare,exact-match,high,https://taxonomy.api.jobtechdev.se/v1/taxonomy/graphql,30
5gzE_sFU_Xxj,Fysioterapeutstuderande,http://data.europa.eu/esco/occupation/006cc1f9-2841-41c3-991a-dc3f2f3bd533,fysioterapeut,close-match,low,https://taxonomy.api.jobtechdev.se/v1/taxonomy/graphql,30
5h8g_xbH_FQs,"Områdeschef, barnomsorg",http://data.europa.eu/esco/occupation/fa6bd9e9-9631-4abe-b2f8-fad7bf8a819d,förskolechef,close-match,low,https://taxonomy.api.jobtechdev.se/v1/taxonomy/graphql,30
5jCP_Qmd_EdL,Illustratör,http://data.europa.eu/esco/occupation/1b949bae-882f-40ff-9fe7-3c8ede5e38b5,illustratör,exact-match,high,https://taxonomy.api.jobtechdev.se/v1/taxonomy/graphql,30
5jCP_Qmd_EdL,Illustratör,http://data.europa.eu/esco/occupation/42ff9e52-1f56-427d-b772-b9328c39b98a,tecknare,exact-match,high,https://taxonomy.api.jobtechdev.se/v1/taxonomy/graphql,30
5jCP_Qmd_EdL,Illustratör,http://data.europa.eu/esco/occupation/ae66ca51-e762-48b4-bd46-071dc87cb30d,bildmanustecknare,narrow-match,low,https://taxonomy.api.jobtechdev.se/v1/taxonomy/graphql,30
5knr_Aw3_sqw,"Fartygsbefäl, utan behörighetsbevis",http://data.europa.eu/esco/occupation/17e39591-7137-4960-94c8-8169f7a5d67b,vakthavande befäl,narrow-match,low,https://taxonomy.api.jobtechdev.se/v1/taxonomy/graphql,30
5knr_Aw3_sqw,"Fartygsbefäl, utan behörighetsbevis",http://data.europa.eu/esco/occupation/ee646fa1-3f09-4e43-9275-3aa958ca00ae,skeppare,narrow-match,low,https://taxonomy.api.jobtechdev.se/v1/taxonomy/graphql,30
5knr_Aw3_sqw,"Fartygsbefäl, utan behörighetsbevis",http://data.europa.eu/esco/occupation/f2a416b8-c7e4-49ee-964d-a49f6af79b84,befälhavare,broad-match,low,https://taxonomy.api.jobtechdev.se/v1/taxonomy/graphql,30
5knr_Aw3_sqw,"Fartygsbefäl, utan behörighetsbevis",http://data.europa.eu/esco/occupation/f2a416b8-c7e4-49ee-964d-a49f6af79b84,befälhavare,narrow-match,low,https://taxonomy.api.jobtechdev.se/v1/taxonomy/graphql,30
5mme_U1P_px4,Lantmätare,http://data.europa.eu/esco/occupation/d8e502b4-1be6-4d10-a224-151688f8f0c8,lantmätare,exact-match,high,https://taxonomy.api.jobtechdev.se/v1/taxonomy/graphql,30
5seg_CMk_FtK,Affärsområdeschef,http://data.europa.eu/esco/occupation/0917ab6b-18a8-4cfd-8e7a-843b88cf9457,affärsområdeschef,exact-match,high,https://taxonomy.api.jobtechdev.se/v1/taxonomy/graphql,30
5tLG_3ir_2e5,"Lärling, beläggningsarbete",http://data.europa.eu/esco/occupation/5f68c4c3-9d25-48e2-8efc-5471a80fb155,beläggningsmaskinförare,exact-match,high,https://taxonomy.api.jobtechdev.se/v1/taxonomy/graphql,30
5tRi_kgo_ZAJ,Informationsarkitekt,http://data.europa.eu/esco/occupation/3765a20d-5160-4e8f-82f1-ad7872b9db24,informationsansvarig,close-match,low,https://taxonomy.api.jobtechdev.se/v1/taxonomy/graphql,30
5x47_XP7_zyN,Journalist,http://data.europa.eu/esco/occupation/4cc98057-8ed5-4b45-855b-7a67bc2e5bae,utrikeskorrespondent,narrow-match,low,https://taxonomy.api.jobtechdev.se/v1/taxonomy/graphql,30
5x47_XP7_zyN,Journalist,http://data.europa.eu/esco/occupation/70b5896f-988e-4084-9c19-2c82bd5cc9a5,sportjournalist,narrow-match,low,https://taxonomy.api.jobtechdev.se/v1/taxonomy/graphql,30
5x47_XP7_zyN,Journalist,http://data.europa.eu/esco/occupation/83e45d86-1bce-45c5-ba8b-097738f9f28b,nyhetsankare,narrow-match,low,https://taxonomy.api.jobtechdev.se/v1/taxonomy/graphql,30
5x47_XP7_zyN,Journalist,http://data.europa.eu/esco/occupation/a47f82d3-4cf7-4abf-bb36-2c8cbad28234,journalist,exact-match,high,https://taxonomy.api.jobtechdev.se/v1/taxonomy/graphql,30
5x47_XP7_zyN,Journalist,http://data.europa.eu/esco/occupation/b866b3bb-3dbd-4b3d-9a53-9ec15f43ca2f,kolumnist,exact-match,high,https://taxonomy.api.jobtechdev.se/v1/taxonomy/graphql,30
5x47_XP7_zyN,Journalist,http://data.europa.eu/esco/occupation/d3570716-cc0d-4a61-b9a0-9b3081050e9d,nöjesjournalist,narrow-match,low,https://taxonomy.api.jobtechdev.se/v1/taxonomy/graphql,30
5x47_XP7_zyN,Journalist,http://data.europa.eu/esco/occupation/d372b694-041a-4978-bd81-efbb763ee70d,kriminalreporter,narrow-match,low,https://taxonomy.api.jobtechdev.se/v1/taxonomy/graphql,30
5x47_XP7_zyN,Journalist,http://data.europa.eu/esco/occupation/db3da11f-67a0-415f-b785-81f33d3be810,ekonomijournalist,narrow-match,low,https://taxonomy.api.jobtechdev.se/v1/taxonomy/graphql,30
5x47_XP7_zyN,Journalist,http://data.europa.eu/esco/occupation/eb7e42d0-9b3f-49ad-81f1-b9ee8491bf39,politisk journalist,narrow-match,low,https://taxonomy.api.jobtechdev.se/v1/taxonomy/graphql,30
5x47_XP7_zyN,Journalist,http://data.europa.eu/esco/occupation/fdd8eef7-d89c-419f-9166-0747f466a769,kritiker,narrow-match,low,https://taxonomy.api.jobtechdev.se/v1/taxonomy/graphql,30
5zDe_ZGc_x89,"Avdelningschef, statlig",http://data.europa.eu/esco/occupation/94e0bedd-e56e-42be-a5a4-b74a260f437c,avdelningschef,broad-match,low,https://taxonomy.api.jobtechdev.se/v1/taxonomy/graphql,30
6239_5FJ_vLb,Arbetsledare skogsvård,http://data.europa.eu/esco/occupation/f489b1ec-3d6c-44b1-b1d7-c6c97db7df30,skogvaktare,close-match,low,https://taxonomy.api.jobtechdev.se/v1/taxonomy/graphql,30
62xd_b2m_Wbo,Växeltelefonist,http://data.europa.eu/esco/occupation/0bf68df5-e808-4c27-abf2-6f85440f2d7f,växeltelefonist,exact-match,high,https://taxonomy.api.jobtechdev.se/v1/taxonomy/graphql,30
64i5_ex4_BP9,Kommunikationsstrateg,http://data.europa.eu/esco/occupation/903dc1bf-2da8-477d-83b2-687d360cf1da,"konsult, interkulturell kommunikation",narrow-match,low,https://taxonomy.api.jobtechdev.se/v1/taxonomy/graphql,30
64tE_EQA_3g4,3D artist,http://data.europa.eu/esco/occupation/52df9d56-efd4-48d0-ad93-59231943fc4c,3D-animatör,close-match,low,https://taxonomy.api.jobtechdev.se/v1/taxonomy/graphql,30
64tE_EQA_3g4,3D artist,http://data.europa.eu/esco/occupation/bab5fa79-7f96-4e21-87b6-1eba560b8d9a,3D-modellör,exact-match,high,https://taxonomy.api.jobtechdev.se/v1/taxonomy/graphql,30
64vk_6Lh_WDK,"Forskningsingenjör, metallurgi",http://data.europa.eu/esco/occupation/27eb624c-6171-4c71-aa71-bb21e83381d4,"forskningsingenjör, metallurgi",exact-match,high,https://taxonomy.api.jobtechdev.se/v1/taxonomy/graphql,30
65wn_Bad_e5L,Taltjänsttolk,http://data.europa.eu/esco/occupation/23e692a9-a242-4d4f-988f-ed562f757864,tolk,broad-match,low,https://taxonomy.api.jobtechdev.se/v1/taxonomy/graphql,30
66nJ_dqL_YGj,Ingenjörsgeolog,http://data.europa.eu/esco/occupation/1bdb7d70-1769-4338-aa90-d25a90fe8a6d,ingenjörsgeolog,exact-match,high,https://taxonomy.api.jobtechdev.se/v1/taxonomy/graphql,30
68DU_3eK_84a,Matros,http://data.europa.eu/esco/occupation/5684182e-7b4c-4eea-97d9-4c2b88b9f906,"matros, segelfartyg",narrow-match,low,https://taxonomy.api.jobtechdev.se/v1/taxonomy/graphql,30
68DU_3eK_84a,Matros,http://data.europa.eu/esco/occupation/bd22a34c-1dc2-48df-a254-66e5d03dec12,"matros, inre fart",narrow-match,low,https://taxonomy.api.jobtechdev.se/v1/taxonomy/graphql,30
6CfM_iwp_hDJ,"Verksamhetskonsult, IT",http://data.europa.eu/esco/occupation/22987b58-dbfa-4ecd-ae3f-82dd209255f6,IKT-konsult inriktad på miljö,narrow-match,low,https://taxonomy.api.jobtechdev.se/v1/taxonomy/graphql,30
6CfM_iwp_hDJ,"Verksamhetskonsult, IT",http://data.europa.eu/esco/occupation/4b3201cb-ffc5-4f61-9fc3-5c0f0038fa5f,"affärsanalyschef, IKT",exact-match,high,https://taxonomy.api.jobtechdev.se/v1/taxonomy/graphql,30
6CfM_iwp_hDJ,"Verksamhetskonsult, IT",http://data.europa.eu/esco/occupation/6e92d4b5-3167-4166-802f-da7753951a31,"konsult, it-forskning",narrow-match,low,https://taxonomy.api.jobtechdev.se/v1/taxonomy/graphql,30
6CfM_iwp_hDJ,"Verksamhetskonsult, IT",http://data.europa.eu/esco/occupation/b1c80369-067e-4041-84c8-dbe65640a5d8,IKT-konsult,exact-match,high,https://taxonomy.api.jobtechdev.se/v1/taxonomy/graphql,30
6CfM_iwp_hDJ,"Verksamhetskonsult, IT",http://data.europa.eu/esco/occupation/cdd3d773-75a4-4f35-bd1d-1ac720afcf9d,it-revisor,exact-match,high,https://taxonomy.api.jobtechdev.se/v1/taxonomy/graphql,30
6Cr3_nnR_xdd,"Lärling, beläggningsmaskinförare",http://data.europa.eu/esco/occupation/5f68c4c3-9d25-48e2-8efc-5471a80fb155,beläggningsmaskinförare,exact-match,high,https://taxonomy.api.jobtechdev.se/v1/taxonomy/graphql,30
6Cud_aLn_ehn,"Forskningsassistent, ekonomi",http://data.europa.eu/esco/occupation/12ff7f9c-c5b5-4d4a-b585-c350dd1400eb,"forskare, företagsekonomi",close-match,low,https://taxonomy.api.jobtechdev.se/v1/taxonomy/graphql,30
6DdY_jkA_MMn,Konstkonsult,http://data.europa.eu/esco/occupation/691d30cc-6b2c-4025-89b4-3e719fe664c7,utställningskurator,close-match,low,https://taxonomy.api.jobtechdev.se/v1/taxonomy/graphql,30
6FAe_TXj_2vw,Telefonkommunikatör på intresseorganisation,http://data.europa.eu/esco/occupation/0ededdc2-050a-4ec3-8e70-6295105fcd19,telefonförsäljare,close-match,low,https://taxonomy.api.jobtechdev.se/v1/taxonomy/graphql,30
6FK9_Dya_PEL,Husdjursrådgivare/Husdjurskonsulent,http://data.europa.eu/esco/occupation/e1fdca51-a0e1-4bea-822f-82a090ece780,husdjursagronom,exact-match,high,https://taxonomy.api.jobtechdev.se/v1/taxonomy/graphql,30
6HTa_FAx_EkV,Budgetsekreterare,http://data.europa.eu/esco/occupation/eda0d957-3c3c-4139-b89a-a18bc9e18897,revisor,broad-match,low,https://taxonomy.api.jobtechdev.se/v1/taxonomy/graphql,30
6Jyi_QHU_LKn,Bergsingenjör,http://data.europa.eu/esco/occupation/03b2f112-a891-461d-a8d4-effb9dcf2df6,bergsingenjör,exact-match,high,https://taxonomy.api.jobtechdev.se/v1/taxonomy/graphql,30
6LWS_5vt_pvD,Kursutvecklare,http://data.europa.eu/esco/occupation/d23f4d59-2bea-4bd8-bcdb-5e23b1c50552,"samordnare, utbildningsprogram",close-match,low,https://taxonomy.api.jobtechdev.se/v1/taxonomy/graphql,30
6LYA_Sgu_hsR,Kyl- och värmepumpstekniker,http://data.europa.eu/esco/occupation/7259dc48-004a-4ceb-aa4e-5bbd548c2397,värmepumpstekniker,narrow-match,low,https://taxonomy.api.jobtechdev.se/v1/taxonomy/graphql,30
6LYA_Sgu_hsR,Kyl- och värmepumpstekniker,http://data.europa.eu/esco/occupation/79f435d0-9bc6-4d25-a26a-acbe16569ebb,"serviceinstallatör, uppvärmning och ventilation",exact-match,high,https://taxonomy.api.jobtechdev.se/v1/taxonomy/graphql,30
6LYA_Sgu_hsR,Kyl- och värmepumpstekniker,http://data.europa.eu/esco/occupation/8234eee9-1647-460d-8d62-7fe02cb884b0,kyl- och värmepumpstekniker,broad-match,low,https://taxonomy.api.jobtechdev.se/v1/taxonomy/graphql,30
6Lx9_ukW_WSn,Privatekonomisk rådgivare,http://data.europa.eu/esco/occupation/21de0f3b-a71a-4263-a9ba-90c5f3721b4d,finansiell planerare,exact-match,high,https://taxonomy.api.jobtechdev.se/v1/taxonomy/graphql,30
6Lx9_ukW_WSn,Privatekonomisk rådgivare,http://data.europa.eu/esco/occupation/5e4d156a-1f05-4b2c-b0f0-5abb82d52ed6,privatekonomisk rådgivare,exact-match,high,https://taxonomy.api.jobtechdev.se/v1/taxonomy/graphql,30
6Lx9_ukW_WSn,Privatekonomisk rådgivare,http://data.europa.eu/esco/occupation/d96de969-d43d-4082-8559-7fc35484a217,kundrådgivare inom bank och finans,close-match,low,https://taxonomy.api.jobtechdev.se/v1/taxonomy/graphql,30
6N4Q_KwA_SS1,Accounting controller,http://data.europa.eu/esco/occupation/5e5b1b61-1351-4d3b-a293-deb3661715dd,styrekonom,exact-match,high,https://taxonomy.api.jobtechdev.se/v1/taxonomy/graphql,30
6QtF_TWT_Sri,Marinmeteorolog,http://data.europa.eu/esco/occupation/1c862e14-80f8-4aa8-8f1c-fd2ca95b63ad,meterolog,broad-match,low,https://taxonomy.api.jobtechdev.se/v1/taxonomy/graphql,30
6Smf_Gqg_cv8,Yogainstruktör,http://data.europa.eu/esco/occupation/c784c2db-e636-429f-8492-3191790a58d7,motionsinstruktör,broad-match,low,https://taxonomy.api.jobtechdev.se/v1/taxonomy/graphql,30
6Spw_ptw_fgR,Sommelier,http://data.europa.eu/esco/occupation/2d92f7f5-d2b1-4223-92c4-23c33f8604fc,vinsommelier,narrow-match,low,https://taxonomy.api.jobtechdev.se/v1/taxonomy/graphql,30
6Spw_ptw_fgR,Sommelier,http://data.europa.eu/esco/occupation/499f80e3-860c-48ef-8286-be929a93e254,sommelier,exact-match,high,https://taxonomy.api.jobtechdev.se/v1/taxonomy/graphql,30
6Spw_ptw_fgR,Sommelier,http://data.europa.eu/esco/occupation/985400a7-362f-4f91-941a-2e149d94ac2a,ölsommelier,narrow-match,low,https://taxonomy.api.jobtechdev.se/v1/taxonomy/graphql,30
6Spw_ptw_fgR,Sommelier,http://data.europa.eu/esco/occupation/a20e4b15-a128-49b9-a06a-e790e3bd5c68,chefssommelier,narrow-match,low,https://taxonomy.api.jobtechdev.se/v1/taxonomy/graphql,30
6T6w_6Kk_b8S,Partikelfysiker,http://data.europa.eu/esco/occupation/7f2761eb-4edc-48ad-9fbf-eed0a0db9a21,fysiker,broad-match,low,https://taxonomy.api.jobtechdev.se/v1/taxonomy/graphql,30
6TcC_oXD_QPw,"ST-läkare, allmänmedicin",http://data.europa.eu/esco/occupation/71f09c8b-a172-408c-b9e7-32e580e39ff6,läkare,close-match,low,https://taxonomy.api.jobtechdev.se/v1/taxonomy/graphql,30
6Tm4_YY7_HyY,Geograf,http://data.europa.eu/esco/occupation/bac64fa2-dcd6-47bb-8e5c-04e04a86a199,geograf,exact-match,high,https://taxonomy.api.jobtechdev.se/v1/taxonomy/graphql,30
6U5J_pNt_h6t,Danspedagog,http://data.europa.eu/esco/occupation/1eb56b85-af25-43d4-9e35-73d8ee78e228,danslärare,exact-match,high,https://taxonomy.api.jobtechdev.se/v1/taxonomy/graphql,30
6UAM_i1i_RYb,Skatterådgivare,http://data.europa.eu/esco/occupation/59c22779-4d89-4bc9-ba8b-d64bea236723,skatterådgivare,exact-match,high,https://taxonomy.api.jobtechdev.se/v1/taxonomy/graphql,30
6UNk_TVt_uDT,"Arbetsledare, kontorspersonal/Gruppledare, kontorspersonal",http://data.europa.eu/esco/occupation/6e6839b6-099c-4802-906e-7f2c8203ee69,kontorschef,exact-match,high,https://taxonomy.api.jobtechdev.se/v1/taxonomy/graphql,30
6UNk_TVt_uDT,"Arbetsledare, kontorspersonal/Gruppledare, kontorspersonal",http://data.europa.eu/esco/occupation/af355ac4-dd89-44df-99a6-bba70202d6fe,"arbetsledare, dataregistrerare",narrow-match,low,https://taxonomy.api.jobtechdev.se/v1/taxonomy/graphql,30
6Um7_yX6_J7z,"Redigerare, rörlig bild",http://data.europa.eu/esco/occupation/ac734172-ae9a-41ab-80a0-a7b33694e027,video- och filmredigerare,narrow-match,low,https://taxonomy.api.jobtechdev.se/v1/taxonomy/graphql,30
6XM4_Hb5_CrT,Underhållsingenjör elkraft,http://data.europa.eu/esco/occupation/58db3ac6-5217-4d46-8a4c-126598be1d13,"civilingenjör, elkraft",broad-match,low,https://taxonomy.api.jobtechdev.se/v1/taxonomy/graphql,30
6dCj_L43_LpC,Geriatriksjuksköterska,http://data.europa.eu/esco/occupation/18e14e61-495b-44cc-a7c6-df4c625934ba,specialistsjuksköterska,broad-match,low,https://taxonomy.api.jobtechdev.se/v1/taxonomy/graphql,30
6dqD_oy2_se4,Transportchef,http://data.europa.eu/esco/occupation/73d3ce3c-296c-4f85-9381-2eed6f3ae5fa,"transportchef, inlandssjöfart",narrow-match,low,https://taxonomy.api.jobtechdev.se/v1/taxonomy/graphql,30
6dqD_oy2_se4,Transportchef,http://data.europa.eu/esco/occupation/823db06f-25e1-4658-b063-d6ef956b41f5,logistikchef,narrow-match,low,https://taxonomy.api.jobtechdev.se/v1/taxonomy/graphql,30
6dqD_oy2_se4,Transportchef,http://data.europa.eu/esco/occupation/baae6dd1-4a59-480d-83b1-a0708a5a1736,sjötransportchef,narrow-match,low,https://taxonomy.api.jobtechdev.se/v1/taxonomy/graphql,30
6dqD_oy2_se4,Transportchef,http://data.europa.eu/esco/occupation/f56e33a3-01bb-46ba-98f4-d47aa242b983,"avdelningschef, vägtransport",narrow-match,low,https://taxonomy.api.jobtechdev.se/v1/taxonomy/graphql,30
6eXR_JYV_FEF,Generaldirektör,http://data.europa.eu/esco/occupation/0752ed49-03e7-4d75-8314-a051b3771a1d,generaldirektör,exact-match,high,https://taxonomy.api.jobtechdev.se/v1/taxonomy/graphql,30
6gF2_LeK_d34,LSS-handläggare,http://data.europa.eu/esco/occupation/4c40c1e8-0584-4a77-8ca3-ec82538f9488,LSS-handläggare,exact-match,high,https://taxonomy.api.jobtechdev.se/v1/taxonomy/graphql,30
6hH1_pz6_H4o,Geofysiker,http://data.europa.eu/esco/occupation/a92a3e24-93f0-42b3-9ebb-d2d7d8a72cc5,geofysiker,exact-match,high,https://taxonomy.api.jobtechdev.se/v1/taxonomy/graphql,30
6hYL_n56_7v8,"Projektledare, maskin",http://data.europa.eu/esco/occupation/bea99fea-0383-4c63-b944-70d4799de2c5,projektledare,broad-match,low,https://taxonomy.api.jobtechdev.se/v1/taxonomy/graphql,30
6hqG_QEH_YwN,Förskoleassistent,http://data.europa.eu/esco/occupation/4d27152a-a8ee-4f5a-9f93-a2fb4fb2b2e3,"lärarassistent, förskola",close-match,low,https://taxonomy.api.jobtechdev.se/v1/taxonomy/graphql,30
6iy2_mSs_y9A,Tvättchef,http://data.europa.eu/esco/occupation/44cd9d91-5552-4735-86b8-4b2c5d39efc8,tvätterichef,exact-match,high,https://taxonomy.api.jobtechdev.se/v1/taxonomy/graphql,30
6kiy_vo2_kc6,Antikvarie,http://data.europa.eu/esco/occupation/7556c748-15b4-4e44-97d9-00d885d4cd7d,antikvarie,exact-match,high,https://taxonomy.api.jobtechdev.se/v1/taxonomy/graphql,30
6nKy_pXY_CRv,Skogstransportförare,http://data.europa.eu/esco/occupation/45037d43-a8f5-4f46-b332-b2935bc305f4,distributionsförare,close-match,low,https://taxonomy.api.jobtechdev.se/v1/taxonomy/graphql,30
6nam_Ct6_oK7,"Lärling, ställningsbyggare",http://data.europa.eu/esco/occupation/18fa8080-3156-429a-bbd7-b3ef559b6721,ställningsbyggare,exact-match,high,https://taxonomy.api.jobtechdev.se/v1/taxonomy/graphql,30
6osP_V1z_os1,Betongvaruarbetare,http://data.europa.eu/esco/occupation/86da9311-1f7a-40bb-af65-ed2a7178fcae,maskinoperatör för betongvaror,exact-match,high,https://taxonomy.api.jobtechdev.se/v1/taxonomy/graphql,30
6osP_V1z_os1,Betongvaruarbetare,http://data.europa.eu/esco/occupation/8d3fd879-986d-42e7-bf67-c3c415592fe3,"gjutare, betongvaruindustri",narrow-match,low,https://taxonomy.api.jobtechdev.se/v1/taxonomy/graphql,30
6osP_V1z_os1,Betongvaruarbetare,http://data.europa.eu/esco/occupation/990738f4-587c-4045-a10f-e3c1c019220e,blockmaskinoperatör,narrow-match,low,https://taxonomy.api.jobtechdev.se/v1/taxonomy/graphql,30
6sVS_uwh_x15,Planeringsarkitekt,http://data.europa.eu/esco/occupation/3b129d8d-268e-465a-b0c5-bf32cae59a41,mobilitetschef,narrow-match,low,https://taxonomy.api.jobtechdev.se/v1/taxonomy/graphql,30
6sVS_uwh_x15,Planeringsarkitekt,http://data.europa.eu/esco/occupation/44508e7b-f56b-4bfb-9cd6-879838aecd94,markplanerare,narrow-match,low,https://taxonomy.api.jobtechdev.se/v1/taxonomy/graphql,30
6sVS_uwh_x15,Planeringsarkitekt,http://data.europa.eu/esco/occupation/e14548c8-c2b9-4ef8-8670-d5967d7ad804,stadsplanerare,broad-match,low,https://taxonomy.api.jobtechdev.se/v1/taxonomy/graphql,30
6vCW_mkV_T5F,Landskapsingenjör,http://data.europa.eu/esco/occupation/a424aa0f-b3f1-41fb-901f-85e05fed83ed,trädgårdsdesigner,narrow-match,low,https://taxonomy.api.jobtechdev.se/v1/taxonomy/graphql,30
6wcp_7D7_GU7,Fordonsmontör,http://data.europa.eu/esco/occupation/769159bd-2929-4d40-8aeb-a99a387a0829,motorcykelmontör,narrow-match,low,https://taxonomy.api.jobtechdev.se/v1/taxonomy/graphql,30
6wcp_7D7_GU7,Fordonsmontör,http://data.europa.eu/esco/occupation/78625dd8-257b-483b-bca0-172dd9b02754,"fordonsmontör, fordonsdelar",exact-match,high,https://taxonomy.api.jobtechdev.se/v1/taxonomy/graphql,30
6wcp_7D7_GU7,Fordonsmontör,http://data.europa.eu/esco/occupation/839d738b-8b54-4408-868a-6d8af102d2de,"fordonsmontör, rullande materiel",narrow-match,low,https://taxonomy.api.jobtechdev.se/v1/taxonomy/graphql,30
6wcp_7D7_GU7,Fordonsmontör,http://data.europa.eu/esco/occupation/fa3fde92-f773-4381-9ae6-8e23d7334cd4,"fordonsmontör, karossbyggare",exact-match,high,https://taxonomy.api.jobtechdev.se/v1/taxonomy/graphql,30
6wcp_7D7_GU7,Fordonsmontör,http://data.europa.eu/esco/occupation/ffc292f1-89e2-4406-8eff-39096c94e731,fordonsmontör,exact-match,high,https://taxonomy.api.jobtechdev.se/v1/taxonomy/graphql,30
6xVT_BAz_win,Konstinramare/Rammakare,http://data.europa.eu/esco/occupation/2dc86f3d-a90e-4e7a-8a94-0bd728f22d7b,rammakare,exact-match,high,https://taxonomy.api.jobtechdev.se/v1/taxonomy/graphql,30
6ybD_FpX_WDW,Kyrkvaktmästare,http://data.europa.eu/esco/occupation/589efb6c-9080-40b2-ab6a-144955675967,kyrkvaktmästare,exact-match,high,https://taxonomy.api.jobtechdev.se/v1/taxonomy/graphql,30
6zL8_YYP_1eR,Bussförare,http://data.europa.eu/esco/occupation/00cee175-1376-43fb-9f02-ba3d7a910a58,bussförare,exact-match,high,https://taxonomy.api.jobtechdev.se/v1/taxonomy/graphql,30
6zL8_YYP_1eR,Bussförare,http://data.europa.eu/esco/occupation/3a15ec1b-9250-41a0-9344-feb2956481b7,trådbussförare,narrow-match,low,https://taxonomy.api.jobtechdev.se/v1/taxonomy/graphql,30
71Ji_irM_rSJ,Fullstack-utvecklare,http://data.europa.eu/esco/occupation/349ee6f6-c295-4c38-9b98-48765b55280e,molntekniker,narrow-match,low,https://taxonomy.api.jobtechdev.se/v1/taxonomy/graphql,30
71Ji_irM_rSJ,Fullstack-utvecklare,http://data.europa.eu/esco/occupation/866c7813-2c03-47d7-9bdc-192cfbace57c,gränssnittsutvecklare,narrow-match,low,https://taxonomy.api.jobtechdev.se/v1/taxonomy/graphql,30
71Ji_irM_rSJ,Fullstack-utvecklare,http://data.europa.eu/esco/occupation/a7c1d23d-aeca-4bee-9a08-5993ed98b135,IKT-systemutvecklare,narrow-match,low,https://taxonomy.api.jobtechdev.se/v1/taxonomy/graphql,30
73vz_UAk_B8d,Köksmästare,http://data.europa.eu/esco/occupation/01484951-15e6-4b88-a20f-1201868d36a0,köksmästare,exact-match,high,https://taxonomy.api.jobtechdev.se/v1/taxonomy/graphql,30
73zz_8gq_D9Z,Tunnplåtslagare,http://data.europa.eu/esco/occupation/1a1ea837-0103-4230-8756-533a77c5f9f4,tunnplåtslagare,exact-match,high,https://taxonomy.api.jobtechdev.se/v1/taxonomy/graphql,30
73zz_8gq_D9Z,Tunnplåtslagare,http://data.europa.eu/esco/occupation/2d6d4cb2-5d46-4d1f-939b-7f55c02c64cb,kopparslagare,narrow-match,low,https://taxonomy.api.jobtechdev.se/v1/taxonomy/graphql,30
73zz_8gq_D9Z,Tunnplåtslagare,http://data.europa.eu/esco/occupation/5ed024ab-3b6a-4e06-a7fe-8a29f8469a64,industriplåtslagare,narrow-match,low,https://taxonomy.api.jobtechdev.se/v1/taxonomy/graphql,30
77Gm_wws_Dqp,Skogsplanläggare,http://data.europa.eu/esco/occupation/6c7d333a-b2a9-4325-b25b-566d1ecc956d,skogsplanläggare,exact-match,high,https://taxonomy.api.jobtechdev.se/v1/taxonomy/graphql,30
77vi_dL6_FZR,Köp- och försäljningsmäklare av fartyg,http://data.europa.eu/esco/occupation/39803100-c338-4f01-ad2c-085d488920ca,speditör,broad-match,low,https://taxonomy.api.jobtechdev.se/v1/taxonomy/graphql,30
77vi_dL6_FZR,Köp- och försäljningsmäklare av fartyg,http://data.europa.eu/esco/occupation/94adbb11-1c90-4092-ae91-781e8a55865d,skeppsmäklare,broad-match,low,https://taxonomy.api.jobtechdev.se/v1/taxonomy/graphql,30
77wX_fg5_rMa,Strålskyddstekniker,http://data.europa.eu/esco/occupation/184e59d7-5646-4fe4-9059-46867ff09574,strålskyddstekniker,exact-match,high,https://taxonomy.api.jobtechdev.se/v1/taxonomy/graphql,30
77wX_fg5_rMa,Strålskyddstekniker,http://data.europa.eu/esco/occupation/774ad663-2124-4ac2-a287-5fb2e478906e,"säkerhetsingenjör, kärnkraft",exact-match,high,https://taxonomy.api.jobtechdev.se/v1/taxonomy/graphql,30
78kB_N1K_piG,Byggnadsinspektör/Bygglovshandläggare,http://data.europa.eu/esco/occupation/39c89133-bd2a-45db-b3eb-529b94daeeaf,tillståndshandläggare,close-match,low,https://taxonomy.api.jobtechdev.se/v1/taxonomy/graphql,30
78kB_N1K_piG,Byggnadsinspektör/Bygglovshandläggare,http://data.europa.eu/esco/occupation/6293a718-3fcd-433f-a010-0899821a51b7,broinspektör,narrow-match,low,https://taxonomy.api.jobtechdev.se/v1/taxonomy/graphql,30
78kB_N1K_piG,Byggnadsinspektör/Bygglovshandläggare,http://data.europa.eu/esco/occupation/f0e479d9-7afd-40b1-b60f-b68c400c15fb,byggnadsinspektör,narrow-match,low,https://taxonomy.api.jobtechdev.se/v1/taxonomy/graphql,30
79JG_xwg_s5q,Maskinuthyrare,http://data.europa.eu/esco/occupation/009d29de-5872-43be-8d9b-abd27f8c99f1,"uthyrare, maskiner, utrustning och materiella tillgångar",exact-match,high,https://taxonomy.api.jobtechdev.se/v1/taxonomy/graphql,30
79JG_xwg_s5q,Maskinuthyrare,http://data.europa.eu/esco/occupation/3900b684-6b4b-4133-b134-e1d129d60383,uthyrare,broad-match,low,https://taxonomy.api.jobtechdev.se/v1/taxonomy/graphql,30
79JG_xwg_s5q,Maskinuthyrare,http://data.europa.eu/esco/occupation/8dded776-dc04-4099-a32c-7c5a41ee00e1,"uthyrare, bygg- och anläggningsmaskiner",exact-match,high,https://taxonomy.api.jobtechdev.se/v1/taxonomy/graphql,30
79h8_5t6_p8d,Mudderverkskötare,http://data.europa.eu/esco/occupation/47c27a07-4657-42b7-adee-d805902c1ff8,mudderverkskötare,exact-match,high,https://taxonomy.api.jobtechdev.se/v1/taxonomy/graphql,30
7CQq_vp2_T1A,"Lärling, grävlastare",http://data.europa.eu/esco/occupation/eedbf8b1-9432-4f42-ab7f-db5cd3eb2a05,grävmaskinsförare,close-match,low,https://taxonomy.api.jobtechdev.se/v1/taxonomy/graphql,30
7DXi_PWR_7KY,"ST-läkare, socialmedicin",http://data.europa.eu/esco/occupation/71f09c8b-a172-408c-b9e7-32e580e39ff6,läkare,close-match,low,https://taxonomy.api.jobtechdev.se/v1/taxonomy/graphql,30
7EQu_8Xg_9SD,Videojournalist/Videoreporter,http://data.europa.eu/esco/occupation/a47f82d3-4cf7-4abf-bb36-2c8cbad28234,journalist,broad-match,low,https://taxonomy.api.jobtechdev.se/v1/taxonomy/graphql,30
7EYc_ECx_k6n,Kabinettsekreterare,http://data.europa.eu/esco/occupation/0ee67d5e-8de9-48f0-97c5-ba23d486b1e9,statssekreterare,exact-match,high,https://taxonomy.api.jobtechdev.se/v1/taxonomy/graphql,30
7FqZ_2r8_CEN,Taxiförare,http://data.europa.eu/esco/occupation/6f7c1e84-8162-4c20-a575-b57ff624eef5,taxiförare,exact-match,high,https://taxonomy.api.jobtechdev.se/v1/taxonomy/graphql,30
7FqZ_2r8_CEN,Taxiförare,http://data.europa.eu/esco/occupation/976f752c-5f10-42ca-84fb-89aa529af04f,färdtjänstchaufför,narrow-match,low,https://taxonomy.api.jobtechdev.se/v1/taxonomy/graphql,30
7G2k_Lgp_fGW,Fritidsledare i församling,http://data.europa.eu/esco/occupation/234be692-befb-41df-bdf0-e1b2f4eaf5e7,fritidsledare,broad-match,low,https://taxonomy.api.jobtechdev.se/v1/taxonomy/graphql,30
7Kxn_MMG_TuY,"Klinikchef, tandvård/Verksamhetschef, tandvård",http://data.europa.eu/esco/occupation/4a29eab1-5f02-4723-a863-e2d5a0614dfa,"verksamhetschef, vårdenhet",exact-match,high,https://taxonomy.api.jobtechdev.se/v1/taxonomy/graphql,30
7MTK_RiL_Vde,Hästskötare,http://data.europa.eu/esco/occupation/15151ba4-fbf2-4fd9-8dde-2abbc6ec362c,hästuppfödare,close-match,low,https://taxonomy.api.jobtechdev.se/v1/taxonomy/graphql,30
7MTK_RiL_Vde,Hästskötare,http://data.europa.eu/esco/occupation/6630d23f-4c8e-4855-abb0-8ca1e72c74ba,hästvårdare,exact-match,high,https://taxonomy.api.jobtechdev.se/v1/taxonomy/graphql,30
7MTK_RiL_Vde,Hästskötare,http://data.europa.eu/esco/occupation/beedd3c0-d3e2-4efe-8f39-381df669ee35,"djurskötare, häst",exact-match,high,https://taxonomy.api.jobtechdev.se/v1/taxonomy/graphql,30
7Ngz_tJ4_hZ3,Sjuksköterskestuderande,http://data.europa.eu/esco/occupation/87d0795a-d41f-47ee-979f-0ab7d73836e7,undersköterska,close-match,low,https://taxonomy.api.jobtechdev.se/v1/taxonomy/graphql,30
7Ngz_tJ4_hZ3,Sjuksköterskestuderande,http://data.europa.eu/esco/occupation/8d3e8aaa-791b-4c75-a465-f3f827028f50,"sjuksköterska, grundutbildad",close-match,low,https://taxonomy.api.jobtechdev.se/v1/taxonomy/graphql,30
7P58_BVX_1sE,Modellbyggare,http://data.europa.eu/esco/occupation/6f8f1da1-9160-4b9f-ba30-e3396d3b2f92,modellbyggare,exact-match,high,https://taxonomy.api.jobtechdev.se/v1/taxonomy/graphql,30
7Rih_wMN_qpR,Kameraassistent,http://data.europa.eu/esco/occupation/6fed206a-ac4d-492b-a81a-5a3a0f2b67bc,kameratekniker,close-match,low,https://taxonomy.api.jobtechdev.se/v1/taxonomy/graphql,30
7SA6_pBP_4ek,"Präst, grekisk-ortodox kyrka",http://data.europa.eu/esco/occupation/ed256ed0-0432-4969-8544-3e5e01a517a9,religiös ledare,broad-match,low,https://taxonomy.api.jobtechdev.se/v1/taxonomy/graphql,30
7TWG_1jQ_ULf,Datorlingvist/Datalingvist,http://data.europa.eu/esco/occupation/4874fa37-0cd1-4a68-aed8-a838851f242d,språkingenjör,exact-match,high,https://taxonomy.api.jobtechdev.se/v1/taxonomy/graphql,30
7TWG_1jQ_ULf,Datorlingvist/Datalingvist,http://data.europa.eu/esco/occupation/a9c7a04d-807a-41b5-b441-87c73c73c9c5,lingvist,broad-match,low,https://taxonomy.api.jobtechdev.se/v1/taxonomy/graphql,30
7YVF_kE4_aPm,Ombudsman,http://data.europa.eu/esco/occupation/666846b2-01ce-43f6-8cb7-f3be09fac4a2,ombudsman,exact-match,high,https://taxonomy.api.jobtechdev.se/v1/taxonomy/graphql,30
7YaM_bPu_c1T,Systemanalytiker/Systemutredare,http://data.europa.eu/esco/occupation/a6a0b60f-08da-4faa-bf54-942987efb471,IKT-systemanalytiker,exact-match,high,https://taxonomy.api.jobtechdev.se/v1/taxonomy/graphql,30
7YaM_bPu_c1T,Systemanalytiker/Systemutredare,http://data.europa.eu/esco/occupation/cdd3d773-75a4-4f35-bd1d-1ac720afcf9d,it-revisor,narrow-match,low,https://taxonomy.api.jobtechdev.se/v1/taxonomy/graphql,30
7YaM_bPu_c1T,Systemanalytiker/Systemutredare,http://data.europa.eu/esco/occupation/fe0fa514-b48d-4a53-9757-a283c0baacf0,systemanalytiker,exact-match,high,https://taxonomy.api.jobtechdev.se/v1/taxonomy/graphql,30
7Yn2_NLJ_oa2,Elkraftingenjör,http://data.europa.eu/esco/occupation/58db3ac6-5217-4d46-8a4c-126598be1d13,"civilingenjör, elkraft",broad-match,low,https://taxonomy.api.jobtechdev.se/v1/taxonomy/graphql,30
7ZhX_MM3_RvF,Rymdingenjör,http://data.europa.eu/esco/occupation/05a55bb3-68d6-4ff0-83fd-46a68a45a598,"tekniker, rymdindustrin",exact-match,high,https://taxonomy.api.jobtechdev.se/v1/taxonomy/graphql,30
7ZhX_MM3_RvF,Rymdingenjör,http://data.europa.eu/esco/occupation/1c9937fe-5eaa-4f7e-ba31-77e6e7db022c,"ritare, rymdindustrin",narrow-match,low,https://taxonomy.api.jobtechdev.se/v1/taxonomy/graphql,30
7ZhX_MM3_RvF,Rymdingenjör,http://data.europa.eu/esco/occupation/d7e663b2-f042-47d8-9fda-b5b8ba30ca04,rymdingenjör,exact-match,high,https://taxonomy.api.jobtechdev.se/v1/taxonomy/graphql,30
7dfm_UMS_2je,Manuell ytbehandlare inom trä,http://data.europa.eu/esco/occupation/b0cb4f78-c361-48cf-97aa-25104ac2647c,"ytbehandlare, manuell, trä",exact-match,high,https://taxonomy.api.jobtechdev.se/v1/taxonomy/graphql,30
7dfm_UMS_2je,Manuell ytbehandlare inom trä,http://data.europa.eu/esco/occupation/fb6df00f-4810-442b-8f93-89b9580c7c9f,"polerare, trä",narrow-match,low,https://taxonomy.api.jobtechdev.se/v1/taxonomy/graphql,30
7fph_XSX_QGT,"Arbetsledare, gruvbrytning och metallproduktion",http://data.europa.eu/esco/occupation/23993e79-a0a0-4155-9f62-68e14ee65dab,"skiftledare, gruvdrift",exact-match,high,https://taxonomy.api.jobtechdev.se/v1/taxonomy/graphql,30
7fph_XSX_QGT,"Arbetsledare, gruvbrytning och metallproduktion",http://data.europa.eu/esco/occupation/5c14982e-375d-47c5-9ea1-e9bcf3884643,"arbetsledare, gruvdrift",exact-match,high,https://taxonomy.api.jobtechdev.se/v1/taxonomy/graphql,30
7jMK_KQk_M9L,Molntekniker/Cloudutvecklare,http://data.europa.eu/esco/occupation/349ee6f6-c295-4c38-9b98-48765b55280e,molntekniker,broad-match,low,https://taxonomy.api.jobtechdev.se/v1/taxonomy/graphql,30
7jm8_ALs_edQ,"Lärling, bandschaktarförare",http://data.europa.eu/esco/occupation/cae71f3f-ad4d-480e-b501-bff22827e60c,bandschaktarförare,exact-match,high,https://taxonomy.api.jobtechdev.se/v1/taxonomy/graphql,30
7m9j_eBh_GeH,Mjuklödare,http://data.europa.eu/esco/occupation/17b29190-6746-4b81-a1d1-8053a5bbc0e9,mjuklödare,exact-match,high,https://taxonomy.api.jobtechdev.se/v1/taxonomy/graphql,30
7mFy_ghh_iL6,Copywriter,http://data.europa.eu/esco/occupation/b1ab3572-fa2f-4624-8eac-3c3d986d237b,copywriter,exact-match,high,https://taxonomy.api.jobtechdev.se/v1/taxonomy/graphql,30
7oRE_Ejt_YWQ,Logistiker,http://data.europa.eu/esco/occupation/c4071145-a774-4cf4-aefa-ae18a385cca4,logistikingenjör,exact-match,high,https://taxonomy.api.jobtechdev.se/v1/taxonomy/graphql,30
7wdX_4rv_33z,Backend-utvecklare,http://data.europa.eu/esco/occupation/349ee6f6-c295-4c38-9b98-48765b55280e,molntekniker,narrow-match,low,https://taxonomy.api.jobtechdev.se/v1/taxonomy/graphql,30
7wzg_MX2_g3b,Arkeolog,http://data.europa.eu/esco/occupation/203ea2ee-bbee-4aaf-83d7-2f2225f916e3,arkeolog,exact-match,high,https://taxonomy.api.jobtechdev.se/v1/taxonomy/graphql,30
7xPG_fjk_2Em,Manager/Agent inom kultur och underhållning,http://data.europa.eu/esco/occupation/21ae429f-a152-46a6-a73c-9ec65c7803f0,artistbokare,close-match,low,https://taxonomy.api.jobtechdev.se/v1/taxonomy/graphql,30
7xPG_fjk_2Em,Manager/Agent inom kultur och underhållning,http://data.europa.eu/esco/occupation/c85e39a4-2c40-413f-a171-45907ecdd599,manager,exact-match,high,https://taxonomy.api.jobtechdev.se/v1/taxonomy/graphql,30
7zzg_eYA_jij,Lastpallssnickare,http://data.europa.eu/esco/occupation/a77bc925-c441-42f2-92d4-666b103fc025,lastpallsbyggare,exact-match,high,https://taxonomy.api.jobtechdev.se/v1/taxonomy/graphql,30
82bk_gCY_NS2,Bildmixer,http://data.europa.eu/esco/occupation/7642cbcc-9839-47fb-b2cf-d4bb831d6c93,ljud- och bildtekniker,broad-match,low,https://taxonomy.api.jobtechdev.se/v1/taxonomy/graphql,30
83ms_KJt_Pv6,Nätverksarkitekt,http://data.europa.eu/esco/occupation/e0b544dd-b621-4126-a55e-054af25c6ea0,it-nätverksarkitekt,exact-match,high,https://taxonomy.api.jobtechdev.se/v1/taxonomy/graphql,30
843H_Mp1_EVL,Mjukvarutestare,http://data.europa.eu/esco/occupation/106f79e4-6264-45f1-9e7a-297435cd684b,programvarutestare,exact-match,high,https://taxonomy.api.jobtechdev.se/v1/taxonomy/graphql,30
84Uc_bhA_s47,Installationselektriker,http://data.europa.eu/esco/occupation/33960bab-4423-4808-af6c-ec2b485dba41,"installationselektriker, bygg",exact-match,high,https://taxonomy.api.jobtechdev.se/v1/taxonomy/graphql,30
84Uc_bhA_s47,Installationselektriker,http://data.europa.eu/esco/occupation/4910419f-b4af-4f59-b544-9dbebc8a74f0,installationselektriker,exact-match,high,https://taxonomy.api.jobtechdev.se/v1/taxonomy/graphql,30
84Uc_bhA_s47,Installationselektriker,http://data.europa.eu/esco/occupation/75b63949-1b93-4bf2-a777-ccf978dc3e8a,"installationselektriker, solenergi",exact-match,high,https://taxonomy.api.jobtechdev.se/v1/taxonomy/graphql,30
84Uc_bhA_s47,Installationselektriker,http://data.europa.eu/esco/occupation/e859428d-6dbd-406b-bb2e-d5a0ae21df29,"installationselektriker, event",exact-match,high,https://taxonomy.api.jobtechdev.se/v1/taxonomy/graphql,30
84Uc_bhA_s47,Installationselektriker,http://data.europa.eu/esco/occupation/fddb7bd8-f176-4dc8-9d12-32b6072452c9,"installationselektriker, elmätare",exact-match,high,https://taxonomy.api.jobtechdev.se/v1/taxonomy/graphql,30
84h8_6JS_XQR,Bandschaktarförare,http://data.europa.eu/esco/occupation/cae71f3f-ad4d-480e-b501-bff22827e60c,bandschaktarförare,exact-match,high,https://taxonomy.api.jobtechdev.se/v1/taxonomy/graphql,30
86sy_hBf_exW,"Ämneslärare, gymnasieskolan",http://data.europa.eu/esco/occupation/0d595b87-a1fc-410c-abbe-88b92cb0d334,"IKT-lärare, gymnasieskola",narrow-match,low,https://taxonomy.api.jobtechdev.se/v1/taxonomy/graphql,30
86sy_hBf_exW,"Ämneslärare, gymnasieskolan",http://data.europa.eu/esco/occupation/1ad4012e-30e3-492c-b42c-09cff3047574,"lärare i naturvetenskapliga ämnen, gymnasieskola",narrow-match,low,https://taxonomy.api.jobtechdev.se/v1/taxonomy/graphql,30
86sy_hBf_exW,"Ämneslärare, gymnasieskolan",http://data.europa.eu/esco/occupation/27e16eef-c7a6-4577-bc3f-727d01ec1958,"historielärare, gymnasieskola",narrow-match,low,https://taxonomy.api.jobtechdev.se/v1/taxonomy/graphql,30
86sy_hBf_exW,"Ämneslärare, gymnasieskolan",http://data.europa.eu/esco/occupation/2b6bb2d1-54b0-4feb-8c6c-8ba20adde1df,"lärare, klassiska språk, gymnasieskola",narrow-match,low,https://taxonomy.api.jobtechdev.se/v1/taxonomy/graphql,30
86sy_hBf_exW,"Ämneslärare, gymnasieskolan",http://data.europa.eu/esco/occupation/35e42c87-faf7-465f-abe4-f26717996dd1,"religionslärare, gymnasieskola",narrow-match,low,https://taxonomy.api.jobtechdev.se/v1/taxonomy/graphql,30
86sy_hBf_exW,"Ämneslärare, gymnasieskolan",http://data.europa.eu/esco/occupation/46db7e2e-d44d-412a-9a80-02d43111aca8,fotografilärare,narrow-match,low,https://taxonomy.api.jobtechdev.se/v1/taxonomy/graphql,30
86sy_hBf_exW,"Ämneslärare, gymnasieskolan",http://data.europa.eu/esco/occupation/570d7e74-5c65-4a9a-95ba-f8c27025c5f4,"fysiklärare, gymnasieskola",narrow-match,low,https://taxonomy.api.jobtechdev.se/v1/taxonomy/graphql,30
86sy_hBf_exW,"Ämneslärare, gymnasieskolan",http://data.europa.eu/esco/occupation/5efb2c08-ba3a-4659-a2e4-1883f54e77b6,gymnasielärare,exact-match,high,https://taxonomy.api.jobtechdev.se/v1/taxonomy/graphql,30
86sy_hBf_exW,"Ämneslärare, gymnasieskolan",http://data.europa.eu/esco/occupation/80c72c55-556a-41b1-87ef-a29c3d2afa6e,"lärare, företagsekonomi, gymnasieskola",narrow-match,low,https://taxonomy.api.jobtechdev.se/v1/taxonomy/graphql,30
86sy_hBf_exW,"Ämneslärare, gymnasieskolan",http://data.europa.eu/esco/occupation/80ec8f3e-2cda-4ea6-a382-ece99589ccdd,"bildlärare, gymnasieskola",narrow-match,low,https://taxonomy.api.jobtechdev.se/v1/taxonomy/graphql,30
86sy_hBf_exW,"Ämneslärare, gymnasieskolan",http://data.europa.eu/esco/occupation/89a3b3af-7264-4e00-9a14-21e5fbd4ee87,"geografilärare, gymnasieskola",narrow-match,low,https://taxonomy.api.jobtechdev.se/v1/taxonomy/graphql,30
86sy_hBf_exW,"Ämneslärare, gymnasieskolan",http://data.europa.eu/esco/occupation/8d315e32-73f6-463d-a335-c200e0bac97d,"biologilärare, gymnasieskola",narrow-match,low,https://taxonomy.api.jobtechdev.se/v1/taxonomy/graphql,30
86sy_hBf_exW,"Ämneslärare, gymnasieskolan",http://data.europa.eu/esco/occupation/a10849c1-f0d8-4600-bca6-9549c2517650,"idrottslärare, gymnasieskola",narrow-match,low,https://taxonomy.api.jobtechdev.se/v1/taxonomy/graphql,30
86sy_hBf_exW,"Ämneslärare, gymnasieskolan",http://data.europa.eu/esco/occupation/c011a88b-95ab-46ad-ad30-539e3fc56092,"lärare, litteratur, gymnasieskola",narrow-match,low,https://taxonomy.api.jobtechdev.se/v1/taxonomy/graphql,30
86sy_hBf_exW,"Ämneslärare, gymnasieskolan",http://data.europa.eu/esco/occupation/e8b93ce7-e39b-4261-a25a-9b84764eb724,"filosofilärare, gymnasieskola",narrow-match,low,https://taxonomy.api.jobtechdev.se/v1/taxonomy/graphql,30
86sy_hBf_exW,"Ämneslärare, gymnasieskolan",http://data.europa.eu/esco/occupation/f0e1cc13-48e0-4995-8699-ee43467bce0d,"matematiklärare, gymnasieskola",narrow-match,low,https://taxonomy.api.jobtechdev.se/v1/taxonomy/graphql,30
86sy_hBf_exW,"Ämneslärare, gymnasieskolan",http://data.europa.eu/esco/occupation/fb0c7da2-6d0e-4a3f-be3e-344f58f0e82d,"lärare i moderna språk, gymnasieskola",narrow-match,low,https://taxonomy.api.jobtechdev.se/v1/taxonomy/graphql,30
86sy_hBf_exW,"Ämneslärare, gymnasieskolan",http://data.europa.eu/esco/occupation/ff142063-f89d-446d-92ac-9a3a124210a0,"kemilärare, gymnasieskola",narrow-match,low,https://taxonomy.api.jobtechdev.se/v1/taxonomy/graphql,30
87Wn_cyF_MUV,Livsmedelsingenjör,http://data.europa.eu/esco/occupation/2f26a52b-cf45-4282-9138-478252161f00,ingenjör inom livsmedelsproduktion,exact-match,high,https://taxonomy.api.jobtechdev.se/v1/taxonomy/graphql,30
87Wn_cyF_MUV,Livsmedelsingenjör,http://data.europa.eu/esco/occupation/afee6a28-f654-4ac7-a665-f758616bc689,livsmedelstekniker,exact-match,high,https://taxonomy.api.jobtechdev.se/v1/taxonomy/graphql,30
88wr_R2s_FrV,Maskinoperatör spannmål,http://data.europa.eu/esco/occupation/804f1ae2-429c-48a9-9858-d5d42df144eb,"maskinoperatör, livsmedelstork",narrow-match,low,https://taxonomy.api.jobtechdev.se/v1/taxonomy/graphql,30
88wr_R2s_FrV,Maskinoperatör spannmål,http://data.europa.eu/esco/occupation/db25e659-d77c-4f4a-a8a2-ee199d060345,mjölnare,narrow-match,low,https://taxonomy.api.jobtechdev.se/v1/taxonomy/graphql,30
88wr_R2s_FrV,Maskinoperatör spannmål,http://data.europa.eu/esco/occupation/e0b347de-f88b-4f69-b7d0-0a965e41f0d5,"kvarnoperatör, kakaokvarn",narrow-match,low,https://taxonomy.api.jobtechdev.se/v1/taxonomy/graphql,30
88wr_R2s_FrV,Maskinoperatör spannmål,http://data.europa.eu/esco/occupation/e0c5e005-6303-4d5a-9125-a7f86ed1c4df,"kvarnoperatör, våtmalning",narrow-match,low,https://taxonomy.api.jobtechdev.se/v1/taxonomy/graphql,30
88wr_R2s_FrV,Maskinoperatör spannmål,http://data.europa.eu/esco/occupation/f53dbdb1-2f64-42f8-a6a4-0552c40e4f57,"maskinoperatör, siktning av mjöl",narrow-match,low,https://taxonomy.api.jobtechdev.se/v1/taxonomy/graphql,30
89uF_Vvx_qcD,Skadedjurstekniker,http://data.europa.eu/esco/occupation/21cba86a-68c5-456c-aec2-cc04840b3c0e,skadedjurstekniker,exact-match,high,https://taxonomy.api.jobtechdev.se/v1/taxonomy/graphql,30
89uF_Vvx_qcD,Skadedjurstekniker,http://data.europa.eu/esco/occupation/509f9452-ed18-4fbf-8a4c-d45de85aa2f7,bekämpningsmedelsarbetare,broad-match,low,https://taxonomy.api.jobtechdev.se/v1/taxonomy/graphql,30
8CJr_LQ7_MBG,Inspelningsledare,http://data.europa.eu/esco/occupation/71898b81-fc2f-4a97-826d-f45e49a8160a,"regiassistent, film",close-match,low,https://taxonomy.api.jobtechdev.se/v1/taxonomy/graphql,30
8CJr_LQ7_MBG,Inspelningsledare,http://data.europa.eu/esco/occupation/e1106f6d-81fc-44f8-af94-8b7d2763065c,"regiassistent, teater",close-match,low,https://taxonomy.api.jobtechdev.se/v1/taxonomy/graphql,30
8HRs_652_CEB,Fastighetschef/Fastighetsdirektör,http://data.europa.eu/esco/occupation/b42c5ed4-c6e4-4694-934f-96127719cc43,anläggningschef,exact-match,high,https://taxonomy.api.jobtechdev.se/v1/taxonomy/graphql,30
8Hsw_57N_RvG,Sufflör,http://data.europa.eu/esco/occupation/949f1dc9-fb19-4212-8ac6-35ce83c88921,sufflör,exact-match,high,https://taxonomy.api.jobtechdev.se/v1/taxonomy/graphql,30
8Kvc_Fxt_Jei,Plastmaskinoperatör,http://data.europa.eu/esco/occupation/4a5ceaae-0f05-4091-bdbf-59f250ce6374,"processoperatör, värmebehandling",narrow-match,low,https://taxonomy.api.jobtechdev.se/v1/taxonomy/graphql,30
8Kvc_Fxt_Jei,Plastmaskinoperatör,http://data.europa.eu/esco/occupation/502fe307-ae65-46cb-a485-e559b9a35266,"maskinoperatör, formsprutning",narrow-match,low,https://taxonomy.api.jobtechdev.se/v1/taxonomy/graphql,30
8Kvc_Fxt_Jei,Plastmaskinoperatör,http://data.europa.eu/esco/occupation/6e18b923-7c5f-42d7-8ff0-de8d8ba30dbf,"maskinoperatör, vakuumformning",narrow-match,low,https://taxonomy.api.jobtechdev.se/v1/taxonomy/graphql,30
8Kvc_Fxt_Jei,Plastmaskinoperatör,http://data.europa.eu/esco/occupation/772e57c5-fb25-4b0c-8cc8-f8944a9edfbc,"maskinoperatör, glasfiber",narrow-match,low,https://taxonomy.api.jobtechdev.se/v1/taxonomy/graphql,30
8Kvc_Fxt_Jei,Plastmaskinoperatör,http://data.europa.eu/esco/occupation/84d45916-eef7-4c58-a73c-3639c9965014,"maskinoperatör, plastmöbler",narrow-match,low,https://taxonomy.api.jobtechdev.se/v1/taxonomy/graphql,30
8Kvc_Fxt_Jei,Plastmaskinoperatör,http://data.europa.eu/esco/occupation/88b21b2f-350c-4f41-9680-a53f8ea708ed,"maskinoperatör, fiberlindning",narrow-match,low,https://taxonomy.api.jobtechdev.se/v1/taxonomy/graphql,30
8Kvc_Fxt_Jei,Plastmaskinoperatör,http://data.europa.eu/esco/occupation/8b98dbc3-11f7-4720-86de-dcecee368be1,"maskinoperatör, formblåsning",narrow-match,low,https://taxonomy.api.jobtechdev.se/v1/taxonomy/graphql,30
8Kvc_Fxt_Jei,Plastmaskinoperatör,http://data.europa.eu/esco/occupation/8ba8acb8-c0f2-4679-ae15-3a4f6e876c6f,plastmaskinoperatör,narrow-match,low,https://taxonomy.api.jobtechdev.se/v1/taxonomy/graphql,30
8Kvc_Fxt_Jei,Plastmaskinoperatör,http://data.europa.eu/esco/occupation/96514fed-b9a9-4df3-ab0b-20676369297d,plastgjutare,narrow-match,low,https://taxonomy.api.jobtechdev.se/v1/taxonomy/graphql,30
8Kvc_Fxt_Jei,Plastmaskinoperatör,http://data.europa.eu/esco/occupation/a4ab8347-782f-4ca1-940d-44ffea256ebf,"formmaskinoperatör, optiskt läsbar skiva",narrow-match,low,https://taxonomy.api.jobtechdev.se/v1/taxonomy/graphql,30
8Kvc_Fxt_Jei,Plastmaskinoperatör,http://data.europa.eu/esco/occupation/ae3f1edd-d191-4a8d-8dfc-099dcdc6f1e8,"maskinskötare, vinylskivepressning",narrow-match,low,https://taxonomy.api.jobtechdev.se/v1/taxonomy/graphql,30
8Kvc_Fxt_Jei,Plastmaskinoperatör,http://data.europa.eu/esco/occupation/c22724a3-079c-4897-bd92-d99e068b6ffc,"maskinoperatör, profildragning",narrow-match,low,https://taxonomy.api.jobtechdev.se/v1/taxonomy/graphql,30
8Kvc_Fxt_Jei,Plastmaskinoperatör,http://data.europa.eu/esco/occupation/ec238461-93b6-4516-a251-52d1153b53ac,"maskinoperatör, formpressning",narrow-match,low,https://taxonomy.api.jobtechdev.se/v1/taxonomy/graphql,30
8L4Z_dVu_PaL,Utbildningschef,http://data.europa.eu/esco/occupation/d23f4d59-2bea-4bd8-bcdb-5e23b1c50552,"samordnare, utbildningsprogram",close-match,low,https://taxonomy.api.jobtechdev.se/v1/taxonomy/graphql,30
8MFH_Ud4_ysM,Byggstädare,http://data.europa.eu/esco/occupation/303a1e34-cb16-4054-b323-81e5eec17397,fastighetsstädare,close-match,low,https://taxonomy.api.jobtechdev.se/v1/taxonomy/graphql,30
8N18_sGB_X4M,Redovisningsekonom,http://data.europa.eu/esco/occupation/c3aae59e-1441-4b3e-bdd1-6da50dc7cf42,bokförare,exact-match,high,https://taxonomy.api.jobtechdev.se/v1/taxonomy/graphql,30
8NWY_SC6_LVA,Orderplanerare,http://data.europa.eu/esco/occupation/c4071145-a774-4cf4-aefa-ae18a385cca4,logistikingenjör,close-match,low,https://taxonomy.api.jobtechdev.se/v1/taxonomy/graphql,30
8UPT_SpB_Zqh,Överstyrman,http://data.europa.eu/esco/occupation/e3df1f82-3df9-41e5-8487-635e184653d1,styrman,broad-match,low,https://taxonomy.api.jobtechdev.se/v1/taxonomy/graphql,30
8Uhp_XYo_z5f,Kundtjänstmedarbetare,http://data.europa.eu/esco/occupation/98e58946-3227-4f6c-a5d1-5892fe76883d,servicetekniker,narrow-match,low,https://taxonomy.api.jobtechdev.se/v1/taxonomy/graphql,30
8Uhp_XYo_z5f,Kundtjänstmedarbetare,http://data.europa.eu/esco/occupation/b7b75eb6-34bc-462d-b412-eed393cc1397,kundinformatör,exact-match,high,https://taxonomy.api.jobtechdev.se/v1/taxonomy/graphql,30
8Uhp_XYo_z5f,Kundtjänstmedarbetare,http://data.europa.eu/esco/occupation/fde97584-d8e3-413e-a662-511c9055357e,chattoperatör,exact-match,high,https://taxonomy.api.jobtechdev.se/v1/taxonomy/graphql,30
8Vew_BX8_97h,Djursjukskötare,http://data.europa.eu/esco/occupation/24f1eb3a-e99c-4c38-9bda-ba2ba6bf9fa4,djursjukskötare,exact-match,high,https://taxonomy.api.jobtechdev.se/v1/taxonomy/graphql,30
8X6p_EBT_DZK,"Projektledare, kemiteknik",http://data.europa.eu/esco/occupation/35bc3847-58ad-46f5-8921-e58acc2762a6,kemiingenjör,close-match,low,https://taxonomy.api.jobtechdev.se/v1/taxonomy/graphql,30
8XzZ_2LL_NRk,Forskningsrådgivare,http://data.europa.eu/esco/occupation/5ac65daa-0896-4193-9f0e-8b00746b78a1,"forskarassistent, högskola",broad-match,low,https://taxonomy.api.jobtechdev.se/v1/taxonomy/graphql,30
8Y3v_LhQ_srX,"Föreståndare, äldreboende",http://data.europa.eu/esco/occupation/eea2b5c6-48d1-4612-957e-585783b3c7bb,"chef, äldreboende",exact-match,high,https://taxonomy.api.jobtechdev.se/v1/taxonomy/graphql,30
8ZFC_8DK_zWD,Mystery shopper,http://data.europa.eu/esco/occupation/7843a4c6-a9f6-4095-94b9-45b384d4bd57,"intervjuare, opinions- och marknadsundersökning",close-match,low,https://taxonomy.api.jobtechdev.se/v1/taxonomy/graphql,30
8c4V_VDM_K7q,Mobilkranförare,http://data.europa.eu/esco/occupation/1f2b8092-1787-4ef4-9282-cf81ce4b4d76,mobilkranförare,exact-match,high,https://taxonomy.api.jobtechdev.se/v1/taxonomy/graphql,30
8cJ8_fJJ_X5X,Apotekstekniker,http://data.europa.eu/esco/occupation/c1a86d6d-7785-43e1-994b-958eba58fff7,apoteksassistent,exact-match,high,https://taxonomy.api.jobtechdev.se/v1/taxonomy/graphql,30
8e4C_3b3_qAW,Skogsinspektor,http://data.europa.eu/esco/occupation/f489b1ec-3d6c-44b1-b1d7-c6c97db7df30,skogvaktare,narrow-match,low,https://taxonomy.api.jobtechdev.se/v1/taxonomy/graphql,30
8hp2_MAG_9Vn,Parkförvaltare,http://data.europa.eu/esco/occupation/e011f10f-e172-43ce-bfd9-fb56e426c0c9,naturvårdsförvaltare,broad-match,low,https://taxonomy.api.jobtechdev.se/v1/taxonomy/graphql,30
8iBe_TTS_ACq,Clown,http://data.europa.eu/esco/occupation/22799921-76a1-44c4-a7c3-c6a548e8ad85,cirkusartist,broad-match,low,https://taxonomy.api.jobtechdev.se/v1/taxonomy/graphql,30
8jrL_5RZ_9Kt,Account manager/AM,http://data.europa.eu/esco/occupation/2eac08c2-a81a-46fc-8d75-eb0e0f3e0f6d,kundansvarig,exact-match,high,https://taxonomy.api.jobtechdev.se/v1/taxonomy/graphql,30
8jrL_5RZ_9Kt,Account manager/AM,http://data.europa.eu/esco/occupation/89b85c45-ddc7-4fe1-be5a-d3db2be11f3b,kundansvarig för IKT,narrow-match,low,https://taxonomy.api.jobtechdev.se/v1/taxonomy/graphql,30
8nJG_4x9_BGX,"Lärling, undertaksmontör",http://data.europa.eu/esco/occupation/b4c6d1b0-929e-48be-9f67-47bd8c30658b,takmontör,exact-match,high,https://taxonomy.api.jobtechdev.se/v1/taxonomy/graphql,30
8np8_LS3_bs5,Livsmedelskontrollant,http://data.europa.eu/esco/occupation/b4306d87-7992-47fc-914a-4485a4e7003c,"kvalitetsbedömare, livsmedel",close-match,low,https://taxonomy.api.jobtechdev.se/v1/taxonomy/graphql,30
8qCg_sxp_6fq,Solcellsinstallatör,http://data.europa.eu/esco/occupation/75b63949-1b93-4bf2-a777-ccf978dc3e8a,"installationselektriker, solenergi",exact-match,high,https://taxonomy.api.jobtechdev.se/v1/taxonomy/graphql,30
8r8B_8bP_usp,"Utvecklingsingenjör, tillverkningsindustri",http://data.europa.eu/esco/occupation/29e8a27f-5e68-4d47-b991-5c41f835c72a,innovationsingenjör,broad-match,low,https://taxonomy.api.jobtechdev.se/v1/taxonomy/graphql,30
8r8B_8bP_usp,"Utvecklingsingenjör, tillverkningsindustri",http://data.europa.eu/esco/occupation/4a375b68-88a0-4e5f-99ce-9b01341dfb81,materialingenjör,narrow-match,low,https://taxonomy.api.jobtechdev.se/v1/taxonomy/graphql,30
8r8B_8bP_usp,"Utvecklingsingenjör, tillverkningsindustri",http://data.europa.eu/esco/occupation/579254cf-6d69-4889-9000-9c79dc568644,"civilingenjör, maskin",broad-match,low,https://taxonomy.api.jobtechdev.se/v1/taxonomy/graphql,30
8r8B_8bP_usp,"Utvecklingsingenjör, tillverkningsindustri",http://data.europa.eu/esco/occupation/91d0f74b-8612-49cc-a7da-83ee3c4b94d9,"ingenjör, industriell organisation, lädervaror",close-match,low,https://taxonomy.api.jobtechdev.se/v1/taxonomy/graphql,30
8r8B_8bP_usp,"Utvecklingsingenjör, tillverkningsindustri",http://data.europa.eu/esco/occupation/97d65832-3817-4ded-946b-cfc4a0237b9a,"produktionsplanerare, lädervaror",close-match,low,https://taxonomy.api.jobtechdev.se/v1/taxonomy/graphql,30
8r8B_8bP_usp,"Utvecklingsingenjör, tillverkningsindustri",http://data.europa.eu/esco/occupation/d7380260-1386-4e36-98b5-8115ca4a3536,"ingenjör, produktionsteknik",close-match,low,https://taxonomy.api.jobtechdev.se/v1/taxonomy/graphql,30
8rtq_NCB_wQA,Exploateringsingenjör,http://data.europa.eu/esco/occupation/d8e502b4-1be6-4d10-a224-151688f8f0c8,lantmätare,broad-match,low,https://taxonomy.api.jobtechdev.se/v1/taxonomy/graphql,30
8tSq_t1z_MRT,Business controller,http://data.europa.eu/esco/occupation/60082a99-d8ef-4e84-9290-78902681b6ed,företagsanalytiker,close-match,low,https://taxonomy.api.jobtechdev.se/v1/taxonomy/graphql,30
8wPx_j4J_ZTh,VVS-ingenjör,http://data.europa.eu/esco/occupation/3ce9c89d-6f1a-48b5-942d-386e46e2fd06,VVS-ingenjör,exact-match,high,https://taxonomy.api.jobtechdev.se/v1/taxonomy/graphql,30
8wPx_j4J_ZTh,VVS-ingenjör,http://data.europa.eu/esco/occupation/defbf906-e823-44b4-872f-99406c51022b,VVS-konstruktör,narrow-match,low,https://taxonomy.api.jobtechdev.se/v1/taxonomy/graphql,30
8wmm_Wto_9iG,CNC-operatör trä,http://data.europa.eu/esco/occupation/5c082067-ea18-4ccb-8c43-e70b18ad8120,CNC-operatör,broad-match,low,https://taxonomy.api.jobtechdev.se/v1/taxonomy/graphql,30
8wmm_Wto_9iG,CNC-operatör trä,http://data.europa.eu/esco/occupation/77a05858-f682-4648-baa5-9b86deeffbc1,snickerimaskinskötare,exact-match,high,https://taxonomy.api.jobtechdev.se/v1/taxonomy/graphql,30
8xAv_A7E_Gix,"Forskare, beräkningsbiologi",http://data.europa.eu/esco/occupation/eee68e13-8248-43bb-a9fb-959832a6c217,biolog,broad-match,low,https://taxonomy.api.jobtechdev.se/v1/taxonomy/graphql,30
8xCC_ojw_7fg,Klövvårdare,http://data.europa.eu/esco/occupation/701f9161-72e4-4ff3-a9e8-8e6352664ef0,klövvårdare,exact-match,high,https://taxonomy.api.jobtechdev.se/v1/taxonomy/graphql,30
8xk8_SZa_cyW,Kemtvättare,http://data.europa.eu/esco/occupation/0da51178-e386-4534-ae71-15ba789ad756,tvätteriarbetare,exact-match,high,https://taxonomy.api.jobtechdev.se/v1/taxonomy/graphql,30
8xk8_SZa_cyW,Kemtvättare,http://data.europa.eu/esco/occupation/2edd910a-e53e-44ee-b8c2-09e9f9d0395b,klädpressare,narrow-match,low,https://taxonomy.api.jobtechdev.se/v1/taxonomy/graphql,30
93t8_g4b_yeL,"Gravör, ädelmetall",http://data.europa.eu/esco/occupation/375137f7-5fc2-424e-9f63-d7ff4441c11e,"gravör, ädelmetall",exact-match,high,https://taxonomy.api.jobtechdev.se/v1/taxonomy/graphql,30
93yX_vHS_nfn,Stadsträdgårdsmästare,http://data.europa.eu/esco/occupation/f04eaeff-52f5-4d52-93ad-6f846884827f,skogvakt,close-match,low,https://taxonomy.api.jobtechdev.se/v1/taxonomy/graphql,30
96TD_UsQ_X4S,Näringsforskare,http://data.europa.eu/esco/occupation/8a53f8d3-d995-4c7b-a70d-d79f76bdcb3f,dietist,close-match,low,https://taxonomy.api.jobtechdev.se/v1/taxonomy/graphql,30
96k5_qy6_PQv,Servicedesigner/Tjänstedesigner,http://data.europa.eu/esco/occupation/96e20037-0a25-4bf6-a25e-808d1605d890,designer av användargränssnitt,narrow-match,low,https://taxonomy.api.jobtechdev.se/v1/taxonomy/graphql,30
96k5_qy6_PQv,Servicedesigner/Tjänstedesigner,http://data.europa.eu/esco/occupation/faed411a-f920-4100-86a8-b877928b429c,analytiker för användargränssnitt,narrow-match,low,https://taxonomy.api.jobtechdev.se/v1/taxonomy/graphql,30
99cb_pCK_BeP,Syntolk,http://data.europa.eu/esco/occupation/0dce2f9b-eda5-4dc4-ba74-36eeed8c9a44,syntolk,exact-match,high,https://taxonomy.api.jobtechdev.se/v1/taxonomy/graphql,30
99cb_pCK_BeP,Syntolk,http://data.europa.eu/esco/occupation/23e692a9-a242-4d4f-988f-ed562f757864,tolk,broad-match,low,https://taxonomy.api.jobtechdev.se/v1/taxonomy/graphql,30
99va_MQm_DWY,Revisionschef,http://data.europa.eu/esco/occupation/30f3ea93-882a-4525-841c-1d5b4b64076f,ekonomichef,close-match,low,https://taxonomy.api.jobtechdev.se/v1/taxonomy/graphql,30
9Da5_6yz_HBR,Gradare,http://data.europa.eu/esco/occupation/862ed9e5-96ec-410d-a0fd-5206a05a7954,gradare,exact-match,high,https://taxonomy.api.jobtechdev.se/v1/taxonomy/graphql,30
9ENZ_5kK_FrP,Folkhälsoutvecklare,http://data.europa.eu/esco/occupation/61053604-8091-4a8e-9c63-5151051722e3,hälsovårdskonsult,exact-match,high,https://taxonomy.api.jobtechdev.se/v1/taxonomy/graphql,30
9ENZ_5kK_FrP,Folkhälsoutvecklare,http://data.europa.eu/esco/occupation/d4d6842b-27f0-4222-85db-c542acf6d434,"handläggare, offentlig förvaltning, folkhälsofrågor",exact-match,high,https://taxonomy.api.jobtechdev.se/v1/taxonomy/graphql,30
9HFY_TcS_6qs,Diakon,http://data.europa.eu/esco/occupation/a4dd6eae-ca75-456f-829d-333671a7c186,kaplan,close-match,low,https://taxonomy.api.jobtechdev.se/v1/taxonomy/graphql,30
9JBZ_2TU_rTa,Elverkschef,http://data.europa.eu/esco/occupation/cb446db8-e8b3-418c-a21c-2d10faea42a5,kraftverkschef,exact-match,high,https://taxonomy.api.jobtechdev.se/v1/taxonomy/graphql,30
9K3i_XD4_Kyy,Läkare,http://data.europa.eu/esco/occupation/71f09c8b-a172-408c-b9e7-32e580e39ff6,läkare,exact-match,high,https://taxonomy.api.jobtechdev.se/v1/taxonomy/graphql,30
9KY5_egr_EUA,Idrottstränare,http://data.europa.eu/esco/occupation/0af6fc82-8e5e-46c6-a4ca-a672ecf7704c,boxningsinstruktör,narrow-match,low,https://taxonomy.api.jobtechdev.se/v1/taxonomy/graphql,30
9KY5_egr_EUA,Idrottstränare,http://data.europa.eu/esco/occupation/11695786-9fb7-4895-b161-0480419107e4,idrottsinstruktör,exact-match,high,https://taxonomy.api.jobtechdev.se/v1/taxonomy/graphql,30
9KY5_egr_EUA,Idrottstränare,http://data.europa.eu/esco/occupation/29df0797-c66d-4e54-a5e1-45b18cecf052,skridskoinstruktör,narrow-match,low,https://taxonomy.api.jobtechdev.se/v1/taxonomy/graphql,30
9KY5_egr_EUA,Idrottstränare,http://data.europa.eu/esco/occupation/3b43dafb-8c6b-4906-9fe5-bc218aacad55,fotbollstränare,narrow-match,low,https://taxonomy.api.jobtechdev.se/v1/taxonomy/graphql,30
9KY5_egr_EUA,Idrottstränare,http://data.europa.eu/esco/occupation/3e6488b6-3ca5-46b9-b380-5cd251d24824,pilatesinstruktör,narrow-match,low,https://taxonomy.api.jobtechdev.se/v1/taxonomy/graphql,30
9KY5_egr_EUA,Idrottstränare,http://data.europa.eu/esco/occupation/3e9c1262-4fe2-4eb1-bf94-4fe64498393a,idrottstränare,exact-match,high,https://taxonomy.api.jobtechdev.se/v1/taxonomy/graphql,30
9KY5_egr_EUA,Idrottstränare,http://data.europa.eu/esco/occupation/58f3f9fc-c9f6-4e14-bedf-a71ace5f27c5,konstnärlig instruktör,narrow-match,low,https://taxonomy.api.jobtechdev.se/v1/taxonomy/graphql,30
9KY5_egr_EUA,Idrottstränare,http://data.europa.eu/esco/occupation/62975936-0853-4a5d-9f59-bf943aca3cc6,simlärare,narrow-match,low,https://taxonomy.api.jobtechdev.se/v1/taxonomy/graphql,30
9KY5_egr_EUA,Idrottstränare,http://data.europa.eu/esco/occupation/b3086ad2-1f3c-4a60-9bdb-8b4746989d4b,tennistränare,narrow-match,low,https://taxonomy.api.jobtechdev.se/v1/taxonomy/graphql,30
9KrJ_9W8_KtX,Spårsvetsare,http://data.europa.eu/esco/occupation/7aedaa07-3884-4c5b-88f9-80997b2aa54b,"svetsare, manuell",broad-match,low,https://taxonomy.api.jobtechdev.se/v1/taxonomy/graphql,30
9LoK_Hba_2NG,Affärsanalytiker/Business analyst,http://data.europa.eu/esco/occupation/60082a99-d8ef-4e84-9290-78902681b6ed,företagsanalytiker,exact-match,high,https://taxonomy.api.jobtechdev.se/v1/taxonomy/graphql,30
9MD2_MYv_ukk,Kvalitetssamordnare/Kvalitetskoordinator,http://data.europa.eu/esco/occupation/c9862fdd-53b7-4da9-b742-4302d704836c,"verksamhetsutvecklare, lean",close-match,low,https://taxonomy.api.jobtechdev.se/v1/taxonomy/graphql,30
9NN9_5Zm_QTT,"Lärling, grävmaskinförare",http://data.europa.eu/esco/occupation/eedbf8b1-9432-4f42-ab7f-db5cd3eb2a05,grävmaskinsförare,exact-match,high,https://taxonomy.api.jobtechdev.se/v1/taxonomy/graphql,30
9NVr_Rdx_8Ay,Sprängingenjör,http://data.europa.eu/esco/occupation/40b77b1b-6f9c-4d25-8b08-8b3cb0aaf7e7,sprängingenjör,exact-match,high,https://taxonomy.api.jobtechdev.se/v1/taxonomy/graphql,30
9Tjc_2DX_Naf,Generalkonsul,http://data.europa.eu/esco/occupation/a8d05b64-f60b-4dd9-91c2-e2e63d82f2f5,konsul,broad-match,low,https://taxonomy.api.jobtechdev.se/v1/taxonomy/graphql,30
9U5Y_9Ji_uJq,Dataingenjör,http://data.europa.eu/esco/occupation/38a7f453-a7f0-45d2-a74d-5b92506e4a21,hårdvarutekniker,exact-match,high,https://taxonomy.api.jobtechdev.se/v1/taxonomy/graphql,30
9UWD_XwF_4nX,Bilinspektör,http://data.europa.eu/esco/occupation/1b422c31-f242-46b5-bbdc-aa63885e4b5c,"inspektör, transportsäkerhet",close-match,low,https://taxonomy.api.jobtechdev.se/v1/taxonomy/graphql,30
9Vqi_fu8_Nat,Valideringsingenjör,http://data.europa.eu/esco/occupation/30c0943c-caa1-411d-b273-26f475971273,kvalitetsingenjör,close-match,low,https://taxonomy.api.jobtechdev.se/v1/taxonomy/graphql,30
9XKh_kC3_A29,Vindkrafttekniker,http://data.europa.eu/esco/occupation/1a165cb5-99ff-4a4e-9e08-97a0fb7ed6f8,"tekniker, havsbaserad energi",narrow-match,low,https://taxonomy.api.jobtechdev.se/v1/taxonomy/graphql,30
9XKh_kC3_A29,Vindkrafttekniker,http://data.europa.eu/esco/occupation/47af27c4-5b45-4cce-ba01-4e96f8cf97b9,servicetekniker vid anläggning för havsbaserad förnybar energi,broad-match,low,https://taxonomy.api.jobtechdev.se/v1/taxonomy/graphql,30
9XKh_kC3_A29,Vindkrafttekniker,http://data.europa.eu/esco/occupation/a32187fa-bc37-4fc2-8e89-296632bfc271,"vindkrafttekniker, landbaserad vindkraft",exact-match,high,https://taxonomy.api.jobtechdev.se/v1/taxonomy/graphql,30
9YXJ_Rz2_MeV,Kvalitetschef,http://data.europa.eu/esco/occupation/109e0a5d-203d-4af6-8f70-692111335ec3,kvalitetschef,exact-match,high,https://taxonomy.api.jobtechdev.se/v1/taxonomy/graphql,30
9YZg_5x3_REV,Fartygsstädare,http://data.europa.eu/esco/occupation/731ecac4-06e8-4ec2-a559-101fecbd9183,städare,broad-match,low,https://taxonomy.api.jobtechdev.se/v1/taxonomy/graphql,30
9YaE_Syg_5ZB,Pizzabagare,http://data.europa.eu/esco/occupation/a02a1117-212f-4a49-b21a-d3b971e00e48,pizzabagare,exact-match,high,https://taxonomy.api.jobtechdev.se/v1/taxonomy/graphql,30
9dXK_Zi5_MSH,"Driftchef, energi",http://data.europa.eu/esco/occupation/a005f8a2-2d8a-433e-8d89-13575f822fd4,energichef,exact-match,high,https://taxonomy.api.jobtechdev.se/v1/taxonomy/graphql,30
9e9K_NST_qHe,Valutaförsäljare,http://data.europa.eu/esco/occupation/b7fc1cd1-0d6d-4e9e-8a9f-c3270201be81,valutakassör,exact-match,high,https://taxonomy.api.jobtechdev.se/v1/taxonomy/graphql,30
9fEz_9ji_74Y,Tandtekniker,http://data.europa.eu/esco/occupation/76bded28-876a-40b2-9efb-3123c8f14cf6,tandtekniker,exact-match,high,https://taxonomy.api.jobtechdev.se/v1/taxonomy/graphql,30
9g2J_Nhw_Bwg,Processoperatör betong,http://data.europa.eu/esco/occupation/86da9311-1f7a-40bb-af65-ed2a7178fcae,maskinoperatör för betongvaror,close-match,low,https://taxonomy.api.jobtechdev.se/v1/taxonomy/graphql,30
9haD_NB6_ULH,CNC-operatör,http://data.europa.eu/esco/occupation/02d4f153-8e43-444d-8bd4-8171d49eab12,FMS-operatör,exact-match,high,https://taxonomy.api.jobtechdev.se/v1/taxonomy/graphql,30
9haD_NB6_ULH,CNC-operatör,http://data.europa.eu/esco/occupation/18459eb0-5506-4692-9889-d1f9a2b989eb,"CNC-operatör, gravering",narrow-match,low,https://taxonomy.api.jobtechdev.se/v1/taxonomy/graphql,30
9haD_NB6_ULH,CNC-operatör,http://data.europa.eu/esco/occupation/1e3c3e4d-a888-426e-aaf0-022c8b5d743d,vattenskärningsoperatör,narrow-match,low,https://taxonomy.api.jobtechdev.se/v1/taxonomy/graphql,30
9haD_NB6_ULH,CNC-operatör,http://data.europa.eu/esco/occupation/5c082067-ea18-4ccb-8c43-e70b18ad8120,CNC-operatör,exact-match,high,https://taxonomy.api.jobtechdev.se/v1/taxonomy/graphql,30
9haD_NB6_ULH,CNC-operatör,http://data.europa.eu/esco/occupation/63042e8f-dd59-47fe-87f3-3b2ce21f196a,"CNC-operatör, svarvning",narrow-match,low,https://taxonomy.api.jobtechdev.se/v1/taxonomy/graphql,30
9haD_NB6_ULH,CNC-operatör,http://data.europa.eu/esco/occupation/a1c9f8b7-c4ce-4b15-ac3c-3378c300d8f2,"fräsare, metall",narrow-match,low,https://taxonomy.api.jobtechdev.se/v1/taxonomy/graphql,30
9jYT_DS5_6JE,Systemdesigner,http://data.europa.eu/esco/occupation/e1c72b5f-4c5c-487c-a6df-e84b64a51dae,systemarkitekt,close-match,low,https://taxonomy.api.jobtechdev.se/v1/taxonomy/graphql,30
9kWY_X1U_RyC,Universitets- och högskolelektor,http://data.europa.eu/esco/occupation/684fd8d5-9b40-4b02-a680-438f0082d923,universitets- och högskolelektor,exact-match,high,https://taxonomy.api.jobtechdev.se/v1/taxonomy/graphql,30
9nHg_tvX_ajZ,Bingovärd,http://data.europa.eu/esco/occupation/2f7f5c84-b9b3-41ea-aa5f-5997d0873141,bingoutropare,exact-match,high,https://taxonomy.api.jobtechdev.se/v1/taxonomy/graphql,30
9nfm_4Xa_Tat,Prognosmeteorolog,http://data.europa.eu/esco/occupation/0809ea8a-4f77-4351-a7f1-b9a7b99b6c0b,prognosmeteorolog,exact-match,high,https://taxonomy.api.jobtechdev.se/v1/taxonomy/graphql,30
9rvw_tBz_kFG,"Enhetschef, hemtjänst",http://data.europa.eu/esco/occupation/4a29eab1-5f02-4723-a863-e2d5a0614dfa,"verksamhetschef, vårdenhet",broad-match,low,https://taxonomy.api.jobtechdev.se/v1/taxonomy/graphql,30
9uVb_cNz_M1q,Maskinmontör industrimaskiner,http://data.europa.eu/esco/occupation/0b6e1a0d-63fe-42d4-8dff-2ff187a9fea9,hydraultekniker,narrow-match,low,https://taxonomy.api.jobtechdev.se/v1/taxonomy/graphql,30
9uVb_cNz_M1q,Maskinmontör industrimaskiner,http://data.europa.eu/esco/occupation/24119471-6ca1-465b-8f48-b2aec5c60869,turbinmontör,narrow-match,low,https://taxonomy.api.jobtechdev.se/v1/taxonomy/graphql,30
9uVb_cNz_M1q,Maskinmontör industrimaskiner,http://data.europa.eu/esco/occupation/955ae83a-4d91-4db8-a5d6-bd489e5058df,"maskinmekaniker, gruva",narrow-match,low,https://taxonomy.api.jobtechdev.se/v1/taxonomy/graphql,30
9uVb_cNz_M1q,Maskinmontör industrimaskiner,http://data.europa.eu/esco/occupation/be0e6189-46a5-4b90-8622-2d1988efba1a,"montör, industrimaskiner",exact-match,high,https://taxonomy.api.jobtechdev.se/v1/taxonomy/graphql,30
9wDu_THq_WZQ,"Teleskoptruckförare, anläggning",http://data.europa.eu/esco/occupation/eeac6251-1974-42f5-91ed-513c6c883755,truckförare,broad-match,low,https://taxonomy.api.jobtechdev.se/v1/taxonomy/graphql,30
9xw5_9HF_gm5,Stickare,http://data.europa.eu/esco/occupation/3562e70c-016c-455c-b949-521a367418a5,handstickare,narrow-match,low,https://taxonomy.api.jobtechdev.se/v1/taxonomy/graphql,30
9yMK_8ep_D1K,IT-säkerhetstekniker,http://data.europa.eu/esco/occupation/1c5a896a-e010-4217-a29a-c44db26e25da,säkerhetstekniker för inbyggda system,narrow-match,low,https://taxonomy.api.jobtechdev.se/v1/taxonomy/graphql,30
9yMK_8ep_D1K,IT-säkerhetstekniker,http://data.europa.eu/esco/occupation/7754d570-9519-48c2-b1c9-8e165f8bca0f,"riskanalytiker, cybersäkerhet",exact-match,high,https://taxonomy.api.jobtechdev.se/v1/taxonomy/graphql,30
A1ua_hKP_ZbW,"Regionchef, försäkring",http://data.europa.eu/esco/occupation/594170bc-5663-40b0-97ef-c9f1ad51b2a0,"chef, försäkringsbolag",narrow-match,low,https://taxonomy.api.jobtechdev.se/v1/taxonomy/graphql,30
A1ut_NPJ_4av,Veterinärstudent,http://data.europa.eu/esco/occupation/99ebf2c2-1811-4c77-b2e6-7008cba29ea0,veterinärassistent,broad-match,low,https://taxonomy.api.jobtechdev.se/v1/taxonomy/graphql,30
A4Hz_ULp_xfn,Tivoliarbetare/Nöjesparksarbetare,http://data.europa.eu/esco/occupation/39a59c5c-4338-4480-bdc8-96328a491907,tivoliarbetare,exact-match,high,https://taxonomy.api.jobtechdev.se/v1/taxonomy/graphql,30
A4Hz_ULp_xfn,Tivoliarbetare/Nöjesparksarbetare,http://data.europa.eu/esco/occupation/e31c83ac-cb74-4936-88f1-90ed0997b29b,nöjes- och rekreationsvärd,close-match,low,https://taxonomy.api.jobtechdev.se/v1/taxonomy/graphql,30
A4QC_PSW_AUV,Geokemist,http://data.europa.eu/esco/occupation/c8e6cdcc-824e-4887-8ee2-197e7d794258,geokemist,exact-match,high,https://taxonomy.api.jobtechdev.se/v1/taxonomy/graphql,30
A6CQ_XVJ_iy4,"Arbetsledare, anläggning",http://data.europa.eu/esco/occupation/05ebeb56-6ceb-488d-ba91-ed15088efc8e,"arbetsledare, brobyggnation",narrow-match,low,https://taxonomy.api.jobtechdev.se/v1/taxonomy/graphql,30
A6CQ_XVJ_iy4,"Arbetsledare, anläggning",http://data.europa.eu/esco/occupation/0dd7e6cd-2e5a-4fae-9ce0-6a3622d4019f,arbetsledare inom bygg och anläggning,exact-match,high,https://taxonomy.api.jobtechdev.se/v1/taxonomy/graphql,30
A6CQ_XVJ_iy4,"Arbetsledare, anläggning",http://data.europa.eu/esco/occupation/139fba7b-6c1f-40ee-8acf-78f97e57c905,"arbetsledare, avfallshantering",narrow-match,low,https://taxonomy.api.jobtechdev.se/v1/taxonomy/graphql,30
A6CQ_XVJ_iy4,"Arbetsledare, anläggning",http://data.europa.eu/esco/occupation/2a226be5-6157-49e9-bd4b-e3b46d55c082,"arbetsledare, anläggning och underhåll järnväg",narrow-match,low,https://taxonomy.api.jobtechdev.se/v1/taxonomy/graphql,30
A6CQ_XVJ_iy4,"Arbetsledare, anläggning",http://data.europa.eu/esco/occupation/7c205166-d862-45fc-90e5-58a3aa3721dd,"arbetsledare, vägbyggnad",narrow-match,low,https://taxonomy.api.jobtechdev.se/v1/taxonomy/graphql,30
AANB_pao_y2q,Maskinoperatör fotografiska produkter,http://data.europa.eu/esco/occupation/b4f08f2e-3c97-4484-9094-446a17dad802,filmframkallare,narrow-match,low,https://taxonomy.api.jobtechdev.se/v1/taxonomy/graphql,30
AAfT_AzF_d2e,Utbildningsledare på trafikskola,http://data.europa.eu/esco/occupation/bca2528a-5a87-4576-a3b5-1edbbce40a9f,trafiklärare,close-match,low,https://taxonomy.api.jobtechdev.se/v1/taxonomy/graphql,30
ABrY_p2x_fPk,"Lärling, bergarbetare, bygg och anläggning",http://data.europa.eu/esco/occupation/efd5d3cb-3716-43b7-b21b-98e17f00e9eb,"lärling, bergarbetare",exact-match,high,https://taxonomy.api.jobtechdev.se/v1/taxonomy/graphql,30
AF1L_wVt_xmK,IT-tekniker,http://data.europa.eu/esco/occupation/3e7bf729-4442-4b9f-ad5e-83111963795c,it-tekniker,exact-match,high,https://taxonomy.api.jobtechdev.se/v1/taxonomy/graphql,30
AF1L_wVt_xmK,IT-tekniker,http://data.europa.eu/esco/occupation/591c5063-69ce-4551-ba60-e2304111130f,"it-chef, överföring av flygdata",narrow-match,low,https://taxonomy.api.jobtechdev.se/v1/taxonomy/graphql,30
AFXd_nYV_aT3,Speditionschef,http://data.europa.eu/esco/occupation/823db06f-25e1-4658-b063-d6ef956b41f5,logistikchef,broad-match,low,https://taxonomy.api.jobtechdev.se/v1/taxonomy/graphql,30
AFm7_LbR_f1U,Ögonsjuksköterska,http://data.europa.eu/esco/occupation/18e14e61-495b-44cc-a7c6-df4c625934ba,specialistsjuksköterska,broad-match,low,https://taxonomy.api.jobtechdev.se/v1/taxonomy/graphql,30
AJDU_fpb_ADF,Elmontör,http://data.europa.eu/esco/occupation/3e524c3e-3ee8-47dd-8463-2c2a41b548bf,"montör, elektrisk utrustning",exact-match,high,https://taxonomy.api.jobtechdev.se/v1/taxonomy/graphql,30
AJDU_fpb_ADF,Elmontör,http://data.europa.eu/esco/occupation/6565dc02-14e4-4819-b99c-44c352000f43,"montör, elektronisk utrustning",narrow-match,low,https://taxonomy.api.jobtechdev.se/v1/taxonomy/graphql,30
AJDU_fpb_ADF,Elmontör,http://data.europa.eu/esco/occupation/cb8be514-9388-4ef0-a58d-cff496747610,"montör, kablage",narrow-match,low,https://taxonomy.api.jobtechdev.se/v1/taxonomy/graphql,30
AJDU_fpb_ADF,Elmontör,http://data.europa.eu/esco/occupation/f5ba8fb4-1387-459a-9b22-59feb891e229,"montör, elkablar",narrow-match,low,https://taxonomy.api.jobtechdev.se/v1/taxonomy/graphql,30
AJiv_pHB_HVc,Third assistant director/TAD,http://data.europa.eu/esco/occupation/4f2f2539-3e38-4393-9dac-a9a48af7cd32,regiassistent,broad-match,low,https://taxonomy.api.jobtechdev.se/v1/taxonomy/graphql,30
AJiv_pHB_HVc,Third assistant director/TAD,http://data.europa.eu/esco/occupation/71898b81-fc2f-4a97-826d-f45e49a8160a,"regiassistent, film",broad-match,low,https://taxonomy.api.jobtechdev.se/v1/taxonomy/graphql,30
AJiv_pHB_HVc,Third assistant director/TAD,http://data.europa.eu/esco/occupation/e1106f6d-81fc-44f8-af94-8b7d2763065c,"regiassistent, teater",broad-match,low,https://taxonomy.api.jobtechdev.se/v1/taxonomy/graphql,30
AKCn_v5B_mUy,Kabinpersonal,http://data.europa.eu/esco/occupation/58ff0ec2-08ba-4b21-b765-babb6d76ca36,steward/stewardess,exact-match,high,https://taxonomy.api.jobtechdev.se/v1/taxonomy/graphql,30
AKCn_v5B_mUy,Kabinpersonal,http://data.europa.eu/esco/occupation/f20d3ae6-baeb-482c-b68d-c2fb115e5dde,flygvärd/flygvärdinna,exact-match,high,https://taxonomy.api.jobtechdev.se/v1/taxonomy/graphql,30
AMCU_cUq_Eup,Trafikassistent flygplats,http://data.europa.eu/esco/occupation/7153a12d-85e0-4123-87e9-46bb1a2dc929,trafikassistent,exact-match,high,https://taxonomy.api.jobtechdev.se/v1/taxonomy/graphql,30
AQ8y_9XL_Jvv,IT-samordnare,http://data.europa.eu/esco/occupation/9e2e6e1e-363b-4e1b-a673-7bc0f7343300,IKT-systemadministratör,close-match,low,https://taxonomy.api.jobtechdev.se/v1/taxonomy/graphql,30
AR9u_x9n_nGa,Dekan/Dekanus,http://data.europa.eu/esco/occupation/e4ad2547-9188-4fbd-897a-c91b3c097779,dekan,exact-match,high,https://taxonomy.api.jobtechdev.se/v1/taxonomy/graphql,30
ARsW_UZi_n1d,Braskaminmontör,http://data.europa.eu/esco/occupation/c467efc2-6b87-429d-b0be-44512cf9535d,eldstadsinstallatör,exact-match,high,https://taxonomy.api.jobtechdev.se/v1/taxonomy/graphql,30
ATsD_LxE_fZ6,"Forskningsingenjör, kemi",http://data.europa.eu/esco/occupation/3dab5c3f-84d0-4d52-901d-dd262eaea509,forskningsingenjör,broad-match,low,https://taxonomy.api.jobtechdev.se/v1/taxonomy/graphql,30
ATsD_LxE_fZ6,"Forskningsingenjör, kemi",http://data.europa.eu/esco/occupation/ec21ce88-ce14-49b6-be0a-cc53cf5a3a67,"civilingenjör, kemi",broad-match,low,https://taxonomy.api.jobtechdev.se/v1/taxonomy/graphql,30
AUYy_tH3_nkA,Montör papp- och textilprodukter,http://data.europa.eu/esco/occupation/fc9a86ec-7ad5-4ccb-a08f-1e369197e14a,"montör, kartongprodukter",narrow-match,low,https://taxonomy.api.jobtechdev.se/v1/taxonomy/graphql,30
AWFs_F83_12N,Kriminolog,http://data.europa.eu/esco/occupation/0611f232-b30e-46c7-9c26-2d59b1448e79,kriminolog,exact-match,high,https://taxonomy.api.jobtechdev.se/v1/taxonomy/graphql,30
Abi5_CxG_9mK,Plastbåtbyggare,http://data.europa.eu/esco/occupation/25f45b01-550c-4d17-b69e-7c5ba57c4218,"laminerare, glasfiber",narrow-match,low,https://taxonomy.api.jobtechdev.se/v1/taxonomy/graphql,30
Ach2_hzC_uiT,Miljöekonom,http://data.europa.eu/esco/occupation/56afc09a-75a0-49c7-a5cb-256df45d8f2d,ekonomisk rådgivare,broad-match,low,https://taxonomy.api.jobtechdev.se/v1/taxonomy/graphql,30
Agi7_Q14_oxk,Forskningssjuksköterska,http://data.europa.eu/esco/occupation/1bbaf82c-67ae-4beb-9a55-7298acf5b2af,"lektor, vårdvetenskap",close-match,low,https://taxonomy.api.jobtechdev.se/v1/taxonomy/graphql,30
Agi7_Q14_oxk,Forskningssjuksköterska,http://data.europa.eu/esco/occupation/8d3e8aaa-791b-4c75-a465-f3f827028f50,"sjuksköterska, grundutbildad",close-match,low,https://taxonomy.api.jobtechdev.se/v1/taxonomy/graphql,30
AiN9_YkN_zMR,Låssmed,http://data.europa.eu/esco/occupation/aaa485d0-6787-45c0-8596-b266c0b687fd,låssmed,exact-match,high,https://taxonomy.api.jobtechdev.se/v1/taxonomy/graphql,30
Ao7E_HFK_aqF,"Produktionsdesigner: kultur, media, film, dataspel",http://data.europa.eu/esco/occupation/4d4b243f-6c3b-48c3-a564-2e7f2d592a3c,produktionsdesigner,exact-match,high,https://taxonomy.api.jobtechdev.se/v1/taxonomy/graphql,30
ApfX_5Ak_gpe,Solenergiprojektör/Solcellsprojektör,http://data.europa.eu/esco/occupation/42dbb769-4c91-47dc-bd16-ec8e70c4180f,"ingenjör, solenergi",exact-match,high,https://taxonomy.api.jobtechdev.se/v1/taxonomy/graphql,30
Aqbg_XW3_UGb,Koncerncontroller,http://data.europa.eu/esco/occupation/5e5b1b61-1351-4d3b-a293-deb3661715dd,styrekonom,close-match,low,https://taxonomy.api.jobtechdev.se/v1/taxonomy/graphql,30
AsUQ_NKv_XeC,Svarvare,http://data.europa.eu/esco/occupation/7d9242d3-2a55-45e3-9d67-be76f879de0b,"svarvare, metall",narrow-match,low,https://taxonomy.api.jobtechdev.se/v1/taxonomy/graphql,30
AsUQ_NKv_XeC,Svarvare,http://data.europa.eu/esco/occupation/d792974a-077b-44a7-9421-b3ab7fdc7c40,trycksvarvare,narrow-match,low,https://taxonomy.api.jobtechdev.se/v1/taxonomy/graphql,30
Asp6_ez8_aQt,Hälsovårdsinspektör,http://data.europa.eu/esco/occupation/43d49e27-302b-439d-bce6-86555527edb5,hälsovårdsinspektör,exact-match,high,https://taxonomy.api.jobtechdev.se/v1/taxonomy/graphql,30
AtHA_bRn_rR9,"Operatör, Polisens kontaktcenter",http://data.europa.eu/esco/occupation/6c999fc7-c6b7-4ef3-a4b9-af124a1783a2,kontorsassistent,close-match,low,https://taxonomy.api.jobtechdev.se/v1/taxonomy/graphql,30
AuNz_bpY_2hw,"ST-läkare, infektionssjukdomar",http://data.europa.eu/esco/occupation/71f09c8b-a172-408c-b9e7-32e580e39ff6,läkare,close-match,low,https://taxonomy.api.jobtechdev.se/v1/taxonomy/graphql,30
B2h8_tjq_nVs,Miljöstatistiker,http://data.europa.eu/esco/occupation/ac8b3cd1-a127-4e6a-8208-5cfcf7111955,statistiker,broad-match,low,https://taxonomy.api.jobtechdev.se/v1/taxonomy/graphql,30
B41N_Qiz_vhj,Godsmottagare,http://data.europa.eu/esco/occupation/bea705fe-06ac-4147-b8e0-6e8ac1208d8f,lagerarbetare,broad-match,low,https://taxonomy.api.jobtechdev.se/v1/taxonomy/graphql,30
B4x6_Ed3_14i,Byggnadskonsult,http://data.europa.eu/esco/occupation/2a914d26-42aa-46b5-acf3-097d51ba4617,"civilingenjör, bygg",close-match,low,https://taxonomy.api.jobtechdev.se/v1/taxonomy/graphql,30
B5ME_WoV_6ZB,Synkonsulent,http://data.europa.eu/esco/occupation/caf7b8fb-b2d6-46b7-bffa-bea7f8e4aed8,"handläggare, offentlig förvaltning",close-match,low,https://taxonomy.api.jobtechdev.se/v1/taxonomy/graphql,30
B7rt_Gcd_YEP,Åklagaraspirant,http://data.europa.eu/esco/occupation/acf462a3-9c34-46cb-952a-c612c38299f4,åklagare,broad-match,low,https://taxonomy.api.jobtechdev.se/v1/taxonomy/graphql,30
B84w_zFQ_8Ug,"Avverkningsledare, skogsbruk",http://data.europa.eu/esco/occupation/fbf3aefb-70ff-440b-8724-bac3ed5e2c93,skogsbruksansvarig,broad-match,low,https://taxonomy.api.jobtechdev.se/v1/taxonomy/graphql,30
B9AJ_ZZZ_mgd,Pianostämmare,http://data.europa.eu/esco/occupation/97dd9a0c-dd6b-416d-9537-655a08dd2895,pianobyggare,broad-match,low,https://taxonomy.api.jobtechdev.se/v1/taxonomy/graphql,30
BFsJ_Kit_mTi,Strålningsfysiker,http://data.europa.eu/esco/occupation/7f2761eb-4edc-48ad-9fbf-eed0a0db9a21,fysiker,broad-match,low,https://taxonomy.api.jobtechdev.se/v1/taxonomy/graphql,30
BHdM_TVA_baC,Biträdande butikschef,http://data.europa.eu/esco/occupation/bdfb48e0-79dc-4b63-8470-db2e03b37326,butiksansvarig,exact-match,high,https://taxonomy.api.jobtechdev.se/v1/taxonomy/graphql,30
BK7A_kh5_xWc,Kapellvaktmästare,http://data.europa.eu/esco/occupation/589efb6c-9080-40b2-ab6a-144955675967,kyrkvaktmästare,close-match,low,https://taxonomy.api.jobtechdev.se/v1/taxonomy/graphql,30
BK8D_hZe_dtk,Ekonomiassistent,http://data.europa.eu/esco/occupation/84fabf82-4abf-4f41-99aa-55718a2e500b,skattekontorist,narrow-match,low,https://taxonomy.api.jobtechdev.se/v1/taxonomy/graphql,30
BK8D_hZe_dtk,Ekonomiassistent,http://data.europa.eu/esco/occupation/bafbc672-0ad9-41af-9de8-db0c91a24f9b,faktureringsassistent,exact-match,high,https://taxonomy.api.jobtechdev.se/v1/taxonomy/graphql,30
BK8D_hZe_dtk,Ekonomiassistent,http://data.europa.eu/esco/occupation/bafbc672-0ad9-41af-9de8-db0c91a24f9b,faktureringsassistent,narrow-match,low,https://taxonomy.api.jobtechdev.se/v1/taxonomy/graphql,30
BLeD_2gg_F6H,Fiskerikonsulent,http://data.europa.eu/esco/occupation/3b018148-8e92-4177-9267-5f090386f6a3,fiskerikonsulent,exact-match,high,https://taxonomy.api.jobtechdev.se/v1/taxonomy/graphql,30
BLrV_Pvm_rL6,Brand- och säkerhetsvakt,http://data.europa.eu/esco/occupation/4cbe5a17-056c-489a-9f10-f9d816905000,väktare,broad-match,low,https://taxonomy.api.jobtechdev.se/v1/taxonomy/graphql,30
BM2p_vGv_Npg,Colorist,http://data.europa.eu/esco/occupation/7642cbcc-9839-47fb-b2cf-d4bb831d6c93,ljud- och bildtekniker,broad-match,low,https://taxonomy.api.jobtechdev.se/v1/taxonomy/graphql,30
BNJ8_fkp_z4N,Fysiolog,http://data.europa.eu/esco/occupation/25829508-63f3-41c3-affc-ddbb5c077930,fysiolog,exact-match,high,https://taxonomy.api.jobtechdev.se/v1/taxonomy/graphql,30
BNz8_F9J_y2L,Fjärrbilsförare,http://data.europa.eu/esco/occupation/45037d43-a8f5-4f46-b332-b2935bc305f4,distributionsförare,broad-match,low,https://taxonomy.api.jobtechdev.se/v1/taxonomy/graphql,30
BPnn_Wh1_PZH,Skolsekreterare,http://data.europa.eu/esco/occupation/f817aab2-ec8a-45ec-88ef-c11e0f19fd85,"handläggare, offentlig förvaltning, utbildning",exact-match,high,https://taxonomy.api.jobtechdev.se/v1/taxonomy/graphql,30
BSxs_sUz_Urb,Kronofogde,http://data.europa.eu/esco/occupation/b471350e-23ce-4789-a821-5500b28cffe1,kronofogde,exact-match,high,https://taxonomy.api.jobtechdev.se/v1/taxonomy/graphql,30
BUeN_T5B_77E,Sprinklermontör,http://data.europa.eu/esco/occupation/02ff199e-38b3-45fd-b659-68846cfeeb92,sprinklermontör,exact-match,high,https://taxonomy.api.jobtechdev.se/v1/taxonomy/graphql,30
BUeN_T5B_77E,Sprinklermontör,http://data.europa.eu/esco/occupation/4c9ca706-3973-4926-854d-44011662ca83,brandskyddstekniker,broad-match,low,https://taxonomy.api.jobtechdev.se/v1/taxonomy/graphql,30
BUnV_RWN_xvi,Socialchef/Socialdirektör,http://data.europa.eu/esco/occupation/1313aeea-63a9-4b4d-82d1-dbe00ff9ed10,csr-chef,narrow-match,low,https://taxonomy.api.jobtechdev.se/v1/taxonomy/graphql,30
BUnV_RWN_xvi,Socialchef/Socialdirektör,http://data.europa.eu/esco/occupation/c18fddf5-cfc4-4f9c-94d6-86608faaa1dd,socialchef,exact-match,high,https://taxonomy.api.jobtechdev.se/v1/taxonomy/graphql,30
BY1K_mZ4_oKj,Fritidskonsulent,http://data.europa.eu/esco/occupation/234be692-befb-41df-bdf0-e1b2f4eaf5e7,fritidsledare,broad-match,low,https://taxonomy.api.jobtechdev.se/v1/taxonomy/graphql,30
BY1K_mZ4_oKj,Fritidskonsulent,http://data.europa.eu/esco/occupation/67d8c64f-e0d9-4e0b-be8b-510f9e20e698,friluftsledare,close-match,low,https://taxonomy.api.jobtechdev.se/v1/taxonomy/graphql,30
BY7C_vSq_8Xe,"Specialistläkare, invärtesmedicin",http://data.europa.eu/esco/occupation/9b889f07-c39c-464d-b9d9-b2daa650f9ac,specialistläkare,broad-match,low,https://taxonomy.api.jobtechdev.se/v1/taxonomy/graphql,30
Ba4Z_5Q7_Xwf,Campingvärd/Stugvärd,http://data.europa.eu/esco/occupation/92b7776f-5d90-413d-b05f-51e429e28346,campingpersonal,exact-match,high,https://taxonomy.api.jobtechdev.se/v1/taxonomy/graphql,30
BbNn_Gtf_rKp,Badvakt,http://data.europa.eu/esco/occupation/3025dea4-1752-40a9-9431-fd874420386f,badvakt,exact-match,high,https://taxonomy.api.jobtechdev.se/v1/taxonomy/graphql,30
BbNn_Gtf_rKp,Badvakt,http://data.europa.eu/esco/occupation/4779055b-f769-4c6d-8e0e-088bb74cfce9,badmästare,exact-match,high,https://taxonomy.api.jobtechdev.se/v1/taxonomy/graphql,30
BbP9_J9m_o9L,Skolassistent,http://data.europa.eu/esco/occupation/55b4faa3-286f-4fc8-ac67-8bbb97d08820,utbildningsadministratör,broad-match,low,https://taxonomy.api.jobtechdev.se/v1/taxonomy/graphql,30
BbP9_J9m_o9L,Skolassistent,http://data.europa.eu/esco/occupation/6c999fc7-c6b7-4ef3-a4b9-af124a1783a2,kontorsassistent,broad-match,low,https://taxonomy.api.jobtechdev.se/v1/taxonomy/graphql,30
Bbpr_AMz_nzt,Revisorsassistent,http://data.europa.eu/esco/occupation/c3aae59e-1441-4b3e-bdd1-6da50dc7cf42,bokförare,broad-match,low,https://taxonomy.api.jobtechdev.se/v1/taxonomy/graphql,30
Bfn9_6FK_iaY,F&B Manager/Food and beverage manager,http://data.europa.eu/esco/occupation/d5eb6150-bbff-4a9c-9d0c-21eab4dbe2b6,restaurangchef,close-match,low,https://taxonomy.api.jobtechdev.se/v1/taxonomy/graphql,30
BgiX_vEt_6Ko,Läkepedagog,http://data.europa.eu/esco/occupation/9a26d76b-b9e3-46ae-ab4b-057a1262138b,"samordnare, behov av specialundervisning",close-match,low,https://taxonomy.api.jobtechdev.se/v1/taxonomy/graphql,30
BhJk_66z_inc,Entomolog,http://data.europa.eu/esco/occupation/eee68e13-8248-43bb-a9fb-959832a6c217,biolog,broad-match,low,https://taxonomy.api.jobtechdev.se/v1/taxonomy/graphql,30
Bk9y_Nbk_FYQ,"Metodanalytiker, IT",http://data.europa.eu/esco/occupation/fe0fa514-b48d-4a53-9757-a283c0baacf0,systemanalytiker,broad-match,low,https://taxonomy.api.jobtechdev.se/v1/taxonomy/graphql,30
Bkm3_rLa_uYG,Studiovärdinna,http://data.europa.eu/esco/occupation/82025c02-9082-416c-998b-f51eb0359ee6,receptionist inom hotell- och restaurangbranschen,close-match,low,https://taxonomy.api.jobtechdev.se/v1/taxonomy/graphql,30
BmKk_pGE_2iJ,Departementsråd,http://data.europa.eu/esco/occupation/544cd9cf-e2ee-4ac0-8a02-7147af6b97d7,direktör,close-match,low,https://taxonomy.api.jobtechdev.se/v1/taxonomy/graphql,30
BnhE_hcg_H2c,Logoped,http://data.europa.eu/esco/occupation/8021f3a2-e3de-43c0-b366-075da74dc5b7,logoped,exact-match,high,https://taxonomy.api.jobtechdev.se/v1/taxonomy/graphql,30
BnmA_vvT_aod,Miljöingenjör/Miljövårdsingenjör,http://data.europa.eu/esco/occupation/32548f7e-8c25-4c49-9f22-78dee3543704,"miljöingenjör, gruva",narrow-match,low,https://taxonomy.api.jobtechdev.se/v1/taxonomy/graphql,30
BnmA_vvT_aod,Miljöingenjör/Miljövårdsingenjör,http://data.europa.eu/esco/occupation/a7358961-46d4-4715-ac1e-6148fd042510,miljöexpert,exact-match,high,https://taxonomy.api.jobtechdev.se/v1/taxonomy/graphql,30
BnmA_vvT_aod,Miljöingenjör/Miljövårdsingenjör,http://data.europa.eu/esco/occupation/ab4dd4f9-ee6c-41cc-8b72-42ad0b13d1e2,"miljöingenjör, avfall",narrow-match,low,https://taxonomy.api.jobtechdev.se/v1/taxonomy/graphql,30
BnmA_vvT_aod,Miljöingenjör/Miljövårdsingenjör,http://data.europa.eu/esco/occupation/ac1fc6a9-70d2-475c-8fa0-82ef83830968,miljöingenjör,exact-match,high,https://taxonomy.api.jobtechdev.se/v1/taxonomy/graphql,30
Bqc9_t1Y_7LZ,Liftdumper- och lastväxlarförare,http://data.europa.eu/esco/occupation/45037d43-a8f5-4f46-b332-b2935bc305f4,distributionsförare,broad-match,low,https://taxonomy.api.jobtechdev.se/v1/taxonomy/graphql,30
BtJ2_jVq_Ev3,Prissättare fordon,http://data.europa.eu/esco/occupation/6a163fef-dee8-4583-82b0-13b76d8a27b2,"specialiserad säljare, motorfordon",close-match,low,https://taxonomy.api.jobtechdev.se/v1/taxonomy/graphql,30
BtJ2_jVq_Ev3,Prissättare fordon,http://data.europa.eu/esco/occupation/e16c2422-1323-4d8a-bd0f-c7584de70be1,prissättare,broad-match,low,https://taxonomy.api.jobtechdev.se/v1/taxonomy/graphql,30
C1FR_RzT_hzP,Dietist,http://data.europa.eu/esco/occupation/8a53f8d3-d995-4c7b-a70d-d79f76bdcb3f,dietist,exact-match,high,https://taxonomy.api.jobtechdev.se/v1/taxonomy/graphql,30
C3ru_63i_hNQ,Programledare,http://data.europa.eu/esco/occupation/09a9a956-db70-436f-8398-d85a17f6cdfe,programledare,broad-match,low,https://taxonomy.api.jobtechdev.se/v1/taxonomy/graphql,30
C4WN_ZwJ_xJW,"Lärling, väg- och anläggningsarbetare",http://data.europa.eu/esco/occupation/094b9f9b-7e89-4f34-adbb-fbaf7246f7a4,vatten- och avloppstekniker,narrow-match,low,https://taxonomy.api.jobtechdev.se/v1/taxonomy/graphql,30
C4WN_ZwJ_xJW,"Lärling, väg- och anläggningsarbetare",http://data.europa.eu/esco/occupation/0f898624-9b89-41ba-adcf-9360ade85a62,"tekniker, vattenåtervinning",narrow-match,low,https://taxonomy.api.jobtechdev.se/v1/taxonomy/graphql,30
C4WN_ZwJ_xJW,"Lärling, väg- och anläggningsarbetare",http://data.europa.eu/esco/occupation/21fe7141-68fa-4db7-9ee2-53097cef541a,vattenvägsbyggare,narrow-match,low,https://taxonomy.api.jobtechdev.se/v1/taxonomy/graphql,30
C4WN_ZwJ_xJW,"Lärling, väg- och anläggningsarbetare",http://data.europa.eu/esco/occupation/461959ed-6a80-4c33-a75e-26aaeb52a5a7,VVS-montör,narrow-match,low,https://taxonomy.api.jobtechdev.se/v1/taxonomy/graphql,30
C4WN_ZwJ_xJW,"Lärling, väg- och anläggningsarbetare",http://data.europa.eu/esco/occupation/47300afa-5496-484c-8f65-14247a98b2b8,anläggningsarbetare,exact-match,high,https://taxonomy.api.jobtechdev.se/v1/taxonomy/graphql,30
C4WN_ZwJ_xJW,"Lärling, väg- och anläggningsarbetare",http://data.europa.eu/esco/occupation/6eaf90cb-144d-486c-86e7-3d2bf4242525,vägmärkesuppsättare,narrow-match,low,https://taxonomy.api.jobtechdev.se/v1/taxonomy/graphql,30
C4WN_ZwJ_xJW,"Lärling, väg- och anläggningsarbetare",http://data.europa.eu/esco/occupation/6f74ebc4-ab7e-42a8-ad94-921f3d0ef0c6,"VVS-montör, avlopp",narrow-match,low,https://taxonomy.api.jobtechdev.se/v1/taxonomy/graphql,30
C4WN_ZwJ_xJW,"Lärling, väg- och anläggningsarbetare",http://data.europa.eu/esco/occupation/fb18dfef-2b90-4219-8b39-a5fcddb8f238,dräneringsarbetare,narrow-match,low,https://taxonomy.api.jobtechdev.se/v1/taxonomy/graphql,30
C88b_Rv4_pHy,"Lärling, murare",http://data.europa.eu/esco/occupation/05f321f8-055b-407d-bf19-e0ddabda56b7,murare,exact-match,high,https://taxonomy.api.jobtechdev.se/v1/taxonomy/graphql,30
C8MA_QWG_A3m,"Producent: kultur, media, film, dataspel",http://data.europa.eu/esco/occupation/3b6bea7d-36f4-44fb-ac73-d1cc8a198dcb,video- och filmproducent,narrow-match,low,https://taxonomy.api.jobtechdev.se/v1/taxonomy/graphql,30
C8MA_QWG_A3m,"Producent: kultur, media, film, dataspel",http://data.europa.eu/esco/occupation/52b9e8dc-de6c-41dd-b29a-e1291c273f6f,producent,exact-match,high,https://taxonomy.api.jobtechdev.se/v1/taxonomy/graphql,30
C8MA_QWG_A3m,"Producent: kultur, media, film, dataspel",http://data.europa.eu/esco/occupation/5ff7a990-a306-40c2-9224-b2bf7f15b2f9,musikproducent,narrow-match,low,https://taxonomy.api.jobtechdev.se/v1/taxonomy/graphql,30
C8MA_QWG_A3m,"Producent: kultur, media, film, dataspel",http://data.europa.eu/esco/occupation/ce7d3362-5383-47d1-b66f-57b021c3d862,radioproducent,narrow-match,low,https://taxonomy.api.jobtechdev.se/v1/taxonomy/graphql,30
C8MA_QWG_A3m,"Producent: kultur, media, film, dataspel",http://data.europa.eu/esco/occupation/ef0363cf-361a-47df-9431-d94afb757ce0,podcastproducent,narrow-match,low,https://taxonomy.api.jobtechdev.se/v1/taxonomy/graphql,30
CAJM_dnc_ki1,Förbundsjurist,http://data.europa.eu/esco/occupation/31854d78-3615-43a4-aa3a-c597ecb20ceb,juridisk rådgivare,broad-match,low,https://taxonomy.api.jobtechdev.se/v1/taxonomy/graphql,30
CBQm_qze_DQd,Maskinoperatör stenvaror,http://data.europa.eu/esco/occupation/a001cf0d-b0eb-420a-a110-9408448ba8b8,stenklyvningsmaskinist,exact-match,high,https://taxonomy.api.jobtechdev.se/v1/taxonomy/graphql,30
CBQm_qze_DQd,Maskinoperatör stenvaror,http://data.europa.eu/esco/occupation/c453886f-a8f0-434c-be0e-e6a12c49954f,stenpolerare,narrow-match,low,https://taxonomy.api.jobtechdev.se/v1/taxonomy/graphql,30
CC4H_YCh_77T,"Automationstekniker, industri",http://data.europa.eu/esco/occupation/5791a961-4717-4230-a245-a4082a675f04,automationstekniker,broad-match,low,https://taxonomy.api.jobtechdev.se/v1/taxonomy/graphql,30
CKJ9_ZCh_SQ6,"Antagningssekreterare, utbildning",http://data.europa.eu/esco/occupation/6e1b1bd7-9eec-4f10-bce7-94a27d9023e8,antagningssamordnare,exact-match,high,https://taxonomy.api.jobtechdev.se/v1/taxonomy/graphql,30
CMSX_P2L_ZYx,Tank- och bulkbilsförare,http://data.europa.eu/esco/occupation/1e9e18cb-80b6-4598-acdb-ae3b51047720,tankningstekniker,narrow-match,low,https://taxonomy.api.jobtechdev.se/v1/taxonomy/graphql,30
CMSX_P2L_ZYx,Tank- och bulkbilsförare,http://data.europa.eu/esco/occupation/57a09d3f-e3d6-49ad-8c88-d879fc4d0870,"tank- och bulkbilsförare, betong",narrow-match,low,https://taxonomy.api.jobtechdev.se/v1/taxonomy/graphql,30
CMSX_P2L_ZYx,Tank- och bulkbilsförare,http://data.europa.eu/esco/occupation/c5d779f4-345b-4918-872b-a1cbaeb1d9be,"tank- och bulkbilsförare, farligt gods",narrow-match,low,https://taxonomy.api.jobtechdev.se/v1/taxonomy/graphql,30
CNHD_RxB_thm,Båtförsäljare,http://data.europa.eu/esco/occupation/6a163fef-dee8-4583-82b0-13b76d8a27b2,"specialiserad säljare, motorfordon",broad-match,low,https://taxonomy.api.jobtechdev.se/v1/taxonomy/graphql,30
CNqp_v1H_VoC,Verksjurist,http://data.europa.eu/esco/occupation/779d13be-60b4-48f3-a339-fe483be96c7f,förvaltningsjurist,broad-match,low,https://taxonomy.api.jobtechdev.se/v1/taxonomy/graphql,30
CQBS_ZSZ_ViP,Barnsjuksköterska,http://data.europa.eu/esco/occupation/18e14e61-495b-44cc-a7c6-df4c625934ba,specialistsjuksköterska,broad-match,low,https://taxonomy.api.jobtechdev.se/v1/taxonomy/graphql,30
CQPL_s18_iv8,El- och avioniktekniker,http://data.europa.eu/esco/occupation/d9ab0f3d-078d-42a7-a502-3e739e0aeff6,flygplanselektriker,exact-match,high,https://taxonomy.api.jobtechdev.se/v1/taxonomy/graphql,30
CQse_CRd_snw,"Civilingenjör, systemutveckling",http://data.europa.eu/esco/occupation/a7c1d23d-aeca-4bee-9a08-5993ed98b135,IKT-systemutvecklare,close-match,low,https://taxonomy.api.jobtechdev.se/v1/taxonomy/graphql,30
CSNp_CjX_Mep,Värderingsman,http://data.europa.eu/esco/occupation/e93b3b49-12e1-4b47-991c-dd4b0aec17d8,värderingsman,exact-match,high,https://taxonomy.api.jobtechdev.se/v1/taxonomy/graphql,30
CTqd_fc6_MG5,Hårdvarutestare,http://data.europa.eu/esco/occupation/becbe3ca-e000-40c0-9f67-5c4035b930ea,"datatekniker, hårdvarutestare",exact-match,high,https://taxonomy.api.jobtechdev.se/v1/taxonomy/graphql,30
CYG8_P5g_7yp,Krukmakare,http://data.europa.eu/esco/occupation/97896345-d102-4549-97a5-8851979e6938,keramiker,broad-match,low,https://taxonomy.api.jobtechdev.se/v1/taxonomy/graphql,30
CZkP_hCz_KM8,Applikationsutvecklare,http://data.europa.eu/esco/occupation/bd272aee-adc9-4a06-a15c-a73b4b4a46a7,IKT-programutvecklare,exact-match,high,https://taxonomy.api.jobtechdev.se/v1/taxonomy/graphql,30
CbFL_fwZ_WzR,Specialisttandläkare inom parodontologi,http://data.europa.eu/esco/occupation/a580e79a-b752-49c1-b033-b5ab2b34bfba,specialisttandläkare,broad-match,low,https://taxonomy.api.jobtechdev.se/v1/taxonomy/graphql,30
CbLe_XeE_6en,Svetsoperatör,http://data.europa.eu/esco/occupation/869e3a85-6e4c-4e3c-b14f-a8399c1abd2d,robotoperatör,close-match,low,https://taxonomy.api.jobtechdev.se/v1/taxonomy/graphql,30
CbLe_XeE_6en,Svetsoperatör,http://data.europa.eu/esco/occupation/97dadd59-d1cb-4fef-81a7-d92eb15572e2,punktsvetsare,narrow-match,low,https://taxonomy.api.jobtechdev.se/v1/taxonomy/graphql,30
CbLe_XeE_6en,Svetsoperatör,http://data.europa.eu/esco/occupation/e9a65aca-64f6-450d-a637-1ecf86ba2a53,elektronstrålesvetsare,narrow-match,low,https://taxonomy.api.jobtechdev.se/v1/taxonomy/graphql,30
Cdn7_Auj_1mv,Skidpatrullör,http://data.europa.eu/esco/occupation/ea4c9aa1-cb9d-4037-a748-ac1305af7129,"räddningsarbetare, nöd- och katastrofinsatser",close-match,low,https://taxonomy.api.jobtechdev.se/v1/taxonomy/graphql,30
Ce5J_e8j_7oh,Transportledare,http://data.europa.eu/esco/occupation/279c0ab1-212b-4e89-a41f-048f5de9dadf,"samordnare, järnvägslogistik",narrow-match,low,https://taxonomy.api.jobtechdev.se/v1/taxonomy/graphql,30
Ce5J_e8j_7oh,Transportledare,http://data.europa.eu/esco/occupation/49e28648-4fa8-4b36-ac4d-781c108547bf,fraktspeditör,narrow-match,low,https://taxonomy.api.jobtechdev.se/v1/taxonomy/graphql,30
Ce5J_e8j_7oh,Transportledare,http://data.europa.eu/esco/occupation/74d47633-8e9e-4e08-9cba-d2292c211218,"säkerhetsrådgivare, transport av farligt gods",narrow-match,low,https://taxonomy.api.jobtechdev.se/v1/taxonomy/graphql,30
ChpK_qqA_uwn,Fransstylist,http://data.europa.eu/esco/occupation/a1e1a788-2352-4172-8fcf-1f985a6968b0,kosmetolog,broad-match,low,https://taxonomy.api.jobtechdev.se/v1/taxonomy/graphql,30
Cj92_o8k_DQV,Apoteksassistent,http://data.europa.eu/esco/occupation/aa9c6416-6a17-4e2f-a7c4-6d47c205d480,"specialiserad säljare, läkemedel",close-match,low,https://taxonomy.api.jobtechdev.se/v1/taxonomy/graphql,30
Cj92_o8k_DQV,Apoteksassistent,http://data.europa.eu/esco/occupation/c1a86d6d-7785-43e1-994b-958eba58fff7,apoteksassistent,exact-match,high,https://taxonomy.api.jobtechdev.se/v1/taxonomy/graphql,30
Ck8X_6eY_3VW,Trafikvakt,http://data.europa.eu/esco/occupation/12da0bb1-26c8-46eb-9476-797f4f1c441e,"trafikvakt, övergångsställe",narrow-match,low,https://taxonomy.api.jobtechdev.se/v1/taxonomy/graphql,30
Ck8X_6eY_3VW,Trafikvakt,http://data.europa.eu/esco/occupation/c92a4851-9418-4fb5-8201-c7e03cc2b6e2,signalansvarig,narrow-match,low,https://taxonomy.api.jobtechdev.se/v1/taxonomy/graphql,30
Cn7e_qQS_nPF,Biträdande rektor,http://data.europa.eu/esco/occupation/2b7d34db-11b6-4c10-b227-3917752e28ac,biträdande rektor,exact-match,high,https://taxonomy.api.jobtechdev.se/v1/taxonomy/graphql,30
Cn7e_qQS_nPF,Biträdande rektor,http://data.europa.eu/esco/occupation/d37cc820-15f5-4a81-88db-af48b0ee6a32,"arbetslagsledare, sekundärskola",narrow-match,low,https://taxonomy.api.jobtechdev.se/v1/taxonomy/graphql,30
CnD6_kKA_g2C,Astronom,http://data.europa.eu/esco/occupation/57a12047-4f1e-40ed-add5-9736923f231b,astronom,exact-match,high,https://taxonomy.api.jobtechdev.se/v1/taxonomy/graphql,30
CnD6_kKA_g2C,Astronom,http://data.europa.eu/esco/occupation/bc659adc-f42c-4ef6-89fe-fd030033f446,kosmolog,close-match,low,https://taxonomy.api.jobtechdev.se/v1/taxonomy/graphql,30
CnYS_d4N_CZJ,Enhetschef inom socialtjänst,http://data.europa.eu/esco/occupation/c18fddf5-cfc4-4f9c-94d6-86608faaa1dd,socialchef,broad-match,low,https://taxonomy.api.jobtechdev.se/v1/taxonomy/graphql,30
Co7T_yKa_Zb1,"Forskare, trädgårdsvetenskap",http://data.europa.eu/esco/occupation/c25b3700-6095-42b7-99fc-b87dc326c044,jordbruksforskare,broad-match,low,https://taxonomy.api.jobtechdev.se/v1/taxonomy/graphql,30
Ctfy_d3y_vN6,Medicinsjuksköterska,http://data.europa.eu/esco/occupation/18e14e61-495b-44cc-a7c6-df4c625934ba,specialistsjuksköterska,broad-match,low,https://taxonomy.api.jobtechdev.se/v1/taxonomy/graphql,30
Curv_dHm_3dZ,Skolkonsulent,http://data.europa.eu/esco/occupation/d89b23c2-d042-4ca6-a917-109fe5a0b30c,"administratör, utbildningsplaner",close-match,low,https://taxonomy.api.jobtechdev.se/v1/taxonomy/graphql,30
Cya6_5QD_RTL,Annonsproducent,http://data.europa.eu/esco/occupation/b55718eb-e8ff-4485-8ad0-bbac32cbd77b,mediaplanerare,broad-match,low,https://taxonomy.api.jobtechdev.se/v1/taxonomy/graphql,30
CzL7_oqF_zrY,Länsarkitekt,http://data.europa.eu/esco/occupation/94e0bedd-e56e-42be-a5a4-b74a260f437c,avdelningschef,broad-match,low,https://taxonomy.api.jobtechdev.se/v1/taxonomy/graphql,30
Czct_Myo_YZr,Verkstadschef/Servicechef fordon,http://data.europa.eu/esco/occupation/5c9dea76-c7da-4e58-857c-fc3cbe7b960a,"chef, bilverkstad",narrow-match,low,https://taxonomy.api.jobtechdev.se/v1/taxonomy/graphql,30
D2sd_ok7_QAv,Informationssäkerhetssamordnare,http://data.europa.eu/esco/occupation/caf7b8fb-b2d6-46b7-bffa-bea7f8e4aed8,"handläggare, offentlig förvaltning",broad-match,low,https://taxonomy.api.jobtechdev.se/v1/taxonomy/graphql,30
D7ee_h2b_7GJ,Lärling byggnadsplåtslagare,http://data.europa.eu/esco/occupation/572c9810-e1ee-4f7a-a71f-820f17c0c25b,byggnadsplåtslagare,exact-match,high,https://taxonomy.api.jobtechdev.se/v1/taxonomy/graphql,30
D8xk_1Sz_Dqo,Eurytmist,http://data.europa.eu/esco/occupation/1eb56b85-af25-43d4-9e35-73d8ee78e228,danslärare,close-match,low,https://taxonomy.api.jobtechdev.se/v1/taxonomy/graphql,30
D9nf_Uo8_zJ4,Plastsvetsare,http://data.europa.eu/esco/occupation/599f34f0-bdf7-49e3-b5a9-f5d55f9e6873,"montör, plastprodukter",broad-match,low,https://taxonomy.api.jobtechdev.se/v1/taxonomy/graphql,30
DAkz_Cvy_P15,Radiofysiker,http://data.europa.eu/esco/occupation/7f2761eb-4edc-48ad-9fbf-eed0a0db9a21,fysiker,broad-match,low,https://taxonomy.api.jobtechdev.se/v1/taxonomy/graphql,30
DBuv_W9M_5rt,Publikchef,http://data.europa.eu/esco/occupation/db4057de-0c5a-4f68-8f81-2c0765978afb,publikchef,exact-match,high,https://taxonomy.api.jobtechdev.se/v1/taxonomy/graphql,30
DE7c_vm2_LTA,"Beredare, elkraft",http://data.europa.eu/esco/occupation/74332fd0-4a50-464e-9116-98fa9b8127ac,"drifttekniker, elkraft",close-match,low,https://taxonomy.api.jobtechdev.se/v1/taxonomy/graphql,30
DEDi_wap_ntF,Barnmorska,http://data.europa.eu/esco/occupation/95cda6a9-a70a-4a93-9442-11d573cb4a02,barnmorska,exact-match,high,https://taxonomy.api.jobtechdev.se/v1/taxonomy/graphql,30
DHo9_qpj_owx,Personalansvarig,http://data.europa.eu/esco/occupation/070e94a8-a933-4557-9b95-fefe7f4f1763,"personalansvarig, arbetsförmedling",narrow-match,low,https://taxonomy.api.jobtechdev.se/v1/taxonomy/graphql,30
DLEi_bTh_oLA,Lagerarbetare/Terminalarbetare,http://data.europa.eu/esco/occupation/808becc8-5a4e-4e71-a043-c2ea32b56ae3,lastare,close-match,low,https://taxonomy.api.jobtechdev.se/v1/taxonomy/graphql,30
DLEi_bTh_oLA,Lagerarbetare/Terminalarbetare,http://data.europa.eu/esco/occupation/bea705fe-06ac-4147-b8e0-6e8ac1208d8f,lagerarbetare,exact-match,high,https://taxonomy.api.jobtechdev.se/v1/taxonomy/graphql,30
DLds_agL_97J,Dockspelare,http://data.europa.eu/esco/occupation/2800e788-57b4-49f7-9c00-6c35e12cfb8e,marionettspelare,exact-match,high,https://taxonomy.api.jobtechdev.se/v1/taxonomy/graphql,30
DV4C_eEN_VDg,"Gruppchef, teknik",http://data.europa.eu/esco/occupation/40517ed4-2769-4283-a15b-4b0d939bd2d3,"arbetsledare, tillverkning",close-match,low,https://taxonomy.api.jobtechdev.se/v1/taxonomy/graphql,30
DVSn_P5a_hbF,Köksdesigner,http://data.europa.eu/esco/occupation/73e776fb-4d99-4031-bad4-7716f121155d,inredare,broad-match,low,https://taxonomy.api.jobtechdev.se/v1/taxonomy/graphql,30
DVVd_BqV_umM,Museiintendent,http://data.europa.eu/esco/occupation/8f324afc-6ae8-48f5-af68-0fac08024fd1,utställningsregistrator,narrow-match,low,https://taxonomy.api.jobtechdev.se/v1/taxonomy/graphql,30
DVVd_BqV_umM,Museiintendent,http://data.europa.eu/esco/occupation/a63733fa-f7ff-4733-8961-1ec4eeaab00b,museiintendent,exact-match,high,https://taxonomy.api.jobtechdev.se/v1/taxonomy/graphql,30
DXJY_cZD_68D,Universitetsrektor,http://data.europa.eu/esco/occupation/01649ae9-22ee-4dba-83a8-3a2c51fbbe95,högskolerektor,exact-match,high,https://taxonomy.api.jobtechdev.se/v1/taxonomy/graphql,30
DXJY_cZD_68D,Universitetsrektor,http://data.europa.eu/esco/occupation/e4ad2547-9188-4fbd-897a-c91b3c097779,dekan,narrow-match,low,https://taxonomy.api.jobtechdev.se/v1/taxonomy/graphql,30
DXkj_DPC_Cix,Säkerhetssamordnare,http://data.europa.eu/esco/occupation/e9507d34-c70f-474f-a4a3-d2cbfe50f6e9,säkerhetschef,close-match,low,https://taxonomy.api.jobtechdev.se/v1/taxonomy/graphql,30
DXve_c4C_QMg,Kanslichef,http://data.europa.eu/esco/occupation/94e0bedd-e56e-42be-a5a4-b74a260f437c,avdelningschef,broad-match,low,https://taxonomy.api.jobtechdev.se/v1/taxonomy/graphql,30
DY59_t7s_rsh,Köksmästare fartyg,http://data.europa.eu/esco/occupation/01484951-15e6-4b88-a20f-1201868d36a0,köksmästare,exact-match,high,https://taxonomy.api.jobtechdev.se/v1/taxonomy/graphql,30
DcAX_PPB_fWS,"Golvbeläggningsarbetare, industrigolv",http://data.europa.eu/esco/occupation/0663d464-f139-4554-ae87-97aa6c4dad77,"golvläggare, textil, plast, linoleum, kork",close-match,low,https://taxonomy.api.jobtechdev.se/v1/taxonomy/graphql,30
DcK5_3TS_5ou,Finmekaniker,http://data.europa.eu/esco/occupation/15d5636f-7714-4697-850a-67b7f7cb3837,"instrumentmontör, optik",narrow-match,low,https://taxonomy.api.jobtechdev.se/v1/taxonomy/graphql,30
DcK5_3TS_5ou,Finmekaniker,http://data.europa.eu/esco/occupation/2ada3e89-9159-49e7-88f7-4dd435fd95ac,"instrumentmekaniker, optik",narrow-match,low,https://taxonomy.api.jobtechdev.se/v1/taxonomy/graphql,30
DcK5_3TS_5ou,Finmekaniker,http://data.europa.eu/esco/occupation/bca063d2-a904-45db-b3f4-0fd7e681753e,"instrumentmekaniker, kirurgiska instrument",narrow-match,low,https://taxonomy.api.jobtechdev.se/v1/taxonomy/graphql,30
DcK5_3TS_5ou,Finmekaniker,http://data.europa.eu/esco/occupation/dec7ed73-8688-4328-bc50-c72d31b25956,finmekaniker,exact-match,high,https://taxonomy.api.jobtechdev.se/v1/taxonomy/graphql,30
Dcmw_4GE_3cg,Värmeverkschef,http://data.europa.eu/esco/occupation/cb446db8-e8b3-418c-a21c-2d10faea42a5,kraftverkschef,close-match,low,https://taxonomy.api.jobtechdev.se/v1/taxonomy/graphql,30
DcqL_E5d_uFe,Cityledare,http://data.europa.eu/esco/occupation/0ddbf393-38f1-4c22-b14c-fe775008f321,marknadschef,close-match,low,https://taxonomy.api.jobtechdev.se/v1/taxonomy/graphql,30
DdMT_ukX_LGq,Skolchef/Skoldirektör/Skolledare,http://data.europa.eu/esco/occupation/e1587bbb-2d4e-4726-839a-7f4895c440e7,rektor,close-match,low,https://taxonomy.api.jobtechdev.se/v1/taxonomy/graphql,30
Dg8t_GnL_p2e,Etolog,http://data.europa.eu/esco/occupation/7daa8fed-9a78-4fe2-afc2-153fc423040b,djurbehaviorist,exact-match,high,https://taxonomy.api.jobtechdev.se/v1/taxonomy/graphql,30
Dhyj_JLZ_JA6,Ärftlighetsforskare,http://data.europa.eu/esco/occupation/6140be85-2d45-44b2-b0ba-412aadcead1e,genetiker,broad-match,low,https://taxonomy.api.jobtechdev.se/v1/taxonomy/graphql,30
Di9K_poT_rCx,Demenssjuksköterska,http://data.europa.eu/esco/occupation/18e14e61-495b-44cc-a7c6-df4c625934ba,specialistsjuksköterska,broad-match,low,https://taxonomy.api.jobtechdev.se/v1/taxonomy/graphql,30
DixA_mfm_THe,Medåkare renhållningsbil,http://data.europa.eu/esco/occupation/2480f8b0-4c02-4c66-84ad-2677c1548e03,renhållningsförare,narrow-match,low,https://taxonomy.api.jobtechdev.se/v1/taxonomy/graphql,30
Dj3u_riG_xsr,Leveransbevakare,http://data.europa.eu/esco/occupation/d7a9f9e0-e2f5-4804-a0e0-b21ebb1403ee,lagerkontorist,broad-match,low,https://taxonomy.api.jobtechdev.se/v1/taxonomy/graphql,30
DjPb_jLn_55T,Bohags- och flyttbilsförare,http://data.europa.eu/esco/occupation/a504e79e-f146-4773-a1cf-2b15b9d614db,bohags- och flyttbilsförare,exact-match,high,https://taxonomy.api.jobtechdev.se/v1/taxonomy/graphql,30
DjWo_rw6_r9z,Ljudtekniker,http://data.europa.eu/esco/occupation/0da2ee5c-b480-498f-97a8-a292a0f4c54c,ljudtekniker,exact-match,high,https://taxonomy.api.jobtechdev.se/v1/taxonomy/graphql,30
DjWo_rw6_r9z,Ljudtekniker,http://data.europa.eu/esco/occupation/2cbb23b0-0bf1-4871-9e6d-18f005987310,ljudassistent,exact-match,high,https://taxonomy.api.jobtechdev.se/v1/taxonomy/graphql,30
DjWo_rw6_r9z,Ljudtekniker,http://data.europa.eu/esco/occupation/36095ccd-c62d-4f1f-8af7-1fd10618b044,ljudläggare,narrow-match,low,https://taxonomy.api.jobtechdev.se/v1/taxonomy/graphql,30
DjWo_rw6_r9z,Ljudtekniker,http://data.europa.eu/esco/occupation/4d102082-8d43-4c59-81ab-08a7509f3c40,b-ljud,narrow-match,low,https://taxonomy.api.jobtechdev.se/v1/taxonomy/graphql,30
Dk1g_6Du_mNF,Skyddsvakt,http://data.europa.eu/esco/occupation/31808988-fc0a-4bc3-9e47-27216d6759f5,säkerhetsvakt,broad-match,low,https://taxonomy.api.jobtechdev.se/v1/taxonomy/graphql,30
DmaA_udM_7Rv,Bilglasmontör,http://data.europa.eu/esco/occupation/211716b7-2857-40c8-a078-da983c78c70a,bilglasmontör,exact-match,high,https://taxonomy.api.jobtechdev.se/v1/taxonomy/graphql,30
DnQp_dkH_vuH,Produktionsledare tillverkningsindustri,http://data.europa.eu/esco/occupation/03632d98-0ae3-4dd2-941c-3b48de9a0219,produktionsledare,broad-match,low,https://taxonomy.api.jobtechdev.se/v1/taxonomy/graphql,30
DnQp_dkH_vuH,Produktionsledare tillverkningsindustri,http://data.europa.eu/esco/occupation/040f62f5-d570-4d3f-b732-c8ea4afc2738,"arbetsledare, tillverkning behållare",narrow-match,low,https://taxonomy.api.jobtechdev.se/v1/taxonomy/graphql,30
DnQp_dkH_vuH,Produktionsledare tillverkningsindustri,http://data.europa.eu/esco/occupation/0e68f523-3206-4896-b725-44150dd22057,"arbetsledare, tillverkning lädervaror",narrow-match,low,https://taxonomy.api.jobtechdev.se/v1/taxonomy/graphql,30
DnQp_dkH_vuH,Produktionsledare tillverkningsindustri,http://data.europa.eu/esco/occupation/2cec9e4a-5a37-4cb1-a8b7-2e8d94766417,"arbetsledare, maskintillverkning – verkstadsprodukter",narrow-match,low,https://taxonomy.api.jobtechdev.se/v1/taxonomy/graphql,30
DnQp_dkH_vuH,Produktionsledare tillverkningsindustri,http://data.europa.eu/esco/occupation/37f7677a-97d1-420b-a8b0-09339472121f,"arbetsledare, maskinbyggnad",narrow-match,low,https://taxonomy.api.jobtechdev.se/v1/taxonomy/graphql,30
DnQp_dkH_vuH,Produktionsledare tillverkningsindustri,http://data.europa.eu/esco/occupation/4b536ea7-ebac-4f75-8356-94eb639f1ecc,"arbetsledare, tryckeri",narrow-match,low,https://taxonomy.api.jobtechdev.se/v1/taxonomy/graphql,30
DnQp_dkH_vuH,Produktionsledare tillverkningsindustri,http://data.europa.eu/esco/occupation/518348e6-0095-4f37-ad46-5ef1b8b5ee2f,"driftchef, textilindustri",narrow-match,low,https://taxonomy.api.jobtechdev.se/v1/taxonomy/graphql,30
DnQp_dkH_vuH,Produktionsledare tillverkningsindustri,http://data.europa.eu/esco/occupation/5baffa9d-1607-4665-be94-662bad26b9ff,arbetsledare på destilleri,narrow-match,low,https://taxonomy.api.jobtechdev.se/v1/taxonomy/graphql,30
DnQp_dkH_vuH,Produktionsledare tillverkningsindustri,http://data.europa.eu/esco/occupation/6ebe4e2e-7deb-4923-8b47-ca6fc03fa13a,"arbetsledare, pappersbruk",narrow-match,low,https://taxonomy.api.jobtechdev.se/v1/taxonomy/graphql,30
DnQp_dkH_vuH,Produktionsledare tillverkningsindustri,http://data.europa.eu/esco/occupation/7db415ec-0437-4a5e-95ea-622ea9f13dd0,"arbetsledare, metallproduktion",narrow-match,low,https://taxonomy.api.jobtechdev.se/v1/taxonomy/graphql,30
DnQp_dkH_vuH,Produktionsledare tillverkningsindustri,http://data.europa.eu/esco/occupation/83191970-020d-4350-b2e0-be971533d286,"arbetsledare, tillverkning elektroniska produkter",narrow-match,low,https://taxonomy.api.jobtechdev.se/v1/taxonomy/graphql,30
DnQp_dkH_vuH,Produktionsledare tillverkningsindustri,http://data.europa.eu/esco/occupation/95cd3d64-20d0-4681-857d-d6c63d07349f,bryggmästare,narrow-match,low,https://taxonomy.api.jobtechdev.se/v1/taxonomy/graphql,30
DnQp_dkH_vuH,Produktionsledare tillverkningsindustri,http://data.europa.eu/esco/occupation/95d69048-3a4b-4cce-a155-584aaecfe403,"arbetsledare, montering, skoindustri",narrow-match,low,https://taxonomy.api.jobtechdev.se/v1/taxonomy/graphql,30
DnQp_dkH_vuH,Produktionsledare tillverkningsindustri,http://data.europa.eu/esco/occupation/a659968d-0804-4357-bc60-735e4d41e65c,"arbetsledare, tillverkning, skoindustri",narrow-match,low,https://taxonomy.api.jobtechdev.se/v1/taxonomy/graphql,30
DnQp_dkH_vuH,Produktionsledare tillverkningsindustri,http://data.europa.eu/esco/occupation/a9b20949-897b-481f-8642-d1f69263baff,"underhållsansvarig, verkstadsindustri",narrow-match,low,https://taxonomy.api.jobtechdev.se/v1/taxonomy/graphql,30
DnQp_dkH_vuH,Produktionsledare tillverkningsindustri,http://data.europa.eu/esco/occupation/aeae4491-91b2-4029-9648-364e0bc4ecff,"arbetsledare, tillverkning elektrisk utrustning",narrow-match,low,https://taxonomy.api.jobtechdev.se/v1/taxonomy/graphql,30
DnQp_dkH_vuH,Produktionsledare tillverkningsindustri,http://data.europa.eu/esco/occupation/bdfd018a-aae1-407e-a88c-471e50b0695d,"arbetsledare, träindustri",narrow-match,low,https://taxonomy.api.jobtechdev.se/v1/taxonomy/graphql,30
DnQp_dkH_vuH,Produktionsledare tillverkningsindustri,http://data.europa.eu/esco/occupation/c4046ba8-cfe0-4748-beac-22e865962d75,arbetsledare på mälteri,narrow-match,low,https://taxonomy.api.jobtechdev.se/v1/taxonomy/graphql,30
DnQp_dkH_vuH,Produktionsledare tillverkningsindustri,http://data.europa.eu/esco/occupation/d2df16f3-87d7-4c6e-a640-95cee39a8f4e,cidermästare,narrow-match,low,https://taxonomy.api.jobtechdev.se/v1/taxonomy/graphql,30
DnQp_dkH_vuH,Produktionsledare tillverkningsindustri,http://data.europa.eu/esco/occupation/dc54d531-70b5-4301-bc75-da76c2dfac1a,"arbetsledare, montering rullande materiel",narrow-match,low,https://taxonomy.api.jobtechdev.se/v1/taxonomy/graphql,30
DnQp_dkH_vuH,Produktionsledare tillverkningsindustri,http://data.europa.eu/esco/occupation/e2c38c87-2bcf-492a-a78e-3be9480481cc,"arbetsledare, fordonsmontering",narrow-match,low,https://taxonomy.api.jobtechdev.se/v1/taxonomy/graphql,30
DnQp_dkH_vuH,Produktionsledare tillverkningsindustri,http://data.europa.eu/esco/occupation/e34b93ec-5e11-4858-ba1e-e245c4c39cec,"arbetsledare, montering träprodukter",narrow-match,low,https://taxonomy.api.jobtechdev.se/v1/taxonomy/graphql,30
DnQp_dkH_vuH,Produktionsledare tillverkningsindustri,http://data.europa.eu/esco/occupation/f5aa06b0-745e-4eb1-b050-3e15d11e5eb5,"arbetsledare, tillverkning kemiska produkter",narrow-match,low,https://taxonomy.api.jobtechdev.se/v1/taxonomy/graphql,30
Dr4w_ovQ_dkj,Fastighetsingenjör,http://data.europa.eu/esco/occupation/0f5b4653-50b2-413a-826d-39d447480c21,fastighetsförvaltare,close-match,low,https://taxonomy.api.jobtechdev.se/v1/taxonomy/graphql,30
DrU2_d7W_Ana,"Civilingenjör, teknisk fysik",http://data.europa.eu/esco/occupation/778c1d37-69f2-4184-ac98-03b7dbfba332,fotonikingenjör,narrow-match,low,https://taxonomy.api.jobtechdev.se/v1/taxonomy/graphql,30
DrU2_d7W_Ana,"Civilingenjör, teknisk fysik",http://data.europa.eu/esco/occupation/ab3c4d3e-3189-47ad-82af-57cdae3cb589,optikingenjör,narrow-match,low,https://taxonomy.api.jobtechdev.se/v1/taxonomy/graphql,30
Dt25_NxU_ASi,Klimatanpassningssamordnare,http://data.europa.eu/esco/occupation/b5d2db88-9e2b-4efa-8f2f-0e62a494791e,"handläggare, offentlig förvaltning, miljö",exact-match,high,https://taxonomy.api.jobtechdev.se/v1/taxonomy/graphql,30
Dz54_J8f_tgi,Lösullsinstallatör,http://data.europa.eu/esco/occupation/b2dab4fb-b7f7-4f57-94b2-9c0f0848564a,isoleringsarbetare,broad-match,low,https://taxonomy.api.jobtechdev.se/v1/taxonomy/graphql,30
DznH_rkD_dyj,Designassistent,http://data.europa.eu/esco/occupation/77bfd6e7-5598-4818-84cb-31e2651eb046,modedesigner,close-match,low,https://taxonomy.api.jobtechdev.se/v1/taxonomy/graphql,30
E4KE_68y_6ag,Art Director/AD,http://data.europa.eu/esco/occupation/cb93fd23-1f51-4495-867a-936c1967066b,art director,exact-match,high,https://taxonomy.api.jobtechdev.se/v1/taxonomy/graphql,30
E6Gc_cKq_kPt,Markförvaltare,http://data.europa.eu/esco/occupation/44508e7b-f56b-4bfb-9cd6-879838aecd94,markplanerare,narrow-match,low,https://taxonomy.api.jobtechdev.se/v1/taxonomy/graphql,30
E6Gc_cKq_kPt,Markförvaltare,http://data.europa.eu/esco/occupation/b915ab4a-f7b1-44bc-a5a4-585e91d31dfd,fastighetsförmedlare,narrow-match,low,https://taxonomy.api.jobtechdev.se/v1/taxonomy/graphql,30
E6Kf_Y8Q_baT,Arbetsmiljöinspektör,http://data.europa.eu/esco/occupation/2b31f745-f04f-4d2c-9692-4715e1448f80,arbetsmiljöinspektör,exact-match,high,https://taxonomy.api.jobtechdev.se/v1/taxonomy/graphql,30
E6Kf_Y8Q_baT,Arbetsmiljöinspektör,http://data.europa.eu/esco/occupation/3f54ceba-3c4e-4ba1-8ddb-9e49a881a60a,byggarbetsmiljösamordnare,exact-match,high,https://taxonomy.api.jobtechdev.se/v1/taxonomy/graphql,30
E6Kf_Y8Q_baT,Arbetsmiljöinspektör,http://data.europa.eu/esco/occupation/6d1e2801-3ab0-4d74-ac27-918339e8db64,byggarbetsmiljöinspektör,narrow-match,low,https://taxonomy.api.jobtechdev.se/v1/taxonomy/graphql,30
E6Ts_Gns_DjW,Biträdande förskolerektor,http://data.europa.eu/esco/occupation/c269387f-a652-4880-860a-e91ef105bfb7,"rektor, förskola",exact-match,high,https://taxonomy.api.jobtechdev.se/v1/taxonomy/graphql,30
E6Ts_Gns_DjW,Biträdande förskolerektor,http://data.europa.eu/esco/occupation/fa6bd9e9-9631-4abe-b2f8-fad7bf8a819d,förskolechef,exact-match,high,https://taxonomy.api.jobtechdev.se/v1/taxonomy/graphql,30
E6hM_rR1_nye,Kontaktledningstekniker,http://data.europa.eu/esco/occupation/75c5bab4-2546-4ba3-996d-42a9a1bab55d,"eltekniker, järnväg",exact-match,high,https://taxonomy.api.jobtechdev.se/v1/taxonomy/graphql,30
E7Rb_uFW_vog,"Serviceingenjör, kemiteknik",http://data.europa.eu/esco/occupation/35bc3847-58ad-46f5-8921-e58acc2762a6,kemiingenjör,broad-match,low,https://taxonomy.api.jobtechdev.se/v1/taxonomy/graphql,30
E7nX_ux2_hF9,Arkivarie,http://data.europa.eu/esco/occupation/4e4a1aa1-ca53-406e-9ca6-889d4621a0ed,stordataarkiverare,narrow-match,low,https://taxonomy.api.jobtechdev.se/v1/taxonomy/graphql,30
E7nX_ux2_hF9,Arkivarie,http://data.europa.eu/esco/occupation/e3b08984-19fe-4d51-a1b0-990676fc7234,arkivarie,exact-match,high,https://taxonomy.api.jobtechdev.se/v1/taxonomy/graphql,30
E7nX_ux2_hF9,Arkivarie,http://data.europa.eu/esco/occupation/e7417f4f-7072-4b07-a71f-71f6fc7f5e5b,"registrator, djurpark",narrow-match,low,https://taxonomy.api.jobtechdev.se/v1/taxonomy/graphql,30
EAao_VsW_pQb,Medicinsk sekreterare,http://data.europa.eu/esco/occupation/045f05f2-4ff8-46b2-9d08-e12a81657498,vårdadministratör,exact-match,high,https://taxonomy.api.jobtechdev.se/v1/taxonomy/graphql,30
EAao_VsW_pQb,Medicinsk sekreterare,http://data.europa.eu/esco/occupation/14eb2c85-fce5-40b6-bcd0-46ac99994b0d,patientadministratör,narrow-match,low,https://taxonomy.api.jobtechdev.se/v1/taxonomy/graphql,30
EAao_VsW_pQb,Medicinsk sekreterare,http://data.europa.eu/esco/occupation/3469cbcc-5332-41dc-977a-29cf1b7ef7be,"receptionist, vårdinrättning",exact-match,high,https://taxonomy.api.jobtechdev.se/v1/taxonomy/graphql,30
EAao_VsW_pQb,Medicinsk sekreterare,http://data.europa.eu/esco/occupation/5d5fde2c-47ce-4dcd-99f0-ba651b7b908f,läkarsekreterare,exact-match,high,https://taxonomy.api.jobtechdev.se/v1/taxonomy/graphql,30
EAao_VsW_pQb,Medicinsk sekreterare,http://data.europa.eu/esco/occupation/6219f0ef-6414-4d01-9221-41ac25dcb409,medicinsk sekreterare,narrow-match,low,https://taxonomy.api.jobtechdev.se/v1/taxonomy/graphql,30
EAao_VsW_pQb,Medicinsk sekreterare,http://data.europa.eu/esco/occupation/66ca3643-e6f3-4c75-9300-40d813185b3e,"assistent, kiropraktor",narrow-match,low,https://taxonomy.api.jobtechdev.se/v1/taxonomy/graphql,30
EB6b_fRU_tA5,Cargo surveyor,http://data.europa.eu/esco/occupation/a2b81132-2147-4c8e-b250-e6290ed906ea,skadetekniker,close-match,low,https://taxonomy.api.jobtechdev.se/v1/taxonomy/graphql,30
EBAf_dBo_W58,Trafiksäkerhetsledare,http://data.europa.eu/esco/occupation/1b422c31-f242-46b5-bbdc-aa63885e4b5c,"inspektör, transportsäkerhet",broad-match,low,https://taxonomy.api.jobtechdev.se/v1/taxonomy/graphql,30
EBur_MWp_Xkz,"Kvalitetsingenjör, maskin/Kvalitetstekniker, maskin",http://data.europa.eu/esco/occupation/3046f16d-1f7d-408f-b9a5-155410fbd2ea,"tekniker, pneumatik",narrow-match,low,https://taxonomy.api.jobtechdev.se/v1/taxonomy/graphql,30
EBur_MWp_Xkz,"Kvalitetsingenjör, maskin/Kvalitetstekniker, maskin",http://data.europa.eu/esco/occupation/8b490c1a-2f8c-4693-bcfa-ecfc88838a8e,"kontrollant, tillverkning av fordonsmotorer",narrow-match,low,https://taxonomy.api.jobtechdev.se/v1/taxonomy/graphql,30
EBur_MWp_Xkz,"Kvalitetsingenjör, maskin/Kvalitetstekniker, maskin",http://data.europa.eu/esco/occupation/998a0bf4-b1be-42ab-aee5-0096c9be3319,kvalitetstekniker,close-match,low,https://taxonomy.api.jobtechdev.se/v1/taxonomy/graphql,30
EBur_MWp_Xkz,"Kvalitetsingenjör, maskin/Kvalitetstekniker, maskin",http://data.europa.eu/esco/occupation/a950e88b-cb5e-4a7d-8a94-3f9460b487d7,kontrollingenjör,broad-match,low,https://taxonomy.api.jobtechdev.se/v1/taxonomy/graphql,30
EBur_MWp_Xkz,"Kvalitetsingenjör, maskin/Kvalitetstekniker, maskin",http://data.europa.eu/esco/occupation/a9b20949-897b-481f-8642-d1f69263baff,"underhållsansvarig, verkstadsindustri",narrow-match,low,https://taxonomy.api.jobtechdev.se/v1/taxonomy/graphql,30
EBur_MWp_Xkz,"Kvalitetsingenjör, maskin/Kvalitetstekniker, maskin",http://data.europa.eu/esco/occupation/b10d45f4-482d-4301-bc39-da206b17815c,kontrollant flygplanskonstruktion,narrow-match,low,https://taxonomy.api.jobtechdev.se/v1/taxonomy/graphql,30
EBur_MWp_Xkz,"Kvalitetsingenjör, maskin/Kvalitetstekniker, maskin",http://data.europa.eu/esco/occupation/edf2e989-d7c5-496e-b365-81fc5cb9eb39,mekatroniktekniker,narrow-match,low,https://taxonomy.api.jobtechdev.se/v1/taxonomy/graphql,30
EBur_MWp_Xkz,"Kvalitetsingenjör, maskin/Kvalitetstekniker, maskin",http://data.europa.eu/esco/occupation/ef9c2914-2f3d-464c-ae0a-d02b403dc7e9,"kontrollant, tillverkning flygmotorer",narrow-match,low,https://taxonomy.api.jobtechdev.se/v1/taxonomy/graphql,30
ECsc_vUd_JMx,"Utvecklingsingenjör, metallurgi",http://data.europa.eu/esco/occupation/4efee3ed-de09-44c6-bd4a-d9eaafd04683,"utvecklingsingenjör, metallurgi",exact-match,high,https://taxonomy.api.jobtechdev.se/v1/taxonomy/graphql,30
EFw9_WtY_7jQ,Redigerare,http://data.europa.eu/esco/occupation/4bef1707-a251-427e-9d8b-96595ec38d45,förlagsredaktör,broad-match,low,https://taxonomy.api.jobtechdev.se/v1/taxonomy/graphql,30
EGeL_Yk2_ZWE,Elkonstruktör,http://data.europa.eu/esco/occupation/2515bd46-ccd4-4561-97d1-b9544608a76e,elkonstruktör,exact-match,high,https://taxonomy.api.jobtechdev.se/v1/taxonomy/graphql,30
EGix_gMZ_3r9,Grävmaskinförare,http://data.europa.eu/esco/occupation/eedbf8b1-9432-4f42-ab7f-db5cd3eb2a05,grävmaskinsförare,exact-match,high,https://taxonomy.api.jobtechdev.se/v1/taxonomy/graphql,30
EH8C_7Pm_SMZ,Hotellchef,http://data.europa.eu/esco/occupation/4887c8a5-35d3-44c3-be69-346027e485f0,nöjesansvarig,close-match,low,https://taxonomy.api.jobtechdev.se/v1/taxonomy/graphql,30
EH8C_7Pm_SMZ,Hotellchef,http://data.europa.eu/esco/occupation/53cdd34e-22f2-41bd-b3c7-de22bf9bbcae,hotellchef,exact-match,high,https://taxonomy.api.jobtechdev.se/v1/taxonomy/graphql,30
ELDW_fuy_NjZ,Creative director/CD,http://data.europa.eu/esco/occupation/d2db926b-8b14-4686-9c98-fb0dc3a38cbb,Creative Director,exact-match,high,https://taxonomy.api.jobtechdev.se/v1/taxonomy/graphql,30
ELDW_fuy_NjZ,Creative director/CD,http://data.europa.eu/esco/occupation/db4f28ff-c208-4830-ab8b-4b07776db134,konstnärlig ledare,close-match,low,https://taxonomy.api.jobtechdev.se/v1/taxonomy/graphql,30
ELLq_sK6_wqk,Skötare (inom psykiatrisk vård),http://data.europa.eu/esco/occupation/5a9acd29-666c-4ca1-b10e-e086584a526b,"skötare, psykiatri",exact-match,high,https://taxonomy.api.jobtechdev.se/v1/taxonomy/graphql,30
EMSh_67p_cSp,Folierare,http://data.europa.eu/esco/occupation/a784b063-89cf-441b-9624-deed9dbdeae6,fordonslackerare,broad-match,low,https://taxonomy.api.jobtechdev.se/v1/taxonomy/graphql,30
EPe8_EQu_YCL,Fastighetsförvaltare,http://data.europa.eu/esco/occupation/0f5b4653-50b2-413a-826d-39d447480c21,fastighetsförvaltare,exact-match,high,https://taxonomy.api.jobtechdev.se/v1/taxonomy/graphql,30
EPe8_EQu_YCL,Fastighetsförvaltare,http://data.europa.eu/esco/occupation/cee31c49-abe9-4f29-ad10-5eefe63f2a57,hyreskonsulent,narrow-match,low,https://taxonomy.api.jobtechdev.se/v1/taxonomy/graphql,30
EPe8_EQu_YCL,Fastighetsförvaltare,http://data.europa.eu/esco/occupation/dd935705-d703-40ba-9ba7-2a8a2b7651b4,bostadsförvaltare,narrow-match,low,https://taxonomy.api.jobtechdev.se/v1/taxonomy/graphql,30
EQFf_p7V_m84,Chef för valuta och fixed income,http://data.europa.eu/esco/occupation/754ce08f-b4d9-4b9c-b9d2-06f15258a3ce,bankchef,close-match,low,https://taxonomy.api.jobtechdev.se/v1/taxonomy/graphql,30
ES2Z_D87_uLq,Fysioterapeut,http://data.europa.eu/esco/occupation/006cc1f9-2841-41c3-991a-dc3f2f3bd533,fysioterapeut,exact-match,high,https://taxonomy.api.jobtechdev.se/v1/taxonomy/graphql,30
ES2Z_D87_uLq,Fysioterapeut,http://data.europa.eu/esco/occupation/a317e9c2-62d5-4a24-8ad4-5cb7b9db3f3b,"fysioterapeut, avancerad nivå",exact-match,high,https://taxonomy.api.jobtechdev.se/v1/taxonomy/graphql,30
EThJ_2Cu_8BT,Riksarkivarie,http://data.europa.eu/esco/occupation/0752ed49-03e7-4d75-8314-a051b3771a1d,generaldirektör,broad-match,low,https://taxonomy.api.jobtechdev.se/v1/taxonomy/graphql,30
EUwj_KEo_dNz,Yrkesjägare,http://data.europa.eu/esco/occupation/a491c5c1-e126-4414-9ac9-3625a4a79513,viltvårdare,close-match,low,https://taxonomy.api.jobtechdev.se/v1/taxonomy/graphql,30
EUwj_KEo_dNz,Yrkesjägare,http://data.europa.eu/esco/occupation/c8ee41fc-7a5f-4255-adbd-dcc47cf2a28e,jägare,exact-match,high,https://taxonomy.api.jobtechdev.se/v1/taxonomy/graphql,30
EVMd_5ES_dRT,Möbelsnickare,http://data.europa.eu/esco/occupation/59088d93-bd71-4fd7-a39e-8cc9dd37dfae,"möbelsnickare, nytillverkning antika möbler",narrow-match,low,https://taxonomy.api.jobtechdev.se/v1/taxonomy/graphql,30
EVMd_5ES_dRT,Möbelsnickare,http://data.europa.eu/esco/occupation/5a551d36-0e14-40ab-84a2-7aa9b37dc528,"möbelsnickare, renovering",narrow-match,low,https://taxonomy.api.jobtechdev.se/v1/taxonomy/graphql,30
EWHP_bxy_Uao,Biobränslechef,http://data.europa.eu/esco/occupation/6eb85dd0-1188-4081-bf54-1345fb5de3ca,biogastekniker,close-match,low,https://taxonomy.api.jobtechdev.se/v1/taxonomy/graphql,30
EWXb_FW7_fTJ,Konstsmed,http://data.europa.eu/esco/occupation/fccecd5d-ad90-41a8-bb89-96d7595abca3,smed,broad-match,low,https://taxonomy.api.jobtechdev.se/v1/taxonomy/graphql,30
EXiu_jov_tYu,Forskningsingenjör inom samhällsbyggnad,http://data.europa.eu/esco/occupation/2a914d26-42aa-46b5-acf3-097d51ba4617,"civilingenjör, bygg",close-match,low,https://taxonomy.api.jobtechdev.se/v1/taxonomy/graphql,30
EXiu_jov_tYu,Forskningsingenjör inom samhällsbyggnad,http://data.europa.eu/esco/occupation/3dab5c3f-84d0-4d52-901d-dd262eaea509,forskningsingenjör,broad-match,low,https://taxonomy.api.jobtechdev.se/v1/taxonomy/graphql,30
EYGb_fhL_6Zy,"Lärling, målare",http://data.europa.eu/esco/occupation/15620506-fb5d-49cd-87a2-1c9047fb406a,målare,exact-match,high,https://taxonomy.api.jobtechdev.se/v1/taxonomy/graphql,30
EYGb_fhL_6Zy,"Lärling, målare",http://data.europa.eu/esco/occupation/a2abd144-2a36-45ea-919c-1fcc6ebc5d45,"målare, tapetuppsättare",exact-match,high,https://taxonomy.api.jobtechdev.se/v1/taxonomy/graphql,30
EYGb_fhL_6Zy,"Lärling, målare",http://data.europa.eu/esco/occupation/f0691bb2-c717-4215-a814-88a15b10ee4d,fartygsmålare,narrow-match,low,https://taxonomy.api.jobtechdev.se/v1/taxonomy/graphql,30
EYJm_PM2_S4P,"Civilingenjör, järnväg",http://data.europa.eu/esco/occupation/3f3748a7-4bb3-40b4-9ae3-1c5040c70f52,"civilingenjör, järnväg",exact-match,high,https://taxonomy.api.jobtechdev.se/v1/taxonomy/graphql,30
EYZ5_MuN_yEn,"Lärling, motorschaktvagnförare",http://data.europa.eu/esco/occupation/cb3c0f82-a79b-4518-ad1f-5463b3e74831,motorschaktvagnförare,exact-match,high,https://taxonomy.api.jobtechdev.se/v1/taxonomy/graphql,30
EaDK_DwG_ujx,Måltidsbiträde,http://data.europa.eu/esco/occupation/e1cf6897-158d-4b48-a39e-2a3a8cac216c,köksbiträde,close-match,low,https://taxonomy.api.jobtechdev.se/v1/taxonomy/graphql,30
EbSk_Hv8_qog,Inköpschef,http://data.europa.eu/esco/occupation/377865f0-c327-4599-8c7e-d428c6588edf,inköpschef,exact-match,high,https://taxonomy.api.jobtechdev.se/v1/taxonomy/graphql,30
EbSk_Hv8_qog,Inköpschef,http://data.europa.eu/esco/occupation/80db1e93-6dad-49aa-b465-d64a4a73141b,"inköpschef, läderråvara",narrow-match,low,https://taxonomy.api.jobtechdev.se/v1/taxonomy/graphql,30
EbSk_Hv8_qog,Inköpschef,http://data.europa.eu/esco/occupation/91f93dc4-1b71-4053-b6fb-c579ec19303a,upphandlingschef,exact-match,high,https://taxonomy.api.jobtechdev.se/v1/taxonomy/graphql,30
Ebc2_RCx_ngB,Fritidssamordnare,http://data.europa.eu/esco/occupation/caf7b8fb-b2d6-46b7-bffa-bea7f8e4aed8,"handläggare, offentlig förvaltning",broad-match,low,https://taxonomy.api.jobtechdev.se/v1/taxonomy/graphql,30
EbyD_yr3_wmJ,Marintekniker,http://data.europa.eu/esco/occupation/5e748def-5b90-41e2-aa8b-2ebcc7d25ab0,marintekniker,exact-match,high,https://taxonomy.api.jobtechdev.se/v1/taxonomy/graphql,30
Edjj_2Q7_P8X,Sjukvårdsbiträde,http://data.europa.eu/esco/occupation/87d0795a-d41f-47ee-979f-0ab7d73836e7,undersköterska,close-match,low,https://taxonomy.api.jobtechdev.se/v1/taxonomy/graphql,30
EgyF_T9E_tg6,Näringslivssekreterare/Näringslivsutvecklare,http://data.europa.eu/esco/occupation/394a4bdd-7032-4d87-89a2-9d937cebdd09,"handläggare, offentlig förvaltning, ekonomi",close-match,low,https://taxonomy.api.jobtechdev.se/v1/taxonomy/graphql,30
EgyF_T9E_tg6,Näringslivssekreterare/Näringslivsutvecklare,http://data.europa.eu/esco/occupation/a1ba7574-cc28-446c-9741-12d7fbb325cb,"handläggare, offentlig förvaltning, arbetsmarknad",exact-match,high,https://taxonomy.api.jobtechdev.se/v1/taxonomy/graphql,30
EgyF_T9E_tg6,Näringslivssekreterare/Näringslivsutvecklare,http://data.europa.eu/esco/occupation/c418ed9a-132f-48cd-ae5c-dd375070ee0e,"handläggare, handelsutveckling",exact-match,high,https://taxonomy.api.jobtechdev.se/v1/taxonomy/graphql,30
Eh2z_fA6_4Ls,Marknadsanalytiker,http://data.europa.eu/esco/occupation/66fb9704-0d56-4673-8e69-7823816b73e1,marknadsanalytiker,exact-match,high,https://taxonomy.api.jobtechdev.se/v1/taxonomy/graphql,30
Eh2z_fA6_4Ls,Marknadsanalytiker,http://data.europa.eu/esco/occupation/e16c2422-1323-4d8a-bd0f-c7584de70be1,prissättare,narrow-match,low,https://taxonomy.api.jobtechdev.se/v1/taxonomy/graphql,30
Eh9j_7Ud_Diu,Tunnelbaneförare,http://data.europa.eu/esco/occupation/81f6a814-1f4e-47d4-9c75-47977c7267ee,lokförare,broad-match,low,https://taxonomy.api.jobtechdev.se/v1/taxonomy/graphql,30
EkKm_Dct_VVw,Processoperatör cementtillverkning,http://data.europa.eu/esco/occupation/86da9311-1f7a-40bb-af65-ed2a7178fcae,maskinoperatör för betongvaror,close-match,low,https://taxonomy.api.jobtechdev.se/v1/taxonomy/graphql,30
Eqzc_jWa_bjw,Flight Information Officer,http://data.europa.eu/esco/occupation/4be03a63-0423-4e50-acbf-aec405bb0741,flygledarassistent,broad-match,low,https://taxonomy.api.jobtechdev.se/v1/taxonomy/graphql,30
EsHf_niD_7PB,Specialistofficer,http://data.europa.eu/esco/occupation/1de91afd-9da2-47ab-a7e7-19bf931709a4,specialförbandsofficer,narrow-match,low,https://taxonomy.api.jobtechdev.se/v1/taxonomy/graphql,30
EsHf_niD_7PB,Specialistofficer,http://data.europa.eu/esco/occupation/4a3f40a8-0587-494c-b8d3-7098b8c5992f,gruppbefäl,narrow-match,low,https://taxonomy.api.jobtechdev.se/v1/taxonomy/graphql,30
EsHf_niD_7PB,Specialistofficer,http://data.europa.eu/esco/occupation/853698f5-0f1e-42ae-9301-e5411a26dae2,"instruktör, försvarsmakten",exact-match,high,https://taxonomy.api.jobtechdev.se/v1/taxonomy/graphql,30
EsHf_niD_7PB,Specialistofficer,http://data.europa.eu/esco/occupation/86c892cf-09a3-44c8-b9d1-814d93dbcbb4,stridsledningsofficer,narrow-match,low,https://taxonomy.api.jobtechdev.se/v1/taxonomy/graphql,30
EsHf_niD_7PB,Specialistofficer,http://data.europa.eu/esco/occupation/cb3b2662-774a-4e6f-841e-f120244d7031,förste sergeant,narrow-match,low,https://taxonomy.api.jobtechdev.se/v1/taxonomy/graphql,30
EsXb_35r_rTR,Bolagsjurist,http://data.europa.eu/esco/occupation/fdfce14e-992d-4ff4-9f9d-7a353c75654e,företagsjurist,exact-match,high,https://taxonomy.api.jobtechdev.se/v1/taxonomy/graphql,30
EuTa_edS_Add,Florist,http://data.europa.eu/esco/occupation/c0768628-46ad-4077-aee0-66ab6d7711df,"specialiserad säljare, blommor och trädgård",close-match,low,https://taxonomy.api.jobtechdev.se/v1/taxonomy/graphql,30
Euqs_sFt_uAP,Ventilationstekniker,http://data.europa.eu/esco/occupation/79f435d0-9bc6-4d25-a26a-acbe16569ebb,"serviceinstallatör, uppvärmning och ventilation",broad-match,low,https://taxonomy.api.jobtechdev.se/v1/taxonomy/graphql,30
EymQ_sK4_wBA,Cykelmekaniker,http://data.europa.eu/esco/occupation/336cf331-8082-4a0c-bf5f-e7c54706211c,cykelreparatör,exact-match,high,https://taxonomy.api.jobtechdev.se/v1/taxonomy/graphql,30
EymQ_sK4_wBA,Cykelmekaniker,http://data.europa.eu/esco/occupation/e2e3ecfa-a77b-49df-857e-09dee26e4198,cykelmontör,close-match,low,https://taxonomy.api.jobtechdev.se/v1/taxonomy/graphql,30
EysC_CUe_gKG,Avdelningschef butik,http://data.europa.eu/esco/occupation/94e0bedd-e56e-42be-a5a4-b74a260f437c,avdelningschef,broad-match,low,https://taxonomy.api.jobtechdev.se/v1/taxonomy/graphql,30
EysC_CUe_gKG,Avdelningschef butik,http://data.europa.eu/esco/occupation/a79d9e58-36be-4e67-a4db-ea6c8ff445fc,"avdelningschef, butik",exact-match,high,https://taxonomy.api.jobtechdev.se/v1/taxonomy/graphql,30
F1CJ_eRU_TBg,VTS-operatör,http://data.europa.eu/esco/occupation/8908d5aa-ac58-465e-9b75-7e02ed4af3a9,"samordnare, vattentrafik",close-match,low,https://taxonomy.api.jobtechdev.se/v1/taxonomy/graphql,30
F33v_8KR_pP3,Fraktchef,http://data.europa.eu/esco/occupation/632e61c8-4e4b-44c7-b213-6dd5a174b143,distributionschef,narrow-match,low,https://taxonomy.api.jobtechdev.se/v1/taxonomy/graphql,30
F7YT_bKk_1jK,Hamnvärd,http://data.europa.eu/esco/occupation/b567a979-c556-49fa-8b36-8af6cfe97624,hamnarbetare/stuveriarbetare,close-match,low,https://taxonomy.api.jobtechdev.se/v1/taxonomy/graphql,30
F9MR_v8m_FT3,Gitarrtekniker,http://data.europa.eu/esco/occupation/82ea66b0-0f9c-44ed-94bc-0c5b829531b3,gitarrbyggare,close-match,low,https://taxonomy.api.jobtechdev.se/v1/taxonomy/graphql,30
FAT4_GT8_skE,Terapeut inom alternativmedicin,http://data.europa.eu/esco/occupation/11a6d0f6-e692-4774-aa5f-193b67d31022,kinesiolog,narrow-match,low,https://taxonomy.api.jobtechdev.se/v1/taxonomy/graphql,30
FAT4_GT8_skE,Terapeut inom alternativmedicin,http://data.europa.eu/esco/occupation/463558cd-6e02-43a8-a675-d4e65af70431,naturterapeut,narrow-match,low,https://taxonomy.api.jobtechdev.se/v1/taxonomy/graphql,30
FAT4_GT8_skE,Terapeut inom alternativmedicin,http://data.europa.eu/esco/occupation/61704d4b-f54b-43e5-a7de-bfd7a76f2f0d,homeopat,narrow-match,low,https://taxonomy.api.jobtechdev.se/v1/taxonomy/graphql,30
FAT4_GT8_skE,Terapeut inom alternativmedicin,http://data.europa.eu/esco/occupation/754c349d-67d5-48e5-81c1-e84d2fab59d0,aromaterapeut,narrow-match,low,https://taxonomy.api.jobtechdev.se/v1/taxonomy/graphql,30
FAT4_GT8_skE,Terapeut inom alternativmedicin,http://data.europa.eu/esco/occupation/b01affdd-c8a9-4121-bc50-a5be17f014eb,shiatsuterapeut,narrow-match,low,https://taxonomy.api.jobtechdev.se/v1/taxonomy/graphql,30
FAT4_GT8_skE,Terapeut inom alternativmedicin,http://data.europa.eu/esco/occupation/c2a29b8d-1042-4766-a162-e174c7a77421,terapeut inom alternativmedicin,exact-match,high,https://taxonomy.api.jobtechdev.se/v1/taxonomy/graphql,30
FAo1_Ftu_Jwc,Trädgårdsingenjör/Trädgårdstekniker,http://data.europa.eu/esco/occupation/a424aa0f-b3f1-41fb-901f-85e05fed83ed,trädgårdsdesigner,close-match,low,https://taxonomy.api.jobtechdev.se/v1/taxonomy/graphql,30
FC86_VDF_rqB,Teamledare,http://data.europa.eu/esco/occupation/8e24c53a-9dc6-46d1-986b-48a93f20df2a,gruppledare inom trädgårdsodling,narrow-match,low,https://taxonomy.api.jobtechdev.se/v1/taxonomy/graphql,30
FC86_VDF_rqB,Teamledare,http://data.europa.eu/esco/occupation/9d2aae3e-cbfe-409f-86cc-7cef9cd0435a,"arbetsledare, kontaktcenter",narrow-match,low,https://taxonomy.api.jobtechdev.se/v1/taxonomy/graphql,30
FC86_VDF_rqB,Teamledare,http://data.europa.eu/esco/occupation/af355ac4-dd89-44df-99a6-bba70202d6fe,"arbetsledare, dataregistrerare",narrow-match,low,https://taxonomy.api.jobtechdev.se/v1/taxonomy/graphql,30
FC86_VDF_rqB,Teamledare,http://data.europa.eu/esco/occupation/b73f4ce5-13fa-43a0-bbf6-01d7315849b8,gruppledare inom socialtjänst,narrow-match,low,https://taxonomy.api.jobtechdev.se/v1/taxonomy/graphql,30
FC86_VDF_rqB,Teamledare,http://data.europa.eu/esco/occupation/c76dda38-938c-404e-8a6d-78c8705eebc0,"kassaledare, butik",narrow-match,low,https://taxonomy.api.jobtechdev.se/v1/taxonomy/graphql,30
FC86_VDF_rqB,Teamledare,http://data.europa.eu/esco/occupation/dd25a2b0-add0-4ae2-bd85-bb644e0d0c39,"arbetsledare, callcenter",narrow-match,low,https://taxonomy.api.jobtechdev.se/v1/taxonomy/graphql,30
FC86_VDF_rqB,Teamledare,http://data.europa.eu/esco/occupation/f5e80af5-eebe-4133-878a-5dc5ef34fe93,gruppledare inom växtodling,narrow-match,low,https://taxonomy.api.jobtechdev.se/v1/taxonomy/graphql,30
FCZt_EXF_Pag,Drifttekniker vattenverk VA,http://data.europa.eu/esco/occupation/1ab184b6-de00-4476-ba1d-c6a71c668be3,"processtekniker, vattenrening",narrow-match,low,https://taxonomy.api.jobtechdev.se/v1/taxonomy/graphql,30
FCZt_EXF_Pag,Drifttekniker vattenverk VA,http://data.europa.eu/esco/occupation/7af81505-6681-49b5-b65e-401884a71f1f,"maskintekniker, vattenverk",narrow-match,low,https://taxonomy.api.jobtechdev.se/v1/taxonomy/graphql,30
FCZt_EXF_Pag,Drifttekniker vattenverk VA,http://data.europa.eu/esco/occupation/7f800e7d-9d86-406a-9116-b5eca7526869,"underhållstekniker, vattenverk",narrow-match,low,https://taxonomy.api.jobtechdev.se/v1/taxonomy/graphql,30
FGRF_jsk_MQ3,"Hjullastarförare, anläggning",http://data.europa.eu/esco/occupation/eeac6251-1974-42f5-91ed-513c6c883755,truckförare,close-match,low,https://taxonomy.api.jobtechdev.se/v1/taxonomy/graphql,30
FGRF_jsk_MQ3,"Hjullastarförare, anläggning",http://data.europa.eu/esco/occupation/eedbf8b1-9432-4f42-ab7f-db5cd3eb2a05,grävmaskinsförare,close-match,low,https://taxonomy.api.jobtechdev.se/v1/taxonomy/graphql,30
FHwx_yXu_FAd,IT-säkerhetsanalytiker,http://data.europa.eu/esco/occupation/0ce5a9f4-e00a-4bbe-b255-3c63407167a4,ansvarig för hantering av cyberincidenter,exact-match,high,https://taxonomy.api.jobtechdev.se/v1/taxonomy/graphql,30
FHwx_yXu_FAd,IT-säkerhetsanalytiker,http://data.europa.eu/esco/occupation/76ef0a87-6afe-4560-b5d0-9a086abe45c5,moralisk hacker,close-match,low,https://taxonomy.api.jobtechdev.se/v1/taxonomy/graphql,30
FHwx_yXu_FAd,IT-säkerhetsanalytiker,http://data.europa.eu/esco/occupation/7754d570-9519-48c2-b1c9-8e165f8bca0f,"riskanalytiker, cybersäkerhet",exact-match,high,https://taxonomy.api.jobtechdev.se/v1/taxonomy/graphql,30
FHwx_yXu_FAd,IT-säkerhetsanalytiker,http://data.europa.eu/esco/occupation/a99b38bc-6e71-4bef-b127-0f2b5e357815,specialist inom IKT-motståndskraft,narrow-match,low,https://taxonomy.api.jobtechdev.se/v1/taxonomy/graphql,30
FKGg_b6g_hvN,Glasbruksarbetare,http://data.europa.eu/esco/occupation/64a68a43-24be-4929-95ce-5b14617199d1,glasblåsare,close-match,low,https://taxonomy.api.jobtechdev.se/v1/taxonomy/graphql,30
FKGg_b6g_hvN,Glasbruksarbetare,http://data.europa.eu/esco/occupation/c9f6c245-8c66-4b13-9253-9835194abb23,glasverksarbetare,close-match,low,https://taxonomy.api.jobtechdev.se/v1/taxonomy/graphql,30
FLLX_TUw_rU5,Nagelterapeut,http://data.europa.eu/esco/occupation/bced9b86-d4e7-42f8-bb47-acb2001b9bd0,nagelterapeut,exact-match,high,https://taxonomy.api.jobtechdev.se/v1/taxonomy/graphql,30
FLtw_mmR_SZM,"ST-läkare, klinisk farmakologi",http://data.europa.eu/esco/occupation/71f09c8b-a172-408c-b9e7-32e580e39ff6,läkare,close-match,low,https://taxonomy.api.jobtechdev.se/v1/taxonomy/graphql,30
FM1r_vQd_zS8,Smed,http://data.europa.eu/esco/occupation/0ab64770-9fd7-4baf-8abf-b1ac0e1538ba,pressmed,narrow-match,low,https://taxonomy.api.jobtechdev.se/v1/taxonomy/graphql,30
FM1r_vQd_zS8,Smed,http://data.europa.eu/esco/occupation/93a8bd5f-c268-46f5-8461-1138a9a96189,hammarsmed,narrow-match,low,https://taxonomy.api.jobtechdev.se/v1/taxonomy/graphql,30
FM1r_vQd_zS8,Smed,http://data.europa.eu/esco/occupation/c44f9f8c-46a6-40da-9630-cc568a18cc51,byggnadssmed,narrow-match,low,https://taxonomy.api.jobtechdev.se/v1/taxonomy/graphql,30
FM1r_vQd_zS8,Smed,http://data.europa.eu/esco/occupation/fccecd5d-ad90-41a8-bb89-96d7595abca3,smed,exact-match,high,https://taxonomy.api.jobtechdev.se/v1/taxonomy/graphql,30
FMqS_ifG_ot3,Betongelementmontör,http://data.europa.eu/esco/occupation/95da5e1b-cc1e-46bd-96c4-81d4f7003080,husmontör,close-match,low,https://taxonomy.api.jobtechdev.se/v1/taxonomy/graphql,30
FTFm_Rp2_k6t,Flygledare,http://data.europa.eu/esco/occupation/2f8acdc5-76f5-498b-9818-df075e324eaa,"flygledare, flygkommunikation och frekvenssamordning",narrow-match,low,https://taxonomy.api.jobtechdev.se/v1/taxonomy/graphql,30
FTFm_Rp2_k6t,Flygledare,http://data.europa.eu/esco/occupation/3c2da05f-eb24-41f7-8307-46c96660fee0,flygledare,exact-match,high,https://taxonomy.api.jobtechdev.se/v1/taxonomy/graphql,30
FTFm_Rp2_k6t,Flygledare,http://data.europa.eu/esco/occupation/8c8ec7a2-adbb-4d1a-9a56-a7048d66c00b,"flygledare, lufttrafikövervakning och kodsamordning",narrow-match,low,https://taxonomy.api.jobtechdev.se/v1/taxonomy/graphql,30
FTFm_Rp2_k6t,Flygledare,http://data.europa.eu/esco/occupation/cfda19c9-c7e1-497d-a18b-66e29c773745,"flygledare, luftrumsplanering",narrow-match,low,https://taxonomy.api.jobtechdev.se/v1/taxonomy/graphql,30
FVGD_Qb5_oxT,Dövkonsulent,http://data.europa.eu/esco/occupation/caf7b8fb-b2d6-46b7-bffa-bea7f8e4aed8,"handläggare, offentlig förvaltning",close-match,low,https://taxonomy.api.jobtechdev.se/v1/taxonomy/graphql,30
FVym_vuE_zrk,Arbetsrättsjurist,http://data.europa.eu/esco/occupation/31854d78-3615-43a4-aa3a-c597ecb20ceb,juridisk rådgivare,broad-match,low,https://taxonomy.api.jobtechdev.se/v1/taxonomy/graphql,30
FZrG_W9Q_fE7,Ugnsmurare,http://data.europa.eu/esco/occupation/05f321f8-055b-407d-bf19-e0ddabda56b7,murare,broad-match,low,https://taxonomy.api.jobtechdev.se/v1/taxonomy/graphql,30
Fa62_Ypt_bsw,"Projektledare, VS",http://data.europa.eu/esco/occupation/bea99fea-0383-4c63-b944-70d4799de2c5,projektledare,broad-match,low,https://taxonomy.api.jobtechdev.se/v1/taxonomy/graphql,30
Fahu_B3C_9H2,Geolog,http://data.europa.eu/esco/occupation/84cb6e91-ce11-409e-9306-23c9698631af,markingenjör,close-match,low,https://taxonomy.api.jobtechdev.se/v1/taxonomy/graphql,30
Fahu_B3C_9H2,Geolog,http://data.europa.eu/esco/occupation/86a0c9ab-c3fa-41a3-ad3e-d0083036b3d6,mineralog,narrow-match,low,https://taxonomy.api.jobtechdev.se/v1/taxonomy/graphql,30
Fahu_B3C_9H2,Geolog,http://data.europa.eu/esco/occupation/92efb42f-6b0a-44d8-94ea-0141555e6c3b,miljögeolog,narrow-match,low,https://taxonomy.api.jobtechdev.se/v1/taxonomy/graphql,30
Fahu_B3C_9H2,Geolog,http://data.europa.eu/esco/occupation/c6196b21-20f9-4608-83fb-6f143afc740d,geolog,exact-match,high,https://taxonomy.api.jobtechdev.se/v1/taxonomy/graphql,30
Fahu_B3C_9H2,Geolog,http://data.europa.eu/esco/occupation/fb3f5f35-e6f7-4168-aef2-e4dfb7f2a3ee,geologassistent,broad-match,low,https://taxonomy.api.jobtechdev.se/v1/taxonomy/graphql,30
Fb9B_93K_hHP,Kvalitetsrevisor,http://data.europa.eu/esco/occupation/eda0d957-3c3c-4139-b89a-a18bc9e18897,revisor,broad-match,low,https://taxonomy.api.jobtechdev.se/v1/taxonomy/graphql,30
Fc5F_3Wu_B8K,Ljudmixare,http://data.europa.eu/esco/occupation/239707a0-4754-4f4b-80b6-6b1ef5657aed,masteringtekniker,narrow-match,low,https://taxonomy.api.jobtechdev.se/v1/taxonomy/graphql,30
Fc5F_3Wu_B8K,Ljudmixare,http://data.europa.eu/esco/occupation/2cbb23b0-0bf1-4871-9e6d-18f005987310,ljudassistent,close-match,low,https://taxonomy.api.jobtechdev.se/v1/taxonomy/graphql,30
FebZ_LFa_Jns,Stand-up-komiker,http://data.europa.eu/esco/occupation/bd2c868c-371b-4958-83b4-012c52bc7faf,ståuppkomiker,exact-match,high,https://taxonomy.api.jobtechdev.se/v1/taxonomy/graphql,30
Ff3e_S5X_gQr,Miljöskyddschef,http://data.europa.eu/esco/occupation/4b214899-ed00-4156-b269-a23df0fb1093,miljöskyddschef,exact-match,high,https://taxonomy.api.jobtechdev.se/v1/taxonomy/graphql,30
FgiY_svX_9zC,Ombordservicepersonal,http://data.europa.eu/esco/occupation/6a2270bc-3f69-4cfd-b99b-fdc2c70d1779,båtvärd,narrow-match,low,https://taxonomy.api.jobtechdev.se/v1/taxonomy/graphql,30
FgiY_svX_9zC,Ombordservicepersonal,http://data.europa.eu/esco/occupation/731ecac4-06e8-4ec2-a559-101fecbd9183,städare,narrow-match,low,https://taxonomy.api.jobtechdev.se/v1/taxonomy/graphql,30
FgiY_svX_9zC,Ombordservicepersonal,http://data.europa.eu/esco/occupation/d5db9d5c-2ebf-4a54-a79a-1b7e7ff70471,servitör/servitris,narrow-match,low,https://taxonomy.api.jobtechdev.se/v1/taxonomy/graphql,30
FiWA_Jek_TCx,Arbetsledare trädgårdsodling,http://data.europa.eu/esco/occupation/8e24c53a-9dc6-46d1-986b-48a93f20df2a,gruppledare inom trädgårdsodling,exact-match,high,https://taxonomy.api.jobtechdev.se/v1/taxonomy/graphql,30
FiWA_Jek_TCx,Arbetsledare trädgårdsodling,http://data.europa.eu/esco/occupation/d36b66f8-c08a-4416-953b-62c271ca7509,ansvarig för trädgårdsodling,exact-match,high,https://taxonomy.api.jobtechdev.se/v1/taxonomy/graphql,30
Fm8o_wRF_NNv,Beredare underhåll inom industriell tillverkning,http://data.europa.eu/esco/occupation/11833a96-fc27-4b03-a53d-892ac891a2bb,produktionstekniker,broad-match,low,https://taxonomy.api.jobtechdev.se/v1/taxonomy/graphql,30
FntA_2Z4_8zD,Grillkock snabbmat,http://data.europa.eu/esco/occupation/96a0d8d3-d4a6-473d-80d6-b5dbadde940a,grillbiträde,exact-match,high,https://taxonomy.api.jobtechdev.se/v1/taxonomy/graphql,30
Fres_s5p_YxD,"ST-läkare, neurologi",http://data.europa.eu/esco/occupation/71f09c8b-a172-408c-b9e7-32e580e39ff6,läkare,close-match,low,https://taxonomy.api.jobtechdev.se/v1/taxonomy/graphql,30
FtjZ_ATU_Sup,Djurvårdare,http://data.europa.eu/esco/occupation/0b14d5d7-1bbe-4403-b9e6-7b0f37fc44fc,djurvårdare,exact-match,high,https://taxonomy.api.jobtechdev.se/v1/taxonomy/graphql,30
FtjZ_ATU_Sup,Djurvårdare,http://data.europa.eu/esco/occupation/0ee5a71a-3c85-48af-bf81-824d3561737a,pälsdjursuppfödare,narrow-match,low,https://taxonomy.api.jobtechdev.se/v1/taxonomy/graphql,30
FtjZ_ATU_Sup,Djurvårdare,http://data.europa.eu/esco/occupation/15cc27b1-7358-48ed-9fb8-69ffe9f1fc98,specialist inom artificiell insemination av djur,narrow-match,low,https://taxonomy.api.jobtechdev.se/v1/taxonomy/graphql,30
FtjZ_ATU_Sup,Djurvårdare,http://data.europa.eu/esco/occupation/319f9864-7f13-4b0c-a827-d50295e239ad,specialist inom djurembryoöverföring,narrow-match,low,https://taxonomy.api.jobtechdev.se/v1/taxonomy/graphql,30
FtjZ_ATU_Sup,Djurvårdare,http://data.europa.eu/esco/occupation/62204bd8-98b5-418f-b189-7333904cbde7,"arbetsledare, djurpark",narrow-match,low,https://taxonomy.api.jobtechdev.se/v1/taxonomy/graphql,30
FtjZ_ATU_Sup,Djurvårdare,http://data.europa.eu/esco/occupation/7c5e4ca1-e8be-4297-9014-509d5ba57210,djurparksguide,narrow-match,low,https://taxonomy.api.jobtechdev.se/v1/taxonomy/graphql,30
FtjZ_ATU_Sup,Djurvårdare,http://data.europa.eu/esco/occupation/99ebf2c2-1811-4c77-b2e6-7008cba29ea0,veterinärassistent,narrow-match,low,https://taxonomy.api.jobtechdev.se/v1/taxonomy/graphql,30
FtjZ_ATU_Sup,Djurvårdare,http://data.europa.eu/esco/occupation/f00154a5-d27f-429e-b9a4-1d65c672cee7,"receptionist, veterinärmottagning",narrow-match,low,https://taxonomy.api.jobtechdev.se/v1/taxonomy/graphql,30
FtjZ_ATU_Sup,Djurvårdare,http://data.europa.eu/esco/occupation/f7066fc0-5f2f-43a9-bd35-a99e6119490d,"djurvårdare, djurpark",narrow-match,low,https://taxonomy.api.jobtechdev.se/v1/taxonomy/graphql,30
FuJx_cGT_5im,"Civilingenjör, elkraft",http://data.europa.eu/esco/occupation/58db3ac6-5217-4d46-8a4c-126598be1d13,"civilingenjör, elkraft",exact-match,high,https://taxonomy.api.jobtechdev.se/v1/taxonomy/graphql,30
FuJx_cGT_5im,"Civilingenjör, elkraft",http://data.europa.eu/esco/occupation/76abbb82-c103-4d7a-a4c0-14dba4d6199a,standardiseringsingenjör,broad-match,low,https://taxonomy.api.jobtechdev.se/v1/taxonomy/graphql,30
FuJx_cGT_5im,"Civilingenjör, elkraft",http://data.europa.eu/esco/occupation/ac37627c-a999-4779-997e-9795cc4f9a3d,"ingenjör, effektfördelning",narrow-match,low,https://taxonomy.api.jobtechdev.se/v1/taxonomy/graphql,30
FuJx_cGT_5im,"Civilingenjör, elkraft",http://data.europa.eu/esco/occupation/f1b89616-5dfe-40d4-8b02-58a6982b1a01,"ingenjör, transformator",narrow-match,low,https://taxonomy.api.jobtechdev.se/v1/taxonomy/graphql,30
FwM7_WYB_qgc,Socialsekreterare,http://data.europa.eu/esco/occupation/094e04fd-3039-4615-850b-b232794f84f5,ungdomsinformatör,narrow-match,low,https://taxonomy.api.jobtechdev.se/v1/taxonomy/graphql,30
FwM7_WYB_qgc,Socialsekreterare,http://data.europa.eu/esco/occupation/186ef31e-f26f-4320-a307-c5f95d6cb284,socionomkonsult,narrow-match,low,https://taxonomy.api.jobtechdev.se/v1/taxonomy/graphql,30
FwM7_WYB_qgc,Socialsekreterare,http://data.europa.eu/esco/occupation/4bdc4e52-1c9c-4d80-898a-18522d905fee,"stödperson, ungdomsbrottslingar",narrow-match,low,https://taxonomy.api.jobtechdev.se/v1/taxonomy/graphql,30
FwM7_WYB_qgc,Socialsekreterare,http://data.europa.eu/esco/occupation/5727b567-993d-4d41-a13d-81a6af1a9a8e,socialrådgivare,exact-match,high,https://taxonomy.api.jobtechdev.se/v1/taxonomy/graphql,30
FwM7_WYB_qgc,Socialsekreterare,http://data.europa.eu/esco/occupation/6a6ce738-b049-4521-b402-8e1f346c7eca,"socialsekreterare, hemlösa",narrow-match,low,https://taxonomy.api.jobtechdev.se/v1/taxonomy/graphql,30
FwM7_WYB_qgc,Socialsekreterare,http://data.europa.eu/esco/occupation/b7507136-e71e-47e8-b873-e77d5cdf2922,ungdomsledare,narrow-match,low,https://taxonomy.api.jobtechdev.se/v1/taxonomy/graphql,30
FwM7_WYB_qgc,Socialsekreterare,http://data.europa.eu/esco/occupation/ce53a1b2-2fec-4d04-9390-47fb3dd525f0,socialsekreterare,exact-match,high,https://taxonomy.api.jobtechdev.se/v1/taxonomy/graphql,30
FwM7_WYB_qgc,Socialsekreterare,http://data.europa.eu/esco/occupation/ff2c1183-3fd7-40c7-8ddc-b20b100363c3,"socialsekreterare, utvecklingsstöd",narrow-match,low,https://taxonomy.api.jobtechdev.se/v1/taxonomy/graphql,30
Fxue_CC5_2Fy,"Civilingenjör, farkostteknik",http://data.europa.eu/esco/occupation/5a58da2b-2fa0-40d4-a9f5-fead48e7de88,"civilingenjör, farkostteknik",exact-match,high,https://taxonomy.api.jobtechdev.se/v1/taxonomy/graphql,30
Fxue_CC5_2Fy,"Civilingenjör, farkostteknik",http://data.europa.eu/esco/occupation/9e47c727-5718-48f1-a567-6a4c09397a21,ingenjör i aerodynamik,close-match,low,https://taxonomy.api.jobtechdev.se/v1/taxonomy/graphql,30
G1Mf_Kj8_2WE,Arbetsförmedlingschef,http://data.europa.eu/esco/occupation/94e0bedd-e56e-42be-a5a4-b74a260f437c,avdelningschef,broad-match,low,https://taxonomy.api.jobtechdev.se/v1/taxonomy/graphql,30
G55Q_Z4z_nFt,Förbundsdirektör,http://data.europa.eu/esco/occupation/e9cf8b24-6b8b-47cc-9dd3-b601aa135960,chefstjänsteman vid intresseorganisation,close-match,low,https://taxonomy.api.jobtechdev.se/v1/taxonomy/graphql,30
GAuY_xyP_5bQ,"Distriktschef, skogsbruk",http://data.europa.eu/esco/occupation/f04eaeff-52f5-4d52-93ad-6f846884827f,skogvakt,close-match,low,https://taxonomy.api.jobtechdev.se/v1/taxonomy/graphql,30
GBys_6Zx_25W,Piercare,http://data.europa.eu/esco/occupation/40da2fc6-8cb4-4cd3-8fe3-899715905070,tatuerare/piercare,broad-match,low,https://taxonomy.api.jobtechdev.se/v1/taxonomy/graphql,30
GCnM_ryR_1ie,Lantmäteriingenjör,http://data.europa.eu/esco/occupation/2561879a-dd0a-454e-ae6e-9be6c488eb56,"mättekniker, lantmäteri",close-match,low,https://taxonomy.api.jobtechdev.se/v1/taxonomy/graphql,30
GCza_QNs_oUe,"Driftingenjör, VA",http://data.europa.eu/esco/occupation/13331bd9-0599-47c0-9812-29650c218de3,VA-ingenjör,close-match,low,https://taxonomy.api.jobtechdev.se/v1/taxonomy/graphql,30
GDHs_eoz_uKx,Frontend-utvecklare,http://data.europa.eu/esco/occupation/866c7813-2c03-47d7-9bdc-192cfbace57c,gränssnittsutvecklare,exact-match,high,https://taxonomy.api.jobtechdev.se/v1/taxonomy/graphql,30
GEaX_Yq9_zfB,Brukarspecialist,http://data.europa.eu/esco/occupation/5a9acd29-666c-4ca1-b10e-e086584a526b,"skötare, psykiatri",close-match,low,https://taxonomy.api.jobtechdev.se/v1/taxonomy/graphql,30
GFu2_s4q_9sr,Redaktör,http://data.europa.eu/esco/occupation/26ce22fe-4018-4387-8e6b-c2555f5fc0ac,tidningsredaktör,narrow-match,low,https://taxonomy.api.jobtechdev.se/v1/taxonomy/graphql,30
GFu2_s4q_9sr,Redaktör,http://data.europa.eu/esco/occupation/8bd74371-1818-47d5-a253-d703c51c5f26,redaktör,exact-match,high,https://taxonomy.api.jobtechdev.se/v1/taxonomy/graphql,30
GFu2_s4q_9sr,Redaktör,http://data.europa.eu/esco/occupation/b65530b8-0b50-49da-8e9e-331b161374a5,nyhetsredaktör,narrow-match,low,https://taxonomy.api.jobtechdev.se/v1/taxonomy/graphql,30
GFu2_s4q_9sr,Redaktör,http://data.europa.eu/esco/occupation/f8d14b95-6a36-4290-b226-2342e236406e,tidskriftsredaktör,narrow-match,low,https://taxonomy.api.jobtechdev.se/v1/taxonomy/graphql,30
GLCR_pYe_cxx,Hantverkspedagog,http://data.europa.eu/esco/occupation/e1416610-ad08-4f37-8b46-9f99632a5c0f,inredningssnickare,close-match,low,https://taxonomy.api.jobtechdev.se/v1/taxonomy/graphql,30
GLp9_DyP_gHJ,Lagerplanerare,http://data.europa.eu/esco/occupation/d7a9f9e0-e2f5-4804-a0e0-b21ebb1403ee,lagerkontorist,broad-match,low,https://taxonomy.api.jobtechdev.se/v1/taxonomy/graphql,30
GLvv_qyx_iMK,"Områdeschef, omsorg",http://data.europa.eu/esco/occupation/eea2b5c6-48d1-4612-957e-585783b3c7bb,"chef, äldreboende",close-match,low,https://taxonomy.api.jobtechdev.se/v1/taxonomy/graphql,30
GNX3_2s8_99p,Spaterapeut,http://data.europa.eu/esco/occupation/2d5a50c6-0bf4-45c3-805c-44d1bf1e3d12,spa-skötare,exact-match,high,https://taxonomy.api.jobtechdev.se/v1/taxonomy/graphql,30
GNX3_2s8_99p,Spaterapeut,http://data.europa.eu/esco/occupation/be375e11-9a70-47cb-8091-711c94ed0c13,solarievärd,close-match,low,https://taxonomy.api.jobtechdev.se/v1/taxonomy/graphql,30
GPNi_fJR_B2B,Inredningsdesigner,http://data.europa.eu/esco/occupation/73e776fb-4d99-4031-bad4-7716f121155d,inredare,exact-match,high,https://taxonomy.api.jobtechdev.se/v1/taxonomy/graphql,30
GPNi_fJR_B2B,Inredningsdesigner,http://data.europa.eu/esco/occupation/773e5ea3-235b-4e72-afc5-290dd841eed8,inredningsplanerare,exact-match,high,https://taxonomy.api.jobtechdev.se/v1/taxonomy/graphql,30
GQSf_fnq_kjF,Truckförare,http://data.europa.eu/esco/occupation/eeac6251-1974-42f5-91ed-513c6c883755,truckförare,exact-match,high,https://taxonomy.api.jobtechdev.se/v1/taxonomy/graphql,30
GTFy_iPM_msj,Butikskommunikatör/Visual merchandiser,http://data.europa.eu/esco/occupation/35eb0aa6-b40d-449d-9390-719be8912277,dekoratör,exact-match,high,https://taxonomy.api.jobtechdev.se/v1/taxonomy/graphql,30
GTFy_iPM_msj,Butikskommunikatör/Visual merchandiser,http://data.europa.eu/esco/occupation/f1fcad3b-fdf0-444a-81b0-e50e96f8966a,produktkommunikatör,exact-match,high,https://taxonomy.api.jobtechdev.se/v1/taxonomy/graphql,30
GX5o_8RD_rxJ,Demograf,http://data.europa.eu/esco/occupation/ff656b3a-65a8-4b4f-b04e-9db12936519b,demograf,exact-match,high,https://taxonomy.api.jobtechdev.se/v1/taxonomy/graphql,30
GYAV_4Mc_kUe,"Lärling, väghyvelförare",http://data.europa.eu/esco/occupation/426c8cca-31f7-4a88-af60-6f5365ab3a62,väghyvelförare,exact-match,high,https://taxonomy.api.jobtechdev.se/v1/taxonomy/graphql,30
GYd6_A2J_kFK,Kemiingenjör,http://data.europa.eu/esco/occupation/35bc3847-58ad-46f5-8921-e58acc2762a6,kemiingenjör,exact-match,high,https://taxonomy.api.jobtechdev.se/v1/taxonomy/graphql,30
GZ7s_P2E_NGC,Diabetessjuksköterska,http://data.europa.eu/esco/occupation/18e14e61-495b-44cc-a7c6-df4c625934ba,specialistsjuksköterska,broad-match,low,https://taxonomy.api.jobtechdev.se/v1/taxonomy/graphql,30
GaiH_Bzd_mU5,Elektronikmontör,http://data.europa.eu/esco/occupation/140613c4-8c3c-43c5-8525-2f63231c95b0,"montör, halvledare",narrow-match,low,https://taxonomy.api.jobtechdev.se/v1/taxonomy/graphql,30
GaiH_Bzd_mU5,Elektronikmontör,http://data.europa.eu/esco/occupation/2555a1bc-9f30-4371-9499-64793e48cd55,kretskortsprovare,narrow-match,low,https://taxonomy.api.jobtechdev.se/v1/taxonomy/graphql,30
GaiH_Bzd_mU5,Elektronikmontör,http://data.europa.eu/esco/occupation/3e524c3e-3ee8-47dd-8463-2c2a41b548bf,"montör, elektrisk utrustning",exact-match,high,https://taxonomy.api.jobtechdev.se/v1/taxonomy/graphql,30
GaiH_Bzd_mU5,Elektronikmontör,http://data.europa.eu/esco/occupation/6565dc02-14e4-4819-b99c-44c352000f43,"montör, elektronisk utrustning",exact-match,high,https://taxonomy.api.jobtechdev.se/v1/taxonomy/graphql,30
GaiH_Bzd_mU5,Elektronikmontör,http://data.europa.eu/esco/occupation/c44a118d-18c1-46ac-985f-3e802a064b73,"montör, kontrollutrustning",narrow-match,low,https://taxonomy.api.jobtechdev.se/v1/taxonomy/graphql,30
GaiH_Bzd_mU5,Elektronikmontör,http://data.europa.eu/esco/occupation/d44c5eb0-fc6c-4f4a-9850-f2f29aaac505,"montör, elektromekanik",exact-match,high,https://taxonomy.api.jobtechdev.se/v1/taxonomy/graphql,30
GaiH_Bzd_mU5,Elektronikmontör,http://data.europa.eu/esco/occupation/da00cd76-22fe-450d-aefc-f4e4a3864171,kretskortmontör,narrow-match,low,https://taxonomy.api.jobtechdev.se/v1/taxonomy/graphql,30
Gas4_5AR_GZC,Departementssekreterare,http://data.europa.eu/esco/occupation/caf7b8fb-b2d6-46b7-bffa-bea7f8e4aed8,"handläggare, offentlig förvaltning",broad-match,low,https://taxonomy.api.jobtechdev.se/v1/taxonomy/graphql,30
Gbx4_8HD_tme,Drifttekniker ledningsnät VA,http://data.europa.eu/esco/occupation/d43e9693-7087-412c-b54c-e9068012630a,"drifttekniker, reningsverk",close-match,low,https://taxonomy.api.jobtechdev.se/v1/taxonomy/graphql,30
Gdut_cSX_aRC,Rekvisitör,http://data.europa.eu/esco/occupation/9b3c6dd8-4d3b-4a12-8bb8-55bb2e92c3a6,rekvisitör,exact-match,high,https://taxonomy.api.jobtechdev.se/v1/taxonomy/graphql,30
Ge1J_Xyz_cAL,Skattejurist,http://data.europa.eu/esco/occupation/31854d78-3615-43a4-aa3a-c597ecb20ceb,juridisk rådgivare,close-match,low,https://taxonomy.api.jobtechdev.se/v1/taxonomy/graphql,30
Geiy_N5y_GLi,Hundförare,http://data.europa.eu/esco/occupation/4cbe5a17-056c-489a-9f10-f9d816905000,väktare,broad-match,low,https://taxonomy.api.jobtechdev.se/v1/taxonomy/graphql,30
GgmE_SvH_mtm,Veterinär,http://data.europa.eu/esco/occupation/32ef07df-1b0a-439a-916e-8289eb9f4895,hästtandtekniker,narrow-match,low,https://taxonomy.api.jobtechdev.se/v1/taxonomy/graphql,30
GgmE_SvH_mtm,Veterinär,http://data.europa.eu/esco/occupation/4ce42c3c-8a46-40b6-9274-1f5cee3c5cba,veterinär,exact-match,high,https://taxonomy.api.jobtechdev.se/v1/taxonomy/graphql,30
GgmE_SvH_mtm,Veterinär,http://data.europa.eu/esco/occupation/eb6efbb9-9216-4e86-bc3b-de2223cd4667,veterinär inom allmän medicin,exact-match,high,https://taxonomy.api.jobtechdev.se/v1/taxonomy/graphql,30
GhGu_qim_5oB,Embryolog,http://data.europa.eu/esco/occupation/eee68e13-8248-43bb-a9fb-959832a6c217,biolog,broad-match,low,https://taxonomy.api.jobtechdev.se/v1/taxonomy/graphql,30
GhhA_SVR_Nsr,Matematisk statistiker,http://data.europa.eu/esco/occupation/ac8b3cd1-a127-4e6a-8208-5cfcf7111955,statistiker,broad-match,low,https://taxonomy.api.jobtechdev.se/v1/taxonomy/graphql,30
Ghnc_JiW_xqy,"Specialistläkare, akutsjukvård",http://data.europa.eu/esco/occupation/9b889f07-c39c-464d-b9d9-b2daa650f9ac,specialistläkare,broad-match,low,https://taxonomy.api.jobtechdev.se/v1/taxonomy/graphql,30
Gic7_SUy_mGj,Fartygsreparatör,http://data.europa.eu/esco/occupation/6b46ea2f-403a-473c-b2e5-9fcf0c2bd634,"fartygsreparatör, fiskefartyg",narrow-match,low,https://taxonomy.api.jobtechdev.se/v1/taxonomy/graphql,30
Gic7_SUy_mGj,Fartygsreparatör,http://data.europa.eu/esco/occupation/88589d68-b870-440e-8444-32e9935cbbbc,"motorman, fartyg",close-match,low,https://taxonomy.api.jobtechdev.se/v1/taxonomy/graphql,30
Gj5E_c7b_YHD,Supply chain manager/SCM manager,http://data.europa.eu/esco/occupation/aacc3918-b5d3-484b-9480-5d29aa550d74,flödeschef,exact-match,high,https://taxonomy.api.jobtechdev.se/v1/taxonomy/graphql,30
Gjz2_EJT_HGL,Kravanalytiker,http://data.europa.eu/esco/occupation/04ba4d6c-957d-417f-bf63-5b9e015a9f86,programvaruanalytiker,exact-match,high,https://taxonomy.api.jobtechdev.se/v1/taxonomy/graphql,30
GkMH_KEV_QKX,Spårvagnsförare,http://data.europa.eu/esco/occupation/03e02554-15d1-4697-960c-8909e7d36f7e,spårvagnsförare,exact-match,high,https://taxonomy.api.jobtechdev.se/v1/taxonomy/graphql,30
GnQz_w5A_c8Q,Reseproducent,http://data.europa.eu/esco/occupation/3ae4fd99-814a-4d06-a7db-5ee680c22e26,förhandlare av turistavtal,close-match,low,https://taxonomy.api.jobtechdev.se/v1/taxonomy/graphql,30
Gnrd_Brt_15j,Energiingenjör,http://data.europa.eu/esco/occupation/b2cede50-82bb-4684-9f11-1930e12ad672,energiingenjör,broad-match,low,https://taxonomy.api.jobtechdev.se/v1/taxonomy/graphql,30
GpE8_Cy4_zL8,Skidliftvärd,http://data.europa.eu/esco/occupation/e31c83ac-cb74-4936-88f1-90ed0997b29b,nöjes- och rekreationsvärd,broad-match,low,https://taxonomy.api.jobtechdev.se/v1/taxonomy/graphql,30
GrZU_ofe_QAx,Controller,http://data.europa.eu/esco/occupation/5e5b1b61-1351-4d3b-a293-deb3661715dd,styrekonom,close-match,low,https://taxonomy.api.jobtechdev.se/v1/taxonomy/graphql,30
GrZU_ofe_QAx,Controller,http://data.europa.eu/esco/occupation/9f12704c-5e6c-47b0-a866-3b92663e6a4b,resurschef,close-match,low,https://taxonomy.api.jobtechdev.se/v1/taxonomy/graphql,30
Gs8E_rxg_vLX,Regionsekreterare,http://data.europa.eu/esco/occupation/caf7b8fb-b2d6-46b7-bffa-bea7f8e4aed8,"handläggare, offentlig förvaltning",close-match,low,https://taxonomy.api.jobtechdev.se/v1/taxonomy/graphql,30
Gse3_SPL_dyP,Taxitelefonist,http://data.europa.eu/esco/occupation/0bf68df5-e808-4c27-abf2-6f85440f2d7f,växeltelefonist,close-match,low,https://taxonomy.api.jobtechdev.se/v1/taxonomy/graphql,30
Gse3_SPL_dyP,Taxitelefonist,http://data.europa.eu/esco/occupation/61ed67cd-67d7-44d8-bc2d-47fc79110a59,"trafikledare, taxi",exact-match,high,https://taxonomy.api.jobtechdev.se/v1/taxonomy/graphql,30
GshP_4E5_XSN,Bildarkivarie,http://data.europa.eu/esco/occupation/e3b08984-19fe-4d51-a1b0-990676fc7234,arkivarie,broad-match,low,https://taxonomy.api.jobtechdev.se/v1/taxonomy/graphql,30
GtM1_tT6_UUy,Kontorsvaktmästare,http://data.europa.eu/esco/occupation/3cc51201-cd20-47f8-92ad-4d5861f963cf,hotellvaktmästare,narrow-match,low,https://taxonomy.api.jobtechdev.se/v1/taxonomy/graphql,30
GuRB_LaM_Adb,Civilingenjör inom elektroteknik,http://data.europa.eu/esco/occupation/4d34a9ee-2653-4da0-bef7-f59294577224,elektroingenjör,narrow-match,low,https://taxonomy.api.jobtechdev.se/v1/taxonomy/graphql,30
GuRB_LaM_Adb,Civilingenjör inom elektroteknik,http://data.europa.eu/esco/occupation/7648d5d9-cfab-4981-ba82-b66a9a41d37e,"ingenjör, batterisystem",narrow-match,low,https://taxonomy.api.jobtechdev.se/v1/taxonomy/graphql,30
GuRB_LaM_Adb,Civilingenjör inom elektroteknik,http://data.europa.eu/esco/occupation/7b4744a8-a4e3-4104-9b74-4ec54108af7b,"designer, mikroelektronik",narrow-match,low,https://taxonomy.api.jobtechdev.se/v1/taxonomy/graphql,30
GuRB_LaM_Adb,Civilingenjör inom elektroteknik,http://data.europa.eu/esco/occupation/82616669-cc82-4455-9332-a2df209e9f3e,"ingenjör, smart tillverkning av mikroelektronik",narrow-match,low,https://taxonomy.api.jobtechdev.se/v1/taxonomy/graphql,30
GuRB_LaM_Adb,Civilingenjör inom elektroteknik,http://data.europa.eu/esco/occupation/8edd8bff-cb59-4c9c-ab0f-59e77d18be48,"expert, prediktivt underhåll",narrow-match,low,https://taxonomy.api.jobtechdev.se/v1/taxonomy/graphql,30
GuRB_LaM_Adb,Civilingenjör inom elektroteknik,http://data.europa.eu/esco/occupation/c2d36adb-ecf4-4823-980b-d84b0f11b2c8,"ingenjör, batterisimulering",narrow-match,low,https://taxonomy.api.jobtechdev.se/v1/taxonomy/graphql,30
GuRB_LaM_Adb,Civilingenjör inom elektroteknik,http://data.europa.eu/esco/occupation/e6800524-eec2-4c33-af0e-6f36d1d679bc,"ingenjör, instrumentering",narrow-match,low,https://taxonomy.api.jobtechdev.se/v1/taxonomy/graphql,30
GuRB_LaM_Adb,Civilingenjör inom elektroteknik,http://data.europa.eu/esco/occupation/e6dfc67e-331e-4468-a249-347a08decbdb,"materialingenjör, mikroelektronik",narrow-match,low,https://taxonomy.api.jobtechdev.se/v1/taxonomy/graphql,30
GujS_MtW_PRH,Bibliotekarie,http://data.europa.eu/esco/occupation/60f7eb23-a7ea-4cbe-98a5-1248291f62d5,bibliotekarie,exact-match,high,https://taxonomy.api.jobtechdev.se/v1/taxonomy/graphql,30
H2zf_MGv_yQ6,Brandskyddsmontör,http://data.europa.eu/esco/occupation/15620506-fb5d-49cd-87a2-1c9047fb406a,målare,close-match,low,https://taxonomy.api.jobtechdev.se/v1/taxonomy/graphql,30
H3Sp_jd2_AZ4,"Location scout/Platsletare, film",http://data.europa.eu/esco/occupation/89a0af2a-edf4-4d1a-8526-f4a8f476cea2,platschef,close-match,low,https://taxonomy.api.jobtechdev.se/v1/taxonomy/graphql,30
H7ct_ff1_9sP,Teateragent,http://data.europa.eu/esco/occupation/c85e39a4-2c40-413f-a171-45907ecdd599,manager,broad-match,low,https://taxonomy.api.jobtechdev.se/v1/taxonomy/graphql,30
H9ej_iRx_9G6,Ridlärare,http://data.europa.eu/esco/occupation/0c3672ed-450b-4fcd-a3d0-579a10004486,ridinstruktör,exact-match,high,https://taxonomy.api.jobtechdev.se/v1/taxonomy/graphql,30
HA6M_LrT_4xS,"Projektledare: kultur, media, film, dataspel",http://data.europa.eu/esco/occupation/52b9e8dc-de6c-41dd-b29a-e1291c273f6f,producent,close-match,low,https://taxonomy.api.jobtechdev.se/v1/taxonomy/graphql,30
HAQu_4kR_S5h,Byggnadskonstruktör,http://data.europa.eu/esco/occupation/30aef4c6-49ca-4464-bf82-78ed88b3eb9b,"ritare, bygg och anläggning",exact-match,high,https://taxonomy.api.jobtechdev.se/v1/taxonomy/graphql,30
HCU2_rjm_phV,"Lärling, anläggningsdykare",http://data.europa.eu/esco/occupation/5a596834-bc8f-4273-8d09-006957b60347,anläggningsdykare,exact-match,high,https://taxonomy.api.jobtechdev.se/v1/taxonomy/graphql,30
HEq1_4eB_EE1,Forskningsingenjör tillverkningsindustri,http://data.europa.eu/esco/occupation/3dab5c3f-84d0-4d52-901d-dd262eaea509,forskningsingenjör,broad-match,low,https://taxonomy.api.jobtechdev.se/v1/taxonomy/graphql,30
HEq1_4eB_EE1,Forskningsingenjör tillverkningsindustri,http://data.europa.eu/esco/occupation/53d2052f-edc0-4f44-8be1-164526412bfe,"civilingenjör, industri",broad-match,low,https://taxonomy.api.jobtechdev.se/v1/taxonomy/graphql,30
HEq1_4eB_EE1,Forskningsingenjör tillverkningsindustri,http://data.europa.eu/esco/occupation/579254cf-6d69-4889-9000-9c79dc568644,"civilingenjör, maskin",broad-match,low,https://taxonomy.api.jobtechdev.se/v1/taxonomy/graphql,30
HFRz_KDw_1U1,Rollsättare,http://data.europa.eu/esco/occupation/4f2f2539-3e38-4393-9dac-a9a48af7cd32,regiassistent,exact-match,high,https://taxonomy.api.jobtechdev.se/v1/taxonomy/graphql,30
HFuj_YCt_Ymn,Försäljningsassistent,http://data.europa.eu/esco/occupation/5c1eba1e-7820-4287-9746-4c5906320100,"assistent, försäljningssupport",narrow-match,low,https://taxonomy.api.jobtechdev.se/v1/taxonomy/graphql,30
HFuj_YCt_Ymn,Försäljningsassistent,http://data.europa.eu/esco/occupation/73357956-f607-4baa-9ce6-03beb9b39da2,försäljningsadministratör,narrow-match,low,https://taxonomy.api.jobtechdev.se/v1/taxonomy/graphql,30
HTC6_96A_dwB,Plantskolearbetare,http://data.europa.eu/esco/occupation/773cf1de-50a4-42e7-bab1-e68dcbae3f54,skogsarbetare,broad-match,low,https://taxonomy.api.jobtechdev.se/v1/taxonomy/graphql,30
HTi3_9dQ_gxH,Personskyddsväktare,http://data.europa.eu/esco/occupation/f8e435dd-7aa9-4d7a-97c3-b3b5789b6b25,personskyddsväktare,exact-match,high,https://taxonomy.api.jobtechdev.se/v1/taxonomy/graphql,30
HWPy_9jT_TX2,Optiker,http://data.europa.eu/esco/occupation/6e0e068b-cd5c-4400-8899-54056087fa14,optiker,exact-match,high,https://taxonomy.api.jobtechdev.se/v1/taxonomy/graphql,30
HWPy_9jT_TX2,Optiker,http://data.europa.eu/esco/occupation/bffbe18a-cb8b-4f90-bd87-7505cd3b16f5,optometrist,exact-match,high,https://taxonomy.api.jobtechdev.se/v1/taxonomy/graphql,30
HWxz_PRg_S9f,Konstintendent,http://data.europa.eu/esco/occupation/a63733fa-f7ff-4733-8961-1ec4eeaab00b,museiintendent,close-match,low,https://taxonomy.api.jobtechdev.se/v1/taxonomy/graphql,30
HXv5_i9k_t5P,Resesäljare,http://data.europa.eu/esco/occupation/291da1ab-1f90-426d-bbc5-60d0fa7d608b,resekonsult,exact-match,high,https://taxonomy.api.jobtechdev.se/v1/taxonomy/graphql,30
HXv5_i9k_t5P,Resesäljare,http://data.europa.eu/esco/occupation/9a99a5fe-875d-49b2-9b53-cc1b73be1659,tågbiljettförsäljare,narrow-match,low,https://taxonomy.api.jobtechdev.se/v1/taxonomy/graphql,30
HZs8_1T5_LwW,Tågtrafikledare,http://data.europa.eu/esco/occupation/279c0ab1-212b-4e89-a41f-048f5de9dadf,"samordnare, järnvägslogistik",exact-match,high,https://taxonomy.api.jobtechdev.se/v1/taxonomy/graphql,30
HZs8_1T5_LwW,Tågtrafikledare,http://data.europa.eu/esco/occupation/a2fa73d0-7e51-456f-95c6-90f126f52ab8,"trafikförman, järnväg",exact-match,high,https://taxonomy.api.jobtechdev.se/v1/taxonomy/graphql,30
HZs8_1T5_LwW,Tågtrafikledare,http://data.europa.eu/esco/occupation/e9640041-ca34-4955-aa8c-629717d0dcda,"trafikledare, spårväg",narrow-match,low,https://taxonomy.api.jobtechdev.se/v1/taxonomy/graphql,30
HZs8_1T5_LwW,Tågtrafikledare,http://data.europa.eu/esco/occupation/f643bff3-74ef-48d1-b033-820e2d8659e9,"trafikledare, järnväg",exact-match,high,https://taxonomy.api.jobtechdev.se/v1/taxonomy/graphql,30
HdJy_NMc_Ey8,Testförare,http://data.europa.eu/esco/occupation/295dbed9-0330-42af-8650-f9296c6eb195,testförare,exact-match,high,https://taxonomy.api.jobtechdev.se/v1/taxonomy/graphql,30
HdcS_g6a_jPk,"Träarbetare, utan yrkesbevis/Snickare, utan yrkesbevis",http://data.europa.eu/esco/occupation/2a22ff9e-de3b-408d-b312-5034896cc4f4,snickare,exact-match,high,https://taxonomy.api.jobtechdev.se/v1/taxonomy/graphql,30
HdcS_g6a_jPk,"Träarbetare, utan yrkesbevis/Snickare, utan yrkesbevis",http://data.europa.eu/esco/occupation/59cc9783-7289-4e1d-b80b-93c1776f49cc,träarbetare,exact-match,high,https://taxonomy.api.jobtechdev.se/v1/taxonomy/graphql,30
HdqU_oqU_fr7,Mätningsingenjör,http://data.europa.eu/esco/occupation/2561879a-dd0a-454e-ae6e-9be6c488eb56,"mättekniker, lantmäteri",close-match,low,https://taxonomy.api.jobtechdev.se/v1/taxonomy/graphql,30
HdqU_oqU_fr7,Mätningsingenjör,http://data.europa.eu/esco/occupation/9ce12690-c3bf-4135-b7a5-b666bb8c68f5,gruvmätare,exact-match,high,https://taxonomy.api.jobtechdev.se/v1/taxonomy/graphql,30
HdqU_oqU_fr7,Mätningsingenjör,http://data.europa.eu/esco/occupation/b176e5d7-1f94-495c-907f-80a7f61aed59,"mätningstekniker, fjärranalys",narrow-match,low,https://taxonomy.api.jobtechdev.se/v1/taxonomy/graphql,30
HiFT_FBP_8YZ,Borrtekniker/Brunnsborrare,http://data.europa.eu/esco/occupation/46bbecf4-368a-44a8-9262-dcd775ae2c46,brunnsgrävare,exact-match,high,https://taxonomy.api.jobtechdev.se/v1/taxonomy/graphql,30
HiFT_FBP_8YZ,Borrtekniker/Brunnsborrare,http://data.europa.eu/esco/occupation/622b1d5e-bf14-4ec0-b83e-3bfcf8dff624,brunnsborrare,close-match,low,https://taxonomy.api.jobtechdev.se/v1/taxonomy/graphql,30
HoGM_mYc_krU,Stuguthyrare,http://data.europa.eu/esco/occupation/3900b684-6b4b-4133-b134-e1d129d60383,uthyrare,broad-match,low,https://taxonomy.api.jobtechdev.se/v1/taxonomy/graphql,30
Hoev_CZJ_Uej,Notarie,http://data.europa.eu/esco/occupation/0f63619d-63ea-4345-81f5-4673353fe8d2,domstolshandläggare,close-match,low,https://taxonomy.api.jobtechdev.se/v1/taxonomy/graphql,30
Hs5u_t2n_318,"ST-läkare, laboratoriemedicin",http://data.europa.eu/esco/occupation/71f09c8b-a172-408c-b9e7-32e580e39ff6,läkare,close-match,low,https://taxonomy.api.jobtechdev.se/v1/taxonomy/graphql,30
HtLv_4EJ_o5r,Kemist,http://data.europa.eu/esco/occupation/0d93706d-32fd-4de3-aa08-be1003e325da,kemist,exact-match,high,https://taxonomy.api.jobtechdev.se/v1/taxonomy/graphql,30
HtLv_4EJ_o5r,Kemist,http://data.europa.eu/esco/occupation/11b6390b-1e48-4903-a5df-d3e04b451a19,"kemist, kosmetik",narrow-match,low,https://taxonomy.api.jobtechdev.se/v1/taxonomy/graphql,30
HtLv_4EJ_o5r,Kemist,http://data.europa.eu/esco/occupation/a8ccc522-f57d-4800-a821-2e5c910e8301,kemisk provare,narrow-match,low,https://taxonomy.api.jobtechdev.se/v1/taxonomy/graphql,30
HtLv_4EJ_o5r,Kemist,http://data.europa.eu/esco/occupation/e027434f-8aa4-4d87-a070-b1d5c57749e6,doftkemist,narrow-match,low,https://taxonomy.api.jobtechdev.se/v1/taxonomy/graphql,30
HuVd_H4w_ZtF,"Förvaltningschef, kommun",http://data.europa.eu/esco/occupation/b42c5ed4-c6e4-4694-934f-96127719cc43,anläggningschef,close-match,low,https://taxonomy.api.jobtechdev.se/v1/taxonomy/graphql,30
HuYB_gtA_7jL,"Mässman, fartyg",http://data.europa.eu/esco/occupation/e1cf6897-158d-4b48-a39e-2a3a8cac216c,köksbiträde,close-match,low,https://taxonomy.api.jobtechdev.se/v1/taxonomy/graphql,30
J2oU_Cpq_ZVX,Forskningshandledare,http://data.europa.eu/esco/occupation/5ac65daa-0896-4193-9f0e-8b00746b78a1,"forskarassistent, högskola",broad-match,low,https://taxonomy.api.jobtechdev.se/v1/taxonomy/graphql,30
J4Rt_8su_TcY,"Forskare, IT",http://data.europa.eu/esco/occupation/e3229e40-f571-4b26-baca-29edc8fe313e,datavetare,exact-match,high,https://taxonomy.api.jobtechdev.se/v1/taxonomy/graphql,30
J4jV_dZU_ykz,Gruvgeolog,http://data.europa.eu/esco/occupation/1790c821-c582-4944-8597-d2d4a66f6a6d,gruvgeolog,exact-match,high,https://taxonomy.api.jobtechdev.se/v1/taxonomy/graphql,30
J4jV_dZU_ykz,Gruvgeolog,http://data.europa.eu/esco/occupation/ad14ec64-128c-4a72-9c1a-257a5f3b180c,berggrundsgeolog,narrow-match,low,https://taxonomy.api.jobtechdev.se/v1/taxonomy/graphql,30
J5Hz_isE_mb1,Kranbilsförare,http://data.europa.eu/esco/occupation/1f2b8092-1787-4ef4-9282-cf81ce4b4d76,mobilkranförare,close-match,low,https://taxonomy.api.jobtechdev.se/v1/taxonomy/graphql,30
J63w_XYr_isZ,Maskinmekaniker,http://data.europa.eu/esco/occupation/00c8d1cf-24f2-47d1-9f10-765e1c102811,lantbruksmaskinstekniker,narrow-match,low,https://taxonomy.api.jobtechdev.se/v1/taxonomy/graphql,30
J63w_XYr_isZ,Maskinmekaniker,http://data.europa.eu/esco/occupation/0ec62c2e-30c9-434e-bf36-5277a0840450,motorfordonsreparatör,close-match,low,https://taxonomy.api.jobtechdev.se/v1/taxonomy/graphql,30
J63w_XYr_isZ,Maskinmekaniker,http://data.europa.eu/esco/occupation/b0480558-269d-4903-9bc7-f390cd6a6964,maskinmekaniker,exact-match,high,https://taxonomy.api.jobtechdev.se/v1/taxonomy/graphql,30
J63w_XYr_isZ,Maskinmekaniker,http://data.europa.eu/esco/occupation/f49d893a-ac89-4f3b-b547-1cbdf4d69fde,tekniker för skogsvårdsmaskiner,narrow-match,low,https://taxonomy.api.jobtechdev.se/v1/taxonomy/graphql,30
J63w_XYr_isZ,Maskinmekaniker,http://data.europa.eu/esco/occupation/f7145f87-5940-43f5-bc98-aa1a2b872b47,mekaniker lantbruksmaskiner,narrow-match,low,https://taxonomy.api.jobtechdev.se/v1/taxonomy/graphql,30
J6pA_w8m_bxZ,Befraktningsmäklare,http://data.europa.eu/esco/occupation/4b72d306-9781-434d-8522-1fcaf892cdce,sjötransportör,exact-match,high,https://taxonomy.api.jobtechdev.se/v1/taxonomy/graphql,30
J6pA_w8m_bxZ,Befraktningsmäklare,http://data.europa.eu/esco/occupation/94adbb11-1c90-4092-ae91-781e8a55865d,skeppsmäklare,broad-match,low,https://taxonomy.api.jobtechdev.se/v1/taxonomy/graphql,30
J7Xj_Srg_vHe,Patentjurist,http://data.europa.eu/esco/occupation/5a8835bf-65c7-48e3-ab2f-7ad98b3fdb59,immaterialrättskonsult,broad-match,low,https://taxonomy.api.jobtechdev.se/v1/taxonomy/graphql,30
J7aL_Ugk_bkU,Affärsarkitekt,http://data.europa.eu/esco/occupation/60082a99-d8ef-4e84-9290-78902681b6ed,företagsanalytiker,close-match,low,https://taxonomy.api.jobtechdev.se/v1/taxonomy/graphql,30
J8wj_mht_Sj1,"Repetitör, dans",http://data.europa.eu/esco/occupation/06ac0f53-431e-4bc6-acb8-2f5da041b5d3,dansrepetitör,exact-match,high,https://taxonomy.api.jobtechdev.se/v1/taxonomy/graphql,30
J9hX_byC_fkn,Servicehusföreståndare,http://data.europa.eu/esco/occupation/eea2b5c6-48d1-4612-957e-585783b3c7bb,"chef, äldreboende",broad-match,low,https://taxonomy.api.jobtechdev.se/v1/taxonomy/graphql,30
JCUJ_yye_maC,Trädgårdsrådgivare/Trädgårdskonsulent,http://data.europa.eu/esco/occupation/a424aa0f-b3f1-41fb-901f-85e05fed83ed,trädgårdsdesigner,close-match,low,https://taxonomy.api.jobtechdev.se/v1/taxonomy/graphql,30
JCzk_4xw_LrF,Kantor/Kyrkomusiker,http://data.europa.eu/esco/occupation/f6803a58-91d9-4251-9a07-09fc387cec16,musiker,broad-match,low,https://taxonomy.api.jobtechdev.se/v1/taxonomy/graphql,30
JECy_3w6_gah,Kallskänka,http://data.europa.eu/esco/occupation/1009be17-7efd-45f1-a033-566bf179c588,kock,close-match,low,https://taxonomy.api.jobtechdev.se/v1/taxonomy/graphql,30
JERf_eXM_Dyz,"Drift- och underhållsingenjör, anläggning",http://data.europa.eu/esco/occupation/1c36dd08-f6a7-43f2-a889-beebedb71c25,underhållsingenjör,close-match,low,https://taxonomy.api.jobtechdev.se/v1/taxonomy/graphql,30
JERf_eXM_Dyz,"Drift- och underhållsingenjör, anläggning",http://data.europa.eu/esco/occupation/41d609a1-62df-4cec-ac71-6434e545a729,"Kontrolltekniker, kemiteknik, rostskydd",narrow-match,low,https://taxonomy.api.jobtechdev.se/v1/taxonomy/graphql,30
JERf_eXM_Dyz,"Drift- och underhållsingenjör, anläggning",http://data.europa.eu/esco/occupation/4daee8bd-8400-4da6-ba52-30d4c193d1a9,"ingenjör, marksystem för luftfart",narrow-match,low,https://taxonomy.api.jobtechdev.se/v1/taxonomy/graphql,30
JERf_eXM_Dyz,"Drift- och underhållsingenjör, anläggning",http://data.europa.eu/esco/occupation/615920c5-4f63-4eb3-8b60-afaaed3ab1ff,underhålls- och reparationsingenjör,broad-match,low,https://taxonomy.api.jobtechdev.se/v1/taxonomy/graphql,30
JEfK_mkY_bp1,Mediaplanerare,http://data.europa.eu/esco/occupation/b55718eb-e8ff-4485-8ad0-bbac32cbd77b,mediaplanerare,exact-match,high,https://taxonomy.api.jobtechdev.se/v1/taxonomy/graphql,30
JEhg_Dmh_mzv,Distributionsförare,http://data.europa.eu/esco/occupation/45037d43-a8f5-4f46-b332-b2935bc305f4,distributionsförare,exact-match,high,https://taxonomy.api.jobtechdev.se/v1/taxonomy/graphql,30
JG8k_mXR_Hat,Möbellackerare,http://data.europa.eu/esco/occupation/7443811e-6760-44a2-af95-1b9c791733a8,sprutlackerare,broad-match,low,https://taxonomy.api.jobtechdev.se/v1/taxonomy/graphql,30
JPBx_Vxc_zWM,"Säkerhetsadministratör, IT",http://data.europa.eu/esco/occupation/0464b062-cea6-4164-b10d-956c61956ae7,"säkerhetsadministratör, it",exact-match,high,https://taxonomy.api.jobtechdev.se/v1/taxonomy/graphql,30
JQ1x_uHt_jnP,Cateringarbetare,http://data.europa.eu/esco/occupation/d5db9d5c-2ebf-4a54-a79a-1b7e7ff70471,servitör/servitris,close-match,low,https://taxonomy.api.jobtechdev.se/v1/taxonomy/graphql,30
JQ1x_uHt_jnP,Cateringarbetare,http://data.europa.eu/esco/occupation/e1cf6897-158d-4b48-a39e-2a3a8cac216c,köksbiträde,close-match,low,https://taxonomy.api.jobtechdev.se/v1/taxonomy/graphql,30
JQ3q_X9q_aTC,Utbildningshandläggare,http://data.europa.eu/esco/occupation/55b4faa3-286f-4fc8-ac67-8bbb97d08820,utbildningsadministratör,close-match,low,https://taxonomy.api.jobtechdev.se/v1/taxonomy/graphql,30
JQ3q_X9q_aTC,Utbildningshandläggare,http://data.europa.eu/esco/occupation/fcaab37b-ada2-4832-a2fd-9d64362e0280,"internationell samordnare, utbildning",narrow-match,low,https://taxonomy.api.jobtechdev.se/v1/taxonomy/graphql,30
JTz6_gnu_Arh,Produktdemonstratör,http://data.europa.eu/esco/occupation/056f1849-7ff8-4d6f-9b8a-176a610bba44,demonstratör,exact-match,high,https://taxonomy.api.jobtechdev.se/v1/taxonomy/graphql,30
JUt1_s8J_UJV,Konstgjutare,http://data.europa.eu/esco/occupation/dc14bed4-87ca-4e6c-9f69-458e2689d2d6,gjuterioperatör,broad-match,low,https://taxonomy.api.jobtechdev.se/v1/taxonomy/graphql,30
JUu4_wcP_kQG,Lärare i förskoleklass,http://data.europa.eu/esco/occupation/03d79393-7b30-4159-945b-01963eddd302,grundskollärare,close-match,low,https://taxonomy.api.jobtechdev.se/v1/taxonomy/graphql,30
JWb8_x89_Smp,"Serviceingenjör, elektronik",http://data.europa.eu/esco/occupation/27811419-407f-4868-a388-2f7df7aafd91,elektroniktekniker,close-match,low,https://taxonomy.api.jobtechdev.se/v1/taxonomy/graphql,30
JX2V_yLy_1Fc,Tonsättare,http://data.europa.eu/esco/occupation/7dc05fcc-b079-45ed-b5d4-74c75f99976c,kompositör,broad-match,low,https://taxonomy.api.jobtechdev.se/v1/taxonomy/graphql,30
JYE6_BnP_JUe,Reklamutdelare,http://data.europa.eu/esco/occupation/5ff100c2-00cd-4c64-82ae-8feab6712557,reklamdistributör,exact-match,high,https://taxonomy.api.jobtechdev.se/v1/taxonomy/graphql,30
JZou_GZp_C41,Marknadsundersökare/Intervjuare,http://data.europa.eu/esco/occupation/0deaceea-69d8-4304-bc80-0b3d0491a241,fältundersökningschef,narrow-match,low,https://taxonomy.api.jobtechdev.se/v1/taxonomy/graphql,30
JZou_GZp_C41,Marknadsundersökare/Intervjuare,http://data.europa.eu/esco/occupation/7843a4c6-a9f6-4095-94b9-45b384d4bd57,"intervjuare, opinions- och marknadsundersökning",exact-match,high,https://taxonomy.api.jobtechdev.se/v1/taxonomy/graphql,30
JZou_GZp_C41,Marknadsundersökare/Intervjuare,http://data.europa.eu/esco/occupation/a1cf1406-3632-494c-bff3-0bd5d5327d8f,uppgiftsinsamlare,narrow-match,low,https://taxonomy.api.jobtechdev.se/v1/taxonomy/graphql,30
JZur_dmf_EPY,Trädgårdsmästare anläggning,http://data.europa.eu/esco/occupation/e7970c7a-7769-4002-87d3-0a8ea94fdd6f,trädgårdsarkitekt,close-match,low,https://taxonomy.api.jobtechdev.se/v1/taxonomy/graphql,30
JaTP_TuX_3wA,Driftingenjör elkraft,http://data.europa.eu/esco/occupation/74332fd0-4a50-464e-9116-98fa9b8127ac,"drifttekniker, elkraft",close-match,low,https://taxonomy.api.jobtechdev.se/v1/taxonomy/graphql,30
JaTP_TuX_3wA,Driftingenjör elkraft,http://data.europa.eu/esco/occupation/b2eacfdf-5de5-4e8c-a8cb-3d32e201c210,"drifttekniker, kärnkraftverk",narrow-match,low,https://taxonomy.api.jobtechdev.se/v1/taxonomy/graphql,30
Jb37_fkg_yeu,"Forskare, rättsvetenskap",http://data.europa.eu/esco/occupation/0611f232-b30e-46c7-9c26-2d59b1448e79,kriminolog,close-match,low,https://taxonomy.api.jobtechdev.se/v1/taxonomy/graphql,30
JbJw_as4_S93,Kock à la carte,http://data.europa.eu/esco/occupation/1009be17-7efd-45f1-a033-566bf179c588,kock,exact-match,high,https://taxonomy.api.jobtechdev.se/v1/taxonomy/graphql,30
JbJw_as4_S93,Kock à la carte,http://data.europa.eu/esco/occupation/a256838b-0843-4ad2-a2fb-4531f94e63d8,privat kock,exact-match,high,https://taxonomy.api.jobtechdev.se/v1/taxonomy/graphql,30
JbJw_as4_S93,Kock à la carte,http://data.europa.eu/esco/occupation/b9de6d8b-1cf6-4722-bf8c-d73aad03bf87,fiskkock,narrow-match,low,https://taxonomy.api.jobtechdev.se/v1/taxonomy/graphql,30
JbJw_as4_S93,Kock à la carte,http://data.europa.eu/esco/occupation/bbaa1444-2c0a-4f76-8375-d72e3ea968fd,grillkock,narrow-match,low,https://taxonomy.api.jobtechdev.se/v1/taxonomy/graphql,30
Jbj9_Cfj_8CM,Reservdelsansvarig,http://data.europa.eu/esco/occupation/a9b20949-897b-481f-8642-d1f69263baff,"underhållsansvarig, verkstadsindustri",close-match,low,https://taxonomy.api.jobtechdev.se/v1/taxonomy/graphql,30
Jd8e_1UD_8Vo,Bilförsäljare,http://data.europa.eu/esco/occupation/6a163fef-dee8-4583-82b0-13b76d8a27b2,"specialiserad säljare, motorfordon",exact-match,high,https://taxonomy.api.jobtechdev.se/v1/taxonomy/graphql,30
JfyC_gDr_U4e,TV-fotograf,http://data.europa.eu/esco/occupation/66542dd6-05a6-4d9e-97ff-3f4858c31ff9,fotograf,broad-match,low,https://taxonomy.api.jobtechdev.se/v1/taxonomy/graphql,30
JiE6_FnP_qXP,Bokbussförare,http://data.europa.eu/esco/occupation/00cee175-1376-43fb-9f02-ba3d7a910a58,bussförare,broad-match,low,https://taxonomy.api.jobtechdev.se/v1/taxonomy/graphql,30
JjFi_LiK_yR1,Cykelbud,http://data.europa.eu/esco/occupation/3a959644-beed-4afc-8e57-d5068ae6a43e,cykelbud,exact-match,high,https://taxonomy.api.jobtechdev.se/v1/taxonomy/graphql,30
JnDA_uam_JKC,Dramaturg,http://data.europa.eu/esco/occupation/572c51ef-531b-4331-8e66-b1641173e54e,dramaturg,exact-match,high,https://taxonomy.api.jobtechdev.se/v1/taxonomy/graphql,30
JoSX_p8r_E2i,"Lärling, tornkranförare",http://data.europa.eu/esco/occupation/0ea5fdff-074c-4094-98b9-04432361e4d9,tornkranförare,exact-match,high,https://taxonomy.api.jobtechdev.se/v1/taxonomy/graphql,30
Jocy_apM_4v4,"Forskare, skogsbruk",http://data.europa.eu/esco/occupation/6a3d3d28-0ab6-49b0-9a32-697e5e104bf1,markforskare,close-match,low,https://taxonomy.api.jobtechdev.se/v1/taxonomy/graphql,30
Jpr5_Qf8_e5d,Flygplatskontrollant,http://data.europa.eu/esco/occupation/933d02c0-3dfa-418f-9c2d-470b525cc42c,bagagekontrollant,exact-match,high,https://taxonomy.api.jobtechdev.se/v1/taxonomy/graphql,30
Jpr5_Qf8_e5d,Flygplatskontrollant,http://data.europa.eu/esco/occupation/b00e9e89-fd8d-4655-b6a2-f58b17629473,flygplatskontrollant,exact-match,high,https://taxonomy.api.jobtechdev.se/v1/taxonomy/graphql,30
JsZC_cXR_Aop,Familjerättsjurist,http://data.europa.eu/esco/occupation/31854d78-3615-43a4-aa3a-c597ecb20ceb,juridisk rådgivare,close-match,low,https://taxonomy.api.jobtechdev.se/v1/taxonomy/graphql,30
Jt42_Mjo_zC5,Emballerare,http://data.europa.eu/esco/occupation/b0fa69b4-998c-4e66-acd3-5f5d73cadb5c,"maskinoperatör, förpacknings- och fyllningsmaskin",broad-match,low,https://taxonomy.api.jobtechdev.se/v1/taxonomy/graphql,30
JuQM_49E_hue,Bro- och slussvakt,http://data.europa.eu/esco/occupation/2b4b5f84-4367-4cb9-9fa0-0e631eded6c8,brovakt,narrow-match,low,https://taxonomy.api.jobtechdev.se/v1/taxonomy/graphql,30
JuWR_amS_9FB,Tågtekniker,http://data.europa.eu/esco/occupation/c5b45ebe-0e9f-4bc4-9563-7fdf31115e53,"kvalitetskontrollant, montering rullande materiel",close-match,low,https://taxonomy.api.jobtechdev.se/v1/taxonomy/graphql,30
JuWR_amS_9FB,Tågtekniker,http://data.europa.eu/esco/occupation/fd86ebe1-bad4-4486-9b76-01a48030e49a,"fordonselektriker, tåg",close-match,low,https://taxonomy.api.jobtechdev.se/v1/taxonomy/graphql,30
Jus5_Fsv_LTi,IT-jurist,http://data.europa.eu/esco/occupation/31854d78-3615-43a4-aa3a-c597ecb20ceb,juridisk rådgivare,close-match,low,https://taxonomy.api.jobtechdev.se/v1/taxonomy/graphql,30
JvRi_WQd_NP3,Utredningssekreterare,http://data.europa.eu/esco/occupation/caf7b8fb-b2d6-46b7-bffa-bea7f8e4aed8,"handläggare, offentlig förvaltning",broad-match,low,https://taxonomy.api.jobtechdev.se/v1/taxonomy/graphql,30
Jx41_ADW_h5R,Slaktare,http://data.europa.eu/esco/occupation/37c7880e-cfee-4c41-a41b-061682fefde3,slaktare,exact-match,high,https://taxonomy.api.jobtechdev.se/v1/taxonomy/graphql,30
Jx41_ADW_h5R,Slaktare,http://data.europa.eu/esco/occupation/d47d495f-159b-40c9-b3d2-6b651c903e28,"slaktare, kosher",narrow-match,low,https://taxonomy.api.jobtechdev.se/v1/taxonomy/graphql,30
Jx41_ADW_h5R,Slaktare,http://data.europa.eu/esco/occupation/f1783e61-38b7-468e-b495-9c3c92f5ab0d,"slaktare, halal",narrow-match,low,https://taxonomy.api.jobtechdev.se/v1/taxonomy/graphql,30
Jz6u_Wqj_y7N,Förhandlingssekreterare,http://data.europa.eu/esco/occupation/5d601b40-7e0e-404e-bbff-bb98e147437c,"handläggare, offentlig förvaltning, juridiska frågor",close-match,low,https://taxonomy.api.jobtechdev.se/v1/taxonomy/graphql,30
K2j2_Rpv_Enk,Prorektor,http://data.europa.eu/esco/occupation/01649ae9-22ee-4dba-83a8-3a2c51fbbe95,högskolerektor,exact-match,high,https://taxonomy.api.jobtechdev.se/v1/taxonomy/graphql,30
K3iK_iEb_41Y,"Serviceelektriker, installation",http://data.europa.eu/esco/occupation/5dbb9cf0-b226-402c-a295-2f42ef05ff8b,"serviceelektriker, hushåll",exact-match,high,https://taxonomy.api.jobtechdev.se/v1/taxonomy/graphql,30
K3kr_anm_MnN,Kostymdesigner,http://data.europa.eu/esco/occupation/cc844eb8-c81d-40ff-af3d-119700e60f23,kostymör,close-match,low,https://taxonomy.api.jobtechdev.se/v1/taxonomy/graphql,30
K3kr_anm_MnN,Kostymdesigner,http://data.europa.eu/esco/occupation/d1a554d0-7ad6-4d42-897e-ed31d022fb0b,modeskapare,broad-match,low,https://taxonomy.api.jobtechdev.se/v1/taxonomy/graphql,30
K3kr_anm_MnN,Kostymdesigner,http://data.europa.eu/esco/occupation/d1b1dfdf-7d60-430a-b569-7dd71b2ebeaa,kostymdesigner,exact-match,high,https://taxonomy.api.jobtechdev.se/v1/taxonomy/graphql,30
K68t_jNi_FqQ,Väg- och vattenbyggnadsingenjör,http://data.europa.eu/esco/occupation/0f5cc4eb-925d-4b99-be6d-b0964a253a9a,Väg- och vattenbyggnadsingenjör,exact-match,high,https://taxonomy.api.jobtechdev.se/v1/taxonomy/graphql,30
K7KE_FG6_Sqt,Takrengörare,http://data.europa.eu/esco/occupation/a632fb74-ef49-4f4a-9777-b7df54a0f897,fasadrengörare,exact-match,high,https://taxonomy.api.jobtechdev.se/v1/taxonomy/graphql,30
K7QL_Xmt_nut,Bantekniker,http://data.europa.eu/esco/occupation/755c5c5f-2ee3-4487-94db-30ec2ba2e883,"drift- och underhållsingenjör, järnväg",exact-match,high,https://taxonomy.api.jobtechdev.se/v1/taxonomy/graphql,30
K7QL_Xmt_nut,Bantekniker,http://data.europa.eu/esco/occupation/d97fd1e8-4c61-459b-82cd-1bd0e792c568,spårläggare,narrow-match,low,https://taxonomy.api.jobtechdev.se/v1/taxonomy/graphql,30
KAF2_Th5_aiq,Teckenspråkslärare,http://data.europa.eu/esco/occupation/59c724f9-0cfe-4d51-8a7f-9ee182d9e2c2,teckenspråkslärare,exact-match,high,https://taxonomy.api.jobtechdev.se/v1/taxonomy/graphql,30
KAjY_F2Y_p5A,"Forskare, teologi",http://data.europa.eu/esco/occupation/6d421d34-baa1-44f9-9ea0-231d76e325fd,"forskare, religionsvetenskap",exact-match,high,https://taxonomy.api.jobtechdev.se/v1/taxonomy/graphql,30
KCzs_vBp_vXD,Frivårdschef,http://data.europa.eu/esco/occupation/6db9eeae-aef5-4f56-913d-4650e4c720c6,kriminalvårdschef,narrow-match,low,https://taxonomy.api.jobtechdev.se/v1/taxonomy/graphql,30
KF64_AvU_S4N,Städare,http://data.europa.eu/esco/occupation/1a8bda86-307e-4cc0-a945-ceb678ff1471,toalettstädare,narrow-match,low,https://taxonomy.api.jobtechdev.se/v1/taxonomy/graphql,30
KF64_AvU_S4N,Städare,http://data.europa.eu/esco/occupation/23be4cb6-c5e7-449e-8d76-8edfe9a00478,möbelrengörare,narrow-match,low,https://taxonomy.api.jobtechdev.se/v1/taxonomy/graphql,30
KF64_AvU_S4N,Städare,http://data.europa.eu/esco/occupation/303a1e34-cb16-4054-b323-81e5eec17397,fastighetsstädare,exact-match,high,https://taxonomy.api.jobtechdev.se/v1/taxonomy/graphql,30
KF64_AvU_S4N,Städare,http://data.europa.eu/esco/occupation/38eb308f-0075-451e-9c1a-c557fd173022,nöjesparksstädare,narrow-match,low,https://taxonomy.api.jobtechdev.se/v1/taxonomy/graphql,30
KF64_AvU_S4N,Städare,http://data.europa.eu/esco/occupation/69e4e877-9d7a-4df0-973b-34defd318e26,flygplansstädare,narrow-match,low,https://taxonomy.api.jobtechdev.se/v1/taxonomy/graphql,30
KF64_AvU_S4N,Städare,http://data.europa.eu/esco/occupation/731ecac4-06e8-4ec2-a559-101fecbd9183,städare,exact-match,high,https://taxonomy.api.jobtechdev.se/v1/taxonomy/graphql,30
KF64_AvU_S4N,Städare,http://data.europa.eu/esco/occupation/cb932c74-c13b-47e9-9a85-318bd8eb2f96,tågstädare,narrow-match,low,https://taxonomy.api.jobtechdev.se/v1/taxonomy/graphql,30
KFJe_A3f_YQr,Gemmolog,http://data.europa.eu/esco/occupation/f87779ae-7389-44e7-b155-16e87904857e,gemmolog,exact-match,high,https://taxonomy.api.jobtechdev.se/v1/taxonomy/graphql,30
KGA5_eDh_Tpb,Körledare,http://data.europa.eu/esco/occupation/13d8b1be-d711-4bbc-a45e-cad605162f41,musikalisk ledare,close-match,low,https://taxonomy.api.jobtechdev.se/v1/taxonomy/graphql,30
KGA5_eDh_Tpb,Körledare,http://data.europa.eu/esco/occupation/cf7b89d0-1cf9-4567-a8bf-9d6905a2b31b,kördirigent,exact-match,high,https://taxonomy.api.jobtechdev.se/v1/taxonomy/graphql,30
KJ3U_fNr_b8K,Bilvårdare,http://data.europa.eu/esco/occupation/7cb71c5f-c310-481c-b46b-d0044328758c,biltvättare,close-match,low,https://taxonomy.api.jobtechdev.se/v1/taxonomy/graphql,30
KJoL_2hp_Sa5,Personligt ombud,http://data.europa.eu/esco/occupation/9c55aa23-e3f2-4c00-8c90-5ed5204951a3,personlig assistent,close-match,low,https://taxonomy.api.jobtechdev.se/v1/taxonomy/graphql,30
KREy_LcZ_kvM,"Specialistläkare, socialmedicin",http://data.europa.eu/esco/occupation/9b889f07-c39c-464d-b9d9-b2daa650f9ac,specialistläkare,broad-match,low,https://taxonomy.api.jobtechdev.se/v1/taxonomy/graphql,30
KTsd_kfa_9nP,Handläggare Kronofogden,http://data.europa.eu/esco/occupation/50a66df6-c141-4b4a-937a-d3bc55737ae3,inkasserare,close-match,low,https://taxonomy.api.jobtechdev.se/v1/taxonomy/graphql,30
KVDo_WU8_MSS,Studiecirkelledare,http://data.europa.eu/esco/occupation/6afe39e2-2674-45db-b05c-a6cab02fe25b,"lärare, vuxenutbildning",close-match,low,https://taxonomy.api.jobtechdev.se/v1/taxonomy/graphql,30
KVVN_sqH_Wpz,Inköpare,http://data.europa.eu/esco/occupation/0561328b-875b-4ae2-9ba1-9af9049aef01,marknadsspecialist,narrow-match,low,https://taxonomy.api.jobtechdev.se/v1/taxonomy/graphql,30
KVVN_sqH_Wpz,Inköpare,http://data.europa.eu/esco/occupation/095169ac-feee-4fcf-bff7-222ab6d84bc4,köpare av råkaffe,narrow-match,low,https://taxonomy.api.jobtechdev.se/v1/taxonomy/graphql,30
KVVN_sqH_Wpz,Inköpare,http://data.europa.eu/esco/occupation/29fa406d-de89-4515-be8d-0fe7bda993f1,inköpare,exact-match,high,https://taxonomy.api.jobtechdev.se/v1/taxonomy/graphql,30
KVVN_sqH_Wpz,Inköpare,http://data.europa.eu/esco/occupation/bb95ef58-9139-4967-bfc1-da8386a4e672,it-inköpare,narrow-match,low,https://taxonomy.api.jobtechdev.se/v1/taxonomy/graphql,30
KVVN_sqH_Wpz,Inköpare,http://data.europa.eu/esco/occupation/fd1c4e94-25aa-4020-b0ef-0cf5aaf2e4d2,"inköpare, textilier",narrow-match,low,https://taxonomy.api.jobtechdev.se/v1/taxonomy/graphql,30
KWFX_juL_yMb,"Civilingenjör, energi",http://data.europa.eu/esco/occupation/0e99c929-364f-4b0a-8a64-2aab42420f00,"ingenjör, förnybar energi",narrow-match,low,https://taxonomy.api.jobtechdev.se/v1/taxonomy/graphql,30
KWFX_juL_yMb,"Civilingenjör, energi",http://data.europa.eu/esco/occupation/1b99cad3-27c6-4e19-83b6-7b5f8338ed2b,"ingenjör, vindenergi",narrow-match,low,https://taxonomy.api.jobtechdev.se/v1/taxonomy/graphql,30
KWFX_juL_yMb,"Civilingenjör, energi",http://data.europa.eu/esco/occupation/1f97f6e6-0ac7-4e77-88ab-2e3801c5a223,"ingenjör, värme, ventilation och luftkonditionering",narrow-match,low,https://taxonomy.api.jobtechdev.se/v1/taxonomy/graphql,30
KWFX_juL_yMb,"Civilingenjör, energi",http://data.europa.eu/esco/occupation/1ff61522-8947-4c95-b589-cb0e0539a62b,energisystemingenjör,close-match,low,https://taxonomy.api.jobtechdev.se/v1/taxonomy/graphql,30
KWFX_juL_yMb,"Civilingenjör, energi",http://data.europa.eu/esco/occupation/42dbb769-4c91-47dc-bd16-ec8e70c4180f,"ingenjör, solenergi",narrow-match,low,https://taxonomy.api.jobtechdev.se/v1/taxonomy/graphql,30
KWFX_juL_yMb,"Civilingenjör, energi",http://data.europa.eu/esco/occupation/7bc02fa7-7aaa-41a6-be5b-ab7a7b6684d3,"ingenjör, naturgasdistribution",narrow-match,low,https://taxonomy.api.jobtechdev.se/v1/taxonomy/graphql,30
KWFX_juL_yMb,"Civilingenjör, energi",http://data.europa.eu/esco/occupation/89860c2a-d217-432a-8636-84aa17f09c15,"ingenjör, gasproduktion",narrow-match,low,https://taxonomy.api.jobtechdev.se/v1/taxonomy/graphql,30
KWFX_juL_yMb,"Civilingenjör, energi",http://data.europa.eu/esco/occupation/a75c740c-d8d9-41a7-ab1a-e69a6eb6eac1,"ingenjör, alternativa bränslen",narrow-match,low,https://taxonomy.api.jobtechdev.se/v1/taxonomy/graphql,30
KWFX_juL_yMb,"Civilingenjör, energi",http://data.europa.eu/esco/occupation/afbe50b0-6634-4677-a3e7-0aada10cb9a7,"ingenjör, termodynamik",narrow-match,low,https://taxonomy.api.jobtechdev.se/v1/taxonomy/graphql,30
KWFX_juL_yMb,"Civilingenjör, energi",http://data.europa.eu/esco/occupation/b2cede50-82bb-4684-9f11-1930e12ad672,energiingenjör,exact-match,high,https://taxonomy.api.jobtechdev.se/v1/taxonomy/graphql,30
KWFX_juL_yMb,"Civilingenjör, energi",http://data.europa.eu/esco/occupation/be845b10-21d0-49a7-b5b9-095828c32515,"ingenjör, geotermi",narrow-match,low,https://taxonomy.api.jobtechdev.se/v1/taxonomy/graphql,30
KWFX_juL_yMb,"Civilingenjör, energi",http://data.europa.eu/esco/occupation/c44c37a2-88c3-4ac2-9cf9-959f42deb02b,"ingenjör, havsbaserad energi",narrow-match,low,https://taxonomy.api.jobtechdev.se/v1/taxonomy/graphql,30
KWFX_juL_yMb,"Civilingenjör, energi",http://data.europa.eu/esco/occupation/e12f08fb-4748-4388-9489-b647df60332a,"civilingenjör, vattenkraft",narrow-match,low,https://taxonomy.api.jobtechdev.se/v1/taxonomy/graphql,30
KWFX_juL_yMb,"Civilingenjör, energi",http://data.europa.eu/esco/occupation/f14194e2-8e7f-4fc9-9c8c-78d9ae2e7284,kärnkraftsingenjör,narrow-match,low,https://taxonomy.api.jobtechdev.se/v1/taxonomy/graphql,30
KXaA_48Y_gKe,Systemtestare/Funktionstestare,http://data.europa.eu/esco/occupation/0ab5c12c-c1c1-4772-8345-aa287d0e391d,IKT-testanalytiker,narrow-match,low,https://taxonomy.api.jobtechdev.se/v1/taxonomy/graphql,30
KXaA_48Y_gKe,Systemtestare/Funktionstestare,http://data.europa.eu/esco/occupation/50af07f0-7a75-424e-a66d-5a9deea10f4c,IKT-hjälpmedelstestare,narrow-match,low,https://taxonomy.api.jobtechdev.se/v1/taxonomy/graphql,30
KXaA_48Y_gKe,Systemtestare/Funktionstestare,http://data.europa.eu/esco/occupation/52d5edc9-7902-4cd3-8b06-6bd77c98d440,IKT-systemtestare,exact-match,high,https://taxonomy.api.jobtechdev.se/v1/taxonomy/graphql,30
KXaA_48Y_gKe,Systemtestare/Funktionstestare,http://data.europa.eu/esco/occupation/5f50290d-f520-4a69-85c7-1390d2a4a8b6,IKT-användbarhetstestare,narrow-match,low,https://taxonomy.api.jobtechdev.se/v1/taxonomy/graphql,30
KXaA_48Y_gKe,Systemtestare/Funktionstestare,http://data.europa.eu/esco/occupation/731f38f1-b08f-4dd5-a25e-f8627c038273,integrationstestare,narrow-match,low,https://taxonomy.api.jobtechdev.se/v1/taxonomy/graphql,30
KYPa_Jv8_ZbU,Studie- och yrkesvägledare/SYV,http://data.europa.eu/esco/occupation/5d0cc30d-068a-424c-8463-f42872a7149e,karriärvägledare,narrow-match,low,https://taxonomy.api.jobtechdev.se/v1/taxonomy/graphql,30
KYPa_Jv8_ZbU,Studie- och yrkesvägledare/SYV,http://data.europa.eu/esco/occupation/abab3d6a-82b9-49bd-8a4b-7bc678130558,studievägledare,narrow-match,low,https://taxonomy.api.jobtechdev.se/v1/taxonomy/graphql,30
KZSb_ze9_LCc,Bildredaktör,http://data.europa.eu/esco/occupation/72add02e-ae39-4dfb-8047-ced4c1a347f5,bildredaktör,exact-match,high,https://taxonomy.api.jobtechdev.se/v1/taxonomy/graphql,30
KZsj_HrG_iKS,Analytisk kemist,http://data.europa.eu/esco/occupation/574f3232-1d07-4034-8cac-c57ddbfff192,analytisk kemist,exact-match,high,https://taxonomy.api.jobtechdev.se/v1/taxonomy/graphql,30
KanX_2ou_7gD,Genetiker,http://data.europa.eu/esco/occupation/6140be85-2d45-44b2-b0ba-412aadcead1e,genetiker,exact-match,high,https://taxonomy.api.jobtechdev.se/v1/taxonomy/graphql,30
KarC_Tsk_u1m,Kocksteward,http://data.europa.eu/esco/occupation/1009be17-7efd-45f1-a033-566bf179c588,kock,close-match,low,https://taxonomy.api.jobtechdev.se/v1/taxonomy/graphql,30
KdkP_9UN_kTa,Kasinopersonal,http://data.europa.eu/esco/occupation/961cbd1f-2a9b-4756-b227-67a1c23c94b6,kasinokassör,narrow-match,low,https://taxonomy.api.jobtechdev.se/v1/taxonomy/graphql,30
KdkP_9UN_kTa,Kasinopersonal,http://data.europa.eu/esco/occupation/b89f5984-3fb7-4339-80d5-00d1b0750b53,kasinoövervakare,close-match,low,https://taxonomy.api.jobtechdev.se/v1/taxonomy/graphql,30
KdkP_9UN_kTa,Kasinopersonal,http://data.europa.eu/esco/occupation/eb198788-0b99-4583-a7c5-0139ff9f91ad,"floormanager, kasino",close-match,low,https://taxonomy.api.jobtechdev.se/v1/taxonomy/graphql,30
Kev7_Wpg_oeP,Landshövding,http://data.europa.eu/esco/occupation/d63789ac-74b5-40e3-b890-685513c38e12,landshövding,exact-match,high,https://taxonomy.api.jobtechdev.se/v1/taxonomy/graphql,30
KgJQ_nBR_eQr,Konservator,http://data.europa.eu/esco/occupation/09a40a9a-2b60-422c-abe4-96d829bc27df,konservator,exact-match,high,https://taxonomy.api.jobtechdev.se/v1/taxonomy/graphql,30
Ki3J_DNi_7Hi,"Kock, fartyg",http://data.europa.eu/esco/occupation/90f75f67-495d-49fa-ab57-2f320e251d7e,kokerska,close-match,low,https://taxonomy.api.jobtechdev.se/v1/taxonomy/graphql,30
KiD2_B8H_U7U,Vapentekniker,http://data.europa.eu/esco/occupation/12dc4509-7d36-46d8-aca0-c147c7ecd806,vapentekniker,exact-match,high,https://taxonomy.api.jobtechdev.se/v1/taxonomy/graphql,30
Kkw3_ziy_DuB,Växlare,http://data.europa.eu/esco/occupation/12f9c0e8-26f4-4f1d-bf04-b16a34d12798,"växlare, järnväg",exact-match,high,https://taxonomy.api.jobtechdev.se/v1/taxonomy/graphql,30
Kkw3_ziy_DuB,Växlare,http://data.europa.eu/esco/occupation/219e7fdd-5889-4517-9e86-620a12d535aa,bangårdsoperatör,broad-match,low,https://taxonomy.api.jobtechdev.se/v1/taxonomy/graphql,30
Kkw3_ziy_DuB,Växlare,http://data.europa.eu/esco/occupation/5a16dff6-ca31-4a39-85dd-4b5aa0f45419,rangerare,exact-match,high,https://taxonomy.api.jobtechdev.se/v1/taxonomy/graphql,30
KmXs_JvR_Ns2,Växtodlingsrådgivare/Växtodlingskonsulent,http://data.europa.eu/esco/occupation/c40ef517-d4ab-4932-b184-9c2ea5b24fe2,agronom,broad-match,low,https://taxonomy.api.jobtechdev.se/v1/taxonomy/graphql,30
KpHq_s4h_7ns,Stadsarkivarie,http://data.europa.eu/esco/occupation/fb022de4-920a-4eb0-80f9-fbb8ecfc36b1,"arkivchef, kultur",broad-match,low,https://taxonomy.api.jobtechdev.se/v1/taxonomy/graphql,30
KudS_WCe_gRA,Vävare,http://data.europa.eu/esco/occupation/02375132-3290-4221-bf55-d93ec61a3bf3,handvävare,exact-match,high,https://taxonomy.api.jobtechdev.se/v1/taxonomy/graphql,30
KuqL_bsD_Zqd,Träningsinstruktör,http://data.europa.eu/esco/occupation/88c55070-444a-45db-abe3-7b95c40bc9ec,fritidsvärd,close-match,low,https://taxonomy.api.jobtechdev.se/v1/taxonomy/graphql,30
KuqL_bsD_Zqd,Träningsinstruktör,http://data.europa.eu/esco/occupation/c784c2db-e636-429f-8492-3191790a58d7,motionsinstruktör,exact-match,high,https://taxonomy.api.jobtechdev.se/v1/taxonomy/graphql,30
KvsU_QLE_dXW,HSEQ Manager/KMA-samordnare,http://data.europa.eu/esco/occupation/673f3266-ab1a-447d-9b28-fc5838dc07e3,miljö- och hälsoskyddsinspektör,close-match,low,https://taxonomy.api.jobtechdev.se/v1/taxonomy/graphql,30
KyUN_dkM_sDB,Ostmästare,http://data.europa.eu/esco/occupation/43841fa5-f8ae-43ce-834d-5482ec23ef9e,"livsmedelsarbetare, mejeriprodukter",broad-match,low,https://taxonomy.api.jobtechdev.se/v1/taxonomy/graphql,30
KyUN_dkM_sDB,Ostmästare,http://data.europa.eu/esco/occupation/afee6a28-f654-4ac7-a665-f758616bc689,livsmedelstekniker,broad-match,low,https://taxonomy.api.jobtechdev.se/v1/taxonomy/graphql,30
Kyaz_piB_MNV,"Beläggningsarbetare, utan yrkesbevis",http://data.europa.eu/esco/occupation/5f68c4c3-9d25-48e2-8efc-5471a80fb155,beläggningsmaskinförare,exact-match,high,https://taxonomy.api.jobtechdev.se/v1/taxonomy/graphql,30
L26k_Psr_p9P,Trumtekniker,http://data.europa.eu/esco/occupation/72f4abfe-5337-49be-b9b8-32096fc2ca1f,musikinstrumenttekniker,broad-match,low,https://taxonomy.api.jobtechdev.se/v1/taxonomy/graphql,30
L26k_Psr_p9P,Trumtekniker,http://data.europa.eu/esco/occupation/b558a934-9308-48fc-b03b-bea8e23ab085,"musikinstrumentmakare, mombranofona instrument",close-match,low,https://taxonomy.api.jobtechdev.se/v1/taxonomy/graphql,30
L27F_P6M_YgS,Specialisttandläkare inom odontologisk radiologi,http://data.europa.eu/esco/occupation/a580e79a-b752-49c1-b033-b5ab2b34bfba,specialisttandläkare,broad-match,low,https://taxonomy.api.jobtechdev.se/v1/taxonomy/graphql,30
L381_qqk_Hdy,"Kassaföreståndare, arbetslöshetskassa",http://data.europa.eu/esco/occupation/e9cf8b24-6b8b-47cc-9dd3-b601aa135960,chefstjänsteman vid intresseorganisation,broad-match,low,https://taxonomy.api.jobtechdev.se/v1/taxonomy/graphql,30
L5t3_Vf6_qZq,Kommunsekreterare,http://data.europa.eu/esco/occupation/caf7b8fb-b2d6-46b7-bffa-bea7f8e4aed8,"handläggare, offentlig förvaltning",close-match,low,https://taxonomy.api.jobtechdev.se/v1/taxonomy/graphql,30
L67L_8eL_ug5,Motormontör,http://data.europa.eu/esco/occupation/88a34087-311e-497e-ad81-a6843b9b461e,"motormontör, fartyg",narrow-match,low,https://taxonomy.api.jobtechdev.se/v1/taxonomy/graphql,30
L67L_8eL_ug5,Motormontör,http://data.europa.eu/esco/occupation/c3cae318-8b15-4339-a617-1a66b9ff6609,"motormontör, motorfordon",exact-match,high,https://taxonomy.api.jobtechdev.se/v1/taxonomy/graphql,30
L7dr_edw_VWG,Gränskontrollant,http://data.europa.eu/esco/occupation/6296faea-1909-4943-b0e0-662b43ad855d,gränsövervakningspersonal,broad-match,low,https://taxonomy.api.jobtechdev.se/v1/taxonomy/graphql,30
L8BG_yS3_47d,"Specialistläkare, hud- och könssjukdomar",http://data.europa.eu/esco/occupation/9b889f07-c39c-464d-b9d9-b2daa650f9ac,specialistläkare,broad-match,low,https://taxonomy.api.jobtechdev.se/v1/taxonomy/graphql,30
L8T2_zWq_9pC,Ortopedskomakare/Ortopedskotekniker,http://data.europa.eu/esco/occupation/07ba3429-cccd-435b-a7d0-c02ba962bbd9,beställningsskomakare,broad-match,low,https://taxonomy.api.jobtechdev.se/v1/taxonomy/graphql,30
L8T2_zWq_9pC,Ortopedskomakare/Ortopedskotekniker,http://data.europa.eu/esco/occupation/15419750-d6e6-4ab8-a77b-b42794f2e168,ortopedskomakare,exact-match,high,https://taxonomy.api.jobtechdev.se/v1/taxonomy/graphql,30
LBMY_rRW_89z,Kostymassistent,http://data.europa.eu/esco/occupation/30739eb6-218b-4e8a-9209-e2f36b9446cd,kostymansvarig,exact-match,high,https://taxonomy.api.jobtechdev.se/v1/taxonomy/graphql,30
LBMY_rRW_89z,Kostymassistent,http://data.europa.eu/esco/occupation/b3b79192-f6e0-4aa0-92d1-f876508e05b3,kostymmakare,broad-match,low,https://taxonomy.api.jobtechdev.se/v1/taxonomy/graphql,30
LF9w_UCf_gow,Chief Data Officer/CDO,http://data.europa.eu/esco/occupation/e297ec12-4712-40a4-ad98-ba004cacb205,datachef,exact-match,high,https://taxonomy.api.jobtechdev.se/v1/taxonomy/graphql,30
LJZw_d7H_QWZ,"Förvaltningschef, region",http://data.europa.eu/esco/occupation/b42c5ed4-c6e4-4694-934f-96127719cc43,anläggningschef,close-match,low,https://taxonomy.api.jobtechdev.se/v1/taxonomy/graphql,30
LJep_qrh_p7j,"Lärling, lastmaskinförare",http://data.europa.eu/esco/occupation/b5b8c259-7557-4f5f-9f56-155b038946c1,bandlastarförare,narrow-match,low,https://taxonomy.api.jobtechdev.se/v1/taxonomy/graphql,30
LJmP_CR7_Pym,Smidesoperatör,http://data.europa.eu/esco/occupation/bc61e0de-2d72-471c-90c1-a9fe371020f9,smidesmekaniker,close-match,low,https://taxonomy.api.jobtechdev.se/v1/taxonomy/graphql,30
LKDz_W5q_R6b,"ST-läkare, invärtesmedicin",http://data.europa.eu/esco/occupation/71f09c8b-a172-408c-b9e7-32e580e39ff6,läkare,close-match,low,https://taxonomy.api.jobtechdev.se/v1/taxonomy/graphql,30
LNAV_oQU_EBY,Skogsvärderare,http://data.europa.eu/esco/occupation/fa32eb3f-5c9f-4668-8f85-5eefb3badab8,skogsrådgivare,broad-match,low,https://taxonomy.api.jobtechdev.se/v1/taxonomy/graphql,30
LNfx_Wzs_mdx,Incheckningsmedarbetare,http://data.europa.eu/esco/occupation/7153a12d-85e0-4123-87e9-46bb1a2dc929,trafikassistent,close-match,low,https://taxonomy.api.jobtechdev.se/v1/taxonomy/graphql,30
LQDq_hXy_t7W,Teknikpedagog,http://data.europa.eu/esco/occupation/591d1758-3036-407a-91f7-e0e1f5c9deea,"yrkeslärare, elektronik och automation",close-match,low,https://taxonomy.api.jobtechdev.se/v1/taxonomy/graphql,30
LQMa_8hg_qQX,"ST-läkare, hud- och könssjukdomar",http://data.europa.eu/esco/occupation/71f09c8b-a172-408c-b9e7-32e580e39ff6,läkare,close-match,low,https://taxonomy.api.jobtechdev.se/v1/taxonomy/graphql,30
LRCD_yS5_LYY,Processoperatör textilindustri,http://data.europa.eu/esco/occupation/06461fc3-1274-40a1-9322-dfc2753f5eea,textiloperatör (spinnare),narrow-match,low,https://taxonomy.api.jobtechdev.se/v1/taxonomy/graphql,30
LRCD_yS5_LYY,Processoperatör textilindustri,http://data.europa.eu/esco/occupation/15502187-a1da-407a-843b-ce991d5f65fe,flätmaskinoperatör,narrow-match,low,https://taxonomy.api.jobtechdev.se/v1/taxonomy/graphql,30
LRCD_yS5_LYY,Processoperatör textilindustri,http://data.europa.eu/esco/occupation/18b00c9e-3a07-4346-bb86-b1577554cf56,textilstickningstekniker,narrow-match,low,https://taxonomy.api.jobtechdev.se/v1/taxonomy/graphql,30
LRCD_yS5_LYY,Processoperatör textilindustri,http://data.europa.eu/esco/occupation/1ce76c3b-edee-41b4-88c2-5db9b70d8bf0,garvare,narrow-match,low,https://taxonomy.api.jobtechdev.se/v1/taxonomy/graphql,30
LRCD_yS5_LYY,Processoperatör textilindustri,http://data.europa.eu/esco/occupation/3417aab3-8b87-4c3b-bee6-be03fe05be2b,"maskinställare, textil",narrow-match,low,https://taxonomy.api.jobtechdev.se/v1/taxonomy/graphql,30
LRCD_yS5_LYY,Processoperatör textilindustri,http://data.europa.eu/esco/occupation/48cff102-9fe2-4e0f-8156-88fd8a686e6c,garnspinnare,narrow-match,low,https://taxonomy.api.jobtechdev.se/v1/taxonomy/graphql,30
LRCD_yS5_LYY,Processoperatör textilindustri,http://data.europa.eu/esco/occupation/59bbece0-d1dc-4f4a-845e-1523f68afb2d,spinnmaskinoperatör,narrow-match,low,https://taxonomy.api.jobtechdev.se/v1/taxonomy/graphql,30
LRCD_yS5_LYY,Processoperatör textilindustri,http://data.europa.eu/esco/occupation/6da80214-d360-49ec-b1e7-172ab0a0cb0c,stickmaskinoperatör,narrow-match,low,https://taxonomy.api.jobtechdev.se/v1/taxonomy/graphql,30
LRCD_yS5_LYY,Processoperatör textilindustri,http://data.europa.eu/esco/occupation/939e05ea-2589-4e3c-a501-eea2bdd6864a,maskinvävare,narrow-match,low,https://taxonomy.api.jobtechdev.se/v1/taxonomy/graphql,30
LRCD_yS5_LYY,Processoperatör textilindustri,http://data.europa.eu/esco/occupation/a273ec4c-96fd-48e5-9343-695a6bd08512,textilsvävningstekniker,narrow-match,low,https://taxonomy.api.jobtechdev.se/v1/taxonomy/graphql,30
LRCD_yS5_LYY,Processoperatör textilindustri,http://data.europa.eu/esco/occupation/ab104661-db96-4752-8c84-97d98f6e8969,stickmaskinförman,narrow-match,low,https://taxonomy.api.jobtechdev.se/v1/taxonomy/graphql,30
LRCD_yS5_LYY,Processoperatör textilindustri,http://data.europa.eu/esco/occupation/cf74a14f-f1fe-4008-a935-5c173f246655,"maskinoperatör, madrasstillverkning",narrow-match,low,https://taxonomy.api.jobtechdev.se/v1/taxonomy/graphql,30
LRCD_yS5_LYY,Processoperatör textilindustri,http://data.europa.eu/esco/occupation/d87b1c64-eed1-404c-87de-f9f81c85fbde,"maskinskötare, bomullsrensning",narrow-match,low,https://taxonomy.api.jobtechdev.se/v1/taxonomy/graphql,30
LU1M_o4D_y7y,Maskinoperatör ytbehandling av metall,http://data.europa.eu/esco/occupation/1c5ec3d2-a241-4ba2-ba20-e4da565383a6,trumlare,narrow-match,low,https://taxonomy.api.jobtechdev.se/v1/taxonomy/graphql,30
LU1M_o4D_y7y,Maskinoperatör ytbehandling av metall,http://data.europa.eu/esco/occupation/3c0af499-39f6-4468-9ba4-b13a26d5f888,blästrare,narrow-match,low,https://taxonomy.api.jobtechdev.se/v1/taxonomy/graphql,30
LU1M_o4D_y7y,Maskinoperatör ytbehandling av metall,http://data.europa.eu/esco/occupation/4a1d28b0-eca5-4c0a-a49d-ce974e7d04ce,planslipmaskinoperatör,narrow-match,low,https://taxonomy.api.jobtechdev.se/v1/taxonomy/graphql,30
LU1M_o4D_y7y,Maskinoperatör ytbehandling av metall,http://data.europa.eu/esco/occupation/4b6b09e6-e1f6-46d8-b16a-d3522c367983,cylinderslipare,narrow-match,low,https://taxonomy.api.jobtechdev.se/v1/taxonomy/graphql,30
LU1M_o4D_y7y,Maskinoperatör ytbehandling av metall,http://data.europa.eu/esco/occupation/4f5e4fb1-58bd-4abd-bb06-4af9203a1518,filmaskinoperatör,narrow-match,low,https://taxonomy.api.jobtechdev.se/v1/taxonomy/graphql,30
LU1M_o4D_y7y,Maskinoperatör ytbehandling av metall,http://data.europa.eu/esco/occupation/bb2933e9-f6ec-4ab0-b2ea-3cc34cf56d18,"maskinoperatör, elektroplätering",narrow-match,low,https://taxonomy.api.jobtechdev.se/v1/taxonomy/graphql,30
LU1M_o4D_y7y,Maskinoperatör ytbehandling av metall,http://data.europa.eu/esco/occupation/e9f0b7ae-c848-464e-af9d-55eb87a592e0,anodiseringsoperatör,narrow-match,low,https://taxonomy.api.jobtechdev.se/v1/taxonomy/graphql,30
LUJL_inh_kVk,Inläsare,http://data.europa.eu/esco/occupation/e89e330c-daa3-48f0-b34e-04e3344ea8dc,berättarröst,close-match,low,https://taxonomy.api.jobtechdev.se/v1/taxonomy/graphql,30
LVfX_gRL_EPH,Lärling betongarbetare,http://data.europa.eu/esco/occupation/a9068f84-cecd-4cbb-9acb-e20c714435ec,betongarbetare,exact-match,high,https://taxonomy.api.jobtechdev.se/v1/taxonomy/graphql,30
LWXj_LgT_xzB,Maskinsnickare,http://data.europa.eu/esco/occupation/77a05858-f682-4648-baa5-9b86deeffbc1,snickerimaskinskötare,exact-match,high,https://taxonomy.api.jobtechdev.se/v1/taxonomy/graphql,30
LWXj_LgT_xzB,Maskinsnickare,http://data.europa.eu/esco/occupation/7e08d38d-30c9-4a6f-b88e-b28e87c0b259,"borrare, trä",narrow-match,low,https://taxonomy.api.jobtechdev.se/v1/taxonomy/graphql,30
LWXj_LgT_xzB,Maskinsnickare,http://data.europa.eu/esco/occupation/ac160654-0d3e-49aa-b798-1861ce9d78b6,träsvarvare,narrow-match,low,https://taxonomy.api.jobtechdev.se/v1/taxonomy/graphql,30
LWXj_LgT_xzB,Maskinsnickare,http://data.europa.eu/esco/occupation/ceb5277b-2c4d-4cb9-9b7e-b386e66e11ba,"maskinskötare, spikmaskin",narrow-match,low,https://taxonomy.api.jobtechdev.se/v1/taxonomy/graphql,30
LX5L_e6N_4jS,Personalutbildare,http://data.europa.eu/esco/occupation/d9612966-e295-4d81-ba2b-9f36bad0b392,medarbetarcoach,close-match,low,https://taxonomy.api.jobtechdev.se/v1/taxonomy/graphql,30
Ld9h_41y_zvw,Redovisningschef,http://data.europa.eu/esco/occupation/04f39bfa-bc03-4480-98bc-b18ce4fe4b4b,redovisningschef,exact-match,high,https://taxonomy.api.jobtechdev.se/v1/taxonomy/graphql,30
Lijw_Sfh_7vt,"Forskare, samhällsvetenskap",http://data.europa.eu/esco/occupation/4f89b0d2-b666-4890-af01-25d1d60da1f3,statsvetare,broad-match,low,https://taxonomy.api.jobtechdev.se/v1/taxonomy/graphql,30
Lkio_vzx_RxG,Brandtekniker,http://data.europa.eu/esco/occupation/adf9257e-78cb-467d-b259-59ed65bd7aed,brandtekniker,exact-match,high,https://taxonomy.api.jobtechdev.se/v1/taxonomy/graphql,30
Lkpi_2QR_zd5,Glasblåsare,http://data.europa.eu/esco/occupation/64a68a43-24be-4929-95ce-5b14617199d1,glasblåsare,exact-match,high,https://taxonomy.api.jobtechdev.se/v1/taxonomy/graphql,30
LmMs_vdL_1NR,Inkassohandläggare,http://data.europa.eu/esco/occupation/2d32bea0-dccd-4dc5-9ea9-c51c653a46ef,inkassohandläggare,exact-match,high,https://taxonomy.api.jobtechdev.se/v1/taxonomy/graphql,30
Lmki_mgE_M6F,Tandvårdsbiträde,http://data.europa.eu/esco/occupation/bdc74965-1d1a-4f8e-a490-9cf71f494e02,tandsköterska,close-match,low,https://taxonomy.api.jobtechdev.se/v1/taxonomy/graphql,30
LnRE_5bo_nYh,Teaterchef,http://data.europa.eu/esco/occupation/6c3fd65e-2d24-47d8-bc22-9e93512bdcc2,verkställande direktör,broad-match,low,https://taxonomy.api.jobtechdev.se/v1/taxonomy/graphql,30
Lpbi_kUf_VeM,"Driftchef, skogsbruk",http://data.europa.eu/esco/occupation/f04eaeff-52f5-4d52-93ad-6f846884827f,skogvakt,close-match,low,https://taxonomy.api.jobtechdev.se/v1/taxonomy/graphql,30
LrrC_U7A_Xus,"Automationstekniker, el",http://data.europa.eu/esco/occupation/5791a961-4717-4230-a245-a4082a675f04,automationstekniker,broad-match,low,https://taxonomy.api.jobtechdev.se/v1/taxonomy/graphql,30
Ls8r_yKQ_MQ4,"Bergarbetare, gruva",http://data.europa.eu/esco/occupation/364e61ab-1631-4fe1-a170-e88797aad6f9,borrare,narrow-match,low,https://taxonomy.api.jobtechdev.se/v1/taxonomy/graphql,30
Ls8r_yKQ_MQ4,"Bergarbetare, gruva",http://data.europa.eu/esco/occupation/425f4904-3a7a-4ad0-ac5b-42b38392f768,operatör av tunga maskiner under jord,exact-match,high,https://taxonomy.api.jobtechdev.se/v1/taxonomy/graphql,30
Ls8r_yKQ_MQ4,"Bergarbetare, gruva",http://data.europa.eu/esco/occupation/4cdfac8c-b000-4279-985e-31bc1fbe2447,gruvarbetare under jord,exact-match,high,https://taxonomy.api.jobtechdev.se/v1/taxonomy/graphql,30
Luo9_kCz_Z8D,Arbetskonsulent,http://data.europa.eu/esco/occupation/e4112a88-973f-4c7a-97f5-2241e6b6833f,jobbcoach,close-match,low,https://taxonomy.api.jobtechdev.se/v1/taxonomy/graphql,30
Lx9i_YZL_mas,Marknadsförsäljare,http://data.europa.eu/esco/occupation/c822ca35-6c36-4eab-97fa-90f2775091c3,marknadsförsäljare,exact-match,high,https://taxonomy.api.jobtechdev.se/v1/taxonomy/graphql,30
Lxas_8K9_W1o,Systemadministratör,http://data.europa.eu/esco/occupation/81480b40-a318-47f3-9b2c-56b69ed67d95,nätverksadministratör,narrow-match,low,https://taxonomy.api.jobtechdev.se/v1/taxonomy/graphql,30
Lxas_8K9_W1o,Systemadministratör,http://data.europa.eu/esco/occupation/9e2e6e1e-363b-4e1b-a673-7bc0f7343300,IKT-systemadministratör,exact-match,high,https://taxonomy.api.jobtechdev.se/v1/taxonomy/graphql,30
LxhG_of8_eMi,Stödassistent,http://data.europa.eu/esco/occupation/6667bf29-a3e3-4513-a71b-82c67206045b,"vårdare, ungdomsboende",narrow-match,low,https://taxonomy.api.jobtechdev.se/v1/taxonomy/graphql,30
LxhG_of8_eMi,Stödassistent,http://data.europa.eu/esco/occupation/78f474ae-c154-4206-ad0f-d8a00e9c541e,"vårdare, vuxna med funktionsnedsättning",narrow-match,low,https://taxonomy.api.jobtechdev.se/v1/taxonomy/graphql,30
M1Ls_zr9_5TR,Specialisttandläkare inom orofacial medicin,http://data.europa.eu/esco/occupation/a580e79a-b752-49c1-b033-b5ab2b34bfba,specialisttandläkare,broad-match,low,https://taxonomy.api.jobtechdev.se/v1/taxonomy/graphql,30
M1V2_s5C_U4m,Paralegal,http://data.europa.eu/esco/occupation/929ef41d-afd0-4d5a-b85b-69eab68fa368,juristassistent,exact-match,high,https://taxonomy.api.jobtechdev.se/v1/taxonomy/graphql,30
M4Ld_18g_XzK,"Förlagschef, tidning",http://data.europa.eu/esco/occupation/aab8009a-5759-4f52-8865-6cc657b1f099,"samordnare, publiceringsverksamhet",close-match,low,https://taxonomy.api.jobtechdev.se/v1/taxonomy/graphql,30
M4Ld_18g_XzK,"Förlagschef, tidning",http://data.europa.eu/esco/occupation/e2ad6d3e-1736-466b-a2bf-9823f683c8ab,förläggare,close-match,low,https://taxonomy.api.jobtechdev.se/v1/taxonomy/graphql,30
M72y_eD6_3HN,Lantbrukare växtodling,http://data.europa.eu/esco/occupation/1c1e86f9-6347-42d6-aa6e-c95b138bf640,"lantbrukare, blandad drift",broad-match,low,https://taxonomy.api.jobtechdev.se/v1/taxonomy/graphql,30
M7TY_sct_XPk,Idrottskonsulent,http://data.europa.eu/esco/occupation/3e9c1262-4fe2-4eb1-bf94-4fe64498393a,idrottstränare,close-match,low,https://taxonomy.api.jobtechdev.se/v1/taxonomy/graphql,30
M7XY_rbq_hwD,Mönsterkonstruktör,http://data.europa.eu/esco/occupation/072279cf-ed39-47e7-af23-ee6df571eb24,gradör,narrow-match,low,https://taxonomy.api.jobtechdev.se/v1/taxonomy/graphql,30
M7XY_rbq_hwD,Mönsterkonstruktör,http://data.europa.eu/esco/occupation/18232485-5f8b-4c53-80f2-3d9f8f9d0e20,"mönsterritare, tyger",narrow-match,low,https://taxonomy.api.jobtechdev.se/v1/taxonomy/graphql,30
M7XY_rbq_hwD,Mönsterkonstruktör,http://data.europa.eu/esco/occupation/196a4c75-9591-436f-9677-67252df34c22,"mönsterkonstruktör, digital mönsterhantering",narrow-match,low,https://taxonomy.api.jobtechdev.se/v1/taxonomy/graphql,30
M7XY_rbq_hwD,Mönsterkonstruktör,http://data.europa.eu/esco/occupation/29900d8d-4463-4a6e-b6aa-e97418700245,"mönsterkonstruktör, CAD, läder",narrow-match,low,https://taxonomy.api.jobtechdev.se/v1/taxonomy/graphql,30
M7XY_rbq_hwD,Mönsterkonstruktör,http://data.europa.eu/esco/occupation/5157706c-3fce-420e-9e7f-863000af5397,"mönsterkonstruktör, läder",narrow-match,low,https://taxonomy.api.jobtechdev.se/v1/taxonomy/graphql,30
M7XY_rbq_hwD,Mönsterkonstruktör,http://data.europa.eu/esco/occupation/760ad7dd-f29d-4e4d-be1f-15100550ab80,"mönsterkonstruktör, CAD",exact-match,high,https://taxonomy.api.jobtechdev.se/v1/taxonomy/graphql,30
M9cp_E8g_q42,"Stationschef, bilprovning",http://data.europa.eu/esco/occupation/5c9dea76-c7da-4e58-857c-fc3cbe7b960a,"chef, bilverkstad",close-match,low,https://taxonomy.api.jobtechdev.se/v1/taxonomy/graphql,30
MGCL_TYX_EUA,Datasäkerhetsansvarig,http://data.europa.eu/esco/occupation/276ba420-ef09-4a0e-b215-2c2e2f80ad28,it-säkerhetsansvarig,close-match,low,https://taxonomy.api.jobtechdev.se/v1/taxonomy/graphql,30
MH6m_kSK_mTF,"Betonghåltagare, utan yrkesbevis",http://data.europa.eu/esco/occupation/a9068f84-cecd-4cbb-9acb-e20c714435ec,betongarbetare,broad-match,low,https://taxonomy.api.jobtechdev.se/v1/taxonomy/graphql,30
MJvj_tVV_zpZ,Glastekniker/Glasmästare,http://data.europa.eu/esco/occupation/5f9e0588-e819-42f7-9975-f53198666c07,glastekniker,exact-match,high,https://taxonomy.api.jobtechdev.se/v1/taxonomy/graphql,30
MMTE_fiP_1Ng,Behandlingsassistent/Socialpedagog,http://data.europa.eu/esco/occupation/2ae76ccc-f02e-4eb6-b693-fff70ba8f409,"socialtjänstpersonal, barnskydd",narrow-match,low,https://taxonomy.api.jobtechdev.se/v1/taxonomy/graphql,30
MMTE_fiP_1Ng,Behandlingsassistent/Socialpedagog,http://data.europa.eu/esco/occupation/4edbde9f-218e-49c7-812f-c45262fb4128,socioterapeut,exact-match,high,https://taxonomy.api.jobtechdev.se/v1/taxonomy/graphql,30
MMTE_fiP_1Ng,Behandlingsassistent/Socialpedagog,http://data.europa.eu/esco/occupation/4fa660b3-ab97-4a99-ad73-ce3c2612f2c3,socialassistent,exact-match,high,https://taxonomy.api.jobtechdev.se/v1/taxonomy/graphql,30
MMTE_fiP_1Ng,Behandlingsassistent/Socialpedagog,http://data.europa.eu/esco/occupation/6e36bf67-9df2-4d68-8f78-fca1d34acc0b,ungdomsassistent,exact-match,high,https://taxonomy.api.jobtechdev.se/v1/taxonomy/graphql,30
MMTE_fiP_1Ng,Behandlingsassistent/Socialpedagog,http://data.europa.eu/esco/occupation/dc69f2ed-ebe9-43da-bf9d-31aac874d4c2,"stödperson, rehabilitering",narrow-match,low,https://taxonomy.api.jobtechdev.se/v1/taxonomy/graphql,30
MMTE_fiP_1Ng,Behandlingsassistent/Socialpedagog,http://data.europa.eu/esco/occupation/fa4a3b52-990c-44eb-a912-490f5d689400,socialpedagog,exact-match,high,https://taxonomy.api.jobtechdev.se/v1/taxonomy/graphql,30
MQHi_q9J_x2d,Väg- och anläggningsarbetare,http://data.europa.eu/esco/occupation/094b9f9b-7e89-4f34-adbb-fbaf7246f7a4,vatten- och avloppstekniker,narrow-match,low,https://taxonomy.api.jobtechdev.se/v1/taxonomy/graphql,30
MQHi_q9J_x2d,Väg- och anläggningsarbetare,http://data.europa.eu/esco/occupation/0f898624-9b89-41ba-adcf-9360ade85a62,"tekniker, vattenåtervinning",narrow-match,low,https://taxonomy.api.jobtechdev.se/v1/taxonomy/graphql,30
MQHi_q9J_x2d,Väg- och anläggningsarbetare,http://data.europa.eu/esco/occupation/21fe7141-68fa-4db7-9ee2-53097cef541a,vattenvägsbyggare,narrow-match,low,https://taxonomy.api.jobtechdev.se/v1/taxonomy/graphql,30
MQHi_q9J_x2d,Väg- och anläggningsarbetare,http://data.europa.eu/esco/occupation/461959ed-6a80-4c33-a75e-26aaeb52a5a7,VVS-montör,narrow-match,low,https://taxonomy.api.jobtechdev.se/v1/taxonomy/graphql,30
MQHi_q9J_x2d,Väg- och anläggningsarbetare,http://data.europa.eu/esco/occupation/47300afa-5496-484c-8f65-14247a98b2b8,anläggningsarbetare,exact-match,high,https://taxonomy.api.jobtechdev.se/v1/taxonomy/graphql,30
MQHi_q9J_x2d,Väg- och anläggningsarbetare,http://data.europa.eu/esco/occupation/6eaf90cb-144d-486c-86e7-3d2bf4242525,vägmärkesuppsättare,narrow-match,low,https://taxonomy.api.jobtechdev.se/v1/taxonomy/graphql,30
MQHi_q9J_x2d,Väg- och anläggningsarbetare,http://data.europa.eu/esco/occupation/6f74ebc4-ab7e-42a8-ad94-921f3d0ef0c6,"VVS-montör, avlopp",narrow-match,low,https://taxonomy.api.jobtechdev.se/v1/taxonomy/graphql,30
MQHi_q9J_x2d,Väg- och anläggningsarbetare,http://data.europa.eu/esco/occupation/73d77554-2016-46fa-ac3d-44a02e8d1a89,ledningstekniker,narrow-match,low,https://taxonomy.api.jobtechdev.se/v1/taxonomy/graphql,30
MQHi_q9J_x2d,Väg- och anläggningsarbetare,http://data.europa.eu/esco/occupation/fb18dfef-2b90-4219-8b39-a5fcddb8f238,dräneringsarbetare,narrow-match,low,https://taxonomy.api.jobtechdev.se/v1/taxonomy/graphql,30
MS32_GJL_6sB,Uthyrare sport- och fritidsutrustning,http://data.europa.eu/esco/occupation/3900b684-6b4b-4133-b134-e1d129d60383,uthyrare,broad-match,low,https://taxonomy.api.jobtechdev.se/v1/taxonomy/graphql,30
MS32_GJL_6sB,Uthyrare sport- och fritidsutrustning,http://data.europa.eu/esco/occupation/a527f263-0feb-4d55-b416-0577e9dc7847,"uthyrare, sport- och fritidsutrustning",exact-match,high,https://taxonomy.api.jobtechdev.se/v1/taxonomy/graphql,30
MVCa_w3t_QHf,Forensiker,http://data.europa.eu/esco/occupation/3cee6bea-4a19-4511-9bbb-fdf820857555,brottsplatsundersökare,close-match,low,https://taxonomy.api.jobtechdev.se/v1/taxonomy/graphql,30
MZ9T_JuJ_FxU,Redovisningsassistent,http://data.europa.eu/esco/occupation/1f665529-96e9-46c1-99f4-9ffbf9ffa036,revisionsbiträde,exact-match,high,https://taxonomy.api.jobtechdev.se/v1/taxonomy/graphql,30
MZ9T_JuJ_FxU,Redovisningsassistent,http://data.europa.eu/esco/occupation/bfe142b9-a049-4d41-89c4-fd2f34ac56b6,redovisningsassistent,exact-match,high,https://taxonomy.api.jobtechdev.se/v1/taxonomy/graphql,30
MZAa_r7q_ofj,Automationselektriker,http://data.europa.eu/esco/occupation/5791a961-4717-4230-a245-a4082a675f04,automationstekniker,broad-match,low,https://taxonomy.api.jobtechdev.se/v1/taxonomy/graphql,30
Many_vs3_Kaw,Tatuerare,http://data.europa.eu/esco/occupation/40da2fc6-8cb4-4cd3-8fe3-899715905070,tatuerare/piercare,broad-match,low,https://taxonomy.api.jobtechdev.se/v1/taxonomy/graphql,30
Md8r_apg_zFi,Ambassadör,http://data.europa.eu/esco/occupation/190ec9a5-938c-45a5-bd9c-c12b1af33353,ambassadör,exact-match,high,https://taxonomy.api.jobtechdev.se/v1/taxonomy/graphql,30
Mg5T_Wi4_5my,"Avdelningschef, kommun",http://data.europa.eu/esco/occupation/94e0bedd-e56e-42be-a5a4-b74a260f437c,avdelningschef,broad-match,low,https://taxonomy.api.jobtechdev.se/v1/taxonomy/graphql,30
Mgiv_Xs7_u2r,Golvläggare,http://data.europa.eu/esco/occupation/0663d464-f139-4554-ae87-97aa6c4dad77,"golvläggare, textil, plast, linoleum, kork",exact-match,high,https://taxonomy.api.jobtechdev.se/v1/taxonomy/graphql,30
Mgiv_Xs7_u2r,Golvläggare,http://data.europa.eu/esco/occupation/a50d64e7-2dba-4418-81a7-92b2ba2e508f,terrazzoarbetare,narrow-match,low,https://taxonomy.api.jobtechdev.se/v1/taxonomy/graphql,30
Mgiv_Xs7_u2r,Golvläggare,http://data.europa.eu/esco/occupation/e43d0f86-7abf-4c6e-b2b3-10970ddf6518,mattläggare,narrow-match,low,https://taxonomy.api.jobtechdev.se/v1/taxonomy/graphql,30
MhSm_oVM_hJP,Skorstensfejartekniker,http://data.europa.eu/esco/occupation/4305327d-3537-4dfb-a913-bce6614362f1,skorstensfejartekniker,exact-match,high,https://taxonomy.api.jobtechdev.se/v1/taxonomy/graphql,30
Mhxx_6q2_tY7,Informationsassistent,http://data.europa.eu/esco/occupation/b55718eb-e8ff-4485-8ad0-bbac32cbd77b,mediaplanerare,broad-match,low,https://taxonomy.api.jobtechdev.se/v1/taxonomy/graphql,30
MiRr_LaG_kz8,Idrottsdomare,http://data.europa.eu/esco/occupation/388155cc-7ab8-46c7-8051-aefc7b276c84,idrottsfunktionär,exact-match,high,https://taxonomy.api.jobtechdev.se/v1/taxonomy/graphql,30
MiYT_1JK_fKe,Make-up artist,http://data.europa.eu/esco/occupation/49713da4-4e97-4f82-bd1c-16ce7f9179b7,makeup-artist,exact-match,high,https://taxonomy.api.jobtechdev.se/v1/taxonomy/graphql,30
MieG_x63_WQg,Tillskärare,http://data.europa.eu/esco/occupation/1d188cae-90e9-4950-9666-3e1a9500de50,"tillskärare, lädervaror",narrow-match,low,https://taxonomy.api.jobtechdev.se/v1/taxonomy/graphql,30
MieG_x63_WQg,Tillskärare,http://data.europa.eu/esco/occupation/928dd410-c74b-4dab-94b8-fcbdcf541bd1,"tillskärare, konfektion",narrow-match,low,https://taxonomy.api.jobtechdev.se/v1/taxonomy/graphql,30
Mj9N_W8j_bqg,"Tak- och tätskiktsmontör, utan yrkesbevis",http://data.europa.eu/esco/occupation/b4c6d1b0-929e-48be-9f67-47bd8c30658b,takmontör,exact-match,high,https://taxonomy.api.jobtechdev.se/v1/taxonomy/graphql,30
Mo1Z_7W8_Mu8,"Handläggare, arbetslöshetskassa/Utredare, arbetslöshetskassa",http://data.europa.eu/esco/occupation/4d750b7f-f40d-447c-ba90-f5fb0ee9ef27,socialförsäkringshandläggare,broad-match,low,https://taxonomy.api.jobtechdev.se/v1/taxonomy/graphql,30
MqSM_PXs_d8P,"Forskare, medicin",http://data.europa.eu/esco/occupation/10291962-c0c7-4e5b-a7ed-0762b4d9b010,farmakolog,narrow-match,low,https://taxonomy.api.jobtechdev.se/v1/taxonomy/graphql,30
MqSM_PXs_d8P,"Forskare, medicin",http://data.europa.eu/esco/occupation/557f9ccc-4e46-4bb2-8d20-272cd978b152,forskare inom veterinärmedicin,narrow-match,low,https://taxonomy.api.jobtechdev.se/v1/taxonomy/graphql,30
MqZd_qqV_ZUM,Marknadsplanerare,http://data.europa.eu/esco/occupation/b76178c0-a03a-4793-b079-1e61e636c521,marknadsplanerare,exact-match,high,https://taxonomy.api.jobtechdev.se/v1/taxonomy/graphql,30
MrBx_2Rt_thH,"Specialistläkare, onkologi",http://data.europa.eu/esco/occupation/9b889f07-c39c-464d-b9d9-b2daa650f9ac,specialistläkare,broad-match,low,https://taxonomy.api.jobtechdev.se/v1/taxonomy/graphql,30
MuBS_dbz_gYd,Bibliotekschef,http://data.europa.eu/esco/occupation/24d39e12-e104-49d3-8224-8b7a5f9b99d1,bibliotekschef,exact-match,high,https://taxonomy.api.jobtechdev.se/v1/taxonomy/graphql,30
Mwfw_wJn_8h1,Chefsjurist,http://data.europa.eu/esco/occupation/779d13be-60b4-48f3-a339-fe483be96c7f,förvaltningsjurist,close-match,low,https://taxonomy.api.jobtechdev.se/v1/taxonomy/graphql,30
Mwuy_Cxp_2ds,Byggnadssmed,http://data.europa.eu/esco/occupation/691ec040-f5ad-47ef-8698-03212d66dbbf,stålbyggare,narrow-match,low,https://taxonomy.api.jobtechdev.se/v1/taxonomy/graphql,30
Mwuy_Cxp_2ds,Byggnadssmed,http://data.europa.eu/esco/occupation/c44f9f8c-46a6-40da-9630-cc568a18cc51,byggnadssmed,narrow-match,low,https://taxonomy.api.jobtechdev.se/v1/taxonomy/graphql,30
Mx7K_ThX_jz4,Biblioteksassistent,http://data.europa.eu/esco/occupation/37b15470-3b2d-4ae0-816c-c7c06ed15c99,biblioteksassistent,exact-match,high,https://taxonomy.api.jobtechdev.se/v1/taxonomy/graphql,30
MzBp_xg2_Jix,"Förvaltningsdirektör, statlig",http://data.europa.eu/esco/occupation/0752ed49-03e7-4d75-8314-a051b3771a1d,generaldirektör,broad-match,low,https://taxonomy.api.jobtechdev.se/v1/taxonomy/graphql,30
MzGw_NJ2_JV1,Attributör,http://data.europa.eu/esco/occupation/bd94312f-05c8-455d-a2f6-5490489ac4a4,attributör,exact-match,high,https://taxonomy.api.jobtechdev.se/v1/taxonomy/graphql,30
N1NW_zL4_2LA,Musikbibliotekarie,http://data.europa.eu/esco/occupation/60f7eb23-a7ea-4cbe-98a5-1248291f62d5,bibliotekarie,broad-match,low,https://taxonomy.api.jobtechdev.se/v1/taxonomy/graphql,30
N5U8_grE_HFR,Informationsmäklare,http://data.europa.eu/esco/occupation/3765a20d-5160-4e8f-82f1-ad7872b9db24,informationsansvarig,close-match,low,https://taxonomy.api.jobtechdev.se/v1/taxonomy/graphql,30
N7tP_Wxk_bwK,Meteorolog,http://data.europa.eu/esco/occupation/1c862e14-80f8-4aa8-8f1c-fd2ca95b63ad,meterolog,exact-match,high,https://taxonomy.api.jobtechdev.se/v1/taxonomy/graphql,30
N7tP_Wxk_bwK,Meteorolog,http://data.europa.eu/esco/occupation/2960c96e-7228-4327-b0a1-85fc13691844,flygmeteorolog,narrow-match,low,https://taxonomy.api.jobtechdev.se/v1/taxonomy/graphql,30
N7tP_Wxk_bwK,Meteorolog,http://data.europa.eu/esco/occupation/3dbd758c-6dc0-41fe-8248-2250c9bfa4ab,klimatolog,narrow-match,low,https://taxonomy.api.jobtechdev.se/v1/taxonomy/graphql,30
N9Ag_PYT_ecP,Sjuktransportör,http://data.europa.eu/esco/occupation/64e909ad-1bd0-493c-a8dc-1afbed0c9c2f,sjuktransportör,exact-match,high,https://taxonomy.api.jobtechdev.se/v1/taxonomy/graphql,30
NCRd_JSd_X94,"Funktionschef, offentlig förvaltning",http://data.europa.eu/esco/occupation/94e0bedd-e56e-42be-a5a4-b74a260f437c,avdelningschef,broad-match,low,https://taxonomy.api.jobtechdev.se/v1/taxonomy/graphql,30
NCaY_h1f_Eni,"Besiktningstekniker, fordon",http://data.europa.eu/esco/occupation/1b422c31-f242-46b5-bbdc-aa63885e4b5c,"inspektör, transportsäkerhet",close-match,low,https://taxonomy.api.jobtechdev.se/v1/taxonomy/graphql,30
NCaY_h1f_Eni,"Besiktningstekniker, fordon",http://data.europa.eu/esco/occupation/b50ae5f6-3f67-4cc7-92bb-6cec7214bfc4,"provare, fordonsmotorer",close-match,low,https://taxonomy.api.jobtechdev.se/v1/taxonomy/graphql,30
NERy_cBn_qK3,"Regionchef, skogsbruk",http://data.europa.eu/esco/occupation/f04eaeff-52f5-4d52-93ad-6f846884827f,skogvakt,close-match,low,https://taxonomy.api.jobtechdev.se/v1/taxonomy/graphql,30
NFei_dZP_hv5,Maskinoperatör kabeltillverkning,http://data.europa.eu/esco/occupation/000e93a3-d956-4e45-aacb-f12c83fedf84,"dragpressare, metall",narrow-match,low,https://taxonomy.api.jobtechdev.se/v1/taxonomy/graphql,30
NFor_pi5_ZZY,"Konstruktör, textil, trä, glas, förpackningar",http://data.europa.eu/esco/occupation/849a656c-8559-4471-91ed-442c42b0b641,"CAD-tekniker, kläder",narrow-match,low,https://taxonomy.api.jobtechdev.se/v1/taxonomy/graphql,30
NLEL_3vn_mTB,Gruvbyggare,http://data.europa.eu/esco/occupation/59cc9783-7289-4e1d-b80b-93c1776f49cc,träarbetare,close-match,low,https://taxonomy.api.jobtechdev.se/v1/taxonomy/graphql,30
NQyP_S3J_Jby,Skyltmontör,http://data.europa.eu/esco/occupation/a1b4eb5e-45d4-441b-a7e8-795ac5cf6fbf,skylttillverkare,broad-match,low,https://taxonomy.api.jobtechdev.se/v1/taxonomy/graphql,30
NRKi_FKY_H8E,Fastighetsjurist,http://data.europa.eu/esco/occupation/31854d78-3615-43a4-aa3a-c597ecb20ceb,juridisk rådgivare,close-match,low,https://taxonomy.api.jobtechdev.se/v1/taxonomy/graphql,30
NSEG_DmQ_waj,Stödpedagog,http://data.europa.eu/esco/occupation/4d7d2628-1405-4ff2-b5b5-bd0d57ed9bbd,"vårdbiträde, barn med funktionsnedsättning",close-match,low,https://taxonomy.api.jobtechdev.se/v1/taxonomy/graphql,30
NSEG_DmQ_waj,Stödpedagog,http://data.europa.eu/esco/occupation/dc69f2ed-ebe9-43da-bf9d-31aac874d4c2,"stödperson, rehabilitering",narrow-match,low,https://taxonomy.api.jobtechdev.se/v1/taxonomy/graphql,30
NU3d_HjX_pSd,VVS-isolerare,http://data.europa.eu/esco/occupation/b2dab4fb-b7f7-4f57-94b2-9c0f0848564a,isoleringsarbetare,broad-match,low,https://taxonomy.api.jobtechdev.se/v1/taxonomy/graphql,30
NV4H_3uM_a6d,Aktuarie/Försäkringsaktuarie/Försäkringsmatematiker,http://data.europa.eu/esco/occupation/068c2787-58ff-468e-bbb6-c4e5dd6ee482,aktuariekonsult,exact-match,high,https://taxonomy.api.jobtechdev.se/v1/taxonomy/graphql,30
NZcr_uB1_6rX,"Platschef, bygg",http://data.europa.eu/esco/occupation/faed05c0-c1d1-4e34-b575-0dea96459e56,"chef, bygg och anläggning",broad-match,low,https://taxonomy.api.jobtechdev.se/v1/taxonomy/graphql,30
NapE_zvy_guo,Teatertekniker/Scentekniker,http://data.europa.eu/esco/occupation/08edf4c5-3551-4690-9d09-f9b8b9194c90,"scentekniker, motordrivet råsystem",narrow-match,low,https://taxonomy.api.jobtechdev.se/v1/taxonomy/graphql,30
NapE_zvy_guo,Teatertekniker/Scentekniker,http://data.europa.eu/esco/occupation/50b41847-6dad-4a2e-9427-a0374c2963fd,scenmaskinist,narrow-match,low,https://taxonomy.api.jobtechdev.se/v1/taxonomy/graphql,30
NapE_zvy_guo,Teatertekniker/Scentekniker,http://data.europa.eu/esco/occupation/59cfa27b-874f-48b7-8880-b65420239559,pyrotekniker,narrow-match,low,https://taxonomy.api.jobtechdev.se/v1/taxonomy/graphql,30
NapE_zvy_guo,Teatertekniker/Scentekniker,http://data.europa.eu/esco/occupation/5a0ff408-e1df-424b-a2d6-4b475a516f2a,scenbyggare,narrow-match,low,https://taxonomy.api.jobtechdev.se/v1/taxonomy/graphql,30
NapE_zvy_guo,Teatertekniker/Scentekniker,http://data.europa.eu/esco/occupation/a0ebd342-8f89-4947-893d-fee9468cf001,"pyrotekniker, design",narrow-match,low,https://taxonomy.api.jobtechdev.se/v1/taxonomy/graphql,30
NapE_zvy_guo,Teatertekniker/Scentekniker,http://data.europa.eu/esco/occupation/acb6b99a-6c13-482a-81b1-8b5614e0153e,scentekniker,narrow-match,low,https://taxonomy.api.jobtechdev.se/v1/taxonomy/graphql,30
NapE_zvy_guo,Teatertekniker/Scentekniker,http://data.europa.eu/esco/occupation/bfc1b4e9-624c-4fba-89f2-d218bba9e257,flygkoreograf,narrow-match,low,https://taxonomy.api.jobtechdev.se/v1/taxonomy/graphql,30
NapE_zvy_guo,Teatertekniker/Scentekniker,http://data.europa.eu/esco/occupation/f09b6100-28a6-4be5-9726-ecf5b24f74f6,teatertekniker,exact-match,high,https://taxonomy.api.jobtechdev.se/v1/taxonomy/graphql,30
NbhD_gbP_tHm,"Forskare, mikroelektronik",http://data.europa.eu/esco/occupation/8c0f59c9-9a47-42e7-8287-aab19df4e6ab,"ingenjör, mikroelektronik",broad-match,low,https://taxonomy.api.jobtechdev.se/v1/taxonomy/graphql,30
Ncin_Mdw_pRT,Gipstekniker,http://data.europa.eu/esco/occupation/d38c2107-98f2-47b7-8bb4-f69750d51082,"undersköterska, vård- och specialavdelning och mottagning",close-match,low,https://taxonomy.api.jobtechdev.se/v1/taxonomy/graphql,30
NecX_bp4_yu8,Regionjurist,http://data.europa.eu/esco/occupation/779d13be-60b4-48f3-a339-fe483be96c7f,förvaltningsjurist,broad-match,low,https://taxonomy.api.jobtechdev.se/v1/taxonomy/graphql,30
Nf55_bBW_JXz,1:e Fartygsingenjör,http://data.europa.eu/esco/occupation/cd19e8d1-6abd-4c99-a9bb-85e7c30aca31,1:e fartygsingenjör,exact-match,high,https://taxonomy.api.jobtechdev.se/v1/taxonomy/graphql,30
NfYe_q89_pY2,Fartygsbefäl,http://data.europa.eu/esco/occupation/17e39591-7137-4960-94c8-8169f7a5d67b,vakthavande befäl,narrow-match,low,https://taxonomy.api.jobtechdev.se/v1/taxonomy/graphql,30
NfYe_q89_pY2,Fartygsbefäl,http://data.europa.eu/esco/occupation/ee646fa1-3f09-4e43-9275-3aa958ca00ae,skeppare,narrow-match,low,https://taxonomy.api.jobtechdev.se/v1/taxonomy/graphql,30
NfYe_q89_pY2,Fartygsbefäl,http://data.europa.eu/esco/occupation/f2a416b8-c7e4-49ee-964d-a49f6af79b84,befälhavare,broad-match,low,https://taxonomy.api.jobtechdev.se/v1/taxonomy/graphql,30
NgHp_xhG_cD4,Presschef,http://data.europa.eu/esco/occupation/cd7b838c-51f6-41ec-9067-bb974c0f991b,kommunikationschef,broad-match,low,https://taxonomy.api.jobtechdev.se/v1/taxonomy/graphql,30
NiVs_zKS_8Jr,"Specialistläkare, arbets- och miljömedicin",http://data.europa.eu/esco/occupation/9b889f07-c39c-464d-b9d9-b2daa650f9ac,specialistläkare,broad-match,low,https://taxonomy.api.jobtechdev.se/v1/taxonomy/graphql,30
Nihf_tgV_ueT,"Forskare, bioteknik",http://data.europa.eu/esco/occupation/68ffc53b-6067-4fe7-bd85-c96f4a6c1e45,biotekniker inom livsmedel,close-match,low,https://taxonomy.api.jobtechdev.se/v1/taxonomy/graphql,30
Nihf_tgV_ueT,"Forskare, bioteknik",http://data.europa.eu/esco/occupation/eee68e13-8248-43bb-a9fb-959832a6c217,biolog,broad-match,low,https://taxonomy.api.jobtechdev.se/v1/taxonomy/graphql,30
Nj9W_3Cn_Gaf,Plastmaskinställare,http://data.europa.eu/esco/occupation/8ba8acb8-c0f2-4679-ae15-3a4f6e876c6f,plastmaskinoperatör,broad-match,low,https://taxonomy.api.jobtechdev.se/v1/taxonomy/graphql,30
Nkbd_wa9_TZF,Nätverkstekniker,http://data.europa.eu/esco/occupation/64c7d461-152c-477f-a8e2-c2c537e9d617,nätverkstekniker,exact-match,high,https://taxonomy.api.jobtechdev.se/v1/taxonomy/graphql,30
Nkbd_wa9_TZF,Nätverkstekniker,http://data.europa.eu/esco/occupation/b7aa4b4e-dbb6-4f58-b36c-35b9a7267972,"servicetekniker, data",close-match,low,https://taxonomy.api.jobtechdev.se/v1/taxonomy/graphql,30
Nkbd_wa9_TZF,Nätverkstekniker,http://data.europa.eu/esco/occupation/cf2b03cd-feb7-4f47-90f6-ff1ed6016d3d,nätverksingenjör,exact-match,high,https://taxonomy.api.jobtechdev.se/v1/taxonomy/graphql,30
NmF5_vMj_Mjj,Animatör,http://data.europa.eu/esco/occupation/364d9e9f-b14c-4905-b9e5-5de623dba268,stop-motion-animatör,narrow-match,low,https://taxonomy.api.jobtechdev.se/v1/taxonomy/graphql,30
NmF5_vMj_Mjj,Animatör,http://data.europa.eu/esco/occupation/48c8eccb-4bd0-487e-a187-4953cbbe956e,animatör,exact-match,high,https://taxonomy.api.jobtechdev.se/v1/taxonomy/graphql,30
NmF5_vMj_Mjj,Animatör,http://data.europa.eu/esco/occupation/52df9d56-efd4-48d0-ad93-59231943fc4c,3D-animatör,close-match,low,https://taxonomy.api.jobtechdev.se/v1/taxonomy/graphql,30
NoHX_doS_a8J,Kriminalvårdare,http://data.europa.eu/esco/occupation/3327a087-cd36-4b02-ac1b-6455f59f9312,kriminalvårdare,exact-match,high,https://taxonomy.api.jobtechdev.se/v1/taxonomy/graphql,30
Noad_FWq_mY2,"Enhetschef, offentlig förvaltning",http://data.europa.eu/esco/occupation/94e0bedd-e56e-42be-a5a4-b74a260f437c,avdelningschef,broad-match,low,https://taxonomy.api.jobtechdev.se/v1/taxonomy/graphql,30
Noiq_KAF_ukM,Massör,http://data.europa.eu/esco/occupation/1978c6ff-37b4-48f1-9aa6-88b9c568f74f,massör/massös,exact-match,high,https://taxonomy.api.jobtechdev.se/v1/taxonomy/graphql,30
NqN3_Mur_sGB,Nämndsekreterare,http://data.europa.eu/esco/occupation/caf7b8fb-b2d6-46b7-bffa-bea7f8e4aed8,"handläggare, offentlig förvaltning",close-match,low,https://taxonomy.api.jobtechdev.se/v1/taxonomy/graphql,30
Nrbx_6nx_5pN,Maskinoperatör gummiindustri,http://data.europa.eu/esco/occupation/0fc6c577-7d5d-4bcd-8ce8-4a4114d6a809,"formmontör, kilrem",narrow-match,low,https://taxonomy.api.jobtechdev.se/v1/taxonomy/graphql,30
Nrbx_6nx_5pN,Maskinoperatör gummiindustri,http://data.europa.eu/esco/occupation/121bd198-af39-4fac-8249-b384910f7bd7,"vulkanisör, däck",narrow-match,low,https://taxonomy.api.jobtechdev.se/v1/taxonomy/graphql,30
Nrbx_6nx_5pN,Maskinoperatör gummiindustri,http://data.europa.eu/esco/occupation/2430774f-d92a-40e4-817d-d03dd5a33207,däckbyggare,narrow-match,low,https://taxonomy.api.jobtechdev.se/v1/taxonomy/graphql,30
Nrbx_6nx_5pN,Maskinoperatör gummiindustri,http://data.europa.eu/esco/occupation/5bf823c5-d3fd-46f6-9577-9331de10759f,"maskinskötare, gummiskärning",narrow-match,low,https://taxonomy.api.jobtechdev.se/v1/taxonomy/graphql,30
Nrbx_6nx_5pN,Maskinoperatör gummiindustri,http://data.europa.eu/esco/occupation/6ccb925a-264a-4e00-aa3a-503e53c5db2b,kilremsefterbearbetare,narrow-match,low,https://taxonomy.api.jobtechdev.se/v1/taxonomy/graphql,30
Nrbx_6nx_5pN,Maskinoperatör gummiindustri,http://data.europa.eu/esco/occupation/8d2df08e-0b2e-4837-8096-66595bbaab15,"maskinoperatör, gummiindustri",narrow-match,low,https://taxonomy.api.jobtechdev.se/v1/taxonomy/graphql,30
Nrbx_6nx_5pN,Maskinoperatör gummiindustri,http://data.europa.eu/esco/occupation/8edc768c-0bc6-4d65-b559-50f9fb2cc93f,kilremstillverkare,narrow-match,low,https://taxonomy.api.jobtechdev.se/v1/taxonomy/graphql,30
Nrbx_6nx_5pN,Maskinoperatör gummiindustri,http://data.europa.eu/esco/occupation/b0c6f284-f3ed-4820-a62e-4e87869f5a3e,"maskinoperatör, gummiprodukter",exact-match,high,https://taxonomy.api.jobtechdev.se/v1/taxonomy/graphql,30
Nrbx_6nx_5pN,Maskinoperatör gummiindustri,http://data.europa.eu/esco/occupation/df433613-4856-4e50-9be5-7a0ec0f4260a,"maskinoperatör, gummidoppning",narrow-match,low,https://taxonomy.api.jobtechdev.se/v1/taxonomy/graphql,30
Nrbx_6nx_5pN,Maskinoperatör gummiindustri,http://data.europa.eu/esco/occupation/e7ef8a86-6acd-458d-bf48-634b8fd28950,skumgummiblandare,exact-match,high,https://taxonomy.api.jobtechdev.se/v1/taxonomy/graphql,30
Nrbx_6nx_5pN,Maskinoperatör gummiindustri,http://data.europa.eu/esco/occupation/e80cee57-3672-4aaf-8ca7-53b90771c364,"maskinoperatör, kilremsbeläggning",narrow-match,low,https://taxonomy.api.jobtechdev.se/v1/taxonomy/graphql,30
Nrbx_6nx_5pN,Maskinoperatör gummiindustri,http://data.europa.eu/esco/occupation/fcab4bb1-c05b-43e3-98d8-f60b13c152f2,"maskinoperatör, koagulering",narrow-match,low,https://taxonomy.api.jobtechdev.se/v1/taxonomy/graphql,30
NsCV_eWr_uwV,Fibertekniker,http://data.europa.eu/esco/occupation/bcde2372-fcf3-4270-8f62-c5583d1bb9ec,fiberoptisk installatör,exact-match,high,https://taxonomy.api.jobtechdev.se/v1/taxonomy/graphql,30
Nvb6_uT7_hSa,Fönsterputsare,http://data.europa.eu/esco/occupation/92cba6b4-8fca-49bb-b68c-45c5096fedc9,fönsterputsare,exact-match,high,https://taxonomy.api.jobtechdev.se/v1/taxonomy/graphql,30
Nvqq_hSx_fEy,Biobränsleansvarig,http://data.europa.eu/esco/occupation/6eb85dd0-1188-4081-bf54-1345fb5de3ca,biogastekniker,close-match,low,https://taxonomy.api.jobtechdev.se/v1/taxonomy/graphql,30
NwkH_hFi_uZx,Bilsadelmakare,http://data.europa.eu/esco/occupation/c9874f14-5474-43f6-b4a2-77a94f9abfb3,biltapetserare,exact-match,high,https://taxonomy.api.jobtechdev.se/v1/taxonomy/graphql,30
NxAG_9y3_uVT,Processoperatör keramisk industri,http://data.europa.eu/esco/occupation/2ecbed9c-0143-4cc9-b047-d1746aeec206,"ugnsskötare, glas, keramik",narrow-match,low,https://taxonomy.api.jobtechdev.se/v1/taxonomy/graphql,30
NxAG_9y3_uVT,Processoperatör keramisk industri,http://data.europa.eu/esco/occupation/88c56310-14bc-4956-8450-ce0e178ae847,"torkugnsskötare, lerprodukter",narrow-match,low,https://taxonomy.api.jobtechdev.se/v1/taxonomy/graphql,30
NyR3_nEr_Qm1,Oddssättare,http://data.europa.eu/esco/occupation/6fefa90d-9a71-49c6-be92-52397e9795e6,oddssättare,exact-match,high,https://taxonomy.api.jobtechdev.se/v1/taxonomy/graphql,30
NzLu_oTf_S7f,Materialplanerare,http://data.europa.eu/esco/occupation/b9296f1a-a68b-4ac7-9904-f2cf1374fbaf,"analytiker, materialstress",exact-match,high,https://taxonomy.api.jobtechdev.se/v1/taxonomy/graphql,30
P255_NB8_Aa7,Kontaktsjuksköterska,http://data.europa.eu/esco/occupation/18e14e61-495b-44cc-a7c6-df4c625934ba,specialistsjuksköterska,broad-match,low,https://taxonomy.api.jobtechdev.se/v1/taxonomy/graphql,30
P3mE_DHj_fw3,"Forskare, miljö",http://data.europa.eu/esco/occupation/11d72bd6-779a-4643-9962-313833740094,miljöforskare,exact-match,high,https://taxonomy.api.jobtechdev.se/v1/taxonomy/graphql,30
P3mE_DHj_fw3,"Forskare, miljö",http://data.europa.eu/esco/occupation/7a523273-9fff-4f11-beb6-110eeaec1436,återvinningsspecialist,narrow-match,low,https://taxonomy.api.jobtechdev.se/v1/taxonomy/graphql,30
P4m2_Ej7_mgv,Gjutare metallhantverk,http://data.europa.eu/esco/occupation/5318abf2-2e7b-4d09-ae57-6bd500689ebc,"handformare, gjuteri",narrow-match,low,https://taxonomy.api.jobtechdev.se/v1/taxonomy/graphql,30
P4m2_Ej7_mgv,Gjutare metallhantverk,http://data.europa.eu/esco/occupation/c5902c47-0c2e-45aa-94dd-951ad641449c,kärnmakare,narrow-match,low,https://taxonomy.api.jobtechdev.se/v1/taxonomy/graphql,30
P4m2_Ej7_mgv,Gjutare metallhantverk,http://data.europa.eu/esco/occupation/dc14bed4-87ca-4e6c-9f69-458e2689d2d6,gjuterioperatör,exact-match,high,https://taxonomy.api.jobtechdev.se/v1/taxonomy/graphql,30
P5bN_iUA_88w,Skötarstuderande,http://data.europa.eu/esco/occupation/5a9acd29-666c-4ca1-b10e-e086584a526b,"skötare, psykiatri",close-match,low,https://taxonomy.api.jobtechdev.se/v1/taxonomy/graphql,30
P5d3_vV8_gXq,"Produktionschef, anläggning",http://data.europa.eu/esco/occupation/faed05c0-c1d1-4e34-b575-0dea96459e56,"chef, bygg och anläggning",broad-match,low,https://taxonomy.api.jobtechdev.se/v1/taxonomy/graphql,30
P8M1_XTH_Ryt,Flygplåtslagare,http://data.europa.eu/esco/occupation/1a1ea837-0103-4230-8756-533a77c5f9f4,tunnplåtslagare,broad-match,low,https://taxonomy.api.jobtechdev.se/v1/taxonomy/graphql,30
P9Et_5en_uwo,Modersmålslärare i gymnasieskolan,http://data.europa.eu/esco/occupation/5efb2c08-ba3a-4659-a2e4-1883f54e77b6,gymnasielärare,broad-match,low,https://taxonomy.api.jobtechdev.se/v1/taxonomy/graphql,30
P9Q5_2fm_cKc,Purser,http://data.europa.eu/esco/occupation/95f56fc4-99f9-49da-b942-1dfbc857e933,kabinchef,exact-match,high,https://taxonomy.api.jobtechdev.se/v1/taxonomy/graphql,30
PB9o_ES7_vmw,Specialisttandläkare inom oral protetik,http://data.europa.eu/esco/occupation/a580e79a-b752-49c1-b033-b5ab2b34bfba,specialisttandläkare,broad-match,low,https://taxonomy.api.jobtechdev.se/v1/taxonomy/graphql,30
PC9e_5Fn_5Vx,Konstpedagog,http://data.europa.eu/esco/occupation/72bcb223-da77-4ed5-a03a-796fd5ece728,bildlärare,narrow-match,low,https://taxonomy.api.jobtechdev.se/v1/taxonomy/graphql,30
PCkx_Jwq_rZd,"Driftchef, vattenverk",http://data.europa.eu/esco/occupation/546ec458-e2a4-4cb1-ac17-553d314ac2e2,vattenverkschef,exact-match,high,https://taxonomy.api.jobtechdev.se/v1/taxonomy/graphql,30
PEYN_TEf_JBi,Försäkringsförmedlare,http://data.europa.eu/esco/occupation/a198de8c-24b1-4002-982f-a57ae6d6c19c,försäkringsmäklare,exact-match,high,https://taxonomy.api.jobtechdev.se/v1/taxonomy/graphql,30
PJ8m_FaH_ahY,Budget- och skuldrådgivare,http://data.europa.eu/esco/occupation/eda0d957-3c3c-4139-b89a-a18bc9e18897,revisor,broad-match,low,https://taxonomy.api.jobtechdev.se/v1/taxonomy/graphql,30
PJxH_S4J_9vq,Kommunchef/Kommundirektör/Stadsdirektör,http://data.europa.eu/esco/occupation/0752ed49-03e7-4d75-8314-a051b3771a1d,generaldirektör,broad-match,low,https://taxonomy.api.jobtechdev.se/v1/taxonomy/graphql,30
PLGk_sfY_QfQ,Teknisk produktionsledare/TPL,http://data.europa.eu/esco/occupation/00030d09-2b3a-4efd-87cc-c4ea39d27c34,teknisk ledare,exact-match,high,https://taxonomy.api.jobtechdev.se/v1/taxonomy/graphql,30
PMhn_hVG_ms2,Vattenbruksarbetare,http://data.europa.eu/esco/occupation/c0a15ec7-10e6-45e7-b69c-b85ff6f4f87f,vattenbruksarbetare,exact-match,high,https://taxonomy.api.jobtechdev.se/v1/taxonomy/graphql,30
PNj1_ddT_nTm,"Lärling, VVS-montör",http://data.europa.eu/esco/occupation/ed3cf43d-c2c1-4c46-82fc-1375e27e0290,rörmokare,broad-match,low,https://taxonomy.api.jobtechdev.se/v1/taxonomy/graphql,30
PQkQ_Dmk_ZF8,"Undersköterska, vård- och specialavdelning och mottagning",http://data.europa.eu/esco/occupation/0c041d1e-1841-4acb-b0a1-2c387a61bf65,kirurgiassistent,narrow-match,low,https://taxonomy.api.jobtechdev.se/v1/taxonomy/graphql,30
PQkQ_Dmk_ZF8,"Undersköterska, vård- och specialavdelning och mottagning",http://data.europa.eu/esco/occupation/30194ac4-93b8-4450-8a15-f6f7cbe351cb,"barnmorska, förlossning",narrow-match,low,https://taxonomy.api.jobtechdev.se/v1/taxonomy/graphql,30
PQkQ_Dmk_ZF8,"Undersköterska, vård- och specialavdelning och mottagning",http://data.europa.eu/esco/occupation/d38c2107-98f2-47b7-8bb4-f69750d51082,"undersköterska, vård- och specialavdelning och mottagning",exact-match,high,https://taxonomy.api.jobtechdev.se/v1/taxonomy/graphql,30
PSzA_zqV_o2j,Församlingspräst med specialuppgifter,http://data.europa.eu/esco/occupation/a4dd6eae-ca75-456f-829d-333671a7c186,kaplan,close-match,low,https://taxonomy.api.jobtechdev.se/v1/taxonomy/graphql,30
PTD2_6C1_8TJ,"Sektionschef, offentlig förvaltning",http://data.europa.eu/esco/occupation/94e0bedd-e56e-42be-a5a4-b74a260f437c,avdelningschef,broad-match,low,https://taxonomy.api.jobtechdev.se/v1/taxonomy/graphql,30
PTXV_RiA_Cd4,Processoperatör mejeri,http://data.europa.eu/esco/occupation/28d82e8d-7379-4245-a5a0-c5a68864a528,centrifugskötare,narrow-match,low,https://taxonomy.api.jobtechdev.se/v1/taxonomy/graphql,30
PTXV_RiA_Cd4,Processoperatör mejeri,http://data.europa.eu/esco/occupation/8188136d-df82-4910-91e1-b185ec17c3c9,"mejeriarbetare, mottagning av mjölk",narrow-match,low,https://taxonomy.api.jobtechdev.se/v1/taxonomy/graphql,30
PTXV_RiA_Cd4,Processoperatör mejeri,http://data.europa.eu/esco/occupation/87cb6ef5-fa94-4af4-9511-6fe64c463835,mejerifabriksarbetare,exact-match,high,https://taxonomy.api.jobtechdev.se/v1/taxonomy/graphql,30
PTXV_RiA_Cd4,Processoperatör mejeri,http://data.europa.eu/esco/occupation/9aeefea6-11c3-4479-b703-902ee84787d7,ansvarig för mjölkbearbetningsmaskin,narrow-match,low,https://taxonomy.api.jobtechdev.se/v1/taxonomy/graphql,30
PTXV_RiA_Cd4,Processoperatör mejeri,http://data.europa.eu/esco/occupation/b69d9b94-a40c-434d-af8f-e584257314f6,"processoperatör, värmebehandling av mjölk",narrow-match,low,https://taxonomy.api.jobtechdev.se/v1/taxonomy/graphql,30
PTkr_spU_t4A,B-fotograf,http://data.europa.eu/esco/occupation/66542dd6-05a6-4d9e-97ff-3f4858c31ff9,fotograf,broad-match,low,https://taxonomy.api.jobtechdev.se/v1/taxonomy/graphql,30
PTs4_wYQ_zDP,Webbdesigner,http://data.europa.eu/esco/occupation/30ed83ba-cc89-4d9f-a59d-5c783c1da56e,webbdesigner,exact-match,high,https://taxonomy.api.jobtechdev.se/v1/taxonomy/graphql,30
PTs4_wYQ_zDP,Webbdesigner,http://data.europa.eu/esco/occupation/d5a43cd3-230e-46d0-ba05-d67d61e5cfbb,mediedesigner,broad-match,low,https://taxonomy.api.jobtechdev.se/v1/taxonomy/graphql,30
PX1A_3JR_jUL,Ordningsvakt,http://data.europa.eu/esco/occupation/8fc3d559-d61c-418c-ad4a-bf4c6b2909e3,ordningsvakt,exact-match,high,https://taxonomy.api.jobtechdev.se/v1/taxonomy/graphql,30
PXPJ_LKH_pmy,Tränare inom specialidrott,http://data.europa.eu/esco/occupation/11695786-9fb7-4895-b161-0480419107e4,idrottsinstruktör,broad-match,low,https://taxonomy.api.jobtechdev.se/v1/taxonomy/graphql,30
PXPJ_LKH_pmy,Tränare inom specialidrott,http://data.europa.eu/esco/occupation/3e9c1262-4fe2-4eb1-bf94-4fe64498393a,idrottstränare,broad-match,low,https://taxonomy.api.jobtechdev.se/v1/taxonomy/graphql,30
PY3M_7bz_cbC,Filmklippare,http://data.europa.eu/esco/occupation/ac734172-ae9a-41ab-80a0-a7b33694e027,video- och filmredigerare,close-match,low,https://taxonomy.api.jobtechdev.se/v1/taxonomy/graphql,30
PZtV_WLL_2ua,Kördirigent,http://data.europa.eu/esco/occupation/cf7b89d0-1cf9-4567-a8bf-9d6905a2b31b,kördirigent,exact-match,high,https://taxonomy.api.jobtechdev.se/v1/taxonomy/graphql,30
PcAD_pYv_6Mt,Virkesområdeschef,http://data.europa.eu/esco/occupation/f04eaeff-52f5-4d52-93ad-6f846884827f,skogvakt,close-match,low,https://taxonomy.api.jobtechdev.se/v1/taxonomy/graphql,30
PeNQ_qpR_wTS,Chefssekreterare,http://data.europa.eu/esco/occupation/044d78cc-f62f-4532-83a5-8e04f2889652,administratör,exact-match,high,https://taxonomy.api.jobtechdev.se/v1/taxonomy/graphql,30
PeNQ_qpR_wTS,Chefssekreterare,http://data.europa.eu/esco/occupation/8cce40c1-4479-47e7-b5fc-c976631d919f,chefssekreterare,exact-match,high,https://taxonomy.api.jobtechdev.se/v1/taxonomy/graphql,30
PecC_mHt_1Cj,"Grundlärare, förskoleklass och 1-3",http://data.europa.eu/esco/occupation/03d79393-7b30-4159-945b-01963eddd302,grundskollärare,broad-match,low,https://taxonomy.api.jobtechdev.se/v1/taxonomy/graphql,30
Pfxa_8V3_8kV,"Grundlärare, fritidshem",http://data.europa.eu/esco/occupation/526ba8e1-fc71-4657-8d27-52f03e8ca81d,"samordnare, barnomsorg",broad-match,low,https://taxonomy.api.jobtechdev.se/v1/taxonomy/graphql,30
PfzF_MS5_urk,Hallföreståndare,http://data.europa.eu/esco/occupation/825ab049-2f0c-4acf-b402-9c6bb51acca2,"chef, idrottsanläggning",broad-match,low,https://taxonomy.api.jobtechdev.se/v1/taxonomy/graphql,30
Pgpp_B8P_wot,Doktorand,http://data.europa.eu/esco/occupation/5ac65daa-0896-4193-9f0e-8b00746b78a1,"forskarassistent, högskola",close-match,low,https://taxonomy.api.jobtechdev.se/v1/taxonomy/graphql,30
PhqZ_NLq_RYp,Förbundschef,http://data.europa.eu/esco/occupation/e9cf8b24-6b8b-47cc-9dd3-b601aa135960,chefstjänsteman vid intresseorganisation,close-match,low,https://taxonomy.api.jobtechdev.se/v1/taxonomy/graphql,30
Pi5N_5NB_7BY,Akutsjuksköterska,http://data.europa.eu/esco/occupation/18e14e61-495b-44cc-a7c6-df4c625934ba,specialistsjuksköterska,broad-match,low,https://taxonomy.api.jobtechdev.se/v1/taxonomy/graphql,30
PiQ3_Wzy_U1X,Mikrobiolog,http://data.europa.eu/esco/occupation/a7a74a05-3dd0-46c6-99af-92df8042520c,mikrobiolog,exact-match,high,https://taxonomy.api.jobtechdev.se/v1/taxonomy/graphql,30
Pj8T_bST_f7D,Biomedicinsk analytiker/BMA,http://data.europa.eu/esco/occupation/2e8820ba-5b2d-4572-92a1-942dbd02a6d6,biomedicinsk analytiker,exact-match,high,https://taxonomy.api.jobtechdev.se/v1/taxonomy/graphql,30
Pj8T_bST_f7D,Biomedicinsk analytiker/BMA,http://data.europa.eu/esco/occupation/4a5b3686-eea4-4ba0-b446-33f7b6a95aed,"biomedicinsk analytiker, patologi",exact-match,high,https://taxonomy.api.jobtechdev.se/v1/taxonomy/graphql,30
Pj8T_bST_f7D,Biomedicinsk analytiker/BMA,http://data.europa.eu/esco/occupation/d117ef65-b253-4f04-bc85-353ef853443a,cytotekniker,narrow-match,low,https://taxonomy.api.jobtechdev.se/v1/taxonomy/graphql,30
Pppw_ySf_9m7,Barchef,http://data.europa.eu/esco/occupation/2f5e38a0-6578-4665-bdbd-e2ab505be140,bartender,close-match,low,https://taxonomy.api.jobtechdev.se/v1/taxonomy/graphql,30
PrPH_J1d_qua,"Besiktningsingenjör, bilprovning",http://data.europa.eu/esco/occupation/1b422c31-f242-46b5-bbdc-aa63885e4b5c,"inspektör, transportsäkerhet",close-match,low,https://taxonomy.api.jobtechdev.se/v1/taxonomy/graphql,30
PrPH_J1d_qua,"Besiktningsingenjör, bilprovning",http://data.europa.eu/esco/occupation/b50ae5f6-3f67-4cc7-92bb-6cec7214bfc4,"provare, fordonsmotorer",close-match,low,https://taxonomy.api.jobtechdev.se/v1/taxonomy/graphql,30
PswE_Eyf_RTP,"Lärling, hissmontör",http://data.europa.eu/esco/occupation/f8d1bcf9-9ca1-408f-a713-7bdf28c400fd,hisstekniker,exact-match,high,https://taxonomy.api.jobtechdev.se/v1/taxonomy/graphql,30
Pt1j_hPW_CZb,Virolog,http://data.europa.eu/esco/occupation/eee68e13-8248-43bb-a9fb-959832a6c217,biolog,broad-match,low,https://taxonomy.api.jobtechdev.se/v1/taxonomy/graphql,30
PtiU_6mm_yyL,Budbilsförare,http://data.europa.eu/esco/occupation/0c408028-c48f-4df8-ba5d-c3d3be15f5a2,budbilsförare,exact-match,high,https://taxonomy.api.jobtechdev.se/v1/taxonomy/graphql,30
PtiU_6mm_yyL,Budbilsförare,http://data.europa.eu/esco/occupation/b5f6bb2c-0602-484d-a87f-9cac33f83010,motorcykelbud,narrow-match,low,https://taxonomy.api.jobtechdev.se/v1/taxonomy/graphql,30
PtwA_N8T_GTo,E-commerce manager,http://data.europa.eu/esco/occupation/586fe133-1987-41f4-b89a-f39d4bc58e1e,chef för e-handel,exact-match,high,https://taxonomy.api.jobtechdev.se/v1/taxonomy/graphql,30
Py1W_JCz_LNX,Försäkringsförmedlarassistent,http://data.europa.eu/esco/occupation/9a39a143-d93c-4093-ba3b-47fb67ade318,försäkringsassistent,exact-match,high,https://taxonomy.api.jobtechdev.se/v1/taxonomy/graphql,30
PzLV_Vcy_RJG,"Präst, annat trossamfund",http://data.europa.eu/esco/occupation/ed256ed0-0432-4969-8544-3e5e01a517a9,religiös ledare,broad-match,low,https://taxonomy.api.jobtechdev.se/v1/taxonomy/graphql,30
Q4cY_dFt_9ou,Hörselpedagog,http://data.europa.eu/esco/occupation/9a26d76b-b9e3-46ae-ab4b-057a1262138b,"samordnare, behov av specialundervisning",broad-match,low,https://taxonomy.api.jobtechdev.se/v1/taxonomy/graphql,30
Q5D4_pTu_3aQ,Balettmästare,http://data.europa.eu/esco/occupation/189a337d-f6fb-44e2-9e7a-bc27b7b76e0e,koreograf,broad-match,low,https://taxonomy.api.jobtechdev.se/v1/taxonomy/graphql,30
Q7YP_jJ8_qsk,Turnétekniker,http://data.europa.eu/esco/occupation/acb6b99a-6c13-482a-81b1-8b5614e0153e,scentekniker,broad-match,low,https://taxonomy.api.jobtechdev.se/v1/taxonomy/graphql,30
QE6v_SEX_VZK,Lärling glastekniker,http://data.europa.eu/esco/occupation/5f9e0588-e819-42f7-9975-f53198666c07,glastekniker,exact-match,high,https://taxonomy.api.jobtechdev.se/v1/taxonomy/graphql,30
QKLA_M7n_kcj,Turnéläggare,http://data.europa.eu/esco/occupation/21ae429f-a152-46a6-a73c-9ec65c7803f0,artistbokare,close-match,low,https://taxonomy.api.jobtechdev.se/v1/taxonomy/graphql,30
QLwS_aMP_Jcu,Säljledare,http://data.europa.eu/esco/occupation/c956be07-53a3-4b01-b8f8-f0c5a428eaa8,företagssäljare,broad-match,low,https://taxonomy.api.jobtechdev.se/v1/taxonomy/graphql,30
QM63_e85_CUC,Tak- och tätskiktsmontör,http://data.europa.eu/esco/occupation/b4c6d1b0-929e-48be-9f67-47bd8c30658b,takmontör,exact-match,high,https://taxonomy.api.jobtechdev.se/v1/taxonomy/graphql,30
QQ23_iVQ_Kzw,AML-Specialist,http://data.europa.eu/esco/occupation/a04eedcf-8424-475a-8dc5-f30a9da4b151,"utredare, finansiella bedrägerier",narrow-match,low,https://taxonomy.api.jobtechdev.se/v1/taxonomy/graphql,30
QQjZ_NAN_bDR,Interaktionsdesigner,http://data.europa.eu/esco/occupation/35553663-deab-4d9a-bf22-15c1625d28e8,AI-ingenjör,exact-match,high,https://taxonomy.api.jobtechdev.se/v1/taxonomy/graphql,30
QTzG_raq_sGa,Personbilsförare,http://data.europa.eu/esco/occupation/880a6cd1-2356-4994-8983-ac364763beaf,"chaufför, parkeringstjänst",narrow-match,low,https://taxonomy.api.jobtechdev.se/v1/taxonomy/graphql,30
QTzG_raq_sGa,Personbilsförare,http://data.europa.eu/esco/occupation/e75305db-9011-4ee0-ab62-8d41a98f807e,privatchaufför,narrow-match,low,https://taxonomy.api.jobtechdev.se/v1/taxonomy/graphql,30
QU7D_U7E_G66,"Processingenjör, metallurgi",http://data.europa.eu/esco/occupation/62d3f108-ade2-44b5-beeb-d63d0b21268f,"ingenjör, mineralbearbetning",exact-match,high,https://taxonomy.api.jobtechdev.se/v1/taxonomy/graphql,30
QU7D_U7E_G66,"Processingenjör, metallurgi",http://data.europa.eu/esco/occupation/808b5940-8092-4f08-bc37-9b60ee5761d8,provare,narrow-match,low,https://taxonomy.api.jobtechdev.se/v1/taxonomy/graphql,30
QU7D_U7E_G66,"Processingenjör, metallurgi",http://data.europa.eu/esco/occupation/bcf8f332-c7e1-4a08-8651-28d668290eaf,metallurg,broad-match,low,https://taxonomy.api.jobtechdev.se/v1/taxonomy/graphql,30
QUYd_jXk_hve,Logopedstuderande,http://data.europa.eu/esco/occupation/8021f3a2-e3de-43c0-b366-075da74dc5b7,logoped,close-match,low,https://taxonomy.api.jobtechdev.se/v1/taxonomy/graphql,30
QYgk_Ukr_dM4,Lexikograf,http://data.europa.eu/esco/occupation/49c3db8c-c586-42d1-9726-f65d8303c0b1,lexikograf,exact-match,high,https://taxonomy.api.jobtechdev.se/v1/taxonomy/graphql,30
QaQC_ozP_Bme,Rekryterare/Rekryteringskonsult,http://data.europa.eu/esco/occupation/068370e0-9c27-4814-87d0-44fbb3140815,rekryteringskonsult,exact-match,high,https://taxonomy.api.jobtechdev.se/v1/taxonomy/graphql,30
QaQC_ozP_Bme,Rekryterare/Rekryteringskonsult,http://data.europa.eu/esco/occupation/a6e8a6bf-9209-4d19-a131-a8b6431e0f75,Talent Acquisition Manager,narrow-match,low,https://taxonomy.api.jobtechdev.se/v1/taxonomy/graphql,30
Qbmc_5Yr_Lca,Husvagnsförsäljare,http://data.europa.eu/esco/occupation/547b304b-9a72-4717-9b24-b7046df5f64e,specialiserad säljare,broad-match,low,https://taxonomy.api.jobtechdev.se/v1/taxonomy/graphql,30
QeZ1_Pvg_oAm,Förhandlingschef,http://data.europa.eu/esco/occupation/91f93dc4-1b71-4053-b6fb-c579ec19303a,upphandlingschef,close-match,low,https://taxonomy.api.jobtechdev.se/v1/taxonomy/graphql,30
QfuC_LxN_w4T,Flygplanslastare,http://data.europa.eu/esco/occupation/3d974e0c-8ed9-47a7-aec2-ebdb34391c87,flygplanslastare,exact-match,high,https://taxonomy.api.jobtechdev.se/v1/taxonomy/graphql,30
QhS4_HKc_T2v,Teaterpedagog,http://data.europa.eu/esco/occupation/cbde2432-cb7f-451f-a686-b22cad3957a6,dramalärare,exact-match,high,https://taxonomy.api.jobtechdev.se/v1/taxonomy/graphql,30
Qk94_7Nz_guX,Sportchef,http://data.europa.eu/esco/occupation/20e39113-05f5-4184-94e2-f5e8e8c8d2ea,idrottschef,exact-match,high,https://taxonomy.api.jobtechdev.se/v1/taxonomy/graphql,30
Qkmi_AHY_bFo,Tegelbruksarbetare,http://data.europa.eu/esco/occupation/b6a62e85-5ffe-41aa-8f2a-9959365dfe85,"maskinskötare, tegelbruk",exact-match,high,https://taxonomy.api.jobtechdev.se/v1/taxonomy/graphql,30
Qkmi_AHY_bFo,Tegelbruksarbetare,http://data.europa.eu/esco/occupation/d4fdb8cb-8928-4047-8166-5feedc3c1a98,"maskinoperatör, torrpressning",narrow-match,low,https://taxonomy.api.jobtechdev.se/v1/taxonomy/graphql,30
QkvS_u4h_S55,Delgivare,http://data.europa.eu/esco/occupation/50a66df6-c141-4b4a-937a-d3bc55737ae3,inkasserare,close-match,low,https://taxonomy.api.jobtechdev.se/v1/taxonomy/graphql,30
Qopb_b1K_cm3,Gruppledare inom socialtjänst,http://data.europa.eu/esco/occupation/b73f4ce5-13fa-43a0-bbf6-01d7315849b8,gruppledare inom socialtjänst,exact-match,high,https://taxonomy.api.jobtechdev.se/v1/taxonomy/graphql,30
Qq5v_QZ3_EE9,Bussmekaniker,http://data.europa.eu/esco/occupation/06bd6285-13ed-4ea7-90cc-e9638a0600a9,"fordonselektriker, bilbatteri",narrow-match,low,https://taxonomy.api.jobtechdev.se/v1/taxonomy/graphql,30
Qq5v_QZ3_EE9,Bussmekaniker,http://data.europa.eu/esco/occupation/5ab842f6-1f75-4d84-bf41-b8a9799347df,bussmekaniker,exact-match,high,https://taxonomy.api.jobtechdev.se/v1/taxonomy/graphql,30
Qq5v_QZ3_EE9,Bussmekaniker,http://data.europa.eu/esco/occupation/6656337f-67eb-4f48-b1e4-ecccdfa44dd2,fordonselektriker,narrow-match,low,https://taxonomy.api.jobtechdev.se/v1/taxonomy/graphql,30
QrW9_R6M_QRK,Svetsingenjör,http://data.europa.eu/esco/occupation/16cb1f72-3d8c-4404-84ec-9c31fbd7c86c,svetsingenjör,exact-match,high,https://taxonomy.api.jobtechdev.se/v1/taxonomy/graphql,30
Qrbr_LWo_Pqt,Environment artist,http://data.europa.eu/esco/occupation/52df9d56-efd4-48d0-ad93-59231943fc4c,3D-animatör,broad-match,low,https://taxonomy.api.jobtechdev.se/v1/taxonomy/graphql,30
QsNj_UkQ_Hg5,Enterprise Architect,http://data.europa.eu/esco/occupation/2bef94db-0088-4507-982a-2ca717529adb,it-arkitekt,close-match,low,https://taxonomy.api.jobtechdev.se/v1/taxonomy/graphql,30
Qv4e_brq_Ca5,Plattsättare,http://data.europa.eu/esco/occupation/02447817-ea01-4d8b-b09c-8bc128e447e6,plattsättare,exact-match,high,https://taxonomy.api.jobtechdev.se/v1/taxonomy/graphql,30
QvzY_zbq_Bb8,Landsarkivarie,http://data.europa.eu/esco/occupation/e3b08984-19fe-4d51-a1b0-990676fc7234,arkivarie,close-match,low,https://taxonomy.api.jobtechdev.se/v1/taxonomy/graphql,30
QvzY_zbq_Bb8,Landsarkivarie,http://data.europa.eu/esco/occupation/fb022de4-920a-4eb0-80f9-fbb8ecfc36b1,"arkivchef, kultur",close-match,low,https://taxonomy.api.jobtechdev.se/v1/taxonomy/graphql,30
QyBB_mhx_iKS,Byggnadsingenjör,http://data.europa.eu/esco/occupation/2a914d26-42aa-46b5-acf3-097d51ba4617,"civilingenjör, bygg",close-match,low,https://taxonomy.api.jobtechdev.se/v1/taxonomy/graphql,30
QyBB_mhx_iKS,Byggnadsingenjör,http://data.europa.eu/esco/occupation/326027fc-5408-47cd-9b32-fbe770dbbe80,"byggnadskontrollant, kvalitetsansvarig",narrow-match,low,https://taxonomy.api.jobtechdev.se/v1/taxonomy/graphql,30
QyBB_mhx_iKS,Byggnadsingenjör,http://data.europa.eu/esco/occupation/6293a718-3fcd-433f-a010-0899821a51b7,broinspektör,narrow-match,low,https://taxonomy.api.jobtechdev.se/v1/taxonomy/graphql,30
QyBB_mhx_iKS,Byggnadsingenjör,http://data.europa.eu/esco/occupation/a520fba4-2a29-43a0-bfd5-43892306501d,konsult byggnadsinformationsmodellering,narrow-match,low,https://taxonomy.api.jobtechdev.se/v1/taxonomy/graphql,30
QyBB_mhx_iKS,Byggnadsingenjör,http://data.europa.eu/esco/occupation/f0978ec0-ae7d-4c4a-8f80-3fd200edddac,byggnadskontrollant,narrow-match,low,https://taxonomy.api.jobtechdev.se/v1/taxonomy/graphql,30
QyBB_mhx_iKS,Byggnadsingenjör,http://data.europa.eu/esco/occupation/f0e479d9-7afd-40b1-b60f-b68c400c15fb,byggnadsinspektör,narrow-match,low,https://taxonomy.api.jobtechdev.se/v1/taxonomy/graphql,30
QzuH_dfZ_jxx,Laboratorieingenjör inom kemi och biologi,http://data.europa.eu/esco/occupation/87775d69-ae88-449e-ad71-6f9875711816,kemitekniker,close-match,low,https://taxonomy.api.jobtechdev.se/v1/taxonomy/graphql,30
QzuH_dfZ_jxx,Laboratorieingenjör inom kemi och biologi,http://data.europa.eu/esco/occupation/8a87e8b3-aecf-48a7-9837-4e022c3b9bb9,"laboratorietekniker, kemi, kromatografi",narrow-match,low,https://taxonomy.api.jobtechdev.se/v1/taxonomy/graphql,30
QzuH_dfZ_jxx,Laboratorieingenjör inom kemi och biologi,http://data.europa.eu/esco/occupation/95324a4a-a5ea-4d89-8ede-4422ccb46a28,"laboratorietekniker, biokemi",narrow-match,low,https://taxonomy.api.jobtechdev.se/v1/taxonomy/graphql,30
QzuH_dfZ_jxx,Laboratorieingenjör inom kemi och biologi,http://data.europa.eu/esco/occupation/e6a3ce2e-c0f2-47a7-937a-61ae9abfe1fa,mättekniker,narrow-match,low,https://taxonomy.api.jobtechdev.se/v1/taxonomy/graphql,30
QzuH_dfZ_jxx,Laboratorieingenjör inom kemi och biologi,http://data.europa.eu/esco/occupation/febd4100-9a9b-46a0-b964-8623d79d0f32,"mättekniker, kemi, luftföroreningar",narrow-match,low,https://taxonomy.api.jobtechdev.se/v1/taxonomy/graphql,30
R1KJ_g9V_Hd1,Rådman,http://data.europa.eu/esco/occupation/07bd65d7-c13f-443a-bdf6-88903f3822be,domare,exact-match,high,https://taxonomy.api.jobtechdev.se/v1/taxonomy/graphql,30
R21j_e4A_SU8,Familjehemssekreterare/Familjehemskonsulent,http://data.europa.eu/esco/occupation/95d0a616-a4a9-4f56-a8fb-4de43cdb4c82,"familjerådgivare, socialtjänst",close-match,low,https://taxonomy.api.jobtechdev.se/v1/taxonomy/graphql,30
R2Wu_ULy_eHC,Miljöarbetare anläggning,http://data.europa.eu/esco/occupation/e54683ca-1fc9-468d-b880-6544ff6b7d0b,miljöarbetare,close-match,low,https://taxonomy.api.jobtechdev.se/v1/taxonomy/graphql,30
R2hT_88E_wx6,Kartingenjör,http://data.europa.eu/esco/occupation/ad8ab454-b506-46a5-afd3-66bbffd54115,kartograf,close-match,low,https://taxonomy.api.jobtechdev.se/v1/taxonomy/graphql,30
R2kh_8rW_qbm,Akupunktör,http://data.europa.eu/esco/occupation/2dcb5dad-1902-4051-9023-d725485479a7,akupunktör,exact-match,high,https://taxonomy.api.jobtechdev.se/v1/taxonomy/graphql,30
R2un_HhG_7oY,Lättmatros,http://data.europa.eu/esco/occupation/bd22a34c-1dc2-48df-a254-66e5d03dec12,"matros, inre fart",close-match,low,https://taxonomy.api.jobtechdev.se/v1/taxonomy/graphql,30
R5zK_XyF_czg,Medicinsk fotterapeut,http://data.europa.eu/esco/occupation/4f08cd74-71c6-43aa-88d4-841e5bb677f7,fotvårdsassistent,close-match,low,https://taxonomy.api.jobtechdev.se/v1/taxonomy/graphql,30
R5zK_XyF_czg,Medicinsk fotterapeut,http://data.europa.eu/esco/occupation/cf9b6da9-3a59-4780-bec9-500b148b8878,fotvårdsspecialist,exact-match,high,https://taxonomy.api.jobtechdev.se/v1/taxonomy/graphql,30
R6F8_Zzw_Ta6,Husmontör,http://data.europa.eu/esco/occupation/95da5e1b-cc1e-46bd-96c4-81d4f7003080,husmontör,exact-match,high,https://taxonomy.api.jobtechdev.se/v1/taxonomy/graphql,30
R96Q_iZz_EEN,Kammarrättslagman,http://data.europa.eu/esco/occupation/07bd65d7-c13f-443a-bdf6-88903f3822be,domare,broad-match,low,https://taxonomy.api.jobtechdev.se/v1/taxonomy/graphql,30
RF7q_DSJ_FbY,Processövervakare metallproduktion,http://data.europa.eu/esco/occupation/528e63a7-91be-4477-be2f-69ce82deb726,"ugnsskötare, stålverk",narrow-match,low,https://taxonomy.api.jobtechdev.se/v1/taxonomy/graphql,30
RGNc_B6x_1A8,"Charkuteriarbetare, butik",http://data.europa.eu/esco/occupation/974494ee-5f32-4eec-9950-9d431e902dc1,"specialiserad säljare, kött och köttprodukter",broad-match,low,https://taxonomy.api.jobtechdev.se/v1/taxonomy/graphql,30
RGNc_B6x_1A8,"Charkuteriarbetare, butik",http://data.europa.eu/esco/occupation/e11e5be4-49e7-48ac-8e0d-6d3ffd3dbcd0,"specialiserad säljare, delikatesser",close-match,low,https://taxonomy.api.jobtechdev.se/v1/taxonomy/graphql,30
RGgm_n1E_LBx,Miljö- och hälsoskyddsinspektör,http://data.europa.eu/esco/occupation/673f3266-ab1a-447d-9b28-fc5838dc07e3,miljö- och hälsoskyddsinspektör,exact-match,high,https://taxonomy.api.jobtechdev.se/v1/taxonomy/graphql,30
RGgm_n1E_LBx,Miljö- och hälsoskyddsinspektör,http://data.europa.eu/esco/occupation/a092cb70-f3e3-4224-98a3-b97c0114de77,miljöinspektör,exact-match,high,https://taxonomy.api.jobtechdev.se/v1/taxonomy/graphql,30
RGgm_n1E_LBx,Miljö- och hälsoskyddsinspektör,http://data.europa.eu/esco/occupation/a41acf2b-fb87-496f-aec3-7c5fdc5e9211,"inspektör, industriavfall",narrow-match,low,https://taxonomy.api.jobtechdev.se/v1/taxonomy/graphql,30
RGgm_n1E_LBx,Miljö- och hälsoskyddsinspektör,http://data.europa.eu/esco/occupation/b3867d0a-e902-4d88-b0c2-3e0d2cf35c83,"inspektör, farliga material",narrow-match,low,https://taxonomy.api.jobtechdev.se/v1/taxonomy/graphql,30
RGgm_n1E_LBx,Miljö- och hälsoskyddsinspektör,http://data.europa.eu/esco/occupation/de0856fe-21fa-46d6-88ee-f99d3b4946bc,"inspektör, riskavfall",narrow-match,low,https://taxonomy.api.jobtechdev.se/v1/taxonomy/graphql,30
RHmb_Bgh_VTm,"Boendechef, kommun",http://data.europa.eu/esco/occupation/5cff1eee-9027-4064-8a26-35b1877e4eb3,"chef, allmännyttiga bostäder",narrow-match,low,https://taxonomy.api.jobtechdev.se/v1/taxonomy/graphql,30
RJCC_bMr_vpU,Socialadministratör,http://data.europa.eu/esco/occupation/044d78cc-f62f-4532-83a5-8e04f2889652,administratör,broad-match,low,https://taxonomy.api.jobtechdev.se/v1/taxonomy/graphql,30
RMUy_wKE_sbG,Hamnchef,http://data.europa.eu/esco/occupation/6c3fd65e-2d24-47d8-bc22-9e93512bdcc2,verkställande direktör,close-match,low,https://taxonomy.api.jobtechdev.se/v1/taxonomy/graphql,30
RMUy_wKE_sbG,Hamnchef,http://data.europa.eu/esco/occupation/baae6dd1-4a59-480d-83b1-a0708a5a1736,sjötransportchef,narrow-match,low,https://taxonomy.api.jobtechdev.se/v1/taxonomy/graphql,30
RPSf_oyY_4BF,Processoperatör glas,http://data.europa.eu/esco/occupation/447cfc9c-c0bf-4553-8f47-91f7ce5e51bc,glaspolerare,narrow-match,low,https://taxonomy.api.jobtechdev.se/v1/taxonomy/graphql,30
RPSf_oyY_4BF,Processoperatör glas,http://data.europa.eu/esco/occupation/49f1e9aa-189b-4417-afaa-373cc4ffeea1,glassmältare,narrow-match,low,https://taxonomy.api.jobtechdev.se/v1/taxonomy/graphql,30
RPSf_oyY_4BF,Processoperatör glas,http://data.europa.eu/esco/occupation/5c4ba833-da16-4bd0-a4b2-c08a2eaf5884,glashärdare,narrow-match,low,https://taxonomy.api.jobtechdev.se/v1/taxonomy/graphql,30
RPSf_oyY_4BF,Processoperatör glas,http://data.europa.eu/esco/occupation/9980a417-f990-495a-ae11-66a112737f3b,"glödgare, glas",exact-match,high,https://taxonomy.api.jobtechdev.se/v1/taxonomy/graphql,30
RPSf_oyY_4BF,Processoperatör glas,http://data.europa.eu/esco/occupation/e19a0f13-da49-42cb-8b3a-27da8ce44c8c,"maskinskötare, glas",exact-match,high,https://taxonomy.api.jobtechdev.se/v1/taxonomy/graphql,30
RR3M_q3V_GYu,VA-chef,http://data.europa.eu/esco/occupation/9deee896-be9b-4aac-b55e-ceff1a7a843a,vatten- och avloppschef,exact-match,high,https://taxonomy.api.jobtechdev.se/v1/taxonomy/graphql,30
RU3Y_Gqt_h3c,"Kalibreringsingenjör, tillverkningsindustri",http://data.europa.eu/esco/occupation/6818c837-072a-4120-b913-bd360b7b14d0,tillverkningsingenjör,broad-match,low,https://taxonomy.api.jobtechdev.se/v1/taxonomy/graphql,30
RVNG_NEy_HMR,Kulturchef,http://data.europa.eu/esco/occupation/6066ed14-ace3-4352-b656-2b621fd7bc88,"chef, kulturanläggning",narrow-match,low,https://taxonomy.api.jobtechdev.se/v1/taxonomy/graphql,30
RXfU_ifi_SuU,Chef inom kyrkogårdsförvaltningen,http://data.europa.eu/esco/occupation/0917ab6b-18a8-4cfd-8e7a-843b88cf9457,affärsområdeschef,broad-match,low,https://taxonomy.api.jobtechdev.se/v1/taxonomy/graphql,30
RYu4_YEr_tYJ,Toxikolog,http://data.europa.eu/esco/occupation/3f7b7ce5-94b6-4e0c-98e7-a4ee5a6accf4,toxikolog,exact-match,high,https://taxonomy.api.jobtechdev.se/v1/taxonomy/graphql,30
Rd3G_bFa_zvR,"Civilingenjör, maskin",http://data.europa.eu/esco/occupation/24677ef2-512c-4f4a-bc1c-14bf374e9f22,"ingenjör, roterande utrustning",narrow-match,low,https://taxonomy.api.jobtechdev.se/v1/taxonomy/graphql,30
Rd3G_bFa_zvR,"Civilingenjör, maskin",http://data.europa.eu/esco/occupation/4d5bd738-9202-4fd7-bd8c-7dbe914048de,jordbruksingenjör,narrow-match,low,https://taxonomy.api.jobtechdev.se/v1/taxonomy/graphql,30
Rd3G_bFa_zvR,"Civilingenjör, maskin",http://data.europa.eu/esco/occupation/579254cf-6d69-4889-9000-9c79dc568644,"civilingenjör, maskin",exact-match,high,https://taxonomy.api.jobtechdev.se/v1/taxonomy/graphql,30
Rd3G_bFa_zvR,"Civilingenjör, maskin",http://data.europa.eu/esco/occupation/7c2fbf7d-b934-4f62-8167-0ed90fb2a16f,"ingenjör, rullande material",narrow-match,low,https://taxonomy.api.jobtechdev.se/v1/taxonomy/graphql,30
Rd3G_bFa_zvR,"Civilingenjör, maskin",http://data.europa.eu/esco/occupation/a5dc92b4-9712-4bc5-a08a-f6efa07b855f,konstruktör av jordbruksutrustning,narrow-match,low,https://taxonomy.api.jobtechdev.se/v1/taxonomy/graphql,30
Rd3G_bFa_zvR,"Civilingenjör, maskin",http://data.europa.eu/esco/occupation/dbc88790-a8c1-4dc4-9507-8f9dcff9c990,motoringenjör,narrow-match,low,https://taxonomy.api.jobtechdev.se/v1/taxonomy/graphql,30
Rd3G_bFa_zvR,"Civilingenjör, maskin",http://data.europa.eu/esco/occupation/fcbb66f5-843b-4152-9ce4-e7b19c2a88d9,"serviceingenjör, gruva",narrow-match,low,https://taxonomy.api.jobtechdev.se/v1/taxonomy/graphql,30
RdVK_4zC_kFV,Redaktionschef,http://data.europa.eu/esco/occupation/8bd74371-1818-47d5-a253-d703c51c5f26,redaktör,close-match,low,https://taxonomy.api.jobtechdev.se/v1/taxonomy/graphql,30
RiAf_dVp_md4,Skogsförvaltare,http://data.europa.eu/esco/occupation/fa32eb3f-5c9f-4668-8f85-5eefb3badab8,skogsrådgivare,close-match,low,https://taxonomy.api.jobtechdev.se/v1/taxonomy/graphql,30
RjeB_w9X_dhM,Musikalartist,http://data.europa.eu/esco/occupation/07b91f36-8272-493a-8e1c-5625e77efe68,dansare,broad-match,low,https://taxonomy.api.jobtechdev.se/v1/taxonomy/graphql,30
RjeB_w9X_dhM,Musikalartist,http://data.europa.eu/esco/occupation/26171f39-e85a-448f-bd28-a73a5a99927f,skådespelare,broad-match,low,https://taxonomy.api.jobtechdev.se/v1/taxonomy/graphql,30
RjeB_w9X_dhM,Musikalartist,http://data.europa.eu/esco/occupation/6581aa0d-c807-4091-84cc-bc041f962ab1,sångare,broad-match,low,https://taxonomy.api.jobtechdev.se/v1/taxonomy/graphql,30
RnSZ_Ub1_DiV,"Servitör, fartyg/Servitris, fartyg",http://data.europa.eu/esco/occupation/d5db9d5c-2ebf-4a54-a79a-1b7e7ff70471,servitör/servitris,close-match,low,https://taxonomy.api.jobtechdev.se/v1/taxonomy/graphql,30
RoCf_4ac_hBg,"Maskinbefäl, fartyg",http://data.europa.eu/esco/occupation/6ce86c90-36cc-43ef-a1e0-885d8151f976,"maskinchef, fartyg",close-match,low,https://taxonomy.api.jobtechdev.se/v1/taxonomy/graphql,30
RsdJ_eFW_eE4,Landsantikvarie,http://data.europa.eu/esco/occupation/cc937d5f-4072-4fe7-bc23-2c9a465b8754,museichef,broad-match,low,https://taxonomy.api.jobtechdev.se/v1/taxonomy/graphql,30
RtCz_v7Z_Lm6,Läkemedelsinspektör,http://data.europa.eu/esco/occupation/0f845e64-de8b-431e-9fe3-1bccf8e1c5b9,"farmaceut, specialist på kvalitetssäkring",close-match,low,https://taxonomy.api.jobtechdev.se/v1/taxonomy/graphql,30
Ruvs_NBd_crh,Scenograf,http://data.europa.eu/esco/occupation/874a2080-a9b6-46a9-8662-c9b7d4208f73,scenograf,exact-match,high,https://taxonomy.api.jobtechdev.se/v1/taxonomy/graphql,30
Ruvs_NBd_crh,Scenograf,http://data.europa.eu/esco/occupation/88760821-9df4-47a6-a1c2-ac08b9759396,"scenograf, miniatyrmodeller",exact-match,high,https://taxonomy.api.jobtechdev.se/v1/taxonomy/graphql,30
RvHV_ckc_cbT,Husdjurstekniker,http://data.europa.eu/esco/occupation/b4ff30f8-073b-4dd8-9128-ecf9d0ff87ba,boskapsuppfödare,close-match,low,https://taxonomy.api.jobtechdev.se/v1/taxonomy/graphql,30
RxSa_Mp7_9He,"Specialistläkare, kirurgi",http://data.europa.eu/esco/occupation/9b889f07-c39c-464d-b9d9-b2daa650f9ac,specialistläkare,broad-match,low,https://taxonomy.api.jobtechdev.se/v1/taxonomy/graphql,30
RxXh_WPg_cwF,Paleontolog,http://data.europa.eu/esco/occupation/82e37849-30ec-4461-a40e-263d4c984f88,paleontolog,exact-match,high,https://taxonomy.api.jobtechdev.se/v1/taxonomy/graphql,30
RxYj_fc9_z7L,Skorstensfejare,http://data.europa.eu/esco/occupation/4305327d-3537-4dfb-a913-bce6614362f1,skorstensfejartekniker,narrow-match,low,https://taxonomy.api.jobtechdev.se/v1/taxonomy/graphql,30
RxYj_fc9_z7L,Skorstensfejare,http://data.europa.eu/esco/occupation/a2dee758-72f5-4f1c-b760-f2b8e9d81911,skorstensfejare,exact-match,high,https://taxonomy.api.jobtechdev.se/v1/taxonomy/graphql,30
Rznn_guC_ycQ,Produktionsberedare inom industriell tillverkning,http://data.europa.eu/esco/occupation/11833a96-fc27-4b03-a53d-892ac891a2bb,produktionstekniker,broad-match,low,https://taxonomy.api.jobtechdev.se/v1/taxonomy/graphql,30
S2QW_12u_Pj1,Mediatextare,http://data.europa.eu/esco/occupation/ec2c0655-5ba0-4cc8-860a-977f73b37f34,undertextare,exact-match,high,https://taxonomy.api.jobtechdev.se/v1/taxonomy/graphql,30
S3Qg_nQk_Ybz,"Fondchef, statlig",http://data.europa.eu/esco/occupation/ceda53cd-3f1f-425b-bd1b-c4fa17254680,"chef, pensionsfond",narrow-match,low,https://taxonomy.api.jobtechdev.se/v1/taxonomy/graphql,30
S46w_C6B_hxh,"Organisationssekreterare, intresseorganisation",http://data.europa.eu/esco/occupation/caf7b8fb-b2d6-46b7-bffa-bea7f8e4aed8,"handläggare, offentlig förvaltning",close-match,low,https://taxonomy.api.jobtechdev.se/v1/taxonomy/graphql,30
S75J_j1p_EEp,"Processingenjör, gruv",http://data.europa.eu/esco/occupation/62d3f108-ade2-44b5-beeb-d63d0b21268f,"ingenjör, mineralbearbetning",narrow-match,low,https://taxonomy.api.jobtechdev.se/v1/taxonomy/graphql,30
S7fN_qrm_XeC,"Specialistläkare, infektionssjukdomar",http://data.europa.eu/esco/occupation/9b889f07-c39c-464d-b9d9-b2daa650f9ac,specialistläkare,broad-match,low,https://taxonomy.api.jobtechdev.se/v1/taxonomy/graphql,30
S7rk_bYJ_Atf,Regionskattechef,http://data.europa.eu/esco/occupation/94e0bedd-e56e-42be-a5a4-b74a260f437c,avdelningschef,broad-match,low,https://taxonomy.api.jobtechdev.se/v1/taxonomy/graphql,30
S8DM_Z9a_3W6,Sug- och spolbilsförare,http://data.europa.eu/esco/occupation/45037d43-a8f5-4f46-b332-b2935bc305f4,distributionsförare,close-match,low,https://taxonomy.api.jobtechdev.se/v1/taxonomy/graphql,30
S8DM_Z9a_3W6,Sug- och spolbilsförare,http://data.europa.eu/esco/occupation/89a6d6e5-8362-4b99-b745-1c68bffbda77,"avloppstekniker, slamsugning",close-match,low,https://taxonomy.api.jobtechdev.se/v1/taxonomy/graphql,30
S8DR_6EK_m92,Begravningsrepresentant,http://data.europa.eu/esco/occupation/af513bd8-4340-4452-aa30-05a073ecc49a,begravningsassistent,exact-match,high,https://taxonomy.api.jobtechdev.se/v1/taxonomy/graphql,30
S8DR_6EK_m92,Begravningsrepresentant,http://data.europa.eu/esco/occupation/d7607255-746f-4ad4-bb4e-812e73d24983,begravningsrepresentant,exact-match,high,https://taxonomy.api.jobtechdev.se/v1/taxonomy/graphql,30
S8DR_6EK_m92,Begravningsrepresentant,http://data.europa.eu/esco/occupation/dc34c345-caf9-4ab7-b496-e18a572194ba,balsamatör,narrow-match,low,https://taxonomy.api.jobtechdev.se/v1/taxonomy/graphql,30
S9LC_4m4_yza,"Grundlärare, 4-6",http://data.europa.eu/esco/occupation/03d79393-7b30-4159-945b-01963eddd302,grundskollärare,broad-match,low,https://taxonomy.api.jobtechdev.se/v1/taxonomy/graphql,30
SA7K_jqY_K81,"Forskare, pedagogik",http://data.europa.eu/esco/occupation/5a282a39-5346-454a-b1ef-c1217c50e156,utbildningsforskare,exact-match,high,https://taxonomy.api.jobtechdev.se/v1/taxonomy/graphql,30
SBhY_tbt_WV4,"Produktionschef, bygg",http://data.europa.eu/esco/occupation/ba3bacd4-73e9-4861-a9c0-f89f1f28055a,"produktionschef, bygg",exact-match,high,https://taxonomy.api.jobtechdev.se/v1/taxonomy/graphql,30
SDMs_GGu_gf2,"Betongarbetare, utan yrkesbevis",http://data.europa.eu/esco/occupation/a9068f84-cecd-4cbb-9acb-e20c714435ec,betongarbetare,exact-match,high,https://taxonomy.api.jobtechdev.se/v1/taxonomy/graphql,30
SDk3_uMJ_8an,Boendeföreståndare,http://data.europa.eu/esco/occupation/5cff1eee-9027-4064-8a26-35b1877e4eb3,"chef, allmännyttiga bostäder",narrow-match,low,https://taxonomy.api.jobtechdev.se/v1/taxonomy/graphql,30
SEhy_kME_xFW,Specialistpsykolog,http://data.europa.eu/esco/occupation/52ded7d7-11df-42e3-b90a-d7f4b70fb4b9,psykolog,broad-match,low,https://taxonomy.api.jobtechdev.se/v1/taxonomy/graphql,30
SF73_TBz_fhR,Ledsagare,http://data.europa.eu/esco/occupation/9c55aa23-e3f2-4c00-8c90-5ed5204951a3,personlig assistent,broad-match,low,https://taxonomy.api.jobtechdev.se/v1/taxonomy/graphql,30
SFZw_QVx_MU7,Vårdutvecklare,http://data.europa.eu/esco/occupation/d4d6842b-27f0-4222-85db-c542acf6d434,"handläggare, offentlig förvaltning, folkhälsofrågor",broad-match,low,https://taxonomy.api.jobtechdev.se/v1/taxonomy/graphql,30
SGx8_o9Z_Lh5,Chef inom bank,http://data.europa.eu/esco/occupation/754ce08f-b4d9-4b9c-b9d2-06f15258a3ce,bankchef,exact-match,high,https://taxonomy.api.jobtechdev.se/v1/taxonomy/graphql,30
SGx8_o9Z_Lh5,Chef inom bank,http://data.europa.eu/esco/occupation/94e0bedd-e56e-42be-a5a4-b74a260f437c,avdelningschef,broad-match,low,https://taxonomy.api.jobtechdev.se/v1/taxonomy/graphql,30
SHaU_rbc_XzE,"Infrastrukturspecialist, It",http://data.europa.eu/esco/occupation/3e7bf729-4442-4b9f-ad5e-83111963795c,it-tekniker,broad-match,low,https://taxonomy.api.jobtechdev.se/v1/taxonomy/graphql,30
SLfL_nQ3_MnE,Miljöhandläggare,http://data.europa.eu/esco/occupation/69e6db0b-30b4-4e0e-b95b-173f8bc3da73,"miljöhandläggare, flygplats",narrow-match,low,https://taxonomy.api.jobtechdev.se/v1/taxonomy/graphql,30
SMii_y8Z_VmX,Biokemist,http://data.europa.eu/esco/occupation/6df6c5cb-c1a2-42c8-acd0-1ee5563c36c1,biokemist,exact-match,high,https://taxonomy.api.jobtechdev.se/v1/taxonomy/graphql,30
SNvc_SeK_9aH,Sjukvårdstolk,http://data.europa.eu/esco/occupation/23e692a9-a242-4d4f-988f-ed562f757864,tolk,broad-match,low,https://taxonomy.api.jobtechdev.se/v1/taxonomy/graphql,30
SP9m_RM4_vJV,Importchef,http://data.europa.eu/esco/occupation/00fdad73-4551-4e43-b256-1d4a3759db1e,"importchef, kött och köttvaror",narrow-match,low,https://taxonomy.api.jobtechdev.se/v1/taxonomy/graphql,30
SP9m_RM4_vJV,Importchef,http://data.europa.eu/esco/occupation/0cbfa809-2d71-44e5-b736-c4da3c8fe09d,"importchef, jordbruksmaskiner och utrustning",narrow-match,low,https://taxonomy.api.jobtechdev.se/v1/taxonomy/graphql,30
SP9m_RM4_vJV,Importchef,http://data.europa.eu/esco/occupation/12142c2c-9b6f-4e4f-8153-f1a51554e4e0,"importchef, maskiner, industriell utrustning, fartyg och luftfartyg",narrow-match,low,https://taxonomy.api.jobtechdev.se/v1/taxonomy/graphql,30
SP9m_RM4_vJV,Importchef,http://data.europa.eu/esco/occupation/173a882d-0a14-4919-ac1b-23e8ee8273de,"importchef, järnhandelsvaror och VVS-armatur",narrow-match,low,https://taxonomy.api.jobtechdev.se/v1/taxonomy/graphql,30
SP9m_RM4_vJV,Importchef,http://data.europa.eu/esco/occupation/1ee8dfca-19b0-4e1a-88ed-68548f80951b,"importchef, blommor och växter",narrow-match,low,https://taxonomy.api.jobtechdev.se/v1/taxonomy/graphql,30
SP9m_RM4_vJV,Importchef,http://data.europa.eu/esco/occupation/42abcbcb-721b-4da6-9c06-f6951969d056,"importchef, parfymer och kosmetika",narrow-match,low,https://taxonomy.api.jobtechdev.se/v1/taxonomy/graphql,30
SP9m_RM4_vJV,Importchef,http://data.europa.eu/esco/occupation/4311b9e0-064e-41bc-b120-5eb21f337780,"importchef, kaffe, te, kakao och kryddor",narrow-match,low,https://taxonomy.api.jobtechdev.se/v1/taxonomy/graphql,30
SP9m_RM4_vJV,Importchef,http://data.europa.eu/esco/occupation/4c313f2a-704e-4d3c-a7c2-98e1b93c9e94,"importchef, kontorsmöbler",narrow-match,low,https://taxonomy.api.jobtechdev.se/v1/taxonomy/graphql,30
SP9m_RM4_vJV,Importchef,http://data.europa.eu/esco/occupation/5b912733-abc8-43f7-825c-00ae21043685,"importchef, trä- och byggvaror",narrow-match,low,https://taxonomy.api.jobtechdev.se/v1/taxonomy/graphql,30
SP9m_RM4_vJV,Importchef,http://data.europa.eu/esco/occupation/5cc6d160-3864-43b0-b3eb-77d1208a51b4,"importchef, metaller och metallmalmer",narrow-match,low,https://taxonomy.api.jobtechdev.se/v1/taxonomy/graphql,30
SP9m_RM4_vJV,Importchef,http://data.europa.eu/esco/occupation/63c92723-ee86-42cb-89bf-d93b65398bef,"importchef, ur, guldsmedsvaror och smycken",narrow-match,low,https://taxonomy.api.jobtechdev.se/v1/taxonomy/graphql,30
SP9m_RM4_vJV,Importchef,http://data.europa.eu/esco/occupation/65beb253-61b0-4f8f-9c3c-49419913fd18,"importchef, mejeriprodukter och matoljor",narrow-match,low,https://taxonomy.api.jobtechdev.se/v1/taxonomy/graphql,30
SP9m_RM4_vJV,Importchef,http://data.europa.eu/esco/occupation/6e873bb0-ff0d-4800-a898-362b9a2e1c47,"importchef, textilier, textilhalvfabrikat och textilråvaror",narrow-match,low,https://taxonomy.api.jobtechdev.se/v1/taxonomy/graphql,30
SP9m_RM4_vJV,Importchef,http://data.europa.eu/esco/occupation/7d9c060a-f280-441d-baf9-7d4a6b520a2a,"importchef, datorer och kringutrustning samt programvara",narrow-match,low,https://taxonomy.api.jobtechdev.se/v1/taxonomy/graphql,30
SP9m_RM4_vJV,Importchef,http://data.europa.eu/esco/occupation/84e4c780-ee17-44dd-af6f-d1c06a3e353d,"importchef, gruv-, bygg och anläggningsmaskiner",narrow-match,low,https://taxonomy.api.jobtechdev.se/v1/taxonomy/graphql,30
SP9m_RM4_vJV,Importchef,http://data.europa.eu/esco/occupation/8914badc-df5e-4671-908e-de5bc795658b,"importchef, elektronik och telekommunikationsutrustning",narrow-match,low,https://taxonomy.api.jobtechdev.se/v1/taxonomy/graphql,30
SP9m_RM4_vJV,Importchef,http://data.europa.eu/esco/occupation/8c0cc417-6b09-4082-8062-2f0f7123a573,"importchef, kontorsmaskiner och kontorsutrustning",narrow-match,low,https://taxonomy.api.jobtechdev.se/v1/taxonomy/graphql,30
SP9m_RM4_vJV,Importchef,http://data.europa.eu/esco/occupation/95d8f19e-f62b-443f-ac53-324ea8f98cf5,"importchef, glas och porslin",narrow-match,low,https://taxonomy.api.jobtechdev.se/v1/taxonomy/graphql,30
SP9m_RM4_vJV,Importchef,http://data.europa.eu/esco/occupation/972ef593-89c3-468b-aad5-81bc575feb58,"importchef, maskiner för textilindustri",narrow-match,low,https://taxonomy.api.jobtechdev.se/v1/taxonomy/graphql,30
SP9m_RM4_vJV,Importchef,http://data.europa.eu/esco/occupation/9faaae26-804d-48f3-97b0-84f7e1aceae8,"importchef, drycker",narrow-match,low,https://taxonomy.api.jobtechdev.se/v1/taxonomy/graphql,30
SP9m_RM4_vJV,Importchef,http://data.europa.eu/esco/occupation/a70315e3-ae41-44a9-9fe5-7fe668469ee0,"importchef, möbler, mattor och belysningsartiklar",narrow-match,low,https://taxonomy.api.jobtechdev.se/v1/taxonomy/graphql,30
SP9m_RM4_vJV,Importchef,http://data.europa.eu/esco/occupation/afcf9d03-6e51-4548-8cec-cfa50972929d,"importchef, socker, choklad och sockerkonfektyrer",narrow-match,low,https://taxonomy.api.jobtechdev.se/v1/taxonomy/graphql,30
SP9m_RM4_vJV,Importchef,http://data.europa.eu/esco/occupation/b148e7a3-e5b0-4edc-b770-85ab81f36ac9,"importchef, hushållsartiklar",narrow-match,low,https://taxonomy.api.jobtechdev.se/v1/taxonomy/graphql,30
SP9m_RM4_vJV,Importchef,http://data.europa.eu/esco/occupation/b2826761-6fc4-4344-9d36-d8455cb6b185,"importchef, fisk, skaldjur och blötdjur",narrow-match,low,https://taxonomy.api.jobtechdev.se/v1/taxonomy/graphql,30
SP9m_RM4_vJV,Importchef,http://data.europa.eu/esco/occupation/b49f95f8-c1c8-428f-9f1f-5f5abae55e51,"importchef, levande djur",narrow-match,low,https://taxonomy.api.jobtechdev.se/v1/taxonomy/graphql,30
SP9m_RM4_vJV,Importchef,http://data.europa.eu/esco/occupation/b87a7a27-ee74-4e5e-b274-84a3cab27bf4,importchef,exact-match,high,https://taxonomy.api.jobtechdev.se/v1/taxonomy/graphql,30
SP9m_RM4_vJV,Importchef,http://data.europa.eu/esco/occupation/bbba890e-ecae-43ba-9c5b-a65baa318f15,"importchef, verktygsmaskiner",narrow-match,low,https://taxonomy.api.jobtechdev.se/v1/taxonomy/graphql,30
SP9m_RM4_vJV,Importchef,http://data.europa.eu/esco/occupation/c430500d-0b8b-4ef5-8f91-3e98cff32356,"importchef, tobaksvaror",narrow-match,low,https://taxonomy.api.jobtechdev.se/v1/taxonomy/graphql,30
SP9m_RM4_vJV,Importchef,http://data.europa.eu/esco/occupation/c71ee6a5-ce48-4afd-aa1e-eaabf17ccbc0,"importchef, avfall och skrot",narrow-match,low,https://taxonomy.api.jobtechdev.se/v1/taxonomy/graphql,30
SP9m_RM4_vJV,Importchef,http://data.europa.eu/esco/occupation/ccbb7213-79f7-489e-9dad-f90091e550d0,"importchef, kläder och skor",narrow-match,low,https://taxonomy.api.jobtechdev.se/v1/taxonomy/graphql,30
SP9m_RM4_vJV,Importchef,http://data.europa.eu/esco/occupation/d7a12ff0-7e25-4dab-98c5-1f5a781da8ad,"importchef, hudar, skinn och läder",narrow-match,low,https://taxonomy.api.jobtechdev.se/v1/taxonomy/graphql,30
SP9m_RM4_vJV,Importchef,http://data.europa.eu/esco/occupation/d9632b0a-3c95-4a8a-a15c-c5413beda52e,"importchef, farmaceutiska produkter",narrow-match,low,https://taxonomy.api.jobtechdev.se/v1/taxonomy/graphql,30
SP9m_RM4_vJV,Importchef,http://data.europa.eu/esco/occupation/dc29cd23-d6ba-46b0-bc2f-424e20270099,"importchef, frukt och grönsaker",narrow-match,low,https://taxonomy.api.jobtechdev.se/v1/taxonomy/graphql,30
SP9m_RM4_vJV,Importchef,http://data.europa.eu/esco/occupation/dc2a924c-653a-4922-9226-f6909dd64580,"importchef, jordbruksråvaror, utsäde och djurfoder",narrow-match,low,https://taxonomy.api.jobtechdev.se/v1/taxonomy/graphql,30
SP9m_RM4_vJV,Importchef,http://data.europa.eu/esco/occupation/e997358a-f6ed-4b5d-bebe-2a33b01ea3d2,"importchef, elektriska hushållsapparater",narrow-match,low,https://taxonomy.api.jobtechdev.se/v1/taxonomy/graphql,30
SP9m_RM4_vJV,Importchef,http://data.europa.eu/esco/occupation/fd00e4bb-dcee-41d7-81d3-2cdebad8fe70,"importchef, kemiska produkter",narrow-match,low,https://taxonomy.api.jobtechdev.se/v1/taxonomy/graphql,30
SRCS_uYJ_MUP,Fartygsinspektör,http://data.europa.eu/esco/occupation/384ed128-e86e-4dd8-96ff-b6e6657cb027,fartygsinspektör,exact-match,high,https://taxonomy.api.jobtechdev.se/v1/taxonomy/graphql,30
SRCS_uYJ_MUP,Fartygsinspektör,http://data.europa.eu/esco/occupation/da6220cb-21ee-4076-8796-1e922b44c394,"kontrollant, fartygsmotorer",narrow-match,low,https://taxonomy.api.jobtechdev.se/v1/taxonomy/graphql,30
SRCS_uYJ_MUP,Fartygsinspektör,http://data.europa.eu/esco/occupation/e58eadca-e512-4167-96f1-fff980f117e3,"provare, fartygsmotorer",narrow-match,low,https://taxonomy.api.jobtechdev.se/v1/taxonomy/graphql,30
SRpJ_Wci_3qU,Hundskötare,http://data.europa.eu/esco/occupation/15dfabf5-71e0-400e-af48-4c6f92ef4392,hundskötare/hundvårdare,exact-match,high,https://taxonomy.api.jobtechdev.se/v1/taxonomy/graphql,30
SRpJ_Wci_3qU,Hundskötare,http://data.europa.eu/esco/occupation/bc1748c7-29d6-43d5-a304-6b74f317ac26,kennelföreståndare,close-match,low,https://taxonomy.api.jobtechdev.se/v1/taxonomy/graphql,30
SSjm_1Js_RCu,Skyltmakare,http://data.europa.eu/esco/occupation/a1b4eb5e-45d4-441b-a7e8-795ac5cf6fbf,skylttillverkare,exact-match,high,https://taxonomy.api.jobtechdev.se/v1/taxonomy/graphql,30
SV22_7W1_pFT,"Koordinator: kultur, media, film, dataspel",http://data.europa.eu/esco/occupation/0bce6d52-a45e-4826-91ea-68976f1b9d1c,konstadministratör,narrow-match,low,https://taxonomy.api.jobtechdev.se/v1/taxonomy/graphql,30
SV22_7W1_pFT,"Koordinator: kultur, media, film, dataspel",http://data.europa.eu/esco/occupation/7f0d69cf-8b02-4a84-865a-37585dea9b43,tablåchef,narrow-match,low,https://taxonomy.api.jobtechdev.se/v1/taxonomy/graphql,30
SVKA_8r1_1TX,Maskinoperatör kött- och fiskberedning,http://data.europa.eu/esco/occupation/709170ae-2b9a-4e7a-8201-260da7211898,ansvarig för konservering av fisk,narrow-match,low,https://taxonomy.api.jobtechdev.se/v1/taxonomy/graphql,30
SVKA_8r1_1TX,Maskinoperatör kött- och fiskberedning,http://data.europa.eu/esco/occupation/83de6811-975d-4f7c-b81e-604c0c17e800,driftsledare inom fiskeproduktion,narrow-match,low,https://taxonomy.api.jobtechdev.se/v1/taxonomy/graphql,30
SVKA_8r1_1TX,Maskinoperatör kött- och fiskberedning,http://data.europa.eu/esco/occupation/84dfc210-db07-4a83-87fe-d6131907ea83,ansvarig för bearbetade köttprodukter,narrow-match,low,https://taxonomy.api.jobtechdev.se/v1/taxonomy/graphql,30
SWZ5_f7C_6PH,Måltidsutvecklare,http://data.europa.eu/esco/occupation/1009be17-7efd-45f1-a033-566bf179c588,kock,close-match,low,https://taxonomy.api.jobtechdev.se/v1/taxonomy/graphql,30
SXAF_LMk_j4S,Landskapsarkitekt,http://data.europa.eu/esco/occupation/52207284-2681-40d3-a317-ec81ca1b3e41,landskapsarkitekt,exact-match,high,https://taxonomy.api.jobtechdev.se/v1/taxonomy/graphql,30
SZ8R_TDF_sUJ,Osteopat,http://data.europa.eu/esco/occupation/a7198837-139d-49c7-8fd0-eb8d8c1ee844,osteopat,exact-match,high,https://taxonomy.api.jobtechdev.se/v1/taxonomy/graphql,30
SZRQ_Q2a_dto,Fiskeribiolog,http://data.europa.eu/esco/occupation/a330b7b6-696e-455c-b6d5-f39f82c1489f,vattenbruksansvarig på recirkulationsanläggning,close-match,low,https://taxonomy.api.jobtechdev.se/v1/taxonomy/graphql,30
SZRQ_Q2a_dto,Fiskeribiolog,http://data.europa.eu/esco/occupation/bff716c9-42c7-471e-8af0-582f799fb29a,miljöanalytiker vattenbruk,narrow-match,low,https://taxonomy.api.jobtechdev.se/v1/taxonomy/graphql,30
SZRQ_Q2a_dto,Fiskeribiolog,http://data.europa.eu/esco/occupation/eee68e13-8248-43bb-a9fb-959832a6c217,biolog,broad-match,low,https://taxonomy.api.jobtechdev.se/v1/taxonomy/graphql,30
SZat_HJp_9wf,Riksgäldsdirektör,http://data.europa.eu/esco/occupation/0752ed49-03e7-4d75-8314-a051b3771a1d,generaldirektör,broad-match,low,https://taxonomy.api.jobtechdev.se/v1/taxonomy/graphql,30
Saam_Psu_APf,Underhållsingenjör metallurgi,http://data.europa.eu/esco/occupation/06351e17-67c4-44bc-adf7-64b73f92c3b5,"kvalitetsingenjör, metallurgi",close-match,low,https://taxonomy.api.jobtechdev.se/v1/taxonomy/graphql,30
SauB_4Gt_FTk,Projektledare logistik,http://data.europa.eu/esco/occupation/c4071145-a774-4cf4-aefa-ae18a385cca4,logistikingenjör,close-match,low,https://taxonomy.api.jobtechdev.se/v1/taxonomy/graphql,30
Sbff_eeY_jch,Signalingenjör,http://data.europa.eu/esco/occupation/d84bf1d7-ef99-40c4-a407-3791d6531b44,teleingenjör,broad-match,low,https://taxonomy.api.jobtechdev.se/v1/taxonomy/graphql,30
Sbzf_iBA_MAS,Elevassistent,http://data.europa.eu/esco/occupation/1f137f0b-7097-4583-9d1b-b69e57369319,elevassistent,exact-match,high,https://taxonomy.api.jobtechdev.se/v1/taxonomy/graphql,30
SgGz_7JC_dtw,Finansiell controller,http://data.europa.eu/esco/occupation/5e5b1b61-1351-4d3b-a293-deb3661715dd,styrekonom,exact-match,high,https://taxonomy.api.jobtechdev.se/v1/taxonomy/graphql,30
ShAW_k4b_3PD,Biträdande universitetslektor/Biträdande högskolelektor,http://data.europa.eu/esco/occupation/c262bb96-03bb-4c97-a45b-0cf36db5b048,biträdande lektor,exact-match,high,https://taxonomy.api.jobtechdev.se/v1/taxonomy/graphql,30
SomG_sf1_VZw,Orgelbyggare,http://data.europa.eu/esco/occupation/c644e6f6-dffc-4d7a-bf36-a384e465937b,klaverinstrumentmakare,broad-match,low,https://taxonomy.api.jobtechdev.se/v1/taxonomy/graphql,30
SomG_sf1_VZw,Orgelbyggare,http://data.europa.eu/esco/occupation/c7b31477-88e3-400f-988f-3baa090de173,orgelbyggare,exact-match,high,https://taxonomy.api.jobtechdev.se/v1/taxonomy/graphql,30
Sow7_TEq_S9T,PR-konsult,http://data.europa.eu/esco/occupation/c0489e22-6a1b-4e52-974a-eb71bbb42134,PR-konsult,exact-match,high,https://taxonomy.api.jobtechdev.se/v1/taxonomy/graphql,30
SrQv_qDW_cLW,"Forskare, genetik",http://data.europa.eu/esco/occupation/6140be85-2d45-44b2-b0ba-412aadcead1e,genetiker,broad-match,low,https://taxonomy.api.jobtechdev.se/v1/taxonomy/graphql,30
StMY_YV6_HYo,2D artist/2D-grafiker,http://data.europa.eu/esco/occupation/69bcbb0a-8d80-4ecd-b0a4-9adea2a40de2,grafisk formgivare,broad-match,low,https://taxonomy.api.jobtechdev.se/v1/taxonomy/graphql,30
StaK_vgD_1pR,Bärplockare,http://data.europa.eu/esco/occupation/373db468-bd25-4b67-a6e0-4ac79d9a9e85,frukt- och grönsaksplockare,broad-match,low,https://taxonomy.api.jobtechdev.se/v1/taxonomy/graphql,30
SuKt_UNt_RuE,Uppräkningspersonal,http://data.europa.eu/esco/occupation/3f32394b-f1b1-48ef-96ee-74405fb7c6b6,"kassaoperatör, spel",close-match,low,https://taxonomy.api.jobtechdev.se/v1/taxonomy/graphql,30
Suia_ytk_oL2,"Civilingenjör, produktion, gruv, metallurgi",http://data.europa.eu/esco/occupation/efc75d4e-dfbf-4178-929c-0ae198801c36,gruvingenjör,close-match,low,https://taxonomy.api.jobtechdev.se/v1/taxonomy/graphql,30
SwJ6_7pG_qYk,Skyddsingenjör,http://data.europa.eu/esco/occupation/789517fb-95ee-43d1-9530-c2860be1a439,arbetsmiljöingenjör,close-match,low,https://taxonomy.api.jobtechdev.se/v1/taxonomy/graphql,30
SxuD_j5S_Xmr,Upphovsrättsjurist,http://data.europa.eu/esco/occupation/31854d78-3615-43a4-aa3a-c597ecb20ceb,juridisk rådgivare,close-match,low,https://taxonomy.api.jobtechdev.se/v1/taxonomy/graphql,30
Syqq_KgT_c1d,"ST-läkare, barn- och ungdomsmedicin",http://data.europa.eu/esco/occupation/71f09c8b-a172-408c-b9e7-32e580e39ff6,läkare,close-match,low,https://taxonomy.api.jobtechdev.se/v1/taxonomy/graphql,30
T1g1_9J5_SxG,Solskyddsmontör,http://data.europa.eu/esco/occupation/2231ed97-69dc-4b6e-93ee-8c0e5bb5dbb8,"montör, metallmöbler",close-match,low,https://taxonomy.api.jobtechdev.se/v1/taxonomy/graphql,30
T55e_efV_Eqh,"Projektledare, telekom",http://data.europa.eu/esco/occupation/bea99fea-0383-4c63-b944-70d4799de2c5,projektledare,broad-match,low,https://taxonomy.api.jobtechdev.se/v1/taxonomy/graphql,30
T6tY_uW8_Rw4,Attaché,http://data.europa.eu/esco/occupation/7819669b-30c2-42e6-a1c4-0bcd6f0379ff,"handläggare, internationella relationer",broad-match,low,https://taxonomy.api.jobtechdev.se/v1/taxonomy/graphql,30
T6yh_MNf_CKv,Textilingenjör,http://data.europa.eu/esco/occupation/0663da10-e42c-41e8-992c-07d00ac97bea,"kvalitetstekniker, textil",narrow-match,low,https://taxonomy.api.jobtechdev.se/v1/taxonomy/graphql,30
T6yh_MNf_CKv,Textilingenjör,http://data.europa.eu/esco/occupation/2bf5169b-2c89-451a-9274-e2b4bc1f9487,beklädnadstekniker,exact-match,high,https://taxonomy.api.jobtechdev.se/v1/taxonomy/graphql,30
T6yh_MNf_CKv,Textilingenjör,http://data.europa.eu/esco/occupation/85acc7e9-1fac-4e91-962b-8b8031f39487,textiltekniker,close-match,low,https://taxonomy.api.jobtechdev.se/v1/taxonomy/graphql,30
T9Yp_4Fm_q4o,Centrumutvecklare/Handelsutvecklare,http://data.europa.eu/esco/occupation/e14548c8-c2b9-4ef8-8670-d5967d7ad804,stadsplanerare,close-match,low,https://taxonomy.api.jobtechdev.se/v1/taxonomy/graphql,30
TCGb_VdF_NSm,Distributionselektriker,http://data.europa.eu/esco/occupation/0c328e98-6e4e-4e96-b99c-56851e666ad0,"servicetekniker, elkraft",narrow-match,low,https://taxonomy.api.jobtechdev.se/v1/taxonomy/graphql,30
TCGb_VdF_NSm,Distributionselektriker,http://data.europa.eu/esco/occupation/7052fd94-f563-46a9-8e2d-cba6c20f3e71,linjemontör,exact-match,high,https://taxonomy.api.jobtechdev.se/v1/taxonomy/graphql,30
TCGb_VdF_NSm,Distributionselektriker,http://data.europa.eu/esco/occupation/7cdeb653-8f3d-4921-832b-b95f9d700a86,"maskinist, energi",close-match,low,https://taxonomy.api.jobtechdev.se/v1/taxonomy/graphql,30
TCGb_VdF_NSm,Distributionselektriker,http://data.europa.eu/esco/occupation/8cf68522-dfc9-43c0-9f65-892703f4705e,"driftelektriker, flygplats",narrow-match,low,https://taxonomy.api.jobtechdev.se/v1/taxonomy/graphql,30
TCGb_VdF_NSm,Distributionselektriker,http://data.europa.eu/esco/occupation/c89afd9a-7dad-4bae-9315-5fcadd9ad8b6,distributionselektriker,exact-match,high,https://taxonomy.api.jobtechdev.se/v1/taxonomy/graphql,30
TCGb_VdF_NSm,Distributionselektriker,http://data.europa.eu/esco/occupation/f2ee2cda-9d02-49c3-8280-da5892d0055b,"distributionselektriker, gatubelysning",exact-match,high,https://taxonomy.api.jobtechdev.se/v1/taxonomy/graphql,30
TEWT_q89_rcn,Ventilationsmontör,http://data.europa.eu/esco/occupation/79f435d0-9bc6-4d25-a26a-acbe16569ebb,"serviceinstallatör, uppvärmning och ventilation",broad-match,low,https://taxonomy.api.jobtechdev.se/v1/taxonomy/graphql,30
TEje_rqE_ews,Koreolog,http://data.europa.eu/esco/occupation/c737f094-7921-4d57-b883-6442343a5fd8,koreolog,exact-match,high,https://taxonomy.api.jobtechdev.se/v1/taxonomy/graphql,30
TFdz_Dvb_vwc,Museipedagog/Museilärare,http://data.europa.eu/esco/occupation/b9b47087-6045-405d-b769-6a0c94e2eb84,"museipedagog, programansvarig",narrow-match,low,https://taxonomy.api.jobtechdev.se/v1/taxonomy/graphql,30
TFdz_Dvb_vwc,Museipedagog/Museilärare,http://data.europa.eu/esco/occupation/c2efadc4-6f47-4f34-997b-dd80aba609dd,museipedagog,exact-match,high,https://taxonomy.api.jobtechdev.se/v1/taxonomy/graphql,30
TG6L_znT_mbR,"Specialistläkare, psykiatri",http://data.europa.eu/esco/occupation/9b889f07-c39c-464d-b9d9-b2daa650f9ac,specialistläkare,broad-match,low,https://taxonomy.api.jobtechdev.se/v1/taxonomy/graphql,30
TGjW_5aJ_3jH,Informationskonsult,http://data.europa.eu/esco/occupation/b55718eb-e8ff-4485-8ad0-bbac32cbd77b,mediaplanerare,broad-match,low,https://taxonomy.api.jobtechdev.se/v1/taxonomy/graphql,30
TH8w_hsR_AMf,Värdetransportör,http://data.europa.eu/esco/occupation/8d4ce4a2-3453-4aa3-befb-7a24595cd68f,"budbilsförare, värdetransport",exact-match,high,https://taxonomy.api.jobtechdev.se/v1/taxonomy/graphql,30
TH8w_hsR_AMf,Värdetransportör,http://data.europa.eu/esco/occupation/ffa4dd5d-702b-4828-ad85-17ec50db6656,värdetransportör,exact-match,high,https://taxonomy.api.jobtechdev.se/v1/taxonomy/graphql,30
THPG_73G_E5r,Hovrättspresident,http://data.europa.eu/esco/occupation/07bd65d7-c13f-443a-bdf6-88903f3822be,domare,broad-match,low,https://taxonomy.api.jobtechdev.se/v1/taxonomy/graphql,30
TKhZ_sym_J7W,Preparator/Taxidermist,http://data.europa.eu/esco/occupation/a78d8e2b-fe31-447f-8694-38ed7198d143,taxidermist,exact-match,high,https://taxonomy.api.jobtechdev.se/v1/taxonomy/graphql,30
TMQA_DYj_srP,HR-controller,http://data.europa.eu/esco/occupation/5e5b1b61-1351-4d3b-a293-deb3661715dd,styrekonom,broad-match,low,https://taxonomy.api.jobtechdev.se/v1/taxonomy/graphql,30
TMmw_rMu_LaQ,Stengravör,http://data.europa.eu/esco/occupation/565987b2-b980-4881-891c-cc4d5ab61d07,stengravör,exact-match,high,https://taxonomy.api.jobtechdev.se/v1/taxonomy/graphql,30
TPRY_Wze_q6x,Tandhygienist,http://data.europa.eu/esco/occupation/d18deca3-3063-4970-9ddc-e3c70404a28c,tandhygienist,exact-match,high,https://taxonomy.api.jobtechdev.se/v1/taxonomy/graphql,30
TPtR_2LX_6B3,Stylist,http://data.europa.eu/esco/occupation/d5ce0c23-6f8a-459f-9bf9-a7cb9768740a,stylist,exact-match,high,https://taxonomy.api.jobtechdev.se/v1/taxonomy/graphql,30
TQKD_b9Y_57Z,Speltestare/QA,http://data.europa.eu/esco/occupation/33e4f026-a823-4ffc-99e4-60d3fe597a1e,speltestare,exact-match,high,https://taxonomy.api.jobtechdev.se/v1/taxonomy/graphql,30
TQdN_j7Q_mBj,Ceremonivärd,http://data.europa.eu/esco/occupation/d7607255-746f-4ad4-bb4e-812e73d24983,begravningsrepresentant,broad-match,low,https://taxonomy.api.jobtechdev.se/v1/taxonomy/graphql,30
TRVV_bXp_BG9,"Processingenjör, maskin",http://data.europa.eu/esco/occupation/11833a96-fc27-4b03-a53d-892ac891a2bb,produktionstekniker,broad-match,low,https://taxonomy.api.jobtechdev.se/v1/taxonomy/graphql,30
TRVV_bXp_BG9,"Processingenjör, maskin",http://data.europa.eu/esco/occupation/579254cf-6d69-4889-9000-9c79dc568644,"civilingenjör, maskin",broad-match,low,https://taxonomy.api.jobtechdev.se/v1/taxonomy/graphql,30
TRVV_bXp_BG9,"Processingenjör, maskin",http://data.europa.eu/esco/occupation/b5eaf231-77ad-4a86-8e54-15cc4398aad2,"civilingenjör, processteknik",close-match,low,https://taxonomy.api.jobtechdev.se/v1/taxonomy/graphql,30
TS9s_VV4_q6e,"Församlingsföreståndare, frikyrka",http://data.europa.eu/esco/occupation/a4dd6eae-ca75-456f-829d-333671a7c186,kaplan,narrow-match,low,https://taxonomy.api.jobtechdev.se/v1/taxonomy/graphql,30
TS9s_VV4_q6e,"Församlingsföreståndare, frikyrka",http://data.europa.eu/esco/occupation/ed256ed0-0432-4969-8544-3e5e01a517a9,religiös ledare,broad-match,low,https://taxonomy.api.jobtechdev.se/v1/taxonomy/graphql,30
TT8h_qKk_1iu,"Affärskonsult, IT",http://data.europa.eu/esco/occupation/4b3201cb-ffc5-4f61-9fc3-5c0f0038fa5f,"affärsanalyschef, IKT",close-match,low,https://taxonomy.api.jobtechdev.se/v1/taxonomy/graphql,30
TTDZ_Neo_9GJ,Key account manager/KAM,http://data.europa.eu/esco/occupation/2eac08c2-a81a-46fc-8d75-eb0e0f3e0f6d,kundansvarig,broad-match,low,https://taxonomy.api.jobtechdev.se/v1/taxonomy/graphql,30
TU7g_mwa_VzB,Testutvecklare,http://data.europa.eu/esco/occupation/0ab5c12c-c1c1-4772-8345-aa287d0e391d,IKT-testanalytiker,exact-match,high,https://taxonomy.api.jobtechdev.se/v1/taxonomy/graphql,30
TU7g_mwa_VzB,Testutvecklare,http://data.europa.eu/esco/occupation/106f79e4-6264-45f1-9e7a-297435cd684b,programvarutestare,broad-match,low,https://taxonomy.api.jobtechdev.se/v1/taxonomy/graphql,30
TUuA_ZFY_3uF,Sömmerska konfektion,http://data.europa.eu/esco/occupation/978ae3a2-0831-415a-8396-b84dde656fc5,skräddare,close-match,low,https://taxonomy.api.jobtechdev.se/v1/taxonomy/graphql,30
Tc59_EuR_SLd,"ST-läkare, klinisk genetik",http://data.europa.eu/esco/occupation/71f09c8b-a172-408c-b9e7-32e580e39ff6,läkare,close-match,low,https://taxonomy.api.jobtechdev.se/v1/taxonomy/graphql,30
TdvW_S8R_CFH,Tandläkare,http://data.europa.eu/esco/occupation/e52b5707-7097-4dbc-ac61-054e917da241,tandläkare,exact-match,high,https://taxonomy.api.jobtechdev.se/v1/taxonomy/graphql,30
TeYW_x7z_uSq,Förpackningstekniker,http://data.europa.eu/esco/occupation/8a925aca-f636-437c-8962-5deae170e246,specialist på mat- och dryckesförpackningsteknik,close-match,low,https://taxonomy.api.jobtechdev.se/v1/taxonomy/graphql,30
TeYW_x7z_uSq,Förpackningstekniker,http://data.europa.eu/esco/occupation/8de99659-5b10-4825-ac67-0c50189bcc3c,"ansvarig, förpackningstillverkning",close-match,low,https://taxonomy.api.jobtechdev.se/v1/taxonomy/graphql,30
TfPJ_UNQ_pZo,Dietiststuderande,http://data.europa.eu/esco/occupation/8a53f8d3-d995-4c7b-a70d-d79f76bdcb3f,dietist,close-match,low,https://taxonomy.api.jobtechdev.se/v1/taxonomy/graphql,30
TgZD_Mvj_nQh,Anläggningsdykare,http://data.europa.eu/esco/occupation/5a596834-bc8f-4273-8d09-006957b60347,anläggningsdykare,exact-match,high,https://taxonomy.api.jobtechdev.se/v1/taxonomy/graphql,30
TkCs_kYx_ZFn,Musiker,http://data.europa.eu/esco/occupation/f6803a58-91d9-4251-9a07-09fc387cec16,musiker,exact-match,high,https://taxonomy.api.jobtechdev.se/v1/taxonomy/graphql,30
TkRn_mQA_xtD,Ballongpilot,http://data.europa.eu/esco/occupation/9a4ba556-e72b-49c2-834c-d6a03a2fc906,pilot,broad-match,low,https://taxonomy.api.jobtechdev.se/v1/taxonomy/graphql,30
TkuE_Rcv_WQb,Fartygsintendent,http://data.europa.eu/esco/occupation/1009be17-7efd-45f1-a033-566bf179c588,kock,broad-match,low,https://taxonomy.api.jobtechdev.se/v1/taxonomy/graphql,30
Tnkm_dQ2_UXu,Jaktvårdare/Viltvårdare,http://data.europa.eu/esco/occupation/a491c5c1-e126-4414-9ac9-3625a4a79513,viltvårdare,exact-match,high,https://taxonomy.api.jobtechdev.se/v1/taxonomy/graphql,30
TpGL_8kr_6K1,Game programmer,http://data.europa.eu/esco/occupation/9ebaf3f0-0be0-47b7-b2b1-b3b04130fa81,dataspelsutvecklare,broad-match,low,https://taxonomy.api.jobtechdev.se/v1/taxonomy/graphql,30
TpUz_Wcr_p76,Programvärd/Programvärdinna,http://data.europa.eu/esco/occupation/09a9a956-db70-436f-8398-d85a17f6cdfe,programledare,broad-match,low,https://taxonomy.api.jobtechdev.se/v1/taxonomy/graphql,30
TprQ_iME_Evi,Företagssjuksköterska,http://data.europa.eu/esco/occupation/18e14e61-495b-44cc-a7c6-df4c625934ba,specialistsjuksköterska,broad-match,low,https://taxonomy.api.jobtechdev.se/v1/taxonomy/graphql,30
Tr7k_cwB_2T4,Webbanalytiker,http://data.europa.eu/esco/occupation/66fb9704-0d56-4673-8e69-7823816b73e1,marknadsanalytiker,broad-match,low,https://taxonomy.api.jobtechdev.se/v1/taxonomy/graphql,30
TtGo_UiH_sEN,Omsorgschef,http://data.europa.eu/esco/occupation/eea2b5c6-48d1-4612-957e-585783b3c7bb,"chef, äldreboende",close-match,low,https://taxonomy.api.jobtechdev.se/v1/taxonomy/graphql,30
Ttw6_MFW_i6j,Maskinoperatör mekanisk verkstad,http://data.europa.eu/esco/occupation/0e09c42d-bff2-4c35-8e1f-639a6dddaa5d,"borrare, metall",narrow-match,low,https://taxonomy.api.jobtechdev.se/v1/taxonomy/graphql,30
Ttw6_MFW_i6j,Maskinoperatör mekanisk verkstad,http://data.europa.eu/esco/occupation/0f905036-055f-41d9-b292-e3c02617a193,"maskinoperatör, mekanisk verkstad, brikettmaskin",narrow-match,low,https://taxonomy.api.jobtechdev.se/v1/taxonomy/graphql,30
Ttw6_MFW_i6j,Maskinoperatör mekanisk verkstad,http://data.europa.eu/esco/occupation/16811760-fb2d-42cf-912d-2215f085898f,"maskinoperatör, mekanisk verkstad, plasmaskärning",narrow-match,low,https://taxonomy.api.jobtechdev.se/v1/taxonomy/graphql,30
Ttw6_MFW_i6j,Maskinoperatör mekanisk verkstad,http://data.europa.eu/esco/occupation/18a98579-f0b1-4dde-944f-1758dc113099,"maskinoperatör, mekanisk verkstad, gnistbearbetning",narrow-match,low,https://taxonomy.api.jobtechdev.se/v1/taxonomy/graphql,30
Ttw6_MFW_i6j,Maskinoperatör mekanisk verkstad,http://data.europa.eu/esco/occupation/2fc8dace-d828-4af3-b0cb-e1cb73726f4b,"maskinoperatör, mekanisk verkstad, skruvtillverkning",narrow-match,low,https://taxonomy.api.jobtechdev.se/v1/taxonomy/graphql,30
Ttw6_MFW_i6j,Maskinoperatör mekanisk verkstad,http://data.europa.eu/esco/occupation/3a8a7f87-d394-42cd-804b-7a32375b90f0,metallsågare,narrow-match,low,https://taxonomy.api.jobtechdev.se/v1/taxonomy/graphql,30
Ttw6_MFW_i6j,Maskinoperatör mekanisk verkstad,http://data.europa.eu/esco/occupation/5d46e448-b6bb-48e5-b245-5aad68e06085,"maskinoperatör, mekanisk verkstad, gasskärning",narrow-match,low,https://taxonomy.api.jobtechdev.se/v1/taxonomy/graphql,30
Ttw6_MFW_i6j,Maskinoperatör mekanisk verkstad,http://data.europa.eu/esco/occupation/60b9b847-d964-4a8a-a756-904080b0f35f,"präglare, metall",narrow-match,low,https://taxonomy.api.jobtechdev.se/v1/taxonomy/graphql,30
Ttw6_MFW_i6j,Maskinoperatör mekanisk verkstad,http://data.europa.eu/esco/occupation/669353c2-3f5a-4bc4-939b-6afb6a0c7d13,"operatör, nibblingsmaskin",narrow-match,low,https://taxonomy.api.jobtechdev.se/v1/taxonomy/graphql,30
Ttw6_MFW_i6j,Maskinoperatör mekanisk verkstad,http://data.europa.eu/esco/occupation/733d65ac-250b-45d7-ba3c-cc5f48e9e11d,"maskinoperatör, mekanisk verkstad, lasermärkning",narrow-match,low,https://taxonomy.api.jobtechdev.se/v1/taxonomy/graphql,30
Ttw6_MFW_i6j,Maskinoperatör mekanisk verkstad,http://data.europa.eu/esco/occupation/77a25ee0-94ad-443e-91ea-3e6d3506181b,"maskinoperatör, mekanisk verkstad, gängningsmaskin",narrow-match,low,https://taxonomy.api.jobtechdev.se/v1/taxonomy/graphql,30
Ttw6_MFW_i6j,Maskinoperatör mekanisk verkstad,http://data.europa.eu/esco/occupation/898f99f7-8c0a-4212-9e58-9ab00379e5ae,maskinställare,exact-match,high,https://taxonomy.api.jobtechdev.se/v1/taxonomy/graphql,30
Ttw6_MFW_i6j,Maskinoperatör mekanisk verkstad,http://data.europa.eu/esco/occupation/8d3cc890-5902-4fac-9438-6098a3ee437c,verktygsuppsättare,narrow-match,low,https://taxonomy.api.jobtechdev.se/v1/taxonomy/graphql,30
Ttw6_MFW_i6j,Maskinoperatör mekanisk verkstad,http://data.europa.eu/esco/occupation/98164d70-93a8-409c-aa9f-7d56314f4d7f,fräsare,narrow-match,low,https://taxonomy.api.jobtechdev.se/v1/taxonomy/graphql,30
Ttw6_MFW_i6j,Maskinoperatör mekanisk verkstad,http://data.europa.eu/esco/occupation/a51ab2e2-aaa9-4d7d-a747-bff2e276636a,"operatör, värmebehandlingsugn",narrow-match,low,https://taxonomy.api.jobtechdev.se/v1/taxonomy/graphql,30
Ttw6_MFW_i6j,Maskinoperatör mekanisk verkstad,http://data.europa.eu/esco/occupation/a67721a6-a95d-4c3b-a48c-f9920941ecd1,"maskinoperatör, mekanisk verkstad, riktmaskin",narrow-match,low,https://taxonomy.api.jobtechdev.se/v1/taxonomy/graphql,30
Ttw6_MFW_i6j,Maskinoperatör mekanisk verkstad,http://data.europa.eu/esco/occupation/aa3780b7-3b06-40ae-8764-293fec6819d2,pelarborrare,narrow-match,low,https://taxonomy.api.jobtechdev.se/v1/taxonomy/graphql,30
Ttw6_MFW_i6j,Maskinoperatör mekanisk verkstad,http://data.europa.eu/esco/occupation/afe9eaa4-433f-4ae6-90ff-afa098ccf1bb,"maskinoperatör, mekanisk verkstad, kedjetillverkning",narrow-match,low,https://taxonomy.api.jobtechdev.se/v1/taxonomy/graphql,30
Ttw6_MFW_i6j,Maskinoperatör mekanisk verkstad,http://data.europa.eu/esco/occupation/cb3432f8-bad7-4703-ba66-dc980a4ce4f7,"maskinoperatör, mekanisk verkstad",narrow-match,low,https://taxonomy.api.jobtechdev.se/v1/taxonomy/graphql,30
Ttw6_MFW_i6j,Maskinoperatör mekanisk verkstad,http://data.europa.eu/esco/occupation/ebe42b55-4801-493f-af18-04a35ebfbb9c,arborrare,narrow-match,low,https://taxonomy.api.jobtechdev.se/v1/taxonomy/graphql,30
Tufb_JbW_wS6,Hovslagare,http://data.europa.eu/esco/occupation/bcffa133-c499-4db4-8e4f-b2d95da3b0fc,hovslagare,exact-match,high,https://taxonomy.api.jobtechdev.se/v1/taxonomy/graphql,30
TxpA_wa5_FBf,Mediakonsulent,http://data.europa.eu/esco/occupation/b55718eb-e8ff-4485-8ad0-bbac32cbd77b,mediaplanerare,broad-match,low,https://taxonomy.api.jobtechdev.se/v1/taxonomy/graphql,30
Tyia_uZN_ZSc,Förskolekonsulent,http://data.europa.eu/esco/occupation/d89b23c2-d042-4ca6-a917-109fe5a0b30c,"administratör, utbildningsplaner",close-match,low,https://taxonomy.api.jobtechdev.se/v1/taxonomy/graphql,30
Tzxr_VqW_gwF,Kostekonom,http://data.europa.eu/esco/occupation/1009be17-7efd-45f1-a033-566bf179c588,kock,close-match,low,https://taxonomy.api.jobtechdev.se/v1/taxonomy/graphql,30
U1N5_mUn_QVb,Dekorationsmålare,http://data.europa.eu/esco/occupation/41a51397-089d-459d-9b7e-f1cdee5ad6bb,dekorationsmålare,broad-match,low,https://taxonomy.api.jobtechdev.se/v1/taxonomy/graphql,30
U1NY_V1H_nSQ,HR-chef,http://data.europa.eu/esco/occupation/f605bcd2-90b6-45a0-a558-d05016d68a77,personalchef,exact-match,high,https://taxonomy.api.jobtechdev.se/v1/taxonomy/graphql,30
U3V3_YyE_14q,Forensisk laborant,http://data.europa.eu/esco/occupation/4fef1907-cf82-413b-841a-02ef57e299a6,forskningslaborant,close-match,low,https://taxonomy.api.jobtechdev.se/v1/taxonomy/graphql,30
U4LG_FMd_R8B,Trumtillverkare,http://data.europa.eu/esco/occupation/b558a934-9308-48fc-b03b-bea8e23ab085,"musikinstrumentmakare, mombranofona instrument",broad-match,low,https://taxonomy.api.jobtechdev.se/v1/taxonomy/graphql,30
U4dr_Qkp_7XM,Forskningshandläggare,http://data.europa.eu/esco/occupation/f817aab2-ec8a-45ec-88ef-c11e0f19fd85,"handläggare, offentlig förvaltning, utbildning",close-match,low,https://taxonomy.api.jobtechdev.se/v1/taxonomy/graphql,30
U6hD_PBC_iKQ,Transportadministratör,http://data.europa.eu/esco/occupation/56fa783a-cca4-42ef-8862-1fb6e43f215c,"Transportadministratör, internationella transporter",exact-match,high,https://taxonomy.api.jobtechdev.se/v1/taxonomy/graphql,30
U6hD_PBC_iKQ,Transportadministratör,http://data.europa.eu/esco/occupation/e4f33b45-ee95-48b5-b2f8-e397aa14ed41,speditör vid distributionscentrum,narrow-match,low,https://taxonomy.api.jobtechdev.se/v1/taxonomy/graphql,30
U6hD_PBC_iKQ,Transportadministratör,http://data.europa.eu/esco/occupation/f3eb330a-03b5-4537-ac0e-bcee5c67bcff,flygfraktsamordnare,narrow-match,low,https://taxonomy.api.jobtechdev.se/v1/taxonomy/graphql,30
U7De_k7U_G3d,Kraftsystemanalytiker,http://data.europa.eu/esco/occupation/58db3ac6-5217-4d46-8a4c-126598be1d13,"civilingenjör, elkraft",broad-match,low,https://taxonomy.api.jobtechdev.se/v1/taxonomy/graphql,30
U7JN_o3K_cB1,Chefsbarnmorska,http://data.europa.eu/esco/occupation/4a29eab1-5f02-4723-a863-e2d5a0614dfa,"verksamhetschef, vårdenhet",broad-match,low,https://taxonomy.api.jobtechdev.se/v1/taxonomy/graphql,30
U7a3_JF5_fAJ,"Produktionsledare: kultur, media, film, dataspel",http://data.europa.eu/esco/occupation/03632d98-0ae3-4dd2-941c-3b48de9a0219,produktionsledare,broad-match,low,https://taxonomy.api.jobtechdev.se/v1/taxonomy/graphql,30
U7a3_JF5_fAJ,"Produktionsledare: kultur, media, film, dataspel",http://data.europa.eu/esco/occupation/1a7fb683-6544-4442-b54c-ec72ef468ff0,video- och filmproduktionsledare,narrow-match,low,https://taxonomy.api.jobtechdev.se/v1/taxonomy/graphql,30
U7a3_JF5_fAJ,"Produktionsledare: kultur, media, film, dataspel",http://data.europa.eu/esco/occupation/56bff5e1-3c76-4f45-b50e-e3a59bf1053e,efterarbetsansvarig,narrow-match,low,https://taxonomy.api.jobtechdev.se/v1/taxonomy/graphql,30
U9AU_Rre_pbM,Assessor,http://data.europa.eu/esco/occupation/07bd65d7-c13f-443a-bdf6-88903f3822be,domare,broad-match,low,https://taxonomy.api.jobtechdev.se/v1/taxonomy/graphql,30
UADD_eJ1_SNQ,"Forskningsassistent, biologi",http://data.europa.eu/esco/occupation/eee68e13-8248-43bb-a9fb-959832a6c217,biolog,broad-match,low,https://taxonomy.api.jobtechdev.se/v1/taxonomy/graphql,30
UATw_GJH_wTE,"Kvalitetsingenjör, metallurgi/Kvalitetstekniker, metallurgi",http://data.europa.eu/esco/occupation/06351e17-67c4-44bc-adf7-64b73f92c3b5,"kvalitetsingenjör, metallurgi",exact-match,high,https://taxonomy.api.jobtechdev.se/v1/taxonomy/graphql,30
UATw_GJH_wTE,"Kvalitetsingenjör, metallurgi/Kvalitetstekniker, metallurgi",http://data.europa.eu/esco/occupation/e9665bdf-2989-4dc5-9aa9-7b791e489779,"kontrollingenjör, gruvdrift, metallurgi",narrow-match,low,https://taxonomy.api.jobtechdev.se/v1/taxonomy/graphql,30
UCjr_cqw_SHj,"Forskare, statskunskap",http://data.europa.eu/esco/occupation/4f89b0d2-b666-4890-af01-25d1d60da1f3,statsvetare,exact-match,high,https://taxonomy.api.jobtechdev.se/v1/taxonomy/graphql,30
UDVa_DtE_Fpb,Soldat/Sjöman,http://data.europa.eu/esco/occupation/35e67944-231e-4bc9-8c69-560f203167ff,signalspaningsoperatör,narrow-match,low,https://taxonomy.api.jobtechdev.se/v1/taxonomy/graphql,30
UDVa_DtE_Fpb,Soldat/Sjöman,http://data.europa.eu/esco/occupation/bd5a2f44-fc06-45fd-909b-3a4001c8b8a3,infanterisoldat,narrow-match,low,https://taxonomy.api.jobtechdev.se/v1/taxonomy/graphql,30
UDVa_DtE_Fpb,Soldat/Sjöman,http://data.europa.eu/esco/occupation/c94dc5b2-6b23-4915-8de5-a4e6ae86d802,flygförare,narrow-match,low,https://taxonomy.api.jobtechdev.se/v1/taxonomy/graphql,30
UDVa_DtE_Fpb,Soldat/Sjöman,http://data.europa.eu/esco/occupation/fdc8adfb-1807-4146-98ae-3a26fbe19996,ammunitionsröjare,narrow-match,low,https://taxonomy.api.jobtechdev.se/v1/taxonomy/graphql,30
UEsj_tfo_nGD,Kranmontör,http://data.europa.eu/esco/occupation/d051a141-92cd-4800-b0ee-6c8c31ea5838,krantekniker,exact-match,high,https://taxonomy.api.jobtechdev.se/v1/taxonomy/graphql,30
UJuc_Hqm_GQg,Förvaltningsjurist,http://data.europa.eu/esco/occupation/779d13be-60b4-48f3-a339-fe483be96c7f,förvaltningsjurist,exact-match,high,https://taxonomy.api.jobtechdev.se/v1/taxonomy/graphql,30
UK96_XF1_w6F,Croupier,http://data.europa.eu/esco/occupation/fb1a7aab-1e33-4712-b8e0-d335243aba58,"dealer, spelverksamhet",close-match,low,https://taxonomy.api.jobtechdev.se/v1/taxonomy/graphql,30
ULCN_pTS_YbJ,Kontakttolk/Dialogtolk,http://data.europa.eu/esco/occupation/23e692a9-a242-4d4f-988f-ed562f757864,tolk,broad-match,low,https://taxonomy.api.jobtechdev.se/v1/taxonomy/graphql,30
ULqj_eRx_kVd,"Forskare, farmakologi",http://data.europa.eu/esco/occupation/10291962-c0c7-4e5b-a7ed-0762b4d9b010,farmakolog,broad-match,low,https://taxonomy.api.jobtechdev.se/v1/taxonomy/graphql,30
UMGQ_Hmq_ccz,Turistvärd,http://data.europa.eu/esco/occupation/9b35eab1-2adc-4057-a620-181862656a19,turistinformatör,close-match,low,https://taxonomy.api.jobtechdev.se/v1/taxonomy/graphql,30
UMGQ_Hmq_ccz,Turistvärd,http://data.europa.eu/esco/occupation/b476f45f-2c79-44d5-a4d7-fa357aa83074,turistguide,close-match,low,https://taxonomy.api.jobtechdev.se/v1/taxonomy/graphql,30
UMkU_jge_4mH,VA-ingenjör,http://data.europa.eu/esco/occupation/13331bd9-0599-47c0-9812-29650c218de3,VA-ingenjör,exact-match,high,https://taxonomy.api.jobtechdev.se/v1/taxonomy/graphql,30
UMkU_jge_4mH,VA-ingenjör,http://data.europa.eu/esco/occupation/40260ee8-c94a-4dc8-a562-f9fbc2fe13b1,"drift- och underhållsingenjör, vattenrening",narrow-match,low,https://taxonomy.api.jobtechdev.se/v1/taxonomy/graphql,30
UMkU_jge_4mH,VA-ingenjör,http://data.europa.eu/esco/occupation/9740933e-e04a-41f6-af1f-a6d58c7eb0ec,"civilingenjör, avlopp",close-match,low,https://taxonomy.api.jobtechdev.se/v1/taxonomy/graphql,30
UPRK_9CK_ogn,Försvarsmeteorolog,http://data.europa.eu/esco/occupation/1c862e14-80f8-4aa8-8f1c-fd2ca95b63ad,meterolog,broad-match,low,https://taxonomy.api.jobtechdev.se/v1/taxonomy/graphql,30
UT3U_ctb_LE2,Begravningsrådgivare,http://data.europa.eu/esco/occupation/857ed740-f4ae-43d0-8295-d6181f1d7eed,begravningsrådgivare,exact-match,high,https://taxonomy.api.jobtechdev.se/v1/taxonomy/graphql,30
UTWj_ogC_1vd,Fysioterapibiträde,http://data.europa.eu/esco/occupation/f88124d7-ee7e-4d21-9036-0658b496c119,fysioterapiassistent,exact-match,high,https://taxonomy.api.jobtechdev.se/v1/taxonomy/graphql,30
UUQD_UFi_9hX,"Golvslipare, trä",http://data.europa.eu/esco/occupation/4f1bb8b4-3fff-4e68-b427-8c892534a181,parkettläggare,broad-match,low,https://taxonomy.api.jobtechdev.se/v1/taxonomy/graphql,30
UVfo_KqV_7sw,Floormanager,http://data.europa.eu/esco/occupation/eb198788-0b99-4583-a7c5-0139ff9f91ad,"floormanager, kasino",narrow-match,low,https://taxonomy.api.jobtechdev.se/v1/taxonomy/graphql,30
UVrW_krj_vk8,Psykiatrisjuksköterska,http://data.europa.eu/esco/occupation/18e14e61-495b-44cc-a7c6-df4c625934ba,specialistsjuksköterska,broad-match,low,https://taxonomy.api.jobtechdev.se/v1/taxonomy/graphql,30
UVvg_XmH_CA4,Hälso- och sjukvårdskurator,http://data.europa.eu/esco/occupation/6a167ceb-f847-4ef0-af47-89454c53770b,omsorgskurator,narrow-match,low,https://taxonomy.api.jobtechdev.se/v1/taxonomy/graphql,30
UVvg_XmH_CA4,Hälso- och sjukvårdskurator,http://data.europa.eu/esco/occupation/738257d3-7e56-4745-9b2e-014e60d41d48,sjukhuskurator,narrow-match,low,https://taxonomy.api.jobtechdev.se/v1/taxonomy/graphql,30
UVvg_XmH_CA4,Hälso- och sjukvårdskurator,http://data.europa.eu/esco/occupation/be6d7fd3-2e51-499f-a31d-8aa0bbd32f2a,primärvårdskurator,narrow-match,low,https://taxonomy.api.jobtechdev.se/v1/taxonomy/graphql,30
UY47_7BK_rfi,Arrestantvakt,http://data.europa.eu/esco/occupation/3327a087-cd36-4b02-ac1b-6455f59f9312,kriminalvårdare,broad-match,low,https://taxonomy.api.jobtechdev.se/v1/taxonomy/graphql,30
UYCF_W2i_Wch,Virkeschef,http://data.europa.eu/esco/occupation/b633af32-c8c0-4481-9971-7932ea4b16b5,"chef, träindustri",broad-match,low,https://taxonomy.api.jobtechdev.se/v1/taxonomy/graphql,30
UYEg_5GS_1mJ,Produktionsekonom,http://data.europa.eu/esco/occupation/219d1c30-3849-4de3-b0d6-07da187b6521,"värderare, tillverkningskostnader",close-match,low,https://taxonomy.api.jobtechdev.se/v1/taxonomy/graphql,30
UYEg_5GS_1mJ,Produktionsekonom,http://data.europa.eu/esco/occupation/99492920-e5a5-4dba-9e5a-93193147198c,ekonom,broad-match,low,https://taxonomy.api.jobtechdev.se/v1/taxonomy/graphql,30
UZ5P_spz_VLt,Apotekschef,http://data.europa.eu/esco/occupation/d871af8b-f6d7-4377-b609-d422afe3b5de,apotekschef,exact-match,high,https://taxonomy.api.jobtechdev.se/v1/taxonomy/graphql,30
Uarb_tsK_J19,Miljöjurist,http://data.europa.eu/esco/occupation/974d4eab-fbee-4c52-b16e-73bdd8c25b53,advokat,broad-match,low,https://taxonomy.api.jobtechdev.se/v1/taxonomy/graphql,30
Uc39_yCn_Vka,"Civilingenjör, bioteknik",http://data.europa.eu/esco/occupation/b7b17a85-ccd0-4d2f-92f2-7e99839731b0,"civilingenjör, bioteknik",exact-match,high,https://taxonomy.api.jobtechdev.se/v1/taxonomy/graphql,30
Uc39_yCn_Vka,"Civilingenjör, bioteknik",http://data.europa.eu/esco/occupation/f9433fdb-dde1-46cf-9e91-b49d243946a7,bioingenjör,exact-match,high,https://taxonomy.api.jobtechdev.se/v1/taxonomy/graphql,30
UepW_aZ5_CWo,Drifttekniker elkraft,http://data.europa.eu/esco/occupation/12938d1a-eeb2-4b1e-a22b-f0bebeadfb73,"drifttekniker, vattenkraftverk",narrow-match,low,https://taxonomy.api.jobtechdev.se/v1/taxonomy/graphql,30
UepW_aZ5_CWo,Drifttekniker elkraft,http://data.europa.eu/esco/occupation/16b974f4-cb8c-436c-8c05-a16957c40131,"drifttekniker, fossila bränslen",narrow-match,low,https://taxonomy.api.jobtechdev.se/v1/taxonomy/graphql,30
UepW_aZ5_CWo,Drifttekniker elkraft,http://data.europa.eu/esco/occupation/6d823dbb-4008-4fb7-b98d-f9d934478647,"drifttekniker, solenergianläggning",narrow-match,low,https://taxonomy.api.jobtechdev.se/v1/taxonomy/graphql,30
UepW_aZ5_CWo,Drifttekniker elkraft,http://data.europa.eu/esco/occupation/737c1795-844b-43ad-95b2-1bf0e8c14ddf,ånganläggningsoperatör,narrow-match,low,https://taxonomy.api.jobtechdev.se/v1/taxonomy/graphql,30
UepW_aZ5_CWo,Drifttekniker elkraft,http://data.europa.eu/esco/occupation/74332fd0-4a50-464e-9116-98fa9b8127ac,"drifttekniker, elkraft",narrow-match,low,https://taxonomy.api.jobtechdev.se/v1/taxonomy/graphql,30
UepW_aZ5_CWo,Drifttekniker elkraft,http://data.europa.eu/esco/occupation/c3959398-a5d7-4b26-abcf-ef7af87e5822,"drifttekniker, geotermisk energi",narrow-match,low,https://taxonomy.api.jobtechdev.se/v1/taxonomy/graphql,30
UepW_aZ5_CWo,Drifttekniker elkraft,http://data.europa.eu/esco/occupation/f33a70bd-c5b6-495d-8e0c-5e2c6e56d93e,kraftverksoperatör,close-match,low,https://taxonomy.api.jobtechdev.se/v1/taxonomy/graphql,30
Uh7q_DpM_rm3,Intensivvårdssjuksköterska,http://data.europa.eu/esco/occupation/18e14e61-495b-44cc-a7c6-df4c625934ba,specialistsjuksköterska,broad-match,low,https://taxonomy.api.jobtechdev.se/v1/taxonomy/graphql,30
UiHJ_37W_7vn,"Kvalitetsmätare, metallprodukter",http://data.europa.eu/esco/occupation/c0a35355-be44-44c0-82d2-acf8363ed45e,"kvalitetskontrollant, metallprodukter",close-match,low,https://taxonomy.api.jobtechdev.se/v1/taxonomy/graphql,30
UiYE_ZhQ_26d,Förman djuruppfödning,http://data.europa.eu/esco/occupation/b2678105-9d5c-403f-b822-274aff706309,fåruppfödare,broad-match,low,https://taxonomy.api.jobtechdev.se/v1/taxonomy/graphql,30
UiYE_ZhQ_26d,Förman djuruppfödning,http://data.europa.eu/esco/occupation/b4ff30f8-073b-4dd8-9128-ecf9d0ff87ba,boskapsuppfödare,broad-match,low,https://taxonomy.api.jobtechdev.se/v1/taxonomy/graphql,30
UiYE_ZhQ_26d,Förman djuruppfödning,http://data.europa.eu/esco/occupation/d20fd82a-9d99-4335-ad83-87484e297a46,fågeluppfödare,broad-match,low,https://taxonomy.api.jobtechdev.se/v1/taxonomy/graphql,30
UiYE_ZhQ_26d,Förman djuruppfödning,http://data.europa.eu/esco/occupation/ea3db1b3-7c03-4306-9e3d-7e20eb7f1826,svinuppfödare,broad-match,low,https://taxonomy.api.jobtechdev.se/v1/taxonomy/graphql,30
UmP3_4RG_XnW,Rehabhandläggare,http://data.europa.eu/esco/occupation/d6bffef4-f09a-4711-9ecb-92ec04353b21,rehabhandläggare,exact-match,high,https://taxonomy.api.jobtechdev.se/v1/taxonomy/graphql,30
UpZi_p6y_31K,Musikförläggare,http://data.europa.eu/esco/occupation/e2ad6d3e-1736-466b-a2bf-9823f683c8ab,förläggare,broad-match,low,https://taxonomy.api.jobtechdev.se/v1/taxonomy/graphql,30
Upxo_s6Y_1RJ,Auktionsbiträde,http://data.europa.eu/esco/occupation/f1ecc3c4-8212-4386-871a-6fda1b5b4d91,auktionist,close-match,low,https://taxonomy.api.jobtechdev.se/v1/taxonomy/graphql,30
Uq1U_SWj_DqE,Kontraktsansvarig,http://data.europa.eu/esco/occupation/cb4f98c8-6b8d-41d8-87eb-a2a2033a3a25,"specialist, offentlig upphandling",close-match,low,https://taxonomy.api.jobtechdev.se/v1/taxonomy/graphql,30
UrNc_Tx6_vGs,Akademisekreterare,http://data.europa.eu/esco/occupation/f817aab2-ec8a-45ec-88ef-c11e0f19fd85,"handläggare, offentlig förvaltning, utbildning",close-match,low,https://taxonomy.api.jobtechdev.se/v1/taxonomy/graphql,30
UrNc_Tx6_vGs,Akademisekreterare,http://data.europa.eu/esco/occupation/ffade2f4-2528-4dfd-b36a-6e4092be08ed,"administratör, offentlig förvaltning",close-match,low,https://taxonomy.api.jobtechdev.se/v1/taxonomy/graphql,30
UtNk_wRs_2k6,Glashantverkare,http://data.europa.eu/esco/occupation/c9f6c245-8c66-4b13-9253-9835194abb23,glasverksarbetare,close-match,low,https://taxonomy.api.jobtechdev.se/v1/taxonomy/graphql,30
UtYf_ugg_A7U,Marinarkeolog,http://data.europa.eu/esco/occupation/203ea2ee-bbee-4aaf-83d7-2f2225f916e3,arkeolog,broad-match,low,https://taxonomy.api.jobtechdev.se/v1/taxonomy/graphql,30
UuLp_7rH_2WC,Chefspilot,http://data.europa.eu/esco/occupation/9a4ba556-e72b-49c2-834c-d6a03a2fc906,pilot,broad-match,low,https://taxonomy.api.jobtechdev.se/v1/taxonomy/graphql,30
UvdT_qWq_3Ns,"Lärling, industrirörmontör",http://data.europa.eu/esco/occupation/2a7d4b37-e831-4e20-827c-0682fe7e370e,"pumpman, pipeline",narrow-match,low,https://taxonomy.api.jobtechdev.se/v1/taxonomy/graphql,30
UvdT_qWq_3Ns,"Lärling, industrirörmontör",http://data.europa.eu/esco/occupation/4542ff68-f809-4ba1-857c-fd26d0914eaa,avvattningstekniker,close-match,low,https://taxonomy.api.jobtechdev.se/v1/taxonomy/graphql,30
UvdT_qWq_3Ns,"Lärling, industrirörmontör",http://data.europa.eu/esco/occupation/75f4c7aa-019f-4545-9ce1-2d163fe78580,"underhållstekniker, pipeline",narrow-match,low,https://taxonomy.api.jobtechdev.se/v1/taxonomy/graphql,30
UvdT_qWq_3Ns,"Lärling, industrirörmontör",http://data.europa.eu/esco/occupation/97b3cab1-f4f0-41ed-8c80-e65e6c067e95,gasinstallatör,narrow-match,low,https://taxonomy.api.jobtechdev.se/v1/taxonomy/graphql,30
V1QR_VzZ_vbj,Växtskötare,http://data.europa.eu/esco/occupation/a10eb17a-3c78-4f7a-a1da-8f31146339d3,växtskötare,exact-match,high,https://taxonomy.api.jobtechdev.se/v1/taxonomy/graphql,30
V2MS_5F4_WAq,Finanskonsult,http://data.europa.eu/esco/occupation/8d586ee9-0ab1-4155-a3b0-2ca786c8e48c,finansanalytiker,broad-match,low,https://taxonomy.api.jobtechdev.se/v1/taxonomy/graphql,30
V3rJ_XAo_1kT,Inspector dealer,http://data.europa.eu/esco/occupation/fb1a7aab-1e33-4712-b8e0-d335243aba58,"dealer, spelverksamhet",close-match,low,https://taxonomy.api.jobtechdev.se/v1/taxonomy/graphql,30
V4Xz_ekH_P8Y,Konferensansvarig,http://data.europa.eu/esco/occupation/be54b8da-bc71-40f0-b150-45c5e0769375,platsansvarig,broad-match,low,https://taxonomy.api.jobtechdev.se/v1/taxonomy/graphql,30
VDPL_pKt_otU,Ekologisk hudvårdsterapeut,http://data.europa.eu/esco/occupation/a1e1a788-2352-4172-8fcf-1f985a6968b0,kosmetolog,exact-match,high,https://taxonomy.api.jobtechdev.se/v1/taxonomy/graphql,30
VGMT_upD_kaQ,"Teknisk chef, fartyg",http://data.europa.eu/esco/occupation/6ce86c90-36cc-43ef-a1e0-885d8151f976,"maskinchef, fartyg",exact-match,high,https://taxonomy.api.jobtechdev.se/v1/taxonomy/graphql,30
VHbS_mPv_NRi,"Forskningsassistent, humaniora",http://data.europa.eu/esco/occupation/5ac65daa-0896-4193-9f0e-8b00746b78a1,"forskarassistent, högskola",broad-match,low,https://taxonomy.api.jobtechdev.se/v1/taxonomy/graphql,30
VQGM_JwH_QUh,Glas- och metallmontör,http://data.europa.eu/esco/occupation/5f9e0588-e819-42f7-9975-f53198666c07,glastekniker,narrow-match,low,https://taxonomy.api.jobtechdev.se/v1/taxonomy/graphql,30
VRVR_RgP_6jV,Friskvårdsledare,http://data.europa.eu/esco/occupation/763f82c2-81e3-48d2-9cdf-f532b5016a1f,friskvårdskonsult,close-match,low,https://taxonomy.api.jobtechdev.se/v1/taxonomy/graphql,30
VRVR_RgP_6jV,Friskvårdsledare,http://data.europa.eu/esco/occupation/f7177f79-63e7-4944-8896-044056b62523,personlig tränare,close-match,low,https://taxonomy.api.jobtechdev.se/v1/taxonomy/graphql,30
VT9M_Ppq_pDM,Viltforskare,http://data.europa.eu/esco/occupation/684fd8d5-9b40-4b02-a680-438f0082d923,universitets- och högskolelektor,close-match,low,https://taxonomy.api.jobtechdev.se/v1/taxonomy/graphql,30
VUEH_TU9_KqG,"Provningsingenjör, maskin",http://data.europa.eu/esco/occupation/579254cf-6d69-4889-9000-9c79dc568644,"civilingenjör, maskin",broad-match,low,https://taxonomy.api.jobtechdev.se/v1/taxonomy/graphql,30
VUEH_TU9_KqG,"Provningsingenjör, maskin",http://data.europa.eu/esco/occupation/608edf30-fe37-4ae5-bdd1-2d3a8fd347bd,"provningsingenjör, flyg",narrow-match,low,https://taxonomy.api.jobtechdev.se/v1/taxonomy/graphql,30
VXjE_yRK_6o3,Fartygselektriker,http://data.europa.eu/esco/occupation/1d196f32-05ca-4ea5-a347-4fccbb3da863,"Fartygselektriker, elektroniska system",close-match,low,https://taxonomy.api.jobtechdev.se/v1/taxonomy/graphql,30
VXjE_yRK_6o3,Fartygselektriker,http://data.europa.eu/esco/occupation/9422c30d-c5ef-4fcc-a493-d67ee42189c0,"fartygselektriker, elektroniska system",exact-match,high,https://taxonomy.api.jobtechdev.se/v1/taxonomy/graphql,30
VYBp_MJp_drc,Signaltekniker,http://data.europa.eu/esco/occupation/75c5bab4-2546-4ba3-996d-42a9a1bab55d,"eltekniker, järnväg",exact-match,high,https://taxonomy.api.jobtechdev.se/v1/taxonomy/graphql,30
VZoJ_4oe_xyR,"Lärare i grundskolan, årskurs 1–6",http://data.europa.eu/esco/occupation/03d79393-7b30-4159-945b-01963eddd302,grundskollärare,broad-match,low,https://taxonomy.api.jobtechdev.se/v1/taxonomy/graphql,30
VeLt_UyZ_AQ4,"Arbetsledare, murning",http://data.europa.eu/esco/occupation/046574a1-9bb3-4a80-8a7b-83dc7db1dae2,"arbetsledare, murning",exact-match,high,https://taxonomy.api.jobtechdev.se/v1/taxonomy/graphql,30
VeLt_UyZ_AQ4,"Arbetsledare, murning",http://data.europa.eu/esco/occupation/18cff178-4ef0-46c9-a6e5-f6f38179cdcb,"arbetsledare, plattläggning",narrow-match,low,https://taxonomy.api.jobtechdev.se/v1/taxonomy/graphql,30
VeLt_UyZ_AQ4,"Arbetsledare, murning",http://data.europa.eu/esco/occupation/20db07fc-cc02-46aa-a4fc-b3c73ba8fa8f,"arbetsledare, betongarbeten",narrow-match,low,https://taxonomy.api.jobtechdev.se/v1/taxonomy/graphql,30
VeLt_UyZ_AQ4,"Arbetsledare, murning",http://data.europa.eu/esco/occupation/8249697a-3dc8-417d-9acf-3a7e0864069a,"arbetsledare, terazzoarbeten",narrow-match,low,https://taxonomy.api.jobtechdev.se/v1/taxonomy/graphql,30
VfwA_Zzp_oxa,Operachef,http://data.europa.eu/esco/occupation/6c3fd65e-2d24-47d8-bc22-9e93512bdcc2,verkställande direktör,broad-match,low,https://taxonomy.api.jobtechdev.se/v1/taxonomy/graphql,30
Vg3d_Azf_p5Y,Kock storhushåll,http://data.europa.eu/esco/occupation/1009be17-7efd-45f1-a033-566bf179c588,kock,close-match,low,https://taxonomy.api.jobtechdev.se/v1/taxonomy/graphql,30
Vg3d_Azf_p5Y,Kock storhushåll,http://data.europa.eu/esco/occupation/11e6d39e-1295-40e7-8eea-3eb042bc7e34,industrikock,close-match,low,https://taxonomy.api.jobtechdev.se/v1/taxonomy/graphql,30
Vg3d_Azf_p5Y,Kock storhushåll,http://data.europa.eu/esco/occupation/90f75f67-495d-49fa-ab57-2f320e251d7e,kokerska,exact-match,high,https://taxonomy.api.jobtechdev.se/v1/taxonomy/graphql,30
Vg3d_Azf_p5Y,Kock storhushåll,http://data.europa.eu/esco/occupation/9ab80ce6-504f-474f-bb91-98163e9d45fd,dietkock,narrow-match,low,https://taxonomy.api.jobtechdev.se/v1/taxonomy/graphql,30
ViNH_ews_HsT,Talpedagog,http://data.europa.eu/esco/occupation/8021f3a2-e3de-43c0-b366-075da74dc5b7,logoped,close-match,low,https://taxonomy.api.jobtechdev.se/v1/taxonomy/graphql,30
ViNH_ews_HsT,Talpedagog,http://data.europa.eu/esco/occupation/976cbfcc-8958-4800-a435-71d15405a42a,speciallärare,close-match,low,https://taxonomy.api.jobtechdev.se/v1/taxonomy/graphql,30
VpYo_k5f_N9R,Grafisk formgivare,http://data.europa.eu/esco/occupation/69bcbb0a-8d80-4ecd-b0a4-9adea2a40de2,grafisk formgivare,exact-match,high,https://taxonomy.api.jobtechdev.se/v1/taxonomy/graphql,30
Vq8N_Qvz_i4u,Integrationshandläggare,http://data.europa.eu/esco/occupation/a9a41b21-8dd4-476f-96c7-85733fa63d3b,"socionom, migranter",exact-match,high,https://taxonomy.api.jobtechdev.se/v1/taxonomy/graphql,30
VwH7_tvk_ief,Avfallsspecialist,http://data.europa.eu/esco/occupation/ab4dd4f9-ee6c-41cc-8b72-42ad0b13d1e2,"miljöingenjör, avfall",close-match,low,https://taxonomy.api.jobtechdev.se/v1/taxonomy/graphql,30
VwH7_tvk_ief,Avfallsspecialist,http://data.europa.eu/esco/occupation/e40e4a07-4246-4c6f-a51c-89d35b6fe75e,avfallsmäklare,narrow-match,low,https://taxonomy.api.jobtechdev.se/v1/taxonomy/graphql,30
VwdS_mNV_7zf,"Avdelningschef, gruva",http://data.europa.eu/esco/occupation/107d21c6-973b-411c-89fd-69da48d29ada,gruvchef,broad-match,low,https://taxonomy.api.jobtechdev.se/v1/taxonomy/graphql,30
VwvD_G8d_LjR,Gårdsmästare blandad drift,http://data.europa.eu/esco/occupation/4552095e-3396-4831-86ad-4fc34ec39a19,gårdsmästare,exact-match,high,https://taxonomy.api.jobtechdev.se/v1/taxonomy/graphql,30
Vx2r_MfA_3TX,Kyrkokamrer,http://data.europa.eu/esco/occupation/94e0bedd-e56e-42be-a5a4-b74a260f437c,avdelningschef,close-match,low,https://taxonomy.api.jobtechdev.se/v1/taxonomy/graphql,30
VyPZ_Aeo_ka9,Vattenkrafttekniker,http://data.europa.eu/esco/occupation/7ef064b1-aab8-4818-a468-8f17acbfd995,vattenkraftstekniker,exact-match,high,https://taxonomy.api.jobtechdev.se/v1/taxonomy/graphql,30
W8Kb_rxf_uRQ,Inköpsassistent,http://data.europa.eu/esco/occupation/c8b296be-54ae-48cf-be21-031fa8457937,inköpsassistent,exact-match,high,https://taxonomy.api.jobtechdev.se/v1/taxonomy/graphql,30
WA7T_de5_P3h,"Forskare, kriminalvård",http://data.europa.eu/esco/occupation/0611f232-b30e-46c7-9c26-2d59b1448e79,kriminolog,close-match,low,https://taxonomy.api.jobtechdev.se/v1/taxonomy/graphql,30
WCma_2oa_gyZ,Marknadsförare,http://data.europa.eu/esco/occupation/133ab775-f08d-4bc7-8629-89d286180f4e,arbetsgivarens varumärkeschef,narrow-match,low,https://taxonomy.api.jobtechdev.se/v1/taxonomy/graphql,30
WCma_2oa_gyZ,Marknadsförare,http://data.europa.eu/esco/occupation/4163b31e-440b-4991-b5c3-48d0515250ef,"marknadsförare, nätverk",narrow-match,low,https://taxonomy.api.jobtechdev.se/v1/taxonomy/graphql,30
WCma_2oa_gyZ,Marknadsförare,http://data.europa.eu/esco/occupation/4791e217-d607-40d5-9f84-df1d0a071cbc,marknadsföringskonsult,exact-match,high,https://taxonomy.api.jobtechdev.se/v1/taxonomy/graphql,30
WCma_2oa_gyZ,Marknadsförare,http://data.europa.eu/esco/occupation/dc97adbe-f807-4ad8-8f3c-c24b3416cdef,specialist inom digital marknadsföring,narrow-match,low,https://taxonomy.api.jobtechdev.se/v1/taxonomy/graphql,30
WEAR_T5W_Bxa,Hortonom,http://data.europa.eu/esco/occupation/b9e51ff4-d7fb-4653-bc72-65086ffc6e65,"rådgivare, vinodling",narrow-match,low,https://taxonomy.api.jobtechdev.se/v1/taxonomy/graphql,30
WEsx_vwS_nmr,Metodstatistiker,http://data.europa.eu/esco/occupation/ac8b3cd1-a127-4e6a-8208-5cfcf7111955,statistiker,broad-match,low,https://taxonomy.api.jobtechdev.se/v1/taxonomy/graphql,30
WJ8c_6aZ_9CL,Fiskodlare,http://data.europa.eu/esco/occupation/a8c7004a-e59c-4a4d-9092-2cb4533ffe58,"vattenbruksarbetare, kläckeri",narrow-match,low,https://taxonomy.api.jobtechdev.se/v1/taxonomy/graphql,30
WJ8c_6aZ_9CL,Fiskodlare,http://data.europa.eu/esco/occupation/c0a15ec7-10e6-45e7-b69c-b85ff6f4f87f,vattenbruksarbetare,close-match,low,https://taxonomy.api.jobtechdev.se/v1/taxonomy/graphql,30
WJ8c_6aZ_9CL,Fiskodlare,http://data.europa.eu/esco/occupation/d4709722-6f17-4bec-a5f4-1b660e6b28b1,förankringsansvarig vid vattenbruk,narrow-match,low,https://taxonomy.api.jobtechdev.se/v1/taxonomy/graphql,30
WKEE_jCt_x2p,Atomfysiker,http://data.europa.eu/esco/occupation/7f2761eb-4edc-48ad-9fbf-eed0a0db9a21,fysiker,broad-match,low,https://taxonomy.api.jobtechdev.se/v1/taxonomy/graphql,30
WL4K_4RF_NEJ,Bostadsförmedlare,http://data.europa.eu/esco/occupation/6c999fc7-c6b7-4ef3-a4b9-af124a1783a2,kontorsassistent,close-match,low,https://taxonomy.api.jobtechdev.se/v1/taxonomy/graphql,30
WL4K_4RF_NEJ,Bostadsförmedlare,http://data.europa.eu/esco/occupation/d261a6a4-7ea7-4295-a84e-f4b1a56990d7,"fastighetsmäklare, uthyrning",exact-match,high,https://taxonomy.api.jobtechdev.se/v1/taxonomy/graphql,30
WPyb_eeK_6aA,Tågvärd,http://data.europa.eu/esco/occupation/7720f392-6ea0-4455-a805-7b7eef38a709,biljettkontrollör,narrow-match,low,https://taxonomy.api.jobtechdev.se/v1/taxonomy/graphql,30
WPyb_eeK_6aA,Tågvärd,http://data.europa.eu/esco/occupation/9cee6106-04cf-401a-ae4c-b4b8652d6915,tågmästare,narrow-match,low,https://taxonomy.api.jobtechdev.se/v1/taxonomy/graphql,30
WPyb_eeK_6aA,Tågvärd,http://data.europa.eu/esco/occupation/ea034d66-0d35-4891-b82c-6434cad2c76f,tågvärd,exact-match,high,https://taxonomy.api.jobtechdev.se/v1/taxonomy/graphql,30
WPyb_eeK_6aA,Tågvärd,http://data.europa.eu/esco/occupation/fa1aef45-49a4-4446-94b4-e2b563d9d025,"tågvärd, servicepersonal",exact-match,high,https://taxonomy.api.jobtechdev.se/v1/taxonomy/graphql,30
WU2H_o2e_rrm,Lokförare,http://data.europa.eu/esco/occupation/81f6a814-1f4e-47d4-9c75-47977c7267ee,lokförare,exact-match,high,https://taxonomy.api.jobtechdev.se/v1/taxonomy/graphql,30
WV2B_NSa_Qvs,Räddningschef,http://data.europa.eu/esco/occupation/64b136da-aedf-48a2-96a0-72eb850bfcd0,"chef, räddningscentral",narrow-match,low,https://taxonomy.api.jobtechdev.se/v1/taxonomy/graphql,30
WV2B_NSa_Qvs,Räddningschef,http://data.europa.eu/esco/occupation/a05d0a6d-7b60-445a-8dcb-282c7d5a6852,räddningschef,exact-match,high,https://taxonomy.api.jobtechdev.se/v1/taxonomy/graphql,30
WV2B_NSa_Qvs,Räddningschef,http://data.europa.eu/esco/occupation/f2413988-f76a-4636-a4b1-9952517aa21f,brandinspektör,narrow-match,low,https://taxonomy.api.jobtechdev.se/v1/taxonomy/graphql,30
WWVG_4sM_faC,Butikschef,http://data.europa.eu/esco/occupation/00913533-5237-4870-9003-d1cb806603c9,"butikschef, tobaksvaror",narrow-match,low,https://taxonomy.api.jobtechdev.se/v1/taxonomy/graphql,30
WWVG_4sM_faC,Butikschef,http://data.europa.eu/esco/occupation/0249b723-1d20-4ff9-8623-d20b98d0b4a4,"butikschef, skor och lädervaror",narrow-match,low,https://taxonomy.api.jobtechdev.se/v1/taxonomy/graphql,30
WWVG_4sM_faC,Butikschef,http://data.europa.eu/esco/occupation/03b55cb5-9735-4582-8e20-2b1cb76635cb,"butikschef, hörselhjälpmedel",narrow-match,low,https://taxonomy.api.jobtechdev.se/v1/taxonomy/graphql,30
WWVG_4sM_faC,Butikschef,http://data.europa.eu/esco/occupation/0c849f7b-fa3b-4faf-8501-0e50cd200ba1,"butikschef, telekommunikationsutrustning",narrow-match,low,https://taxonomy.api.jobtechdev.se/v1/taxonomy/graphql,30
WWVG_4sM_faC,Butikschef,http://data.europa.eu/esco/occupation/19c2acbf-766c-4728-b960-b91252a95fd1,"butikschef, hushållsapparater",narrow-match,low,https://taxonomy.api.jobtechdev.se/v1/taxonomy/graphql,30
WWVG_4sM_faC,Butikschef,http://data.europa.eu/esco/occupation/1b3e150f-8ec1-47e2-a2ef-d02632efe0d5,"butikschef, medicinska produkter",narrow-match,low,https://taxonomy.api.jobtechdev.se/v1/taxonomy/graphql,30
WWVG_4sM_faC,Butikschef,http://data.europa.eu/esco/occupation/2afdf635-3cdb-4914-ab61-5dd7d7d46792,"butikschef, bageri",narrow-match,low,https://taxonomy.api.jobtechdev.se/v1/taxonomy/graphql,30
WWVG_4sM_faC,Butikschef,http://data.europa.eu/esco/occupation/2ce45b9f-ebfb-4105-8e12-690ba2bf00aa,"butikschef, leksaker och spel",narrow-match,low,https://taxonomy.api.jobtechdev.se/v1/taxonomy/graphql,30
WWVG_4sM_faC,Butikschef,http://data.europa.eu/esco/occupation/3a8ac6cd-b59a-4b93-b071-0324e895b8e4,"butikschef, byggmaterial",narrow-match,low,https://taxonomy.api.jobtechdev.se/v1/taxonomy/graphql,30
WWVG_4sM_faC,Butikschef,http://data.europa.eu/esco/occupation/3c1041c1-7a20-41fd-8cb2-529d7f671226,"butikschef, fisk och skaldjur",narrow-match,low,https://taxonomy.api.jobtechdev.se/v1/taxonomy/graphql,30
WWVG_4sM_faC,Butikschef,http://data.europa.eu/esco/occupation/463a687a-c7e9-469a-bb38-dcdfe1e7e35f,"butikschef, ljud- och bildanläggningar",narrow-match,low,https://taxonomy.api.jobtechdev.se/v1/taxonomy/graphql,30
WWVG_4sM_faC,Butikschef,http://data.europa.eu/esco/occupation/47b747bb-5bbf-40d5-aa3e-8d4a79238502,"butikschef, ur, guldsmedsvaror och smycken",narrow-match,low,https://taxonomy.api.jobtechdev.se/v1/taxonomy/graphql,30
WWVG_4sM_faC,Butikschef,http://data.europa.eu/esco/occupation/574f46e2-e48d-4cde-a7b1-877004ea4c52,"butikschef, järn- och färghandel",narrow-match,low,https://taxonomy.api.jobtechdev.se/v1/taxonomy/graphql,30
WWVG_4sM_faC,Butikschef,http://data.europa.eu/esco/occupation/5779aa3b-b32f-42f7-9581-ef5ce2092621,"butikschef, kött och köttvaror",narrow-match,low,https://taxonomy.api.jobtechdev.se/v1/taxonomy/graphql,30
WWVG_4sM_faC,Butikschef,http://data.europa.eu/esco/occupation/5f770d3d-5c42-4c22-bc06-23bebd182a37,"butikschef, djuraffär",narrow-match,low,https://taxonomy.api.jobtechdev.se/v1/taxonomy/graphql,30
WWVG_4sM_faC,Butikschef,http://data.europa.eu/esco/occupation/60528794-1a68-4440-a141-2df011be98be,"butikschef, antikviteter",narrow-match,low,https://taxonomy.api.jobtechdev.se/v1/taxonomy/graphql,30
WWVG_4sM_faC,Butikschef,http://data.europa.eu/esco/occupation/664f7498-8e4b-48f8-9fe2-436a692f1204,"butikschef, golv- och väggbeläggningar",narrow-match,low,https://taxonomy.api.jobtechdev.se/v1/taxonomy/graphql,30
WWVG_4sM_faC,Butikschef,http://data.europa.eu/esco/occupation/691c86d9-d88f-440f-b885-7ed9726f782c,"butikschef, programvara och multimedia",narrow-match,low,https://taxonomy.api.jobtechdev.se/v1/taxonomy/graphql,30
WWVG_4sM_faC,Butikschef,http://data.europa.eu/esco/occupation/6e8917c8-d883-4475-954c-ec241215ca18,"butikschef, fotografi",narrow-match,low,https://taxonomy.api.jobtechdev.se/v1/taxonomy/graphql,30
WWVG_4sM_faC,Butikschef,http://data.europa.eu/esco/occupation/75fb7771-0403-4116-9c01-9c5717bec600,"butikschef, möbelaffär",narrow-match,low,https://taxonomy.api.jobtechdev.se/v1/taxonomy/graphql,30
WWVG_4sM_faC,Butikschef,http://data.europa.eu/esco/occupation/79874366-6ec2-4601-aceb-9dbb8e68d015,"butikschef, frukt och grönsaker",narrow-match,low,https://taxonomy.api.jobtechdev.se/v1/taxonomy/graphql,30
WWVG_4sM_faC,Butikschef,http://data.europa.eu/esco/occupation/7dec82e0-3bfc-4c48-812d-c2095bfe05bb,varuhuschef,exact-match,high,https://taxonomy.api.jobtechdev.se/v1/taxonomy/graphql,30
WWVG_4sM_faC,Butikschef,http://data.europa.eu/esco/occupation/7f0b46be-8b7a-4675-987d-89a8a7193730,"butikschef, musik och video",narrow-match,low,https://taxonomy.api.jobtechdev.se/v1/taxonomy/graphql,30
WWVG_4sM_faC,Butikschef,http://data.europa.eu/esco/occupation/814205e9-8bd1-4653-bdbc-fd2f9e9a8225,"butikschef, kök och badrum",narrow-match,low,https://taxonomy.api.jobtechdev.se/v1/taxonomy/graphql,30
WWVG_4sM_faC,Butikschef,http://data.europa.eu/esco/occupation/87fd9791-0922-4da0-a984-f518aadf85ec,"butikschef, ammunition",narrow-match,low,https://taxonomy.api.jobtechdev.se/v1/taxonomy/graphql,30
WWVG_4sM_faC,Butikschef,http://data.europa.eu/esco/occupation/8bbac392-3d62-4c46-a56e-3f244fdda216,"butikschef, ortopediska artiklar",narrow-match,low,https://taxonomy.api.jobtechdev.se/v1/taxonomy/graphql,30
WWVG_4sM_faC,Butikschef,http://data.europa.eu/esco/occupation/9703fe09-51fd-4d00-a2a1-99ba809521ac,"butikschef, idrotts- och fritidsutrustning",narrow-match,low,https://taxonomy.api.jobtechdev.se/v1/taxonomy/graphql,30
WWVG_4sM_faC,Butikschef,http://data.europa.eu/esco/occupation/97467934-a220-41ca-96df-36fc85258c47,"butikschef, bokhandel",narrow-match,low,https://taxonomy.api.jobtechdev.se/v1/taxonomy/graphql,30
WWVG_4sM_faC,Butikschef,http://data.europa.eu/esco/occupation/980c52f3-0054-45b1-a6f1-20ee8a1e8b9e,"butikschef, kläder",narrow-match,low,https://taxonomy.api.jobtechdev.se/v1/taxonomy/graphql,30
WWVG_4sM_faC,Butikschef,http://data.europa.eu/esco/occupation/98f9909b-016d-4c62-90ae-893b0cbabbca,"butikschef, tidningar och pappersvaror",narrow-match,low,https://taxonomy.api.jobtechdev.se/v1/taxonomy/graphql,30
WWVG_4sM_faC,Butikschef,http://data.europa.eu/esco/occupation/9beeb1f0-5aca-4bde-bae9-c74ddb94fac3,"butikschef, textilier",narrow-match,low,https://taxonomy.api.jobtechdev.se/v1/taxonomy/graphql,30
WWVG_4sM_faC,Butikschef,http://data.europa.eu/esco/occupation/9e81adde-9983-44fa-b74b-c548d0dbfbdd,butikschef,exact-match,high,https://taxonomy.api.jobtechdev.se/v1/taxonomy/graphql,30
WWVG_4sM_faC,Butikschef,http://data.europa.eu/esco/occupation/acf28133-525f-4838-9248-d852e28b8f98,"butikschef, delikatesser",narrow-match,low,https://taxonomy.api.jobtechdev.se/v1/taxonomy/graphql,30
WWVG_4sM_faC,Butikschef,http://data.europa.eu/esco/occupation/b21b5952-1658-44f8-b719-e5be7fb39866,"butikschef, motorfordon",narrow-match,low,https://taxonomy.api.jobtechdev.se/v1/taxonomy/graphql,30
WWVG_4sM_faC,Butikschef,http://data.europa.eu/esco/occupation/b66eb697-e65d-4bbb-b51c-d847f6875f1a,"butikschef, hobbymaterial",narrow-match,low,https://taxonomy.api.jobtechdev.se/v1/taxonomy/graphql,30
WWVG_4sM_faC,Butikschef,http://data.europa.eu/esco/occupation/b7744a45-a4ce-4037-b679-3d2377e17f31,"chef, stormarknad",exact-match,high,https://taxonomy.api.jobtechdev.se/v1/taxonomy/graphql,30
WWVG_4sM_faC,Butikschef,http://data.europa.eu/esco/occupation/d4dd502d-9407-456c-a54a-b733fc9cf68b,"butikschef, kosmetika och parfym",narrow-match,low,https://taxonomy.api.jobtechdev.se/v1/taxonomy/graphql,30
WWVG_4sM_faC,Butikschef,http://data.europa.eu/esco/occupation/d8e5410b-5199-403f-8cbd-d32efb17a296,"butikschef, datorer",narrow-match,low,https://taxonomy.api.jobtechdev.se/v1/taxonomy/graphql,30
WWVG_4sM_faC,Butikschef,http://data.europa.eu/esco/occupation/e1c9b304-2784-48e7-b7e8-089867743bbf,"butikschef, konfektyr",narrow-match,low,https://taxonomy.api.jobtechdev.se/v1/taxonomy/graphql,30
WWVG_4sM_faC,Butikschef,http://data.europa.eu/esco/occupation/e7f6e98a-cef5-41be-b65c-70cf1feed11d,"butikschef, blommor och trädgård",narrow-match,low,https://taxonomy.api.jobtechdev.se/v1/taxonomy/graphql,30
WWVG_4sM_faC,Butikschef,http://data.europa.eu/esco/occupation/eda6cb5e-c27a-4661-b536-eadeb387dee3,"butikschef, cykelaffär",narrow-match,low,https://taxonomy.api.jobtechdev.se/v1/taxonomy/graphql,30
WWVG_4sM_faC,Butikschef,http://data.europa.eu/esco/occupation/f2f4ed8f-c9d3-47e4-8f72-a30739bcea2b,"butikschef, drycker",narrow-match,low,https://taxonomy.api.jobtechdev.se/v1/taxonomy/graphql,30
WWVG_4sM_faC,Butikschef,http://data.europa.eu/esco/occupation/f70e5875-df7e-40be-a315-3ac1c9d36d64,"butikschef, begagnade varor",narrow-match,low,https://taxonomy.api.jobtechdev.se/v1/taxonomy/graphql,30
WWVG_4sM_faC,Butikschef,http://data.europa.eu/esco/occupation/f88fb9dd-5a46-4086-a284-b1992174e55c,"butikschef, glasögon och optiska artiklar",narrow-match,low,https://taxonomy.api.jobtechdev.se/v1/taxonomy/graphql,30
WWXN_Y22_6fy,Fordonsingenjör,http://data.europa.eu/esco/occupation/341b405b-12cd-4ece-9b4b-cbfae3551ea3,"ritare, fordonsindustrin",narrow-match,low,https://taxonomy.api.jobtechdev.se/v1/taxonomy/graphql,30
WWXN_Y22_6fy,Fordonsingenjör,http://data.europa.eu/esco/occupation/42e9d1c5-76f1-41ef-996e-38d5ac711a31,"kontrollant, rullande materiel",narrow-match,low,https://taxonomy.api.jobtechdev.se/v1/taxonomy/graphql,30
WWXN_Y22_6fy,Fordonsingenjör,http://data.europa.eu/esco/occupation/444c9aa9-578d-4a9a-9949-99ef1bacb20e,"tekniker, fordonsindustrin",narrow-match,low,https://taxonomy.api.jobtechdev.se/v1/taxonomy/graphql,30
WWXN_Y22_6fy,Fordonsingenjör,http://data.europa.eu/esco/occupation/80a648c5-ecb7-40e6-a4d4-7680291ffa74,"provare, motorer, rullande materiel",narrow-match,low,https://taxonomy.api.jobtechdev.se/v1/taxonomy/graphql,30
WWXN_Y22_6fy,Fordonsingenjör,http://data.europa.eu/esco/occupation/84219dd7-eb68-426e-9ec3-431eceb61c96,"kontrollant, motorer, rullande materiel",narrow-match,low,https://taxonomy.api.jobtechdev.se/v1/taxonomy/graphql,30
WWXN_Y22_6fy,Fordonsingenjör,http://data.europa.eu/esco/occupation/8d410283-865d-4cbb-acae-ac7f69d9cf26,fordonsingenjör,exact-match,high,https://taxonomy.api.jobtechdev.se/v1/taxonomy/graphql,30
WWXN_Y22_6fy,Fordonsingenjör,http://data.europa.eu/esco/occupation/9a903a4a-282d-4724-a7de-1918b41d2965,"kvalitetskontrollant, fordonsmontering",narrow-match,low,https://taxonomy.api.jobtechdev.se/v1/taxonomy/graphql,30
WWXN_Y22_6fy,Fordonsingenjör,http://data.europa.eu/esco/occupation/b50ae5f6-3f67-4cc7-92bb-6cec7214bfc4,"provare, fordonsmotorer",narrow-match,low,https://taxonomy.api.jobtechdev.se/v1/taxonomy/graphql,30
WX27_7Bu_Rcv,"Operatör, Polisens regionledningscentral",http://data.europa.eu/esco/occupation/68450507-b4a0-40e0-895b-385fe705be10,larmoperatör,close-match,low,https://taxonomy.api.jobtechdev.se/v1/taxonomy/graphql,30
WX68_sGe_oUm,Personlig tränare,http://data.europa.eu/esco/occupation/f7177f79-63e7-4944-8896-044056b62523,personlig tränare,exact-match,high,https://taxonomy.api.jobtechdev.se/v1/taxonomy/graphql,30
WYdq_yJR_JnE,"Nattchef, redaktion",http://data.europa.eu/esco/occupation/8bd74371-1818-47d5-a253-d703c51c5f26,redaktör,broad-match,low,https://taxonomy.api.jobtechdev.se/v1/taxonomy/graphql,30
WYkE_arW_7Z1,Fartygsoperatör,http://data.europa.eu/esco/occupation/0cd0082a-ca15-4dcd-b352-b7600c916d8e,"samordnare, fartygsoperationer",close-match,low,https://taxonomy.api.jobtechdev.se/v1/taxonomy/graphql,30
WYkE_arW_7Z1,Fartygsoperatör,http://data.europa.eu/esco/occupation/260b01cc-7dd6-4584-8863-cae5426819c6,tallyman,narrow-match,low,https://taxonomy.api.jobtechdev.se/v1/taxonomy/graphql,30
WYkE_arW_7Z1,Fartygsoperatör,http://data.europa.eu/esco/occupation/8908d5aa-ac58-465e-9b75-7e02ed4af3a9,"samordnare, vattentrafik",narrow-match,low,https://taxonomy.api.jobtechdev.se/v1/taxonomy/graphql,30
WZ1a_Pbw_Qb9,Gårdsmästare växtodling,http://data.europa.eu/esco/occupation/2104ee38-2fd1-4647-8f60-d2200f069805,ansvarig för vinodling,narrow-match,low,https://taxonomy.api.jobtechdev.se/v1/taxonomy/graphql,30
WZ1a_Pbw_Qb9,Gårdsmästare växtodling,http://data.europa.eu/esco/occupation/c56295bb-ef33-4ccd-a929-59e3dd73f876,vinmakare,close-match,low,https://taxonomy.api.jobtechdev.se/v1/taxonomy/graphql,30
WZ1a_Pbw_Qb9,Gårdsmästare växtodling,http://data.europa.eu/esco/occupation/f5e80af5-eebe-4133-878a-5dc5ef34fe93,gruppledare inom växtodling,exact-match,high,https://taxonomy.api.jobtechdev.se/v1/taxonomy/graphql,30
WZ2C_vH9_8ek,Telefonförsäljare,http://data.europa.eu/esco/occupation/0ededdc2-050a-4ec3-8e70-6295105fcd19,telefonförsäljare,exact-match,high,https://taxonomy.api.jobtechdev.se/v1/taxonomy/graphql,30
WdKG_DQU_4y7,"Projektledare, medicinteknik",http://data.europa.eu/esco/occupation/bea99fea-0383-4c63-b944-70d4799de2c5,projektledare,broad-match,low,https://taxonomy.api.jobtechdev.se/v1/taxonomy/graphql,30
Wnx2_nLc_JWY,Familjebehandlare/Familjepedagog,http://data.europa.eu/esco/occupation/95d0a616-a4a9-4f56-a8fb-4de43cdb4c82,"familjerådgivare, socialtjänst",close-match,low,https://taxonomy.api.jobtechdev.se/v1/taxonomy/graphql,30
WoBk_fWz_nrt,GIS-utvecklare,http://data.europa.eu/esco/occupation/a7c1d23d-aeca-4bee-9a08-5993ed98b135,IKT-systemutvecklare,broad-match,low,https://taxonomy.api.jobtechdev.se/v1/taxonomy/graphql,30
WrM5_fTS_37j,"Forskare, språk",http://data.europa.eu/esco/occupation/6cd08cbe-7611-4d70-8886-6c59c0385442,kommunikationsvetare,exact-match,high,https://taxonomy.api.jobtechdev.se/v1/taxonomy/graphql,30
Wui8_Q9N_NVc,Verksamhetsarkitekt,http://data.europa.eu/esco/occupation/60082a99-d8ef-4e84-9290-78902681b6ed,företagsanalytiker,broad-match,low,https://taxonomy.api.jobtechdev.se/v1/taxonomy/graphql,30
WvAR_LVc_su2,Rehabkoordinator,http://data.europa.eu/esco/occupation/8d3e8aaa-791b-4c75-a465-f3f827028f50,"sjuksköterska, grundutbildad",broad-match,low,https://taxonomy.api.jobtechdev.se/v1/taxonomy/graphql,30
Wx94_afX_z65,Ergonom,http://data.europa.eu/esco/occupation/1d75ea5a-f902-4b47-8d63-5c6d2a5c0bb5,ergonom,exact-match,high,https://taxonomy.api.jobtechdev.se/v1/taxonomy/graphql,30
WxGP_KAX_zh4,Livsmedelsinspektör,http://data.europa.eu/esco/occupation/00ab5610-e715-428f-99f6-b1e5e469dbcd,"specialist, livsmedelssäkerhet",exact-match,high,https://taxonomy.api.jobtechdev.se/v1/taxonomy/graphql,30
WxGP_KAX_zh4,Livsmedelsinspektör,http://data.europa.eu/esco/occupation/7d8b3c73-20f8-467e-91e4-00378673a2cd,livsmedelsinspektör,exact-match,high,https://taxonomy.api.jobtechdev.se/v1/taxonomy/graphql,30
WxGP_KAX_zh4,Livsmedelsinspektör,http://data.europa.eu/esco/occupation/c872187a-079b-413b-8503-7b5dd92abb88,rådgivare inom livsmedelssäkerhet,exact-match,high,https://taxonomy.api.jobtechdev.se/v1/taxonomy/graphql,30
X1FS_ZXE_DT2,Verksamhetsanalytiker,http://data.europa.eu/esco/occupation/207d7b18-6540-432e-8aa6-785ed434572f,omvärldsanalytiker,exact-match,high,https://taxonomy.api.jobtechdev.se/v1/taxonomy/graphql,30
X1FS_ZXE_DT2,Verksamhetsanalytiker,http://data.europa.eu/esco/occupation/60082a99-d8ef-4e84-9290-78902681b6ed,företagsanalytiker,close-match,low,https://taxonomy.api.jobtechdev.se/v1/taxonomy/graphql,30
X1FS_ZXE_DT2,Verksamhetsanalytiker,http://data.europa.eu/esco/occupation/a330b100-e651-4db1-bcf0-e9cbc025c614,processansvarig,narrow-match,low,https://taxonomy.api.jobtechdev.se/v1/taxonomy/graphql,30
X35x_Uai_iEK,Flyginstruktör/Flyglärare,http://data.europa.eu/esco/occupation/b3b32930-05f0-4b2e-93bf-34d1e3f89a3b,flyginstruktör,exact-match,high,https://taxonomy.api.jobtechdev.se/v1/taxonomy/graphql,30
X5V5_aFQ_STV,Brandchef,http://data.europa.eu/esco/occupation/a05d0a6d-7b60-445a-8dcb-282c7d5a6852,räddningschef,broad-match,low,https://taxonomy.api.jobtechdev.se/v1/taxonomy/graphql,30
X7oZ_fbn_TgG,Servicehandläggare,http://data.europa.eu/esco/occupation/4d750b7f-f40d-447c-ba90-f5fb0ee9ef27,socialförsäkringshandläggare,close-match,low,https://taxonomy.api.jobtechdev.se/v1/taxonomy/graphql,30
X85i_eSh_Kfv,Webbansvarig,http://data.europa.eu/esco/occupation/dc8ef7da-d2c0-4474-96a0-6d0385eeec1e,webbadministratör,exact-match,high,https://taxonomy.api.jobtechdev.se/v1/taxonomy/graphql,30
X8iu_NkQ_iRg,Ortopedingenjör,http://data.europa.eu/esco/occupation/929b5c9d-2fbf-44f2-980d-2ac6c0dc212f,ortopedingenjör,exact-match,high,https://taxonomy.api.jobtechdev.se/v1/taxonomy/graphql,30
XBpo_B5s_mZA,Podiatriker,http://data.europa.eu/esco/occupation/4f08cd74-71c6-43aa-88d4-841e5bb677f7,fotvårdsassistent,close-match,low,https://taxonomy.api.jobtechdev.se/v1/taxonomy/graphql,30
XBpo_B5s_mZA,Podiatriker,http://data.europa.eu/esco/occupation/cf9b6da9-3a59-4780-bec9-500b148b8878,fotvårdsspecialist,exact-match,high,https://taxonomy.api.jobtechdev.se/v1/taxonomy/graphql,30
XD6m_HWn_MWh,Överbibliotekarie,http://data.europa.eu/esco/occupation/24d39e12-e104-49d3-8224-8b7a5f9b99d1,bibliotekschef,broad-match,low,https://taxonomy.api.jobtechdev.se/v1/taxonomy/graphql,30
XDgH_ApE_nBH,Technical Operation Manager/TOM,http://data.europa.eu/esco/occupation/aa50ae49-1e40-4ba9-959f-22a11ff172b4,inspelningstekniker,close-match,low,https://taxonomy.api.jobtechdev.se/v1/taxonomy/graphql,30
XDgH_ApE_nBH,Technical Operation Manager/TOM,http://data.europa.eu/esco/occupation/fe4a72af-6206-4d86-90c1-b5fb4b5ba2b2,sändningstekniker,close-match,low,https://taxonomy.api.jobtechdev.se/v1/taxonomy/graphql,30
XEUg_tcM_vjF,Flyginspektör,http://data.europa.eu/esco/occupation/b0473a10-e3de-480c-a841-171f2356a074,luftfartsinspektör,exact-match,high,https://taxonomy.api.jobtechdev.se/v1/taxonomy/graphql,30
XGS1_7V1_8EN,Fordonslackerare,http://data.europa.eu/esco/occupation/a784b063-89cf-441b-9624-deed9dbdeae6,fordonslackerare,exact-match,high,https://taxonomy.api.jobtechdev.se/v1/taxonomy/graphql,30
XHMe_b6A_dxf,"Produktionsingenjör, kemi",http://data.europa.eu/esco/occupation/35bc3847-58ad-46f5-8921-e58acc2762a6,kemiingenjör,broad-match,low,https://taxonomy.api.jobtechdev.se/v1/taxonomy/graphql,30
XHRR_4kg_Upi,Visual Effects Artist/VFX Artist,http://data.europa.eu/esco/occupation/b1c0714d-77f1-4732-8fd8-9f0739fb9974,specialeffektskapare,close-match,low,https://taxonomy.api.jobtechdev.se/v1/taxonomy/graphql,30
XHXj_WBN_21D,Robotmontör,http://data.europa.eu/esco/occupation/1a6d1acf-5956-4ba0-95bf-b15b05a02013,"montör, mekatronik",broad-match,low,https://taxonomy.api.jobtechdev.se/v1/taxonomy/graphql,30
XHyR_e9A_sqQ,"Produktionstekniker, maskin/Produktionstekniker, verkstad",http://data.europa.eu/esco/occupation/11833a96-fc27-4b03-a53d-892ac891a2bb,produktionstekniker,exact-match,high,https://taxonomy.api.jobtechdev.se/v1/taxonomy/graphql,30
XJGx_3CT_HxX,"Civilingenjör, organisationsutveckling",http://data.europa.eu/esco/occupation/60082a99-d8ef-4e84-9290-78902681b6ed,företagsanalytiker,close-match,low,https://taxonomy.api.jobtechdev.se/v1/taxonomy/graphql,30
XJNz_k5q_CGS,Informationsspecialist,http://data.europa.eu/esco/occupation/3765a20d-5160-4e8f-82f1-ad7872b9db24,informationsansvarig,exact-match,high,https://taxonomy.api.jobtechdev.se/v1/taxonomy/graphql,30
XJNz_k5q_CGS,Informationsspecialist,http://data.europa.eu/esco/occupation/812c217d-32b7-4f6a-9faf-993d3577ac7f,informationsingenjör,close-match,low,https://taxonomy.api.jobtechdev.se/v1/taxonomy/graphql,30
XJaQ_ocL_jWp,Stuntkoordinator,http://data.europa.eu/esco/occupation/d6a395eb-6664-47f1-9be5-91aa2e8ba87d,"stuntkoordinator, kampscener",narrow-match,low,https://taxonomy.api.jobtechdev.se/v1/taxonomy/graphql,30
XMWR_V22_WS1,Arkitekt,http://data.europa.eu/esco/occupation/8c3f536e-ba66-4321-ba40-363dc39f129b,arkitekt,exact-match,high,https://taxonomy.api.jobtechdev.se/v1/taxonomy/graphql,30
XPL2_squ_8rj,Biluthyrare,http://data.europa.eu/esco/occupation/38395ab3-766c-4c6c-8d96-430eff19ec8d,leasingagent,exact-match,high,https://taxonomy.api.jobtechdev.se/v1/taxonomy/graphql,30
XPL2_squ_8rj,Biluthyrare,http://data.europa.eu/esco/occupation/3900b684-6b4b-4133-b134-e1d129d60383,uthyrare,broad-match,low,https://taxonomy.api.jobtechdev.se/v1/taxonomy/graphql,30
XPL2_squ_8rj,Biluthyrare,http://data.europa.eu/esco/occupation/3cc87d40-f402-4f57-9353-4b36a031cfc5,biluthyrare,exact-match,high,https://taxonomy.api.jobtechdev.se/v1/taxonomy/graphql,30
XPL2_squ_8rj,Biluthyrare,http://data.europa.eu/esco/occupation/f874980a-e08f-4a58-bc21-2ff3cf472ec5,"uthyrare, bilar och lätta motorfordon",exact-match,high,https://taxonomy.api.jobtechdev.se/v1/taxonomy/graphql,30
XSBp_5wD_VaU,Restaurangchef,http://data.europa.eu/esco/occupation/d5eb6150-bbff-4a9c-9d0c-21eab4dbe2b6,restaurangchef,exact-match,high,https://taxonomy.api.jobtechdev.se/v1/taxonomy/graphql,30
XSDj_JZ2_ugu,Arbetsförmedlare,http://data.europa.eu/esco/occupation/42a96d07-1e1d-49ae-9399-c1f4be27ddea,arbetsförmedlare,exact-match,high,https://taxonomy.api.jobtechdev.se/v1/taxonomy/graphql,30
XSW5_zeV_fSU,Kriminalvårdsdirektör,http://data.europa.eu/esco/occupation/6db9eeae-aef5-4f56-913d-4650e4c720c6,kriminalvårdschef,exact-match,high,https://taxonomy.api.jobtechdev.se/v1/taxonomy/graphql,30
XWyW_4YA_kjf,Hälsoplanerare,http://data.europa.eu/esco/occupation/caf7b8fb-b2d6-46b7-bffa-bea7f8e4aed8,"handläggare, offentlig förvaltning",broad-match,low,https://taxonomy.api.jobtechdev.se/v1/taxonomy/graphql,30
XWyW_4YA_kjf,Hälsoplanerare,http://data.europa.eu/esco/occupation/d4d6842b-27f0-4222-85db-c542acf6d434,"handläggare, offentlig förvaltning, folkhälsofrågor",close-match,low,https://taxonomy.api.jobtechdev.se/v1/taxonomy/graphql,30
XZaM_BRb_3mM,Infrastrukturarkitekt,http://data.europa.eu/esco/occupation/2bef94db-0088-4507-982a-2ca717529adb,it-arkitekt,broad-match,low,https://taxonomy.api.jobtechdev.se/v1/taxonomy/graphql,30
XZaM_BRb_3mM,Infrastrukturarkitekt,http://data.europa.eu/esco/occupation/e0b544dd-b621-4126-a55e-054af25c6ea0,it-nätverksarkitekt,exact-match,high,https://taxonomy.api.jobtechdev.se/v1/taxonomy/graphql,30
XeuM_QZh_Nwz,Hydrolog,http://data.europa.eu/esco/occupation/55167849-82cf-484e-b818-fa702a4e69e9,hydrolog,exact-match,high,https://taxonomy.api.jobtechdev.se/v1/taxonomy/graphql,30
XiJJ_yXL_TC7,Onlinemarknadsförare,http://data.europa.eu/esco/occupation/356227b9-2263-4dbd-81e9-7dfc6d3f3af7,"marknadsförare, online",exact-match,high,https://taxonomy.api.jobtechdev.se/v1/taxonomy/graphql,30
XjEC_vph_KJH,Flygtekniker,http://data.europa.eu/esco/occupation/0022f466-426c-41a4-ac96-a235c945cf97,"flygtekniker, luftfartssäkerhet",exact-match,high,https://taxonomy.api.jobtechdev.se/v1/taxonomy/graphql,30
XjEC_vph_KJH,Flygtekniker,http://data.europa.eu/esco/occupation/81a1e1f5-cce3-444d-bfc3-9771236d57cd,flygtekniker,exact-match,high,https://taxonomy.api.jobtechdev.se/v1/taxonomy/graphql,30
XjEC_vph_KJH,Flygtekniker,http://data.europa.eu/esco/occupation/b343dd0c-8a83-4e13-a79c-0ac52f526c64,flygmotorprovare,narrow-match,low,https://taxonomy.api.jobtechdev.se/v1/taxonomy/graphql,30
XjEC_vph_KJH,Flygtekniker,http://data.europa.eu/esco/occupation/b5e21e2b-ab0c-4c8d-8277-d98be4ad79c4,"kontrollingenjör, elektronik, avionik",exact-match,high,https://taxonomy.api.jobtechdev.se/v1/taxonomy/graphql,30
XkZK_zG3_LbS,Naturvärdesinventerare,http://data.europa.eu/esco/occupation/80d880ec-3bae-45a2-a2d3-41345ee0b319,naturvårdshandläggare,broad-match,low,https://taxonomy.api.jobtechdev.se/v1/taxonomy/graphql,30
Xkw4_BSP_dad,Stensättare,http://data.europa.eu/esco/occupation/02447817-ea01-4d8b-b09c-8bc128e447e6,plattsättare,close-match,low,https://taxonomy.api.jobtechdev.se/v1/taxonomy/graphql,30
Xoxs_REs_gmK,Attributmakare,http://data.europa.eu/esco/occupation/7a18e959-44fe-49ae-9757-124f46a7487c,attributmakare,exact-match,high,https://taxonomy.api.jobtechdev.se/v1/taxonomy/graphql,30
Xoz2_dQe_9KC,Skådespelare,http://data.europa.eu/esco/occupation/26171f39-e85a-448f-bd28-a73a5a99927f,skådespelare,exact-match,high,https://taxonomy.api.jobtechdev.se/v1/taxonomy/graphql,30
Xoz2_dQe_9KC,Skådespelare,http://data.europa.eu/esco/occupation/e4fca489-4c79-4392-874f-9ea1051c05c8,statist,narrow-match,low,https://taxonomy.api.jobtechdev.se/v1/taxonomy/graphql,30
Xoz2_dQe_9KC,Skådespelare,http://data.europa.eu/esco/occupation/e89e330c-daa3-48f0-b34e-04e3344ea8dc,berättarröst,exact-match,high,https://taxonomy.api.jobtechdev.se/v1/taxonomy/graphql,30
XpZG_8pA_V2c,Industridesigner,http://data.europa.eu/esco/occupation/1d8f8111-79dd-41dc-aa2a-12f3192dde3c,bilkonstruktör,narrow-match,low,https://taxonomy.api.jobtechdev.se/v1/taxonomy/graphql,30
XpZG_8pA_V2c,Industridesigner,http://data.europa.eu/esco/occupation/6fc8f605-98b9-4218-b5e2-91c4c9c55c4d,designingenjör,exact-match,high,https://taxonomy.api.jobtechdev.se/v1/taxonomy/graphql,30
XpZG_8pA_V2c,Industridesigner,http://data.europa.eu/esco/occupation/ab7bccb2-6f81-4a3d-a0c0-fca5d47d2775,industridesigner,exact-match,high,https://taxonomy.api.jobtechdev.se/v1/taxonomy/graphql,30
XpZG_8pA_V2c,Industridesigner,http://data.europa.eu/esco/occupation/bc4d1659-6860-488e-bc13-e87eb0e36f67,möbelformgivare,narrow-match,low,https://taxonomy.api.jobtechdev.se/v1/taxonomy/graphql,30
XugJ_6hw_wVV,Bagare/Konditor,http://data.europa.eu/esco/occupation/1aadb308-432a-4d01-b54b-b4f7f76dd419,bagare,exact-match,high,https://taxonomy.api.jobtechdev.se/v1/taxonomy/graphql,30
XugJ_6hw_wVV,Bagare/Konditor,http://data.europa.eu/esco/occupation/35f62568-eb4e-4a09-9d83-ecc73116f94c,chokladmästare,narrow-match,low,https://taxonomy.api.jobtechdev.se/v1/taxonomy/graphql,30
XugJ_6hw_wVV,Bagare/Konditor,http://data.europa.eu/esco/occupation/8f10ea9b-bfdf-4a4c-9fa7-b6e02daa93e5,restaurangkonditor,exact-match,high,https://taxonomy.api.jobtechdev.se/v1/taxonomy/graphql,30
XugJ_6hw_wVV,Bagare/Konditor,http://data.europa.eu/esco/occupation/b10dc548-10e1-4447-8406-5101ff170bbf,chefskonditor,exact-match,high,https://taxonomy.api.jobtechdev.se/v1/taxonomy/graphql,30
XugJ_6hw_wVV,Bagare/Konditor,http://data.europa.eu/esco/occupation/e00c46c4-bd3c-4d88-8d30-fc6f951554bd,konditor,exact-match,high,https://taxonomy.api.jobtechdev.se/v1/taxonomy/graphql,30
XugJ_6hw_wVV,Bagare/Konditor,http://data.europa.eu/esco/occupation/ff42d44c-34f8-46be-ad3a-2aad9a5e43f0,tårtmakare,narrow-match,low,https://taxonomy.api.jobtechdev.se/v1/taxonomy/graphql,30
Xuko_NMb_NL1,Rabbin,http://data.europa.eu/esco/occupation/ed256ed0-0432-4969-8544-3e5e01a517a9,religiös ledare,broad-match,low,https://taxonomy.api.jobtechdev.se/v1/taxonomy/graphql,30
XyDr_64q_Wxw,"Specialistläkare, barn- och ungdomsmedicin",http://data.europa.eu/esco/occupation/9b889f07-c39c-464d-b9d9-b2daa650f9ac,specialistläkare,broad-match,low,https://taxonomy.api.jobtechdev.se/v1/taxonomy/graphql,30
Xzqy_Ahf_Wo2,Flygmäklare,http://data.europa.eu/esco/occupation/601db24d-cc02-48f3-9939-8c8b41b34ef7,"uthyrare, flygplan",narrow-match,low,https://taxonomy.api.jobtechdev.se/v1/taxonomy/graphql,30
XzvX_AHE_ECV,Slipare metall,http://data.europa.eu/esco/occupation/1d8545df-e3d8-4ece-9449-0f2940e97e7c,"slipare, metall",exact-match,high,https://taxonomy.api.jobtechdev.se/v1/taxonomy/graphql,30
XzvX_AHE_ECV,Slipare metall,http://data.europa.eu/esco/occupation/a5245c01-4ca8-406e-a152-620c28530ea8,"hyvlare, metall",narrow-match,low,https://taxonomy.api.jobtechdev.se/v1/taxonomy/graphql,30
XzvX_AHE_ECV,Slipare metall,http://data.europa.eu/esco/occupation/c0a35355-be44-44c0-82d2-acf8363ed45e,"kvalitetskontrollant, metallprodukter",narrow-match,low,https://taxonomy.api.jobtechdev.se/v1/taxonomy/graphql,30
Y2fL_gQi_EVU,Fiskal,http://data.europa.eu/esco/occupation/07bd65d7-c13f-443a-bdf6-88903f3822be,domare,broad-match,low,https://taxonomy.api.jobtechdev.se/v1/taxonomy/graphql,30
Y3oJ_CKn_aGS,Hundtrimmare,http://data.europa.eu/esco/occupation/5a940ae0-3fa4-40f9-8ca4-17bf792da243,pälsvårdare,broad-match,low,https://taxonomy.api.jobtechdev.se/v1/taxonomy/graphql,30
Y5A4_9s7_HtL,Scenmästare,http://data.europa.eu/esco/occupation/1aa4bb15-c527-4a3b-9270-b3c71c4be111,inspicient,narrow-match,low,https://taxonomy.api.jobtechdev.se/v1/taxonomy/graphql,30
Y5A4_9s7_HtL,Scenmästare,http://data.europa.eu/esco/occupation/7d27600b-5cff-4ebc-b259-cc2d47572035,verkstadsmästare,narrow-match,low,https://taxonomy.api.jobtechdev.se/v1/taxonomy/graphql,30
Y89z_jPJ_jFv,Konsumentvägledare,http://data.europa.eu/esco/occupation/cb60beab-7afb-4e99-8162-221abea68e6d,konsumentvägledare,exact-match,high,https://taxonomy.api.jobtechdev.se/v1/taxonomy/graphql,30
Y9x5_F4p_HYf,Blåsinstrumentmakare,http://data.europa.eu/esco/occupation/f96e3735-405c-4ca9-8a86-d37f64ea7164,blåsinstrumentmakare,exact-match,high,https://taxonomy.api.jobtechdev.se/v1/taxonomy/graphql,30
YAB4_1jM_DAK,"Processansvarig, ITIL",http://data.europa.eu/esco/occupation/a79170ad-0b7b-4697-864f-1748359aa10a,IKT-produktchef,close-match,low,https://taxonomy.api.jobtechdev.se/v1/taxonomy/graphql,30
YBdJ_Nnz_qBU,Arkivchef,http://data.europa.eu/esco/occupation/5fd2980e-22c4-4ace-a394-190c76f4f539,IKT-dokumentationschef,close-match,low,https://taxonomy.api.jobtechdev.se/v1/taxonomy/graphql,30
YBdJ_Nnz_qBU,Arkivchef,http://data.europa.eu/esco/occupation/fb022de4-920a-4eb0-80f9-fbb8ecfc36b1,"arkivchef, kultur",exact-match,high,https://taxonomy.api.jobtechdev.se/v1/taxonomy/graphql,30
YBxu_4hV_dNB,Special Effects Artist/SFX Artist,http://data.europa.eu/esco/occupation/b1c0714d-77f1-4732-8fd8-9f0739fb9974,specialeffektskapare,exact-match,high,https://taxonomy.api.jobtechdev.se/v1/taxonomy/graphql,30
YDvo_JCY_pDR,Packare,http://data.europa.eu/esco/occupation/87afe3f0-c891-45de-a498-ad2608471c86,packare,exact-match,high,https://taxonomy.api.jobtechdev.se/v1/taxonomy/graphql,30
YDvo_JCY_pDR,Packare,http://data.europa.eu/esco/occupation/cd94def5-3442-4c2e-ae3d-0761a3008bcb,orderplockare,exact-match,high,https://taxonomy.api.jobtechdev.se/v1/taxonomy/graphql,30
YDvo_JCY_pDR,Packare,http://data.europa.eu/esco/occupation/f5cb9901-86fc-48d0-9cde-667fbe8cef3a,handpaketerare,narrow-match,low,https://taxonomy.api.jobtechdev.se/v1/taxonomy/graphql,30
YEm9_pLR_XoT,"Elingenjör, fartyg/Fartygseltekniker",http://data.europa.eu/esco/occupation/340b04fd-6312-47e5-80ff-28222a343864,fiskeriingenjör,narrow-match,low,https://taxonomy.api.jobtechdev.se/v1/taxonomy/graphql,30
YFUx_75S_WMJ,"Arrangör, musik",http://data.europa.eu/esco/occupation/45170a38-b3ae-4a96-90ff-eb45e55600b6,musikarrangör,exact-match,high,https://taxonomy.api.jobtechdev.se/v1/taxonomy/graphql,30
YFh5_8k9_UK1,Arbetsledare städ,http://data.europa.eu/esco/occupation/fae51298-03a8-4df4-829a-685dddc1580e,arbetsledare för städpersonal,exact-match,high,https://taxonomy.api.jobtechdev.se/v1/taxonomy/graphql,30
YG1s_tUg_jWJ,"Handläggare, offentlig förvaltning/Utredare, offentlig förvaltning",http://data.europa.eu/esco/occupation/01205776-db8d-4588-a6a6-56d0b9c660a9,"handläggare, offentlig förvaltning, bostadsfrågor",narrow-match,low,https://taxonomy.api.jobtechdev.se/v1/taxonomy/graphql,30
YG1s_tUg_jWJ,"Handläggare, offentlig förvaltning/Utredare, offentlig förvaltning",http://data.europa.eu/esco/occupation/1a46d0f0-93d7-44d1-bff9-58e3f21bd4c4,"konsult, sociala tjänster",narrow-match,low,https://taxonomy.api.jobtechdev.se/v1/taxonomy/graphql,30
YG1s_tUg_jWJ,"Handläggare, offentlig förvaltning/Utredare, offentlig förvaltning",http://data.europa.eu/esco/occupation/2808c7ec-cdb1-4b48-8429-e160a418ed0c,"handläggare, offentlig förvaltning, regional utveckling",narrow-match,low,https://taxonomy.api.jobtechdev.se/v1/taxonomy/graphql,30
YG1s_tUg_jWJ,"Handläggare, offentlig förvaltning/Utredare, offentlig förvaltning",http://data.europa.eu/esco/occupation/2c83f279-a1d1-4c9f-a6aa-5e5ee1850e46,"Omprövningshandläggare, socialförsäkringsfrågor",narrow-match,low,https://taxonomy.api.jobtechdev.se/v1/taxonomy/graphql,30
YG1s_tUg_jWJ,"Handläggare, offentlig förvaltning/Utredare, offentlig förvaltning",http://data.europa.eu/esco/occupation/379a4f3f-4985-4764-8b2f-037946da855d,"handläggare, offentlig förvaltning, spelinspektion",narrow-match,low,https://taxonomy.api.jobtechdev.se/v1/taxonomy/graphql,30
YG1s_tUg_jWJ,"Handläggare, offentlig förvaltning/Utredare, offentlig förvaltning",http://data.europa.eu/esco/occupation/3826cb92-27f5-40ac-8dad-70af5abd6036,"handläggare, offentlig förvaltning, konkurrens",narrow-match,low,https://taxonomy.api.jobtechdev.se/v1/taxonomy/graphql,30
YG1s_tUg_jWJ,"Handläggare, offentlig förvaltning/Utredare, offentlig förvaltning",http://data.europa.eu/esco/occupation/3fa31588-2e4d-49c3-b839-4b615cc62742,"rådgivare, humanitära kriser",narrow-match,low,https://taxonomy.api.jobtechdev.se/v1/taxonomy/graphql,30
YG1s_tUg_jWJ,"Handläggare, offentlig förvaltning/Utredare, offentlig förvaltning",http://data.europa.eu/esco/occupation/4ca8ba6c-dc55-40c0-ae6c-d55c94dd2e03,underrättelseansvarig,narrow-match,low,https://taxonomy.api.jobtechdev.se/v1/taxonomy/graphql,30
YG1s_tUg_jWJ,"Handläggare, offentlig förvaltning/Utredare, offentlig förvaltning",http://data.europa.eu/esco/occupation/50e00fda-ac7c-4bc5-9f19-69a33ff3d6e7,"handläggare, offentlig förvaltning, skattefrågor",narrow-match,low,https://taxonomy.api.jobtechdev.se/v1/taxonomy/graphql,30
YG1s_tUg_jWJ,"Handläggare, offentlig förvaltning/Utredare, offentlig förvaltning",http://data.europa.eu/esco/occupation/5d601b40-7e0e-404e-bbff-bb98e147437c,"handläggare, offentlig förvaltning, juridiska frågor",narrow-match,low,https://taxonomy.api.jobtechdev.se/v1/taxonomy/graphql,30
YG1s_tUg_jWJ,"Handläggare, offentlig förvaltning/Utredare, offentlig förvaltning",http://data.europa.eu/esco/occupation/643a2225-6a01-4899-81b0-e867ca09b9c9,"inspektör, offentlig planering",narrow-match,low,https://taxonomy.api.jobtechdev.se/v1/taxonomy/graphql,30
YG1s_tUg_jWJ,"Handläggare, offentlig förvaltning/Utredare, offentlig förvaltning",http://data.europa.eu/esco/occupation/65fb0b53-b8c4-4839-b099-c80b6de5a158,"samordnare, sysselsättningsprogram",narrow-match,low,https://taxonomy.api.jobtechdev.se/v1/taxonomy/graphql,30
YG1s_tUg_jWJ,"Handläggare, offentlig förvaltning/Utredare, offentlig förvaltning",http://data.europa.eu/esco/occupation/6724e558-2d75-4116-a473-91a4c14d4c69,pensionshandläggare,narrow-match,low,https://taxonomy.api.jobtechdev.se/v1/taxonomy/graphql,30
YG1s_tUg_jWJ,"Handläggare, offentlig förvaltning/Utredare, offentlig förvaltning",http://data.europa.eu/esco/occupation/6b5e5aa6-9bf7-47e6-90d2-4d2187d47d11,"handläggare, offentlig förvaltning, migration",narrow-match,low,https://taxonomy.api.jobtechdev.se/v1/taxonomy/graphql,30
YG1s_tUg_jWJ,"Handläggare, offentlig förvaltning/Utredare, offentlig förvaltning",http://data.europa.eu/esco/occupation/6d03eaef-1ce5-4a1e-bb41-0908e1af1b65,yrkesanalytiker,narrow-match,low,https://taxonomy.api.jobtechdev.se/v1/taxonomy/graphql,30
YG1s_tUg_jWJ,"Handläggare, offentlig förvaltning/Utredare, offentlig förvaltning",http://data.europa.eu/esco/occupation/7819669b-30c2-42e6-a1c4-0bcd6f0379ff,"handläggare, internationella relationer",narrow-match,low,https://taxonomy.api.jobtechdev.se/v1/taxonomy/graphql,30
YG1s_tUg_jWJ,"Handläggare, offentlig förvaltning/Utredare, offentlig förvaltning",http://data.europa.eu/esco/occupation/7b629a14-09d0-417e-8181-7683923b4e5e,"samordnare, idrottsprogram",narrow-match,low,https://taxonomy.api.jobtechdev.se/v1/taxonomy/graphql,30
YG1s_tUg_jWJ,"Handläggare, offentlig förvaltning/Utredare, offentlig förvaltning",http://data.europa.eu/esco/occupation/8bf76ba6-e661-4574-9887-4f2cb943835a,"handläggare, offentlig förvaltning, politiska frågor",narrow-match,low,https://taxonomy.api.jobtechdev.se/v1/taxonomy/graphql,30
YG1s_tUg_jWJ,"Handläggare, offentlig förvaltning/Utredare, offentlig förvaltning",http://data.europa.eu/esco/occupation/98f17395-0f8c-4f51-9072-cb8f66fd6044,"handläggare, offentlig förvaltning, jordbruk",narrow-match,low,https://taxonomy.api.jobtechdev.se/v1/taxonomy/graphql,30
YG1s_tUg_jWJ,"Handläggare, offentlig förvaltning/Utredare, offentlig förvaltning",http://data.europa.eu/esco/occupation/aaf732b5-ee19-4c82-a08f-700fb98f5ca7,passhandläggare,narrow-match,low,https://taxonomy.api.jobtechdev.se/v1/taxonomy/graphql,30
YG1s_tUg_jWJ,"Handläggare, offentlig förvaltning/Utredare, offentlig förvaltning",http://data.europa.eu/esco/occupation/bb4ca5c1-879d-44e8-840d-24f320206bff,granskningsman,narrow-match,low,https://taxonomy.api.jobtechdev.se/v1/taxonomy/graphql,30
YG1s_tUg_jWJ,"Handläggare, offentlig förvaltning/Utredare, offentlig förvaltning",http://data.europa.eu/esco/occupation/caf7b8fb-b2d6-46b7-bffa-bea7f8e4aed8,"handläggare, offentlig förvaltning",exact-match,high,https://taxonomy.api.jobtechdev.se/v1/taxonomy/graphql,30
YG1s_tUg_jWJ,"Handläggare, offentlig förvaltning/Utredare, offentlig förvaltning",http://data.europa.eu/esco/occupation/d00b4607-c4fe-4f3e-8974-29401e23223c,"handläggare, social trygghet",narrow-match,low,https://taxonomy.api.jobtechdev.se/v1/taxonomy/graphql,30
YG1s_tUg_jWJ,"Handläggare, offentlig förvaltning/Utredare, offentlig förvaltning",http://data.europa.eu/esco/occupation/d6ef013f-57e9-4100-bbe5-3e4930664dee,"handläggare, offentlig förvaltning, sociala tjänster",exact-match,high,https://taxonomy.api.jobtechdev.se/v1/taxonomy/graphql,30
YG1s_tUg_jWJ,"Handläggare, offentlig förvaltning/Utredare, offentlig förvaltning",http://data.europa.eu/esco/occupation/d9004a14-bda2-4c63-ab64-17ca163ac1bd,parlamentsassistent,narrow-match,low,https://taxonomy.api.jobtechdev.se/v1/taxonomy/graphql,30
YG1s_tUg_jWJ,"Handläggare, offentlig förvaltning/Utredare, offentlig förvaltning",http://data.europa.eu/esco/occupation/e19fe26f-0759-4bb1-af71-5bbecf3df69f,migrationshandläggare,narrow-match,low,https://taxonomy.api.jobtechdev.se/v1/taxonomy/graphql,30
YG1s_tUg_jWJ,"Handläggare, offentlig förvaltning/Utredare, offentlig förvaltning",http://data.europa.eu/esco/occupation/f7450c1f-20b7-45dd-b3bb-25095830bf3f,"handläggare, offentlig förvaltning, utrikesfrågor",narrow-match,low,https://taxonomy.api.jobtechdev.se/v1/taxonomy/graphql,30
YG1s_tUg_jWJ,"Handläggare, offentlig förvaltning/Utredare, offentlig förvaltning",http://data.europa.eu/esco/occupation/fdf7b000-d923-4086-9660-eb8ee5e77ef0,"handläggare, offentlig förvaltning, idrott och fritid",narrow-match,low,https://taxonomy.api.jobtechdev.se/v1/taxonomy/graphql,30
YH17_Di5_XMA,"Planeringsingenjör, textil, trä, glas, förpackningar",http://data.europa.eu/esco/occupation/11833a96-fc27-4b03-a53d-892ac891a2bb,produktionstekniker,broad-match,low,https://taxonomy.api.jobtechdev.se/v1/taxonomy/graphql,30
YHfo_Sbx_vzK,Apotekare,http://data.europa.eu/esco/occupation/0f845e64-de8b-431e-9fe3-1bccf8e1c5b9,"farmaceut, specialist på kvalitetssäkring",exact-match,high,https://taxonomy.api.jobtechdev.se/v1/taxonomy/graphql,30
YHfo_Sbx_vzK,Apotekare,http://data.europa.eu/esco/occupation/53cdcc84-e5ee-488c-aa09-88084e06d6d7,"farmaceut, läkemedelsindustri",exact-match,high,https://taxonomy.api.jobtechdev.se/v1/taxonomy/graphql,30
YHfo_Sbx_vzK,Apotekare,http://data.europa.eu/esco/occupation/5fd099da-218a-460e-bd5b-b42f1b76c67c,sjukhusapotekare,narrow-match,low,https://taxonomy.api.jobtechdev.se/v1/taxonomy/graphql,30
YHfo_Sbx_vzK,Apotekare,http://data.europa.eu/esco/occupation/7c132147-428b-4ea3-87e1-70f7abb691ce,farmaceut,exact-match,high,https://taxonomy.api.jobtechdev.se/v1/taxonomy/graphql,30
YHfo_Sbx_vzK,Apotekare,http://data.europa.eu/esco/occupation/8db28ebf-8818-4639-aa49-30324901836e,"farmaceut, specialist",exact-match,high,https://taxonomy.api.jobtechdev.se/v1/taxonomy/graphql,30
YJKc_yXU_DUH,Operationssjuksköterska,http://data.europa.eu/esco/occupation/18e14e61-495b-44cc-a7c6-df4c625934ba,specialistsjuksköterska,broad-match,low,https://taxonomy.api.jobtechdev.se/v1/taxonomy/graphql,30
YJMS_XMf_fAA,Dekorsnickare/Teatersnickare,http://data.europa.eu/esco/occupation/34e1c889-0fd1-4d1f-aba9-3b6263ae667a,teatersnickare,exact-match,high,https://taxonomy.api.jobtechdev.se/v1/taxonomy/graphql,30
YLgW_3fm_CmS,IT-säkerhetschef/IT security manager,http://data.europa.eu/esco/occupation/276ba420-ef09-4a0e-b215-2c2e2f80ad28,it-säkerhetsansvarig,exact-match,high,https://taxonomy.api.jobtechdev.se/v1/taxonomy/graphql,30
YLjg_Qtf_iqy,"Civilingenjör, kemi",http://data.europa.eu/esco/occupation/654ce97c-9ed1-4614-bc76-36f4a1f67557,"ingenjör, syntetmaterial",narrow-match,low,https://taxonomy.api.jobtechdev.se/v1/taxonomy/graphql,30
YLjg_Qtf_iqy,"Civilingenjör, kemi",http://data.europa.eu/esco/occupation/b4e26d7f-475e-4ada-b287-d669de03fb21,gummitekniker,narrow-match,low,https://taxonomy.api.jobtechdev.se/v1/taxonomy/graphql,30
YLjg_Qtf_iqy,"Civilingenjör, kemi",http://data.europa.eu/esco/occupation/ec21ce88-ce14-49b6-be0a-cc53cf5a3a67,"civilingenjör, kemi",exact-match,high,https://taxonomy.api.jobtechdev.se/v1/taxonomy/graphql,30
YLjg_Qtf_iqy,"Civilingenjör, kemi",http://data.europa.eu/esco/occupation/f3e23761-0663-4ae0-97a2-0b2dd3fa38a1,biokemiingenjör,narrow-match,low,https://taxonomy.api.jobtechdev.se/v1/taxonomy/graphql,30
YTjK_wVy_YNM,Biografmaskinist,http://data.europa.eu/esco/occupation/dce6a68c-8a05-4c26-85d4-6fbc43e7d822,biomaskinist,exact-match,high,https://taxonomy.api.jobtechdev.se/v1/taxonomy/graphql,30
YWfW_snc_CTn,Trafikvärd,http://data.europa.eu/esco/occupation/7153a12d-85e0-4123-87e9-46bb1a2dc929,trafikassistent,narrow-match,low,https://taxonomy.api.jobtechdev.se/v1/taxonomy/graphql,30
YWfW_snc_CTn,Trafikvärd,http://data.europa.eu/esco/occupation/7720f392-6ea0-4455-a805-7b7eef38a709,biljettkontrollör,narrow-match,low,https://taxonomy.api.jobtechdev.se/v1/taxonomy/graphql,30
YWfW_snc_CTn,Trafikvärd,http://data.europa.eu/esco/occupation/9653fb92-ad48-4865-a471-f270302fa93b,"Stationsvärd, järnväg",narrow-match,low,https://taxonomy.api.jobtechdev.se/v1/taxonomy/graphql,30
YfCD_kUE_kck,Universitets- och högskoleadjunkt,http://data.europa.eu/esco/occupation/684fd8d5-9b40-4b02-a680-438f0082d923,universitets- och högskolelektor,close-match,low,https://taxonomy.api.jobtechdev.se/v1/taxonomy/graphql,30
YfiC_FN1_dzY,Garderobiär,http://data.europa.eu/esco/occupation/1f1a45a8-8f5c-4b66-a8a1-e02490addc55,garderobsvaktmästare,exact-match,high,https://taxonomy.api.jobtechdev.se/v1/taxonomy/graphql,30
YfiC_FN1_dzY,Garderobiär,http://data.europa.eu/esco/occupation/26087cc4-6226-41b0-9f97-9564ebe90dce,garderobiär,exact-match,high,https://taxonomy.api.jobtechdev.se/v1/taxonomy/graphql,30
YfiC_FN1_dzY,Garderobiär,http://data.europa.eu/esco/occupation/43ee9c1a-59c2-48ee-afcd-c384dca92162,dörrvaktmästare,exact-match,high,https://taxonomy.api.jobtechdev.se/v1/taxonomy/graphql,30
YfnX_HAo_gsa,Akustikingenjör,http://data.europa.eu/esco/occupation/b065b637-5cb5-44d9-8c39-08004b51734e,akustikingenjör,exact-match,high,https://taxonomy.api.jobtechdev.se/v1/taxonomy/graphql,30
Ygok_j9c_uke,Personalutvecklare,http://data.europa.eu/esco/occupation/d9612966-e295-4d81-ba2b-9f36bad0b392,medarbetarcoach,exact-match,high,https://taxonomy.api.jobtechdev.se/v1/taxonomy/graphql,30
YiWN_c1t_Lhn,Hamnkapten,http://data.europa.eu/esco/occupation/fa404a79-4091-47f9-a635-c2e3c576ece8,hamnsamordnare,close-match,low,https://taxonomy.api.jobtechdev.se/v1/taxonomy/graphql,30
YjEG_xmo_jJu,Containerkranförare,http://data.europa.eu/esco/occupation/dc90cee4-bf4a-4d62-b729-faf49e62643e,containerkranförare,exact-match,high,https://taxonomy.api.jobtechdev.se/v1/taxonomy/graphql,30
YkcC_EmP_nA5,"Försäkringsutredare, försäkringskassa",http://data.europa.eu/esco/occupation/4d750b7f-f40d-447c-ba90-f5fb0ee9ef27,socialförsäkringshandläggare,broad-match,low,https://taxonomy.api.jobtechdev.se/v1/taxonomy/graphql,30
YmhJ_5rb_V4W,Pressekreterare,http://data.europa.eu/esco/occupation/c0489e22-6a1b-4e52-974a-eb71bbb42134,PR-konsult,broad-match,low,https://taxonomy.api.jobtechdev.se/v1/taxonomy/graphql,30
Ynqp_kYm_iw7,Planeringschef,http://data.europa.eu/esco/occupation/4f49df98-98b8-4a9e-98ad-9c5557817eba,"chef, strategisk planering",close-match,low,https://taxonomy.api.jobtechdev.se/v1/taxonomy/graphql,30
YpRs_ybt_47a,Kurator,http://data.europa.eu/esco/occupation/19f6634f-ec0c-4513-b0d9-d43f9ddeb82d,skolkurator,narrow-match,low,https://taxonomy.api.jobtechdev.se/v1/taxonomy/graphql,30
YpRs_ybt_47a,Kurator,http://data.europa.eu/esco/occupation/6a167ceb-f847-4ef0-af47-89454c53770b,omsorgskurator,exact-match,high,https://taxonomy.api.jobtechdev.se/v1/taxonomy/graphql,30
YpRs_ybt_47a,Kurator,http://data.europa.eu/esco/occupation/fc85156e-4f0b-46c4-ba66-a3b17318d932,livscoach,close-match,low,https://taxonomy.api.jobtechdev.se/v1/taxonomy/graphql,30
YpXF_Mob_zM8,Data Warehouse specialist,http://data.europa.eu/esco/occupation/1562c7a3-c7d9-419d-b9b6-db26610bcf84,informationslagerdesigner,exact-match,high,https://taxonomy.api.jobtechdev.se/v1/taxonomy/graphql,30
YqiW_QLd_qHo,Applikationsingenjör,http://data.europa.eu/esco/occupation/fde4372d-8293-42de-afbb-8b5a9b274fe7,applikationsingenjör,exact-match,high,https://taxonomy.api.jobtechdev.se/v1/taxonomy/graphql,30
Ys2U_uQv_V4n,Byggledare,http://data.europa.eu/esco/occupation/326027fc-5408-47cd-9b32-fbe770dbbe80,"byggnadskontrollant, kvalitetsansvarig",close-match,low,https://taxonomy.api.jobtechdev.se/v1/taxonomy/graphql,30
YtDb_3jB_j3C,"Briefing Officer, luftfart",http://data.europa.eu/esco/occupation/f470b785-643c-46f9-8b31-6085427ab7b8,"flygledarassistent, briefing officer",exact-match,high,https://taxonomy.api.jobtechdev.se/v1/taxonomy/graphql,30
YtGc_hYN_fdA,Maskinoperatör pappersvaruindustri,http://data.europa.eu/esco/occupation/0ab77768-9031-4ccc-9ab8-1f73cbb36bc7,"maskinoperatör, mjukpappersstansare och -spinnare",narrow-match,low,https://taxonomy.api.jobtechdev.se/v1/taxonomy/graphql,30
YtGc_hYN_fdA,Maskinoperatör pappersvaruindustri,http://data.europa.eu/esco/occupation/27f92adf-1384-4c01-8ad0-1680ead6abf9,"skärare, pappersvaruindustri",narrow-match,low,https://taxonomy.api.jobtechdev.se/v1/taxonomy/graphql,30
YtGc_hYN_fdA,Maskinoperatör pappersvaruindustri,http://data.europa.eu/esco/occupation/65b88636-2ebb-4049-b509-2f6da5d6ea1c,kuvertmaskinskötare,narrow-match,low,https://taxonomy.api.jobtechdev.se/v1/taxonomy/graphql,30
YtGc_hYN_fdA,Maskinoperatör pappersvaruindustri,http://data.europa.eu/esco/occupation/73270b73-8c71-445f-a8d3-4647b1ae38d0,påsmaskinskötare,narrow-match,low,https://taxonomy.api.jobtechdev.se/v1/taxonomy/graphql,30
YtGc_hYN_fdA,Maskinoperatör pappersvaruindustri,http://data.europa.eu/esco/occupation/c706886d-5bc7-4430-9a72-051fc483235f,pappersvaruarbetare,narrow-match,low,https://taxonomy.api.jobtechdev.se/v1/taxonomy/graphql,30
YtGc_hYN_fdA,Maskinoperatör pappersvaruindustri,http://data.europa.eu/esco/occupation/eb5df714-15ce-4e31-853c-678d2aba568b,korrugeringsmaskinoperatör,narrow-match,low,https://taxonomy.api.jobtechdev.se/v1/taxonomy/graphql,30
YtGc_hYN_fdA,Maskinoperatör pappersvaruindustri,http://data.europa.eu/esco/occupation/fc9a86ec-7ad5-4ccb-a08f-1e369197e14a,"montör, kartongprodukter",narrow-match,low,https://taxonomy.api.jobtechdev.se/v1/taxonomy/graphql,30
Z1sb_ZS4_hNz,"Chief Operations/CO, flygledning",http://data.europa.eu/esco/occupation/0d442b70-5413-4820-bebf-36dd5ce437ac,flygledningschef,exact-match,high,https://taxonomy.api.jobtechdev.se/v1/taxonomy/graphql,30
Z22C_Lax_BJF,Naturvårdsingenjör,http://data.europa.eu/esco/occupation/e3cc09ba-7ad5-4411-940c-20613000863a,naturvårdsforskare,exact-match,high,https://taxonomy.api.jobtechdev.se/v1/taxonomy/graphql,30
Z22a_Yjn_Pi8,"Utvecklingsingenjör, kemi",http://data.europa.eu/esco/occupation/ec21ce88-ce14-49b6-be0a-cc53cf5a3a67,"civilingenjör, kemi",broad-match,low,https://taxonomy.api.jobtechdev.se/v1/taxonomy/graphql,30
Z3zH_Cbd_bbC,Konferenschef,http://data.europa.eu/esco/occupation/53cdd34e-22f2-41bd-b3c7-de22bf9bbcae,hotellchef,close-match,low,https://taxonomy.api.jobtechdev.se/v1/taxonomy/graphql,30
Z5L9_7Eb_cCd,Steriltekniker,http://data.europa.eu/esco/occupation/7005c266-d1a9-42ac-8c36-b42d5d755463,steriltekniker,exact-match,high,https://taxonomy.api.jobtechdev.se/v1/taxonomy/graphql,30
Z8r5_oWv_dNy,Miljörevisor,http://data.europa.eu/esco/occupation/59883630-45f9-40e7-9732-9e5ff9758d2b,miljösamordnare,close-match,low,https://taxonomy.api.jobtechdev.se/v1/taxonomy/graphql,30
ZAVm_Nww_Vst,Affischuppsättare,http://data.europa.eu/esco/occupation/c28cb56b-003e-499a-8dbf-b654864e7867,affischör,exact-match,high,https://taxonomy.api.jobtechdev.se/v1/taxonomy/graphql,30
ZCkY_eHC_K8J,Konsertmästare,http://data.europa.eu/esco/occupation/f6803a58-91d9-4251-9a07-09fc387cec16,musiker,broad-match,low,https://taxonomy.api.jobtechdev.se/v1/taxonomy/graphql,30
ZEak_n3Q_WjS,Kemitekniker,http://data.europa.eu/esco/occupation/87775d69-ae88-449e-ad71-6f9875711816,kemitekniker,exact-match,high,https://taxonomy.api.jobtechdev.se/v1/taxonomy/graphql,30
ZFdY_12m_RE8,Serietecknare,http://data.europa.eu/esco/occupation/ecd0fad8-b099-4c47-93f6-dde9f6f6c5fc,serietecknare,exact-match,high,https://taxonomy.api.jobtechdev.se/v1/taxonomy/graphql,30
ZKKT_4bd_Sxs,"Enhetschef, hälso- och sjukvård",http://data.europa.eu/esco/occupation/4a29eab1-5f02-4723-a863-e2d5a0614dfa,"verksamhetschef, vårdenhet",exact-match,high,https://taxonomy.api.jobtechdev.se/v1/taxonomy/graphql,30
ZKKT_4bd_Sxs,"Enhetschef, hälso- och sjukvård",http://data.europa.eu/esco/occupation/8c8b5cba-14b2-4728-b22c-eb90f1786e00,"verksamhetschef, vårdcentral",narrow-match,low,https://taxonomy.api.jobtechdev.se/v1/taxonomy/graphql,30
ZNyx_1tG_w4E,Biolog,http://data.europa.eu/esco/occupation/1738173e-ef9c-4222-88c8-b6aa9bad3cf7,biofysiker,narrow-match,low,https://taxonomy.api.jobtechdev.se/v1/taxonomy/graphql,30
ZNyx_1tG_w4E,Biolog,http://data.europa.eu/esco/occupation/84cb6e91-ce11-409e-9306-23c9698631af,markingenjör,narrow-match,low,https://taxonomy.api.jobtechdev.se/v1/taxonomy/graphql,30
ZNyx_1tG_w4E,Biolog,http://data.europa.eu/esco/occupation/c5328083-eda0-4ca8-b9cb-99a46e73a9bc,specialist på växtämnen,narrow-match,low,https://taxonomy.api.jobtechdev.se/v1/taxonomy/graphql,30
ZNyx_1tG_w4E,Biolog,http://data.europa.eu/esco/occupation/eee68e13-8248-43bb-a9fb-959832a6c217,biolog,exact-match,high,https://taxonomy.api.jobtechdev.se/v1/taxonomy/graphql,30
ZQWe_EYX_cqa,Personbilsmekaniker,http://data.europa.eu/esco/occupation/06bd6285-13ed-4ea7-90cc-e9638a0600a9,"fordonselektriker, bilbatteri",narrow-match,low,https://taxonomy.api.jobtechdev.se/v1/taxonomy/graphql,30
ZQWe_EYX_cqa,Personbilsmekaniker,http://data.europa.eu/esco/occupation/0ec62c2e-30c9-434e-bf36-5277a0840450,motorfordonsreparatör,exact-match,high,https://taxonomy.api.jobtechdev.se/v1/taxonomy/graphql,30
ZQWe_EYX_cqa,Personbilsmekaniker,http://data.europa.eu/esco/occupation/3b4eb248-6b40-42fe-9d10-cba8ccfe6613,"servicetekniker, maskin",narrow-match,low,https://taxonomy.api.jobtechdev.se/v1/taxonomy/graphql,30
ZQWe_EYX_cqa,Personbilsmekaniker,http://data.europa.eu/esco/occupation/4ad4024e-d1d3-4dea-b6d1-2c7948111dce,fordonstekniker,exact-match,high,https://taxonomy.api.jobtechdev.se/v1/taxonomy/graphql,30
ZQWe_EYX_cqa,Personbilsmekaniker,http://data.europa.eu/esco/occupation/6656337f-67eb-4f48-b1e4-ecccdfa44dd2,fordonselektriker,narrow-match,low,https://taxonomy.api.jobtechdev.se/v1/taxonomy/graphql,30
ZS6E_gwQ_wDF,Möbel- och inredningsmontör,http://data.europa.eu/esco/occupation/2231ed97-69dc-4b6e-93ee-8c0e5bb5dbb8,"montör, metallmöbler",narrow-match,low,https://taxonomy.api.jobtechdev.se/v1/taxonomy/graphql,30
ZS6E_gwQ_wDF,Möbel- och inredningsmontör,http://data.europa.eu/esco/occupation/d7f3d76b-23e8-447e-93d5-da13ff9bc102,möbelmontör,exact-match,high,https://taxonomy.api.jobtechdev.se/v1/taxonomy/graphql,30
ZTB6_ors_GyC,Textilkonstnär,http://data.europa.eu/esco/occupation/0f7c84c5-1c0d-4fc1-8949-07dbe8bd34ef,textilformgivare,close-match,low,https://taxonomy.api.jobtechdev.se/v1/taxonomy/graphql,30
ZTUY_ufr_CQ5,"Stationstekniker, elkraft",http://data.europa.eu/esco/occupation/c89afd9a-7dad-4bae-9315-5fcadd9ad8b6,distributionselektriker,broad-match,low,https://taxonomy.api.jobtechdev.se/v1/taxonomy/graphql,30
ZUh6_wvR_tU4,"ST-läkare, reumatologi",http://data.europa.eu/esco/occupation/71f09c8b-a172-408c-b9e7-32e580e39ff6,läkare,close-match,low,https://taxonomy.api.jobtechdev.se/v1/taxonomy/graphql,30
ZUqm_i6F_goq,Drifttekniker värmeverk,http://data.europa.eu/esco/occupation/2cad9c6f-0289-4b26-b247-e65c0089f8f4,eldare,close-match,low,https://taxonomy.api.jobtechdev.se/v1/taxonomy/graphql,30
ZUqm_i6F_goq,Drifttekniker värmeverk,http://data.europa.eu/esco/occupation/3e626058-f669-4503-84ec-6ae1a6077a61,"drifttekniker, förbränningsstation",narrow-match,low,https://taxonomy.api.jobtechdev.se/v1/taxonomy/graphql,30
ZUqm_i6F_goq,Drifttekniker värmeverk,http://data.europa.eu/esco/occupation/72381086-cb6e-455e-a40b-ccb26550aab6,"drifttekniker, värmekraftverk",narrow-match,low,https://taxonomy.api.jobtechdev.se/v1/taxonomy/graphql,30
ZUqm_i6F_goq,Drifttekniker värmeverk,http://data.europa.eu/esco/occupation/aac62c63-b6bf-4387-8ba3-75a487f25824,"drifttekniker, ångturbinkraftverk",narrow-match,low,https://taxonomy.api.jobtechdev.se/v1/taxonomy/graphql,30
ZZTi_v6g_4cZ,VVS-montör,http://data.europa.eu/esco/occupation/3df28a39-9bfe-4e36-b394-a189ef967a74,badrumsinstallatör,exact-match,high,https://taxonomy.api.jobtechdev.se/v1/taxonomy/graphql,30
ZZTi_v6g_4cZ,VVS-montör,http://data.europa.eu/esco/occupation/461959ed-6a80-4c33-a75e-26aaeb52a5a7,VVS-montör,close-match,low,https://taxonomy.api.jobtechdev.se/v1/taxonomy/graphql,30
ZZTi_v6g_4cZ,VVS-montör,http://data.europa.eu/esco/occupation/534d18fe-eae4-4a02-af4d-f78e92faa5d5,"sprinklermontör, bevattning",narrow-match,low,https://taxonomy.api.jobtechdev.se/v1/taxonomy/graphql,30
ZZTi_v6g_4cZ,VVS-montör,http://data.europa.eu/esco/occupation/ed3cf43d-c2c1-4c46-82fc-1375e27e0290,rörmokare,exact-match,high,https://taxonomy.api.jobtechdev.se/v1/taxonomy/graphql,30
ZZTi_v6g_4cZ,VVS-montör,http://data.europa.eu/esco/occupation/ef53663e-c295-43a4-a48e-84254270b138,"VVS-montör, bevattning",narrow-match,low,https://taxonomy.api.jobtechdev.se/v1/taxonomy/graphql,30
ZaFc_F2b_Yuo,Placeringsrådgivare,http://data.europa.eu/esco/occupation/7284ccbf-e2fd-4e2f-8bbf-bc54eab610d5,"placeringsrådgivare, personal trust",broad-match,low,https://taxonomy.api.jobtechdev.se/v1/taxonomy/graphql,30
ZaFc_F2b_Yuo,Placeringsrådgivare,http://data.europa.eu/esco/occupation/934c3572-37f4-4cdd-a4a4-017f5f7809e4,placeringsrådgivare,exact-match,high,https://taxonomy.api.jobtechdev.se/v1/taxonomy/graphql,30
Zafp_rUq_z3A,Sjukhuspräst,http://data.europa.eu/esco/occupation/a4dd6eae-ca75-456f-829d-333671a7c186,kaplan,close-match,low,https://taxonomy.api.jobtechdev.se/v1/taxonomy/graphql,30
ZeQN_dtv_8Sb,Processoperatör bioraffinaderi,http://data.europa.eu/esco/occupation/25eca7d1-e8ea-4f9d-b922-c532d971e17c,driftansvarig för anaerob nedbrytningsanläggning,exact-match,high,https://taxonomy.api.jobtechdev.se/v1/taxonomy/graphql,30
ZeQN_dtv_8Sb,Processoperatör bioraffinaderi,http://data.europa.eu/esco/occupation/6eb85dd0-1188-4081-bf54-1345fb5de3ca,biogastekniker,narrow-match,low,https://taxonomy.api.jobtechdev.se/v1/taxonomy/graphql,30
Zfgc_BYU_HM2,Lärarassistent,http://data.europa.eu/esco/occupation/00674f21-2f8f-4a41-9896-133f7cbe2a6e,"lärarassistent, grundskola",narrow-match,low,https://taxonomy.api.jobtechdev.se/v1/taxonomy/graphql,30
Zfgc_BYU_HM2,Lärarassistent,http://data.europa.eu/esco/occupation/4d27152a-a8ee-4f5a-9f93-a2fb4fb2b2e3,"lärarassistent, förskola",narrow-match,low,https://taxonomy.api.jobtechdev.se/v1/taxonomy/graphql,30
Zfgc_BYU_HM2,Lärarassistent,http://data.europa.eu/esco/occupation/79c2e54e-26e8-4cdc-a7f1-908e000bfb83,"lärarassistent, gymnasieskola",narrow-match,low,https://taxonomy.api.jobtechdev.se/v1/taxonomy/graphql,30
Zfsr_ZV8_NTA,Butikskonsulent,http://data.europa.eu/esco/occupation/056f1849-7ff8-4d6f-9b8a-176a610bba44,demonstratör,close-match,low,https://taxonomy.api.jobtechdev.se/v1/taxonomy/graphql,30
ZjMd_12Q_aCk,Museiassistent,http://data.europa.eu/esco/occupation/a63733fa-f7ff-4733-8961-1ec4eeaab00b,museiintendent,close-match,low,https://taxonomy.api.jobtechdev.se/v1/taxonomy/graphql,30
Zjz2_R2c_ySs,Inspicient,http://data.europa.eu/esco/occupation/1aa4bb15-c527-4a3b-9270-b3c71c4be111,inspicient,exact-match,high,https://taxonomy.api.jobtechdev.se/v1/taxonomy/graphql,30
Zjz2_R2c_ySs,Inspicient,http://data.europa.eu/esco/occupation/22585d1e-48aa-45a6-a8c3-d072b4ff1b31,integrationstekniker,narrow-match,low,https://taxonomy.api.jobtechdev.se/v1/taxonomy/graphql,30
ZmGX_NiA_4qh,Yrkesfiskare,http://data.europa.eu/esco/occupation/24413f38-e457-4de1-bba0-5a02b7282e2c,djuphavsfiskare,exact-match,high,https://taxonomy.api.jobtechdev.se/v1/taxonomy/graphql,30
ZmGX_NiA_4qh,Yrkesfiskare,http://data.europa.eu/esco/occupation/270528cf-2bf9-463d-aeaa-d169b1f767c1,fiskare,exact-match,high,https://taxonomy.api.jobtechdev.se/v1/taxonomy/graphql,30
ZmGX_NiA_4qh,Yrkesfiskare,http://data.europa.eu/esco/occupation/ebff4fcf-6b69-4290-a55c-9bfe4cc7a1ef,nätbindare,close-match,low,https://taxonomy.api.jobtechdev.se/v1/taxonomy/graphql,30
Zme8_ZCs_itg,Naturvårdshandläggare,http://data.europa.eu/esco/occupation/80d880ec-3bae-45a2-a2d3-41345ee0b319,naturvårdshandläggare,exact-match,high,https://taxonomy.api.jobtechdev.se/v1/taxonomy/graphql,30
ZnNn_D2K_pTi,Fritidsledare,http://data.europa.eu/esco/occupation/234be692-befb-41df-bdf0-e1b2f4eaf5e7,fritidsledare,exact-match,high,https://taxonomy.api.jobtechdev.se/v1/taxonomy/graphql,30
ZnNn_D2K_pTi,Fritidsledare,http://data.europa.eu/esco/occupation/55af6be8-039a-419c-b278-55b3f7d9ef92,"instruktör, friluftsaktiviteter",exact-match,high,https://taxonomy.api.jobtechdev.se/v1/taxonomy/graphql,30
ZnNn_D2K_pTi,Fritidsledare,http://data.europa.eu/esco/occupation/a1b32703-a2e5-4e0a-910f-7cdd0293b52d,friluftsledare med specialkompetens,close-match,low,https://taxonomy.api.jobtechdev.se/v1/taxonomy/graphql,30
Zod8_4Ss_9p4,Lantbrukare blandad drift,http://data.europa.eu/esco/occupation/1c1e86f9-6347-42d6-aa6e-c95b138bf640,"lantbrukare, blandad drift",exact-match,high,https://taxonomy.api.jobtechdev.se/v1/taxonomy/graphql,30
ZssB_k2K_VME,Placeringssamordnare,http://data.europa.eu/esco/occupation/ce53a1b2-2fec-4d04-9390-47fb3dd525f0,socialsekreterare,broad-match,low,https://taxonomy.api.jobtechdev.se/v1/taxonomy/graphql,30
ZwAg_s4F_TUT,Förbundsordförande,http://data.europa.eu/esco/occupation/e9cf8b24-6b8b-47cc-9dd3-b601aa135960,chefstjänsteman vid intresseorganisation,close-match,low,https://taxonomy.api.jobtechdev.se/v1/taxonomy/graphql,30
ZwCN_YoJ_coi,Odlingsarbetare trädgård,http://data.europa.eu/esco/occupation/1a9d99ba-4c08-4864-8f6a-1b0f2b4cf883,trädgårdsanläggare/trädgårdsanläggningsarbetare,broad-match,low,https://taxonomy.api.jobtechdev.se/v1/taxonomy/graphql,30
Zwhm_5tT_Zms,Affärsutvecklare,http://data.europa.eu/esco/occupation/0ba06640-e0ac-4911-9e43-289a8e41651e,affärscoach,close-match,low,https://taxonomy.api.jobtechdev.se/v1/taxonomy/graphql,30
Zwhm_5tT_Zms,Affärsutvecklare,http://data.europa.eu/esco/occupation/57b459d4-655c-4053-b189-3c249ce33faf,affärsutvecklingschef för IKT,narrow-match,low,https://taxonomy.api.jobtechdev.se/v1/taxonomy/graphql,30
ZwtT_u1t_CsN,Företagsrådgivare,http://data.europa.eu/esco/occupation/244a79eb-122b-4bee-8065-b4c39efce4ff,företagsrådgivare,narrow-match,low,https://taxonomy.api.jobtechdev.se/v1/taxonomy/graphql,30
ZwtT_u1t_CsN,Företagsrådgivare,http://data.europa.eu/esco/occupation/b09acdda-6680-49d1-a411-129610ee3bc0,"riskanalytiker, företag",narrow-match,low,https://taxonomy.api.jobtechdev.se/v1/taxonomy/graphql,30
ZwtT_u1t_CsN,Företagsrådgivare,http://data.europa.eu/esco/occupation/d2d451cc-e839-4192-be54-d7724814aa03,företagsbankrådgivare,narrow-match,low,https://taxonomy.api.jobtechdev.se/v1/taxonomy/graphql,30
ZwtT_u1t_CsN,Företagsrådgivare,http://data.europa.eu/esco/occupation/de99886e-59e3-432d-ba53-9652dbe378d6,"förvaltare, finansieringsprogram",narrow-match,low,https://taxonomy.api.jobtechdev.se/v1/taxonomy/graphql,30
Zx9p_x3C_ohu,Organisationskonsult,http://data.europa.eu/esco/occupation/6a29d804-f775-446c-bec7-35fc4e28ac97,företagskonsult,exact-match,high,https://taxonomy.api.jobtechdev.se/v1/taxonomy/graphql,30
Zxcd_8ot_j8e,Hörselvårdstekniker,http://data.europa.eu/esco/occupation/521bbfd5-c179-46e3-879b-e74bd6db367c,hörselvårdstekniker,exact-match,high,https://taxonomy.api.jobtechdev.se/v1/taxonomy/graphql,30
ZxyQ_UQW_2m7,Plasmafysiker,http://data.europa.eu/esco/occupation/7f2761eb-4edc-48ad-9fbf-eed0a0db9a21,fysiker,broad-match,low,https://taxonomy.api.jobtechdev.se/v1/taxonomy/graphql,30
a1E3_mkT_gPe,Virkesköpare/Virkesinköpare,http://data.europa.eu/esco/occupation/c3dc576e-2a58-4481-9b6f-9853067af8ea,trävarugrossist,exact-match,high,https://taxonomy.api.jobtechdev.se/v1/taxonomy/graphql,30
a1Kd_3zW_cwK,Orkesterchef,http://data.europa.eu/esco/occupation/13d8b1be-d711-4bbc-a45e-cad605162f41,musikalisk ledare,broad-match,low,https://taxonomy.api.jobtechdev.se/v1/taxonomy/graphql,30
a1ej_vRW_F5w,Kanslijurist,http://data.europa.eu/esco/occupation/31854d78-3615-43a4-aa3a-c597ecb20ceb,juridisk rådgivare,close-match,low,https://taxonomy.api.jobtechdev.se/v1/taxonomy/graphql,30
a26B_RC7_TS7,Bärodlare/Fruktodlare,http://data.europa.eu/esco/occupation/5aeaea2f-6585-4d3d-8f3e-1fdd9903aa32,"arbetsledare, fruktodling",narrow-match,low,https://taxonomy.api.jobtechdev.se/v1/taxonomy/graphql,30
a46P_3cL_149,Elektronikkonstruktör,http://data.europa.eu/esco/occupation/0ea36a48-a27d-4515-b61f-3cab395cf60f,"tekniker, mikroelektronik",narrow-match,low,https://taxonomy.api.jobtechdev.se/v1/taxonomy/graphql,30
a46P_3cL_149,Elektronikkonstruktör,http://data.europa.eu/esco/occupation/1e2aaeff-5bf1-4649-9f09-9ebbd5cc3501,"ritare, elektromekanik",narrow-match,low,https://taxonomy.api.jobtechdev.se/v1/taxonomy/graphql,30
a46P_3cL_149,Elektronikkonstruktör,http://data.europa.eu/esco/occupation/26e1add0-da3f-4ed6-aa91-791cb550146f,"tekniker, mikrosystem",narrow-match,low,https://taxonomy.api.jobtechdev.se/v1/taxonomy/graphql,30
a46P_3cL_149,Elektronikkonstruktör,http://data.europa.eu/esco/occupation/27811419-407f-4868-a388-2f7df7aafd91,elektroniktekniker,broad-match,low,https://taxonomy.api.jobtechdev.se/v1/taxonomy/graphql,30
a46P_3cL_149,Elektronikkonstruktör,http://data.europa.eu/esco/occupation/30641348-f9f2-4fe5-ab8c-fe6ff9931a54,Tekniker inom medicinteknik,narrow-match,low,https://taxonomy.api.jobtechdev.se/v1/taxonomy/graphql,30
a46P_3cL_149,Elektronikkonstruktör,http://data.europa.eu/esco/occupation/631e504f-0db4-4e03-bf90-3f00d550170f,sensortekniker,narrow-match,low,https://taxonomy.api.jobtechdev.se/v1/taxonomy/graphql,30
a46P_3cL_149,Elektronikkonstruktör,http://data.europa.eu/esco/occupation/d849fd2a-5210-434b-a50b-2d92de3a4bac,"ritare, elektronisk utrustning",narrow-match,low,https://taxonomy.api.jobtechdev.se/v1/taxonomy/graphql,30
a46P_3cL_149,Elektronikkonstruktör,http://data.europa.eu/esco/occupation/dcfeb6e4-f39d-49fb-96cd-23292fb3e037,optroniktekniker,narrow-match,low,https://taxonomy.api.jobtechdev.se/v1/taxonomy/graphql,30
a4jH_apZ_psf,Kostrådgivare,http://data.europa.eu/esco/occupation/763f82c2-81e3-48d2-9cdf-f532b5016a1f,friskvårdskonsult,broad-match,low,https://taxonomy.api.jobtechdev.se/v1/taxonomy/graphql,30
a6Hu_zpi_ALp,Processoperatör papper,http://data.europa.eu/esco/occupation/3723d7a6-7e65-4735-8235-cb01fb661b2f,"processoperatör, pappersmassa",exact-match,high,https://taxonomy.api.jobtechdev.se/v1/taxonomy/graphql,30
a6Hu_zpi_ALp,Processoperatör papper,http://data.europa.eu/esco/occupation/71a98a24-e02b-4ba6-b4df-6556d7ae98cc,pappersmaskinförare,narrow-match,low,https://taxonomy.api.jobtechdev.se/v1/taxonomy/graphql,30
a6Hu_zpi_ALp,Processoperatör papper,http://data.europa.eu/esco/occupation/8f654b67-89f8-4669-8c9c-a4875bf22699,"processoperatör, papper, laminat",narrow-match,low,https://taxonomy.api.jobtechdev.se/v1/taxonomy/graphql,30
a8Vk_3Vu_XLs,Länsbibliotekarie,http://data.europa.eu/esco/occupation/24d39e12-e104-49d3-8224-8b7a5f9b99d1,bibliotekschef,broad-match,low,https://taxonomy.api.jobtechdev.se/v1/taxonomy/graphql,30
aBY4_qDb_bRP,"Civilingenjör, lantmäteri",http://data.europa.eu/esco/occupation/d8e502b4-1be6-4d10-a224-151688f8f0c8,lantmätare,close-match,low,https://taxonomy.api.jobtechdev.se/v1/taxonomy/graphql,30
aCoU_U6i_fza,"Specialistläkare, allmänmedicin",http://data.europa.eu/esco/occupation/9b889f07-c39c-464d-b9d9-b2daa650f9ac,specialistläkare,broad-match,low,https://taxonomy.api.jobtechdev.se/v1/taxonomy/graphql,30
aEF1_qeh_5Qe,Socionom,http://data.europa.eu/esco/occupation/3b2229b4-807c-482a-89ca-2d0a542be196,"socionom, gerontologi",narrow-match,low,https://taxonomy.api.jobtechdev.se/v1/taxonomy/graphql,30
aEF1_qeh_5Qe,Socionom,http://data.europa.eu/esco/occupation/4b05bef2-ded4-4b09-ab94-f4c6a555a775,socionom,exact-match,high,https://taxonomy.api.jobtechdev.se/v1/taxonomy/graphql,30
aEF1_qeh_5Qe,Socionom,http://data.europa.eu/esco/occupation/7591db5b-ee01-4b6b-b626-ddaf892458d4,"socionom, krishantering",narrow-match,low,https://taxonomy.api.jobtechdev.se/v1/taxonomy/graphql,30
aEF1_qeh_5Qe,Socionom,http://data.europa.eu/esco/occupation/9aa2115d-83cb-4db1-af1d-b426c87c2393,"socionom, brottsförebyggande arbete",narrow-match,low,https://taxonomy.api.jobtechdev.se/v1/taxonomy/graphql,30
aEF1_qeh_5Qe,Socionom,http://data.europa.eu/esco/occupation/a76a05bb-e04d-4be8-953e-1ffd691dd58d,"socionom, mental hälsa",narrow-match,low,https://taxonomy.api.jobtechdev.se/v1/taxonomy/graphql,30
aMhb_X7V_KCL,Brevbärare,http://data.europa.eu/esco/occupation/7ed2e153-8da8-4c0d-b4c5-3402c623f34b,brevbärare,exact-match,high,https://taxonomy.api.jobtechdev.se/v1/taxonomy/graphql,30
aNMw_pdw_wkj,Överdirektör,http://data.europa.eu/esco/occupation/0752ed49-03e7-4d75-8314-a051b3771a1d,generaldirektör,broad-match,low,https://taxonomy.api.jobtechdev.se/v1/taxonomy/graphql,30
aNrh_uSe_mok,"Motorelev, fartyg",http://data.europa.eu/esco/occupation/88589d68-b870-440e-8444-32e9935cbbbc,"motorman, fartyg",exact-match,high,https://taxonomy.api.jobtechdev.se/v1/taxonomy/graphql,30
aPeE_Gxs_cWJ,Teckenspråkstolk/Dövblindtolk,http://data.europa.eu/esco/occupation/9a2147aa-a72f-4f83-8653-c3f50d4e1e73,teckenspråkstolk,exact-match,high,https://taxonomy.api.jobtechdev.se/v1/taxonomy/graphql,30
aQDK_H6n_bwK,Ljustekniker,http://data.europa.eu/esco/occupation/0eebf6d2-af43-4a18-b4b7-668fb6433b42,"ljustekniker, intelligent belysning",exact-match,high,https://taxonomy.api.jobtechdev.se/v1/taxonomy/graphql,30
aQDK_H6n_bwK,Ljustekniker,http://data.europa.eu/esco/occupation/87e644b2-8bc1-42d4-bb14-cc4abb0bc715,ljusbordsoperatör,narrow-match,low,https://taxonomy.api.jobtechdev.se/v1/taxonomy/graphql,30
aQDK_H6n_bwK,Ljustekniker,http://data.europa.eu/esco/occupation/9ac10bde-93a0-4570-afc2-e2b6cf46d8d2,ljustekniker,exact-match,high,https://taxonomy.api.jobtechdev.se/v1/taxonomy/graphql,30
aQDK_H6n_bwK,Ljustekniker,http://data.europa.eu/esco/occupation/d71eb4f9-2de3-4955-ba79-7b82ea3fe32c,följespotsoperatör,narrow-match,low,https://taxonomy.api.jobtechdev.se/v1/taxonomy/graphql,30
aQeS_LkP_v3G,Kyrkogårdsarbetare,http://data.europa.eu/esco/occupation/aac0c510-f238-4dbe-beeb-1d7b73f4552c,kyrkogårdsföreståndare,exact-match,high,https://taxonomy.api.jobtechdev.se/v1/taxonomy/graphql,30
aRp4_qjZ_tPV,Informatör/Kommunikatör,http://data.europa.eu/esco/occupation/b89ba3a8-f03a-46b8-ac54-c87d7204aad0,talesperson,close-match,low,https://taxonomy.api.jobtechdev.se/v1/taxonomy/graphql,30
aWHP_Fv2_1US,Församlingspedagog,http://data.europa.eu/esco/occupation/234be692-befb-41df-bdf0-e1b2f4eaf5e7,fritidsledare,broad-match,low,https://taxonomy.api.jobtechdev.se/v1/taxonomy/graphql,30
aY7W_GJ6_o62,Civil utredare,http://data.europa.eu/esco/occupation/caf7b8fb-b2d6-46b7-bffa-bea7f8e4aed8,"handläggare, offentlig förvaltning",broad-match,low,https://taxonomy.api.jobtechdev.se/v1/taxonomy/graphql,30
aYGF_ANg_pzR,Matematiker,http://data.europa.eu/esco/occupation/72628f3a-fd49-499a-9741-870b0a1fcef2,matematiker,exact-match,high,https://taxonomy.api.jobtechdev.se/v1/taxonomy/graphql,30
abS5_M7h_pMr,Receptarie,http://data.europa.eu/esco/occupation/7b74626d-b487-48a1-9e80-47faf9928210,receptarie,exact-match,high,https://taxonomy.api.jobtechdev.se/v1/taxonomy/graphql,30
ac5J_3uW_FZ2,Badföreståndare/Simhallsföreståndare,http://data.europa.eu/esco/occupation/825ab049-2f0c-4acf-b402-9c6bb51acca2,"chef, idrottsanläggning",broad-match,low,https://taxonomy.api.jobtechdev.se/v1/taxonomy/graphql,30
acEj_tD8_hKX,Renhållningsmaskinförare,http://data.europa.eu/esco/occupation/503ea267-93e9-4b8c-ae5e-817fe7e4a245,renhållningsarbetare,exact-match,high,https://taxonomy.api.jobtechdev.se/v1/taxonomy/graphql,30
aeJj_czs_5Tq,"Forskare, agronomi",http://data.europa.eu/esco/occupation/6a3d3d28-0ab6-49b0-9a32-697e5e104bf1,markforskare,close-match,low,https://taxonomy.api.jobtechdev.se/v1/taxonomy/graphql,30
aeJj_czs_5Tq,"Forskare, agronomi",http://data.europa.eu/esco/occupation/c40ef517-d4ab-4932-b184-9c2ea5b24fe2,agronom,broad-match,low,https://taxonomy.api.jobtechdev.se/v1/taxonomy/graphql,30
aeZy_4k3_bCr,Ekotoxikolog,http://data.europa.eu/esco/occupation/3f7b7ce5-94b6-4e0c-98e7-a4ee5a6accf4,toxikolog,broad-match,low,https://taxonomy.api.jobtechdev.se/v1/taxonomy/graphql,30
afDJ_LWv_ESt,Flygplanselektriker,http://data.europa.eu/esco/occupation/d9ab0f3d-078d-42a7-a502-3e739e0aeff6,flygplanselektriker,exact-match,high,https://taxonomy.api.jobtechdev.se/v1/taxonomy/graphql,30
afNH_oNR_44N,Antropolog,http://data.europa.eu/esco/occupation/acf69cab-8629-45c8-ae10-c8fb15f474b6,antropolog,exact-match,high,https://taxonomy.api.jobtechdev.se/v1/taxonomy/graphql,30
ah7e_kK1_tFv,Vattenbrukstekniker,http://data.europa.eu/esco/occupation/02bd7cac-8263-4425-b03d-19001ffe8787,kläckeriansvarig vid vattenbruk,close-match,low,https://taxonomy.api.jobtechdev.se/v1/taxonomy/graphql,30
ah7e_kK1_tFv,Vattenbrukstekniker,http://data.europa.eu/esco/occupation/0d6bb2cc-06b0-481c-b553-2a973be03254,"vattenbrukstekniker, produktion på öppet vatten",narrow-match,low,https://taxonomy.api.jobtechdev.se/v1/taxonomy/graphql,30
ah7e_kK1_tFv,Vattenbrukstekniker,http://data.europa.eu/esco/occupation/3206f826-7d53-4180-9797-e94ad9eaf841,"vattenbrukstekniker, kassar",narrow-match,low,https://taxonomy.api.jobtechdev.se/v1/taxonomy/graphql,30
ah7e_kK1_tFv,Vattenbrukstekniker,http://data.europa.eu/esco/occupation/4fe4b1f1-e84d-4056-b062-83d5a64fc571,"slaktchef, vattenbruk",close-match,low,https://taxonomy.api.jobtechdev.se/v1/taxonomy/graphql,30
ah7e_kK1_tFv,Vattenbrukstekniker,http://data.europa.eu/esco/occupation/5945cba8-19a4-4632-8a8f-4186e2bad1a3,"produktionschef, vattenbruk",close-match,low,https://taxonomy.api.jobtechdev.se/v1/taxonomy/graphql,30
ah7e_kK1_tFv,Vattenbrukstekniker,http://data.europa.eu/esco/occupation/802d3a2f-b966-42e3-94df-683adfcff20c,"vattenbrukstekniker, uppfödning",narrow-match,low,https://taxonomy.api.jobtechdev.se/v1/taxonomy/graphql,30
ah7e_kK1_tFv,Vattenbrukstekniker,http://data.europa.eu/esco/occupation/a5826284-14fb-4866-b9be-69ce69db1b71,"odlingschef, vattenbruk",close-match,low,https://taxonomy.api.jobtechdev.se/v1/taxonomy/graphql,30
ah7e_kK1_tFv,Vattenbrukstekniker,http://data.europa.eu/esco/occupation/ac036ea7-883a-4265-96d5-c02bbe6667e1,"arbetsledare, vattenbruk",close-match,low,https://taxonomy.api.jobtechdev.se/v1/taxonomy/graphql,30
ah7e_kK1_tFv,Vattenbrukstekniker,http://data.europa.eu/esco/occupation/d85e041f-8306-476e-a2cd-59baa1e61992,"vattenbrukstekniker, skörd eller slakt",narrow-match,low,https://taxonomy.api.jobtechdev.se/v1/taxonomy/graphql,30
ah7e_kK1_tFv,Vattenbrukstekniker,http://data.europa.eu/esco/occupation/e0628770-57f0-4cf2-952e-5b16547db8c1,vattenbrukstekniker,exact-match,high,https://taxonomy.api.jobtechdev.se/v1/taxonomy/graphql,30
ah7e_kK1_tFv,Vattenbrukstekniker,http://data.europa.eu/esco/occupation/e93d5c8d-1219-4c11-91d7-9d0ab8d9c08e,"vattenbrukstekniker, kläckeri",narrow-match,low,https://taxonomy.api.jobtechdev.se/v1/taxonomy/graphql,30
ah7e_kK1_tFv,Vattenbrukstekniker,http://data.europa.eu/esco/occupation/eaba592d-f3f0-4c7d-b7c0-302b7d0212ce,vattenbrukstekniker på recirkulationsanläggningar,narrow-match,low,https://taxonomy.api.jobtechdev.se/v1/taxonomy/graphql,30
ah7e_kK1_tFv,Vattenbrukstekniker,http://data.europa.eu/esco/occupation/f9cbdeb4-1559-4d45-b2d7-edf8aebe400b,"kvalitetsansvarig, vattenbruk",close-match,low,https://taxonomy.api.jobtechdev.se/v1/taxonomy/graphql,30
arJK_xQM_qou,Språkkonsult,http://data.europa.eu/esco/occupation/a9c7a04d-807a-41b5-b441-87c73c73c9c5,lingvist,broad-match,low,https://taxonomy.api.jobtechdev.se/v1/taxonomy/graphql,30
arJK_xQM_qou,Språkkonsult,http://data.europa.eu/esco/occupation/f8f34041-3640-41a9-852e-c5a7574de780,korrekturläsare,close-match,low,https://taxonomy.api.jobtechdev.se/v1/taxonomy/graphql,30
au7G_ooX_gGy,SSA-sekreterare,http://data.europa.eu/esco/occupation/abab3d6a-82b9-49bd-8a4b-7bc678130558,studievägledare,narrow-match,low,https://taxonomy.api.jobtechdev.se/v1/taxonomy/graphql,30
auBo_DeP_r69,Båtsman/Bås,http://data.europa.eu/esco/occupation/2e46a2a3-4d33-469e-8d50-588cc17e6bed,"båtsman, fiskebåt",narrow-match,low,https://taxonomy.api.jobtechdev.se/v1/taxonomy/graphql,30
b288_Hx5_KYy,Internrevisionschef,http://data.europa.eu/esco/occupation/30f3ea93-882a-4525-841c-1d5b4b64076f,ekonomichef,close-match,low,https://taxonomy.api.jobtechdev.se/v1/taxonomy/graphql,30
b3Jk_Gfs_oo9,Webbredaktör,http://data.europa.eu/esco/occupation/a74f6c51-37e5-423e-aa5b-044e98663027,webbinnehållsansvarig,exact-match,high,https://taxonomy.api.jobtechdev.se/v1/taxonomy/graphql,30
b3hK_sJG_AaB,Vårdkoordinator,http://data.europa.eu/esco/occupation/045f05f2-4ff8-46b2-9d08-e12a81657498,vårdadministratör,broad-match,low,https://taxonomy.api.jobtechdev.se/v1/taxonomy/graphql,30
b5Re_ALr_2Nq,"Produktionsingenjör, elektronik",http://data.europa.eu/esco/occupation/27811419-407f-4868-a388-2f7df7aafd91,elektroniktekniker,broad-match,low,https://taxonomy.api.jobtechdev.se/v1/taxonomy/graphql,30
b5nc_HVP_f3Y,"Laboratorieingenjör, metallurgi",http://data.europa.eu/esco/occupation/27eb624c-6171-4c71-aa71-bb21e83381d4,"forskningsingenjör, metallurgi",close-match,low,https://taxonomy.api.jobtechdev.se/v1/taxonomy/graphql,30
b856_q3P_tzU,Bildterapeut,http://data.europa.eu/esco/occupation/eb48ccbd-75f2-4799-81be-443034858473,konstterapeut,broad-match,low,https://taxonomy.api.jobtechdev.se/v1/taxonomy/graphql,30
bCPg_hTb_uRo,Maskinoperatör skotillverkning,http://data.europa.eu/esco/occupation/16ad07cd-2fd2-4f93-b442-89918c10bbbf,"maskinoperatör, tillskärning",narrow-match,low,https://taxonomy.api.jobtechdev.se/v1/taxonomy/graphql,30
bCPg_hTb_uRo,Maskinoperatör skotillverkning,http://data.europa.eu/esco/occupation/16d7bae5-503e-4e19-bc8b-619c9bcf5c4f,lästmaskinoperatör,narrow-match,low,https://taxonomy.api.jobtechdev.se/v1/taxonomy/graphql,30
bCPg_hTb_uRo,Maskinoperatör skotillverkning,http://data.europa.eu/esco/occupation/1b4e795d-6e49-4b7b-bb34-585edfd6eb18,"maskinoperatör, skodonstillverkning",narrow-match,low,https://taxonomy.api.jobtechdev.se/v1/taxonomy/graphql,30
bCPg_hTb_uRo,Maskinoperatör skotillverkning,http://data.europa.eu/esco/occupation/2082e125-d06b-43e6-957f-b7aa3c48dc2f,"maskinoperatör, automatiserad tillskärning",narrow-match,low,https://taxonomy.api.jobtechdev.se/v1/taxonomy/graphql,30
bCPg_hTb_uRo,Maskinoperatör skotillverkning,http://data.europa.eu/esco/occupation/4a246568-007e-46a8-a151-b98082ed6b50,"maskinoperatör, sulning och klackning",narrow-match,low,https://taxonomy.api.jobtechdev.se/v1/taxonomy/graphql,30
bCPg_hTb_uRo,Maskinoperatör skotillverkning,http://data.europa.eu/esco/occupation/53c0086b-9b54-4c29-8bba-69ce8256cb91,"stickmaskinsoperatör, förarbete",close-match,low,https://taxonomy.api.jobtechdev.se/v1/taxonomy/graphql,30
bCPg_hTb_uRo,Maskinoperatör skotillverkning,http://data.europa.eu/esco/occupation/6e102a30-2c0a-4a31-aee3-ae7b1fac5466,"stickmaskinsoperatör, skodon",narrow-match,low,https://taxonomy.api.jobtechdev.se/v1/taxonomy/graphql,30
bCPg_hTb_uRo,Maskinoperatör skotillverkning,http://data.europa.eu/esco/occupation/d9e4581a-91b3-47f9-a2d5-70eb542caac5,"maskinoperatör, slutbehandling och förpackning av skodon",close-match,low,https://taxonomy.api.jobtechdev.se/v1/taxonomy/graphql,30
bCPg_hTb_uRo,Maskinoperatör skotillverkning,http://data.europa.eu/esco/occupation/f9116001-8cf5-453c-af51-3adaef7841ef,"lästmaskinoperatör, förarbete",narrow-match,low,https://taxonomy.api.jobtechdev.se/v1/taxonomy/graphql,30
bDCc_dTJ_qcd,"Civilingenjör, bygg",http://data.europa.eu/esco/occupation/2a914d26-42aa-46b5-acf3-097d51ba4617,"civilingenjör, bygg",exact-match,high,https://taxonomy.api.jobtechdev.se/v1/taxonomy/graphql,30
bDCc_dTJ_qcd,"Civilingenjör, bygg",http://data.europa.eu/esco/occupation/a377fafb-7e6e-4925-bc64-8099b58aafb8,"civilingenjör, dränering",close-match,low,https://taxonomy.api.jobtechdev.se/v1/taxonomy/graphql,30
bETF_k3e_2U2,"Lärling, tak- och tätskiktsmontör",http://data.europa.eu/esco/occupation/b4c6d1b0-929e-48be-9f67-47bd8c30658b,takmontör,exact-match,high,https://taxonomy.api.jobtechdev.se/v1/taxonomy/graphql,30
bMCC_2vr_E1u,Framtidsforskare,http://data.europa.eu/esco/occupation/684fd8d5-9b40-4b02-a680-438f0082d923,universitets- och högskolelektor,close-match,low,https://taxonomy.api.jobtechdev.se/v1/taxonomy/graphql,30
bNZP_UBz_CVt,Processoperatör smältverk,http://data.europa.eu/esco/occupation/8f71761e-6fa5-4237-a240-4d0c7feff026,ugnsoperatör,close-match,low,https://taxonomy.api.jobtechdev.se/v1/taxonomy/graphql,30
bQpS_SPS_L9u,Gjuterioperatör,http://data.europa.eu/esco/occupation/123a195c-103a-4b84-b3fd-6d40dbc15c54,kokillegjutare,narrow-match,low,https://taxonomy.api.jobtechdev.se/v1/taxonomy/graphql,30
bQpS_SPS_L9u,Gjuterioperatör,http://data.europa.eu/esco/occupation/25206eaa-04da-4fd6-bac7-173d7eb142dc,gjutmaskinist,exact-match,high,https://taxonomy.api.jobtechdev.se/v1/taxonomy/graphql,30
bQws_2wE_x2Z,Digital Imaging Technician/DIT/Loggare,http://data.europa.eu/esco/occupation/6fed206a-ac4d-492b-a81a-5a3a0f2b67bc,kameratekniker,broad-match,low,https://taxonomy.api.jobtechdev.se/v1/taxonomy/graphql,30
bRZS_esN_X1Y,"Arbetsledare, kundtjänst/Gruppledare, kundtjänst",http://data.europa.eu/esco/occupation/1242d99a-47f1-4a62-b884-33746db8a6ca,chef för IKT-kundservice,narrow-match,low,https://taxonomy.api.jobtechdev.se/v1/taxonomy/graphql,30
bRZS_esN_X1Y,"Arbetsledare, kundtjänst/Gruppledare, kundtjänst",http://data.europa.eu/esco/occupation/9d2aae3e-cbfe-409f-86cc-7cef9cd0435a,"arbetsledare, kontaktcenter",exact-match,high,https://taxonomy.api.jobtechdev.se/v1/taxonomy/graphql,30
bRZS_esN_X1Y,"Arbetsledare, kundtjänst/Gruppledare, kundtjänst",http://data.europa.eu/esco/occupation/dd25a2b0-add0-4ae2-bd85-bb644e0d0c39,"arbetsledare, callcenter",close-match,low,https://taxonomy.api.jobtechdev.se/v1/taxonomy/graphql,30
bS4M_dZq_39m,Produkttekniker konfektion,http://data.europa.eu/esco/occupation/381b9a17-521c-4702-b7d9-2059bbd8ce76,"kvalitetskontrollant, konfektion",exact-match,high,https://taxonomy.api.jobtechdev.se/v1/taxonomy/graphql,30
bS4M_dZq_39m,Produkttekniker konfektion,http://data.europa.eu/esco/occupation/85fdd1cb-98d3-4c40-a868-1078ce770440,"kvalitetskontrollant, textil",exact-match,high,https://taxonomy.api.jobtechdev.se/v1/taxonomy/graphql,30
bSEB_VKd_Ub3,"Undersköterska, hemtjänst, äldreboende och habilitering",http://data.europa.eu/esco/occupation/f4525ed8-54eb-4a3b-90db-55cc01b0d9fd,vårdbiträde,exact-match,high,https://taxonomy.api.jobtechdev.se/v1/taxonomy/graphql,30
bUP3_Ztw_VC1,Hemförsäljare,http://data.europa.eu/esco/occupation/ae73f0dc-05a7-4e23-a234-9bb7e6d86975,hemförsäljare,exact-match,high,https://taxonomy.api.jobtechdev.se/v1/taxonomy/graphql,30
bUuT_e4X_KNk,Förrättningsassistent fastighetsbildning,http://data.europa.eu/esco/occupation/929ef41d-afd0-4d5a-b85b-69eab68fa368,juristassistent,broad-match,low,https://taxonomy.api.jobtechdev.se/v1/taxonomy/graphql,30
bUuT_e4X_KNk,Förrättningsassistent fastighetsbildning,http://data.europa.eu/esco/occupation/d8e502b4-1be6-4d10-a224-151688f8f0c8,lantmätare,close-match,low,https://taxonomy.api.jobtechdev.se/v1/taxonomy/graphql,30
bVXj_j6g_vzn,Lantbrukare djuruppfödning,http://data.europa.eu/esco/occupation/15151ba4-fbf2-4fd9-8dde-2abbc6ec362c,hästuppfödare,narrow-match,low,https://taxonomy.api.jobtechdev.se/v1/taxonomy/graphql,30
bVXj_j6g_vzn,Lantbrukare djuruppfödning,http://data.europa.eu/esco/occupation/b2678105-9d5c-403f-b822-274aff706309,fåruppfödare,narrow-match,low,https://taxonomy.api.jobtechdev.se/v1/taxonomy/graphql,30
bVXj_j6g_vzn,Lantbrukare djuruppfödning,http://data.europa.eu/esco/occupation/b4ff30f8-073b-4dd8-9128-ecf9d0ff87ba,boskapsuppfödare,narrow-match,low,https://taxonomy.api.jobtechdev.se/v1/taxonomy/graphql,30
bVXj_j6g_vzn,Lantbrukare djuruppfödning,http://data.europa.eu/esco/occupation/ea3db1b3-7c03-4306-9e3d-7e20eb7f1826,svinuppfödare,narrow-match,low,https://taxonomy.api.jobtechdev.se/v1/taxonomy/graphql,30
bVd9_PdQ_nxv,Utvecklingsingenjör elektronik,http://data.europa.eu/esco/occupation/02eb0ae6-ecdd-4602-9c8e-60ffe6dbe1e2,telekommunikationsingenjör,broad-match,low,https://taxonomy.api.jobtechdev.se/v1/taxonomy/graphql,30
bXNH_MNX_dUR,"Sjuksköterska, grundutbildad",http://data.europa.eu/esco/occupation/87d0795a-d41f-47ee-979f-0ab7d73836e7,undersköterska,exact-match,high,https://taxonomy.api.jobtechdev.se/v1/taxonomy/graphql,30
bXNH_MNX_dUR,"Sjuksköterska, grundutbildad",http://data.europa.eu/esco/occupation/8d3e8aaa-791b-4c75-a465-f3f827028f50,"sjuksköterska, grundutbildad",exact-match,high,https://taxonomy.api.jobtechdev.se/v1/taxonomy/graphql,30
bXfh_r3N_Wue,Kundmottagare/Arbetsledare bilverkstad,http://data.europa.eu/esco/occupation/264b00c9-84d0-4dc9-b590-aed2cea2b904,"ansvarig, serviceverkstad",exact-match,high,https://taxonomy.api.jobtechdev.se/v1/taxonomy/graphql,30
bXfh_r3N_Wue,Kundmottagare/Arbetsledare bilverkstad,http://data.europa.eu/esco/occupation/264b00c9-84d0-4dc9-b590-aed2cea2b904,"ansvarig, serviceverkstad",broad-match,low,https://taxonomy.api.jobtechdev.se/v1/taxonomy/graphql,30
bXfh_r3N_Wue,Kundmottagare/Arbetsledare bilverkstad,http://data.europa.eu/esco/occupation/5c9dea76-c7da-4e58-857c-fc3cbe7b960a,"chef, bilverkstad",close-match,low,https://taxonomy.api.jobtechdev.se/v1/taxonomy/graphql,30
bXhQ_wQa_GE7,Underwriter,http://data.europa.eu/esco/occupation/4975c4cc-a89f-4ea8-82aa-501258dfb2f9,"försäkringsgivare, sakförsäkringar",exact-match,high,https://taxonomy.api.jobtechdev.se/v1/taxonomy/graphql,30
bXhQ_wQa_GE7,Underwriter,http://data.europa.eu/esco/occupation/7bcafcd7-3f35-4a72-849c-c92b334927fd,"konsult, försäkringsrisker",narrow-match,low,https://taxonomy.api.jobtechdev.se/v1/taxonomy/graphql,30
bXhQ_wQa_GE7,Underwriter,http://data.europa.eu/esco/occupation/e937449a-d9e0-4ab7-9ea5-4d3ac673be6d,försäkringsgivare,exact-match,high,https://taxonomy.api.jobtechdev.se/v1/taxonomy/graphql,30
bXik_Ys8_w9s,Kommunhandläggare,http://data.europa.eu/esco/occupation/39c89133-bd2a-45db-b3eb-529b94daeeaf,tillståndshandläggare,close-match,low,https://taxonomy.api.jobtechdev.se/v1/taxonomy/graphql,30
bXik_Ys8_w9s,Kommunhandläggare,http://data.europa.eu/esco/occupation/39e9fc8f-02bd-4577-b603-2dc96204ce74,"handläggare, kommunutveckling",exact-match,high,https://taxonomy.api.jobtechdev.se/v1/taxonomy/graphql,30
bXik_Ys8_w9s,Kommunhandläggare,http://data.europa.eu/esco/occupation/caf7b8fb-b2d6-46b7-bffa-bea7f8e4aed8,"handläggare, offentlig förvaltning",exact-match,high,https://taxonomy.api.jobtechdev.se/v1/taxonomy/graphql,30
baiU_kY9_dTs,Orkesterledare,http://data.europa.eu/esco/occupation/13d8b1be-d711-4bbc-a45e-cad605162f41,musikalisk ledare,close-match,low,https://taxonomy.api.jobtechdev.se/v1/taxonomy/graphql,30
berf_Sgt_yWP,Charkuterist,http://data.europa.eu/esco/occupation/37c7880e-cfee-4c41-a41b-061682fefde3,slaktare,broad-match,low,https://taxonomy.api.jobtechdev.se/v1/taxonomy/graphql,30
berf_Sgt_yWP,Charkuterist,http://data.europa.eu/esco/occupation/7e33b166-4a6d-40f3-8048-83b3a9d3ef49,ansvarig för köttbearbetning,narrow-match,low,https://taxonomy.api.jobtechdev.se/v1/taxonomy/graphql,30
bf92_EVy_5NP,Vältförare,http://data.europa.eu/esco/occupation/4370b117-d9ec-424c-80de-fd92ba740f65,"anläggningsmaskinförare, vägvält",exact-match,high,https://taxonomy.api.jobtechdev.se/v1/taxonomy/graphql,30
bgTi_SxA_pLX,"Servicetekniker, elkraft",http://data.europa.eu/esco/occupation/0c328e98-6e4e-4e96-b99c-56851e666ad0,"servicetekniker, elkraft",exact-match,high,https://taxonomy.api.jobtechdev.se/v1/taxonomy/graphql,30
bgWo_nJB_eXP,Möbelrenoverare/Möbelrestauratör,http://data.europa.eu/esco/occupation/5a551d36-0e14-40ab-84a2-7aa9b37dc528,"möbelsnickare, renovering",exact-match,high,https://taxonomy.api.jobtechdev.se/v1/taxonomy/graphql,30
bhk6_aNU_xRe,Renhållningsförare,http://data.europa.eu/esco/occupation/2480f8b0-4c02-4c66-84ad-2677c1548e03,renhållningsförare,exact-match,high,https://taxonomy.api.jobtechdev.se/v1/taxonomy/graphql,30
bjAo_61d_BEc,"Lärling, golvläggare",http://data.europa.eu/esco/occupation/0663d464-f139-4554-ae87-97aa6c4dad77,"golvläggare, textil, plast, linoleum, kork",exact-match,high,https://taxonomy.api.jobtechdev.se/v1/taxonomy/graphql,30
bjAo_61d_BEc,"Lärling, golvläggare",http://data.europa.eu/esco/occupation/a50d64e7-2dba-4418-81a7-92b2ba2e508f,terrazzoarbetare,narrow-match,low,https://taxonomy.api.jobtechdev.se/v1/taxonomy/graphql,30
bjDH_v5M_2gn,"Produktionschef, tillverkning",http://data.europa.eu/esco/occupation/02f26b2f-879c-4811-8381-65e8dd3f4a16,"kvalitetschef, skor",narrow-match,low,https://taxonomy.api.jobtechdev.se/v1/taxonomy/graphql,30
bjDH_v5M_2gn,"Produktionschef, tillverkning",http://data.europa.eu/esco/occupation/0368c4d4-94cf-4168-a84d-283a25880e0d,"produktionschef, metallindustri",narrow-match,low,https://taxonomy.api.jobtechdev.se/v1/taxonomy/graphql,30
bjDH_v5M_2gn,"Produktionschef, tillverkning",http://data.europa.eu/esco/occupation/0d21a30d-25d9-427b-b8e4-339408425ff5,"produktionschef, kemi",narrow-match,low,https://taxonomy.api.jobtechdev.se/v1/taxonomy/graphql,30
bjDH_v5M_2gn,"Produktionschef, tillverkning",http://data.europa.eu/esco/occupation/1f8967ce-9faa-4d56-a656-50e041f7d07e,"kvalitetschef, lädervaror",narrow-match,low,https://taxonomy.api.jobtechdev.se/v1/taxonomy/graphql,30
bjDH_v5M_2gn,"Produktionschef, tillverkning",http://data.europa.eu/esco/occupation/6426ada1-4d8c-4612-99e3-91bc569805ee,tillverkningschef,broad-match,low,https://taxonomy.api.jobtechdev.se/v1/taxonomy/graphql,30
bjDH_v5M_2gn,"Produktionschef, tillverkning",http://data.europa.eu/esco/occupation/652b847f-837a-4a08-bd5e-36397fe56455,"kvalitetschef, textil",narrow-match,low,https://taxonomy.api.jobtechdev.se/v1/taxonomy/graphql,30
bjDH_v5M_2gn,"Produktionschef, tillverkning",http://data.europa.eu/esco/occupation/c6bd511a-d966-4df9-a48e-4f800354f268,driftschef,narrow-match,low,https://taxonomy.api.jobtechdev.se/v1/taxonomy/graphql,30
bjDH_v5M_2gn,"Produktionschef, tillverkning",http://data.europa.eu/esco/occupation/eb9479c6-5fdf-4f45-ace4-28b547b8c7e5,"produktionschef, industri",narrow-match,low,https://taxonomy.api.jobtechdev.se/v1/taxonomy/graphql,30
bjDH_v5M_2gn,"Produktionschef, tillverkning",http://data.europa.eu/esco/occupation/fdb16700-109e-4d02-949e-3213f278df93,"kvalitetschef, industri",narrow-match,low,https://taxonomy.api.jobtechdev.se/v1/taxonomy/graphql,30
bmgy_Rsq_4DA,Markförhandlare,http://data.europa.eu/esco/occupation/d8e502b4-1be6-4d10-a224-151688f8f0c8,lantmätare,broad-match,low,https://taxonomy.api.jobtechdev.se/v1/taxonomy/graphql,30
bour_RRe_n9Y,"Grävlastarförare, anläggning",http://data.europa.eu/esco/occupation/eedbf8b1-9432-4f42-ab7f-db5cd3eb2a05,grävmaskinsförare,close-match,low,https://taxonomy.api.jobtechdev.se/v1/taxonomy/graphql,30
bpHr_Kbh_b8v,Bryggeritekniker,http://data.europa.eu/esco/occupation/1e3c569b-e7ef-46b4-943a-2768a9969961,ansvarig för bryggeri,exact-match,high,https://taxonomy.api.jobtechdev.se/v1/taxonomy/graphql,30
bpHr_Kbh_b8v,Bryggeritekniker,http://data.europa.eu/esco/occupation/1fc60ca6-c3ea-4aeb-bf3b-350c0c5e7f93,"maskinoperatör, vinodling",narrow-match,low,https://taxonomy.api.jobtechdev.se/v1/taxonomy/graphql,30
bpHr_Kbh_b8v,Bryggeritekniker,http://data.europa.eu/esco/occupation/3caa57c9-d360-4ce4-8000-34a983666ba7,ansvarig för jäsningslokal,narrow-match,low,https://taxonomy.api.jobtechdev.se/v1/taxonomy/graphql,30
bpHr_Kbh_b8v,Bryggeritekniker,http://data.europa.eu/esco/occupation/64c180d0-029b-4dc7-b582-77899d171186,ansvarig för läskedryckstillverkning,narrow-match,low,https://taxonomy.api.jobtechdev.se/v1/taxonomy/graphql,30
bpHr_Kbh_b8v,Bryggeritekniker,http://data.europa.eu/esco/occupation/6e11692c-fc72-4ef4-8bcf-6bd19a6b0ea3,ansvarig för kolsyremaskin,narrow-match,low,https://taxonomy.api.jobtechdev.se/v1/taxonomy/graphql,30
bpHr_Kbh_b8v,Bryggeritekniker,http://data.europa.eu/esco/occupation/7309ab2d-e2ba-4ccb-b658-6b0a8bd8c4eb,"processoperatör, torkning av malt",narrow-match,low,https://taxonomy.api.jobtechdev.se/v1/taxonomy/graphql,30
bpHr_Kbh_b8v,Bryggeritekniker,http://data.europa.eu/esco/occupation/7dbb116c-a4e7-41e8-9f28-c8a738d93e28,expert på filtrering av drycker,narrow-match,low,https://taxonomy.api.jobtechdev.se/v1/taxonomy/graphql,30
bpHr_Kbh_b8v,Bryggeritekniker,http://data.europa.eu/esco/occupation/ab9e06c8-e0fc-4c1b-afa2-61421592f1a5,groningsansvarig,narrow-match,low,https://taxonomy.api.jobtechdev.se/v1/taxonomy/graphql,30
bpwq_MEr_hvP,"Väg- och anläggningsarbetare, utan yrkesbevis",http://data.europa.eu/esco/occupation/094b9f9b-7e89-4f34-adbb-fbaf7246f7a4,vatten- och avloppstekniker,narrow-match,low,https://taxonomy.api.jobtechdev.se/v1/taxonomy/graphql,30
bpwq_MEr_hvP,"Väg- och anläggningsarbetare, utan yrkesbevis",http://data.europa.eu/esco/occupation/0f898624-9b89-41ba-adcf-9360ade85a62,"tekniker, vattenåtervinning",narrow-match,low,https://taxonomy.api.jobtechdev.se/v1/taxonomy/graphql,30
bpwq_MEr_hvP,"Väg- och anläggningsarbetare, utan yrkesbevis",http://data.europa.eu/esco/occupation/21fe7141-68fa-4db7-9ee2-53097cef541a,vattenvägsbyggare,exact-match,high,https://taxonomy.api.jobtechdev.se/v1/taxonomy/graphql,30
bpwq_MEr_hvP,"Väg- och anläggningsarbetare, utan yrkesbevis",http://data.europa.eu/esco/occupation/461959ed-6a80-4c33-a75e-26aaeb52a5a7,VVS-montör,narrow-match,low,https://taxonomy.api.jobtechdev.se/v1/taxonomy/graphql,30
bpwq_MEr_hvP,"Väg- och anläggningsarbetare, utan yrkesbevis",http://data.europa.eu/esco/occupation/47300afa-5496-484c-8f65-14247a98b2b8,anläggningsarbetare,exact-match,high,https://taxonomy.api.jobtechdev.se/v1/taxonomy/graphql,30
bpwq_MEr_hvP,"Väg- och anläggningsarbetare, utan yrkesbevis",http://data.europa.eu/esco/occupation/6eaf90cb-144d-486c-86e7-3d2bf4242525,vägmärkesuppsättare,narrow-match,low,https://taxonomy.api.jobtechdev.se/v1/taxonomy/graphql,30
bpwq_MEr_hvP,"Väg- och anläggningsarbetare, utan yrkesbevis",http://data.europa.eu/esco/occupation/6f74ebc4-ab7e-42a8-ad94-921f3d0ef0c6,"VVS-montör, avlopp",narrow-match,low,https://taxonomy.api.jobtechdev.se/v1/taxonomy/graphql,30
bpwq_MEr_hvP,"Väg- och anläggningsarbetare, utan yrkesbevis",http://data.europa.eu/esco/occupation/73d77554-2016-46fa-ac3d-44a02e8d1a89,ledningstekniker,narrow-match,low,https://taxonomy.api.jobtechdev.se/v1/taxonomy/graphql,30
bpwq_MEr_hvP,"Väg- och anläggningsarbetare, utan yrkesbevis",http://data.europa.eu/esco/occupation/fb18dfef-2b90-4219-8b39-a5fcddb8f238,dräneringsarbetare,narrow-match,low,https://taxonomy.api.jobtechdev.se/v1/taxonomy/graphql,30
bqrn_3Hf_Wtv,Filmelektriker/TV-elektriker,http://data.europa.eu/esco/occupation/9ac10bde-93a0-4570-afc2-e2b6cf46d8d2,ljustekniker,close-match,low,https://taxonomy.api.jobtechdev.se/v1/taxonomy/graphql,30
brrG_pJ8_Gc3,Friluftssamordnare,http://data.europa.eu/esco/occupation/4dceca8d-9faf-487b-b342-c9d7dc209533,"friluftsledare, hjälpledare",narrow-match,low,https://taxonomy.api.jobtechdev.se/v1/taxonomy/graphql,30
brrG_pJ8_Gc3,Friluftssamordnare,http://data.europa.eu/esco/occupation/67d8c64f-e0d9-4e0b-be8b-510f9e20e698,friluftsledare,narrow-match,low,https://taxonomy.api.jobtechdev.se/v1/taxonomy/graphql,30
brrG_pJ8_Gc3,Friluftssamordnare,http://data.europa.eu/esco/occupation/6e298596-882b-4687-a0cf-3eb37f8fd328,samordnare av friluftsaktiviteter,exact-match,high,https://taxonomy.api.jobtechdev.se/v1/taxonomy/graphql,30
brrG_pJ8_Gc3,Friluftssamordnare,http://data.europa.eu/esco/occupation/a1b32703-a2e5-4e0a-910f-7cdd0293b52d,friluftsledare med specialkompetens,narrow-match,low,https://taxonomy.api.jobtechdev.se/v1/taxonomy/graphql,30
bsHZ_v4H_M7Y,Seismolog,http://data.europa.eu/esco/occupation/b79cfd33-6e46-4b71-b180-c9a84422f047,seismolog,exact-match,high,https://taxonomy.api.jobtechdev.se/v1/taxonomy/graphql,30
bup8_c8x_vsX,Hälsoekonom,http://data.europa.eu/esco/occupation/56afc09a-75a0-49c7-a5cb-256df45d8f2d,ekonomisk rådgivare,broad-match,low,https://taxonomy.api.jobtechdev.se/v1/taxonomy/graphql,30
bweF_VXK_Y2T,Intimitetskoordinator,http://data.europa.eu/esco/occupation/4f2f2539-3e38-4393-9dac-a9a48af7cd32,regiassistent,close-match,low,https://taxonomy.api.jobtechdev.se/v1/taxonomy/graphql,30
bweF_VXK_Y2T,Intimitetskoordinator,http://data.europa.eu/esco/occupation/71898b81-fc2f-4a97-826d-f45e49a8160a,"regiassistent, film",close-match,low,https://taxonomy.api.jobtechdev.se/v1/taxonomy/graphql,30
bwvf_zQg_wKH,Idéhistoriker,http://data.europa.eu/esco/occupation/0cd729a6-ed11-4338-ac4b-d4b924390128,historiker,broad-match,low,https://taxonomy.api.jobtechdev.se/v1/taxonomy/graphql,30
c3tM_knt_TxY,Förgyllare,http://data.europa.eu/esco/occupation/96186698-f79d-423a-9652-a2a58085d5f1,"dekoratör, trä",close-match,low,https://taxonomy.api.jobtechdev.se/v1/taxonomy/graphql,30
c4S8_tmV_fJW,Arbetsledare lager och terminal,http://data.europa.eu/esco/occupation/040fcfa5-24be-43eb-afd5-828297175b16,"lageroperatör, konfektion",narrow-match,low,https://taxonomy.api.jobtechdev.se/v1/taxonomy/graphql,30
c4S8_tmV_fJW,Arbetsledare lager och terminal,http://data.europa.eu/esco/occupation/143e49fc-832f-477c-8cac-8eabe6fd7bc2,"lageroperatör, skofabrik",narrow-match,low,https://taxonomy.api.jobtechdev.se/v1/taxonomy/graphql,30
c4S8_tmV_fJW,Arbetsledare lager och terminal,http://data.europa.eu/esco/occupation/31db6bd9-ee84-4a57-ac9e-87e243ba1c69,"lageroperatör, lädervaror",narrow-match,low,https://taxonomy.api.jobtechdev.se/v1/taxonomy/graphql,30
c4S8_tmV_fJW,Arbetsledare lager och terminal,http://data.europa.eu/esco/occupation/f3eb330a-03b5-4537-ac0e-bcee5c67bcff,flygfraktsamordnare,narrow-match,low,https://taxonomy.api.jobtechdev.se/v1/taxonomy/graphql,30
c4wp_2EZ_Ns9,Försäkringsrådgivare,http://data.europa.eu/esco/occupation/a198de8c-24b1-4002-982f-a57ae6d6c19c,försäkringsmäklare,exact-match,high,https://taxonomy.api.jobtechdev.se/v1/taxonomy/graphql,30
c6R7_bxh_Hg9,Linjeproducent,http://data.europa.eu/esco/occupation/52b9e8dc-de6c-41dd-b29a-e1291c273f6f,producent,broad-match,low,https://taxonomy.api.jobtechdev.se/v1/taxonomy/graphql,30
c6hC_aYL_Qty,Ordermottagare,http://data.europa.eu/esco/occupation/c8b296be-54ae-48cf-be21-031fa8457937,inköpsassistent,close-match,low,https://taxonomy.api.jobtechdev.se/v1/taxonomy/graphql,30
c8PJ_S6r_Lg2,Hjälpmedelstekniker,http://data.europa.eu/esco/occupation/4e82464b-e9d7-4d51-9116-294ab40c5169,hjälpmedelstekniker,close-match,low,https://taxonomy.api.jobtechdev.se/v1/taxonomy/graphql,30
c8PJ_S6r_Lg2,Hjälpmedelstekniker,http://data.europa.eu/esco/occupation/dec7ed73-8688-4328-bc50-c72d31b25956,finmekaniker,close-match,low,https://taxonomy.api.jobtechdev.se/v1/taxonomy/graphql,30
c9pz_dJG_ikv,"Arbetsledare, rivning",http://data.europa.eu/esco/occupation/57d1be2e-c476-43fb-b014-fa58602cac95,"arbetsledare, demontering",close-match,low,https://taxonomy.api.jobtechdev.se/v1/taxonomy/graphql,30
c9pz_dJG_ikv,"Arbetsledare, rivning",http://data.europa.eu/esco/occupation/9defc0f8-3eed-4a56-80e1-d534983aff4f,"arbetsledare, rivning",exact-match,high,https://taxonomy.api.jobtechdev.se/v1/taxonomy/graphql,30
c9xX_2pP_87h,Stadssekreterare,http://data.europa.eu/esco/occupation/caf7b8fb-b2d6-46b7-bffa-bea7f8e4aed8,"handläggare, offentlig förvaltning",broad-match,low,https://taxonomy.api.jobtechdev.se/v1/taxonomy/graphql,30
cA1v_Y45_FS4,Rostskyddsmålare,http://data.europa.eu/esco/occupation/fb4819db-03fa-4dc1-a471-2cdc24dcbe6f,rostskyddsbehandlare,exact-match,high,https://taxonomy.api.jobtechdev.se/v1/taxonomy/graphql,30
cAJj_uJb_s9C,Fartygskonstruktör,http://data.europa.eu/esco/occupation/579254cf-6d69-4889-9000-9c79dc568644,"civilingenjör, maskin",broad-match,low,https://taxonomy.api.jobtechdev.se/v1/taxonomy/graphql,30
cAJj_uJb_s9C,Fartygskonstruktör,http://data.europa.eu/esco/occupation/a464015d-a622-44aa-a4fe-bf01e412e120,"kvalitetskontrollant, fartygskonstruktion",narrow-match,low,https://taxonomy.api.jobtechdev.se/v1/taxonomy/graphql,30
cAJj_uJb_s9C,Fartygskonstruktör,http://data.europa.eu/esco/occupation/c36fc197-1f5b-4563-acd8-6f1d06aa1c03,mariningenjör,exact-match,high,https://taxonomy.api.jobtechdev.se/v1/taxonomy/graphql,30
cAYP_wEe_u3D,Trafikingenjör,http://data.europa.eu/esco/occupation/0f5cc4eb-925d-4b99-be6d-b0964a253a9a,Väg- och vattenbyggnadsingenjör,narrow-match,low,https://taxonomy.api.jobtechdev.se/v1/taxonomy/graphql,30
cB4Q_Cx9_2Lw,Beredskapsdirektör,http://data.europa.eu/esco/occupation/544cd9cf-e2ee-4ac0-8a02-7147af6b97d7,direktör,broad-match,low,https://taxonomy.api.jobtechdev.se/v1/taxonomy/graphql,30
cBns_bSk_db4,Formbestämmare/Surface designer,http://data.europa.eu/esco/occupation/444c9aa9-578d-4a9a-9949-99ef1bacb20e,"tekniker, fordonsindustrin",narrow-match,low,https://taxonomy.api.jobtechdev.se/v1/taxonomy/graphql,30
cE4c_9ML_jHz,Stålbyggnadsmontör,http://data.europa.eu/esco/occupation/691ec040-f5ad-47ef-8698-03212d66dbbf,stålbyggare,exact-match,high,https://taxonomy.api.jobtechdev.se/v1/taxonomy/graphql,30
cEY1_Bh8_URP,Chief Information Officer/CIO/IT-chef,http://data.europa.eu/esco/occupation/810e5e67-acd5-499a-b307-cf5bea330859,chef för information och kunskap för IKT,narrow-match,low,https://taxonomy.api.jobtechdev.se/v1/taxonomy/graphql,30
cEY1_Bh8_URP,Chief Information Officer/CIO/IT-chef,http://data.europa.eu/esco/occupation/82f90e87-de92-4678-adae-61d3e5f7e1e4,informationschef,exact-match,high,https://taxonomy.api.jobtechdev.se/v1/taxonomy/graphql,30
cGMD_PSS_35h,Sjömätare,http://data.europa.eu/esco/occupation/439c52ae-23ce-4d1e-bea1-bac135497977,hydrograf,close-match,low,https://taxonomy.api.jobtechdev.se/v1/taxonomy/graphql,30
cGMD_PSS_35h,Sjömätare,http://data.europa.eu/esco/occupation/668943cc-c454-4a1b-a296-2fcb524a6222,"mättekniker, sjömätare",exact-match,high,https://taxonomy.api.jobtechdev.se/v1/taxonomy/graphql,30
cJmQ_MNU_yCf,"ST-läkare, psykiatri",http://data.europa.eu/esco/occupation/71f09c8b-a172-408c-b9e7-32e580e39ff6,läkare,close-match,low,https://taxonomy.api.jobtechdev.se/v1/taxonomy/graphql,30
cNKk_9i8_RnZ,Kompositör,http://data.europa.eu/esco/occupation/7dc05fcc-b079-45ed-b5d4-74c75f99976c,kompositör,exact-match,high,https://taxonomy.api.jobtechdev.se/v1/taxonomy/graphql,30
cPcf_Ns3_tUM,Sjukhusfysiker,http://data.europa.eu/esco/occupation/047108c3-f987-40a4-bef0-f2b3407ec16a,sjukhusfysiker,exact-match,high,https://taxonomy.api.jobtechdev.se/v1/taxonomy/graphql,30
cQd3_2n5_cpN,Ställningsbyggare,http://data.europa.eu/esco/occupation/18fa8080-3156-429a-bbd7-b3ef559b6721,ställningsbyggare,exact-match,high,https://taxonomy.api.jobtechdev.se/v1/taxonomy/graphql,30
cRmS_zdM_NEA,Skolvaktmästare,http://data.europa.eu/esco/occupation/a48b9a5a-5ded-482d-8cda-7fd097a32c16,vaktmästare,broad-match,low,https://taxonomy.api.jobtechdev.se/v1/taxonomy/graphql,30
cUfj_4io_mFf,"Ledande montör, el",http://data.europa.eu/esco/occupation/4910419f-b4af-4f59-b544-9dbebc8a74f0,installationselektriker,broad-match,low,https://taxonomy.api.jobtechdev.se/v1/taxonomy/graphql,30
cVeq_dTa_PcZ,Inspelningsassistent,http://data.europa.eu/esco/occupation/71898b81-fc2f-4a97-826d-f45e49a8160a,"regiassistent, film",close-match,low,https://taxonomy.api.jobtechdev.se/v1/taxonomy/graphql,30
cW4d_TYU_1yQ,"Produktområdeschef, järnväg",http://data.europa.eu/esco/occupation/98ad0008-13d9-4e9b-94bf-4f4a5faae764,"driftschef, järnvägstransport",narrow-match,low,https://taxonomy.api.jobtechdev.se/v1/taxonomy/graphql,30
cXNv_yU5_76A,Cisterntekniker,http://data.europa.eu/esco/occupation/5ed024ab-3b6a-4e06-a7fe-8a29f8469a64,industriplåtslagare,close-match,low,https://taxonomy.api.jobtechdev.se/v1/taxonomy/graphql,30
cfJA_uhP_dD3,VA-strateg,http://data.europa.eu/esco/occupation/d7d986e1-7333-431b-9719-0c5c6939e360,"civilingenjör, väg- och vattenbyggnad",close-match,low,https://taxonomy.api.jobtechdev.se/v1/taxonomy/graphql,30
chjQ_sAN_hJC,Verkstadstekniker,http://data.europa.eu/esco/occupation/5c082067-ea18-4ccb-8c43-e70b18ad8120,CNC-operatör,narrow-match,low,https://taxonomy.api.jobtechdev.se/v1/taxonomy/graphql,30
chjQ_sAN_hJC,Verkstadstekniker,http://data.europa.eu/esco/occupation/898f99f7-8c0a-4212-9e58-9ab00379e5ae,maskinställare,close-match,low,https://taxonomy.api.jobtechdev.se/v1/taxonomy/graphql,30
chjQ_sAN_hJC,Verkstadstekniker,http://data.europa.eu/esco/occupation/cb3432f8-bad7-4703-ba66-dc980a4ce4f7,"maskinoperatör, mekanisk verkstad",narrow-match,low,https://taxonomy.api.jobtechdev.se/v1/taxonomy/graphql,30
chpC_tet_f1t,Arbetsledare inom grönyteskötsel och trädgårdsanläggning,http://data.europa.eu/esco/occupation/e7970c7a-7769-4002-87d3-0a8ea94fdd6f,trädgårdsarkitekt,broad-match,low,https://taxonomy.api.jobtechdev.se/v1/taxonomy/graphql,30
chze_8HV_Ujk,Solcellsmontör,http://data.europa.eu/esco/occupation/75b63949-1b93-4bf2-a777-ccf978dc3e8a,"installationselektriker, solenergi",exact-match,high,https://taxonomy.api.jobtechdev.se/v1/taxonomy/graphql,30
ci6b_Nc2_FmS,Underhållsmekaniker,http://data.europa.eu/esco/occupation/23eddde2-5e8b-4953-b275-cdc864e6d976,smörjare,narrow-match,low,https://taxonomy.api.jobtechdev.se/v1/taxonomy/graphql,30
ci6b_Nc2_FmS,Underhållsmekaniker,http://data.europa.eu/esco/occupation/269c47e7-9017-4aa6-bce8-49e89a696a64,"maskinmekaniker, industri",exact-match,high,https://taxonomy.api.jobtechdev.se/v1/taxonomy/graphql,30
ci6b_Nc2_FmS,Underhållsmekaniker,http://data.europa.eu/esco/occupation/2aa7fbbb-f06e-4454-8ff8-2d799e86ba51,"maskinmekaniker, textil",narrow-match,low,https://taxonomy.api.jobtechdev.se/v1/taxonomy/graphql,30
ci6b_Nc2_FmS,Underhållsmekaniker,http://data.europa.eu/esco/occupation/599c2ce9-0e1b-4f63-9d65-1f19b3847efb,maskinreparatör,narrow-match,low,https://taxonomy.api.jobtechdev.se/v1/taxonomy/graphql,30
ci6b_Nc2_FmS,Underhållsmekaniker,http://data.europa.eu/esco/occupation/955ae83a-4d91-4db8-a5d6-bd489e5058df,"maskinmekaniker, gruva",narrow-match,low,https://taxonomy.api.jobtechdev.se/v1/taxonomy/graphql,30
ciWH_LHa_Wf1,"Projektledare, ventilation",http://data.europa.eu/esco/occupation/bea99fea-0383-4c63-b944-70d4799de2c5,projektledare,broad-match,low,https://taxonomy.api.jobtechdev.se/v1/taxonomy/graphql,30
ckkD_JhH_Sc6,Tandsköterska,http://data.europa.eu/esco/occupation/bdc74965-1d1a-4f8e-a490-9cf71f494e02,tandsköterska,exact-match,high,https://taxonomy.api.jobtechdev.se/v1/taxonomy/graphql,30
cvFw_Ay2_ynn,BT-läkare,http://data.europa.eu/esco/occupation/9b889f07-c39c-464d-b9d9-b2daa650f9ac,specialistläkare,broad-match,low,https://taxonomy.api.jobtechdev.se/v1/taxonomy/graphql,30
cyCt_LLE_qDy,Inredningssnickare/Specialsnickare,http://data.europa.eu/esco/occupation/423f4021-322b-4257-9a4e-d6ee5d166fbc,båtinredare,narrow-match,low,https://taxonomy.api.jobtechdev.se/v1/taxonomy/graphql,30
cyCt_LLE_qDy,Inredningssnickare/Specialsnickare,http://data.europa.eu/esco/occupation/e1416610-ad08-4f37-8b46-9f99632a5c0f,inredningssnickare,exact-match,high,https://taxonomy.api.jobtechdev.se/v1/taxonomy/graphql,30
czC6_fEK_A17,Hållbarhetschef,http://data.europa.eu/esco/occupation/1313aeea-63a9-4b4d-82d1-dbe00ff9ed10,csr-chef,exact-match,high,https://taxonomy.api.jobtechdev.se/v1/taxonomy/graphql,30
cztk_vjQ_Jyo,Fortbildningskonsulent,http://data.europa.eu/esco/occupation/d89b23c2-d042-4ca6-a917-109fe5a0b30c,"administratör, utbildningsplaner",close-match,low,https://taxonomy.api.jobtechdev.se/v1/taxonomy/graphql,30
d7s6_CJT_vmu,Kultursekreterare,http://data.europa.eu/esco/occupation/5fe1b340-9b02-4c40-bbc9-ffd4d5fb5699,"handläggare, offentlig förvaltning, kultur",exact-match,high,https://taxonomy.api.jobtechdev.se/v1/taxonomy/graphql,30
d8Kq_mRD_TvK,Städchef,http://data.europa.eu/esco/occupation/fae51298-03a8-4df4-829a-685dddc1580e,arbetsledare för städpersonal,close-match,low,https://taxonomy.api.jobtechdev.se/v1/taxonomy/graphql,30
d9nv_iUm_Jyg,Barnvakt,http://data.europa.eu/esco/occupation/0a5356bc-7f81-4e40-971d-c1dc789c5fb4,barnflicka,exact-match,high,https://taxonomy.api.jobtechdev.se/v1/taxonomy/graphql,30
d9nv_iUm_Jyg,Barnvakt,http://data.europa.eu/esco/occupation/c4a81f47-6ed8-4a17-ab4a-21a2e67fa1d9,barnvakt,exact-match,high,https://taxonomy.api.jobtechdev.se/v1/taxonomy/graphql,30
dASq_9GH_jbS,Uroterapeut,http://data.europa.eu/esco/occupation/18e14e61-495b-44cc-a7c6-df4c625934ba,specialistsjuksköterska,broad-match,low,https://taxonomy.api.jobtechdev.se/v1/taxonomy/graphql,30
dAmo_ydH_Fko,Ambulanssjuksköterska,http://data.europa.eu/esco/occupation/18e14e61-495b-44cc-a7c6-df4c625934ba,specialistsjuksköterska,broad-match,low,https://taxonomy.api.jobtechdev.se/v1/taxonomy/graphql,30
dBVw_5Cw_upG,Familjerättssekreterare,http://data.europa.eu/esco/occupation/5727b567-993d-4d41-a13d-81a6af1a9a8e,socialrådgivare,close-match,low,https://taxonomy.api.jobtechdev.se/v1/taxonomy/graphql,30
dF9d_yih_ua7,Zoolog,http://data.europa.eu/esco/occupation/1c948509-4015-40b0-b380-105fc85782a5,djurparkszoolog,narrow-match,low,https://taxonomy.api.jobtechdev.se/v1/taxonomy/graphql,30
dGC5_1ze_AHS,Jaktvårdskonsulent/Jaktvårdsrådgivare,http://data.europa.eu/esco/occupation/a491c5c1-e126-4414-9ac9-3625a4a79513,viltvårdare,narrow-match,low,https://taxonomy.api.jobtechdev.se/v1/taxonomy/graphql,30
dGoL_oJe_Q5J,Pilot helikopter,http://data.europa.eu/esco/occupation/476420bb-2577-4f79-ad32-186f19c4fd02,helikopterpilot,exact-match,high,https://taxonomy.api.jobtechdev.se/v1/taxonomy/graphql,30
dPjw_76j_Eo5,Barmästare,http://data.europa.eu/esco/occupation/2f5e38a0-6578-4665-bdbd-e2ab505be140,bartender,close-match,low,https://taxonomy.api.jobtechdev.se/v1/taxonomy/graphql,30
dRGN_7fG_GJn,Parkchef,http://data.europa.eu/esco/occupation/771955d9-e988-47f3-b60f-207adb2cd571,"chef, fritidsanläggning",broad-match,low,https://taxonomy.api.jobtechdev.se/v1/taxonomy/graphql,30
dT2w_rhK_JtM,Professor,http://data.europa.eu/esco/occupation/684fd8d5-9b40-4b02-a680-438f0082d923,universitets- och högskolelektor,close-match,low,https://taxonomy.api.jobtechdev.se/v1/taxonomy/graphql,30
dUfE_XG7_TGZ,Hamnarbetare,http://data.europa.eu/esco/occupation/b567a979-c556-49fa-8b36-8af6cfe97624,hamnarbetare/stuveriarbetare,exact-match,high,https://taxonomy.api.jobtechdev.se/v1/taxonomy/graphql,30
dUfE_XG7_TGZ,Hamnarbetare,http://data.europa.eu/esco/occupation/dddf9385-2939-4395-951a-70ef8a36cabe,stuverichef,narrow-match,low,https://taxonomy.api.jobtechdev.se/v1/taxonomy/graphql,30
dVwu_SVA_Yoz,Planarkitekt,http://data.europa.eu/esco/occupation/e14548c8-c2b9-4ef8-8670-d5967d7ad804,stadsplanerare,broad-match,low,https://taxonomy.api.jobtechdev.se/v1/taxonomy/graphql,30
dZtR_dHx_stS,Försöksdjurstekniker,http://data.europa.eu/esco/occupation/0b14d5d7-1bbe-4403-b9e6-7b0f37fc44fc,djurvårdare,broad-match,low,https://taxonomy.api.jobtechdev.se/v1/taxonomy/graphql,30
daqX_L4S_U6H,Driftingenjör industri,http://data.europa.eu/esco/occupation/1c36dd08-f6a7-43f2-a889-beebedb71c25,underhållsingenjör,close-match,low,https://taxonomy.api.jobtechdev.se/v1/taxonomy/graphql,30
dbJy_8L3_Nkb,Förbundssekreterare,http://data.europa.eu/esco/occupation/caf7b8fb-b2d6-46b7-bffa-bea7f8e4aed8,"handläggare, offentlig förvaltning",close-match,low,https://taxonomy.api.jobtechdev.se/v1/taxonomy/graphql,30
dc3q_nr5_Lk4,Audionomstuderande,http://data.europa.eu/esco/occupation/c4d6d07a-ae90-40ce-bc5a-c952805a9bf3,audiolog,close-match,low,https://taxonomy.api.jobtechdev.se/v1/taxonomy/graphql,30
ddSf_Ytu_Kw1,Anhörigkonsulent,http://data.europa.eu/esco/occupation/4edbde9f-218e-49c7-812f-c45262fb4128,socioterapeut,close-match,low,https://taxonomy.api.jobtechdev.se/v1/taxonomy/graphql,30
dhXy_7Te_Tzb,Speciallärare,http://data.europa.eu/esco/occupation/02f1ae71-f89c-47b7-af2c-50d7ab1d9b8a,"lärare i läs- och skrivkunnighet, vuxenutbildning",narrow-match,low,https://taxonomy.api.jobtechdev.se/v1/taxonomy/graphql,30
dhXy_7Te_Tzb,Speciallärare,http://data.europa.eu/esco/occupation/034cad59-e666-4770-a7ef-a337257f8072,"speciallärare, gymnasieskola",narrow-match,low,https://taxonomy.api.jobtechdev.se/v1/taxonomy/graphql,30
dhXy_7Te_Tzb,Speciallärare,http://data.europa.eu/esco/occupation/1044dedc-81d1-48b6-96b3-ced5393b2de1,lärare för särskilt begåvade elever,narrow-match,low,https://taxonomy.api.jobtechdev.se/v1/taxonomy/graphql,30
dhXy_7Te_Tzb,Speciallärare,http://data.europa.eu/esco/occupation/114c5a6c-1869-4a67-8ec0-660ec303f8cc,"lärare, stödundervisning",narrow-match,low,https://taxonomy.api.jobtechdev.se/v1/taxonomy/graphql,30
dhXy_7Te_Tzb,Speciallärare,http://data.europa.eu/esco/occupation/622ccd55-910f-483d-8661-44c6162156bf,"speciallärare, hemundervisning",narrow-match,low,https://taxonomy.api.jobtechdev.se/v1/taxonomy/graphql,30
dhXy_7Te_Tzb,Speciallärare,http://data.europa.eu/esco/occupation/976cbfcc-8958-4800-a435-71d15405a42a,speciallärare,exact-match,high,https://taxonomy.api.jobtechdev.se/v1/taxonomy/graphql,30
dhXy_7Te_Tzb,Speciallärare,http://data.europa.eu/esco/occupation/b6beb46d-9ed2-4a66-9117-7e3f21f234dd,"speciallärare, förskola",narrow-match,low,https://taxonomy.api.jobtechdev.se/v1/taxonomy/graphql,30
dhXy_7Te_Tzb,Speciallärare,http://data.europa.eu/esco/occupation/f89b12a1-689f-4a4f-8695-abb620810f1e,"speciallärare, grundskola",narrow-match,low,https://taxonomy.api.jobtechdev.se/v1/taxonomy/graphql,30
dhfK_iio_46c,"Forskare, kulturgeografi",http://data.europa.eu/esco/occupation/acf69cab-8629-45c8-ae10-c8fb15f474b6,antropolog,close-match,low,https://taxonomy.api.jobtechdev.se/v1/taxonomy/graphql,30
djLC_zjB_Wuq,Länsråd,http://data.europa.eu/esco/occupation/0752ed49-03e7-4d75-8314-a051b3771a1d,generaldirektör,broad-match,low,https://taxonomy.api.jobtechdev.se/v1/taxonomy/graphql,30
dksu_Shs_BKd,Maskinrådgivare/Maskinkonsulent,http://data.europa.eu/esco/occupation/4d5bd738-9202-4fd7-bd8c-7dbe914048de,jordbruksingenjör,close-match,low,https://taxonomy.api.jobtechdev.se/v1/taxonomy/graphql,30
dn3p_YMa_E8p,Växtskyddsspecialist,http://data.europa.eu/esco/occupation/c40ef517-d4ab-4932-b184-9c2ea5b24fe2,agronom,broad-match,low,https://taxonomy.api.jobtechdev.se/v1/taxonomy/graphql,30
dnkr_vvU_JxM,Näringslivschef,http://data.europa.eu/esco/occupation/94e0bedd-e56e-42be-a5a4-b74a260f437c,avdelningschef,broad-match,low,https://taxonomy.api.jobtechdev.se/v1/taxonomy/graphql,30
dp2q_xZZ_gP4,"Lärling, installationselektriker",http://data.europa.eu/esco/occupation/4910419f-b4af-4f59-b544-9dbebc8a74f0,installationselektriker,exact-match,high,https://taxonomy.api.jobtechdev.se/v1/taxonomy/graphql,30
ds7X_mdp_bPc,HR-generalist/HR-partner,http://data.europa.eu/esco/occupation/d3e32e5e-7f24-48e3-b939-e4f800eb62fb,personalhandläggare,broad-match,low,https://taxonomy.api.jobtechdev.se/v1/taxonomy/graphql,30
duza_1Cq_zqj,Operatör läkemedelstillverkning,http://data.europa.eu/esco/occupation/0dae04a4-fa4c-40d3-8518-122cc0f7bfcf,"maskinoperatör, granulator",close-match,low,https://taxonomy.api.jobtechdev.se/v1/taxonomy/graphql,30
duza_1Cq_zqj,Operatör läkemedelstillverkning,http://data.europa.eu/esco/occupation/782ced63-e234-42a4-a7bd-a2d9a12ee61a,tablettoperatör,narrow-match,low,https://taxonomy.api.jobtechdev.se/v1/taxonomy/graphql,30
duza_1Cq_zqj,Operatör läkemedelstillverkning,http://data.europa.eu/esco/occupation/c93d58bd-3aa6-4de4-812d-010542f1dec8,pillermaskinoperatör,narrow-match,low,https://taxonomy.api.jobtechdev.se/v1/taxonomy/graphql,30
duza_1Cq_zqj,Operatör läkemedelstillverkning,http://data.europa.eu/esco/occupation/d3382c5a-589f-453d-a6d8-d28695057079,jäsningsoperatör,narrow-match,low,https://taxonomy.api.jobtechdev.se/v1/taxonomy/graphql,30
dvdA_ymy_6tN,Arbetsterapeutstuderande,http://data.europa.eu/esco/occupation/33da5532-8c4e-4d1b-b52e-c201ee1bc7ab,arbetsterapeut,close-match,low,https://taxonomy.api.jobtechdev.se/v1/taxonomy/graphql,30
dw48_BNM_yEF,Maskinoperatör träindustri,http://data.europa.eu/esco/occupation/218e30f0-bd6c-4120-99ba-9a90665a314f,"fanerarbetare, fanertillverkning",narrow-match,low,https://taxonomy.api.jobtechdev.se/v1/taxonomy/graphql,30
dw48_BNM_yEF,Maskinoperatör träindustri,http://data.europa.eu/esco/occupation/48318e0f-b54b-4654-b296-47c8e544da23,kantmaskinoperatör,narrow-match,low,https://taxonomy.api.jobtechdev.se/v1/taxonomy/graphql,30
dw48_BNM_yEF,Maskinoperatör träindustri,http://data.europa.eu/esco/occupation/a945757e-e171-46a9-847a-13cf04f7cd27,bandsågare,narrow-match,low,https://taxonomy.api.jobtechdev.se/v1/taxonomy/graphql,30
dw48_BNM_yEF,Maskinoperatör träindustri,http://data.europa.eu/esco/occupation/b9c80d74-97b6-4a4b-849e-a3908ba57ae1,"kvalitetsbedömare, faner",narrow-match,low,https://taxonomy.api.jobtechdev.se/v1/taxonomy/graphql,30
dw48_BNM_yEF,Maskinoperatör träindustri,http://data.europa.eu/esco/occupation/c0eb9240-4f70-4393-bdf0-723ce7fdbd36,parkettarbetare,narrow-match,low,https://taxonomy.api.jobtechdev.se/v1/taxonomy/graphql,30
dw48_BNM_yEF,Maskinoperatör träindustri,http://data.europa.eu/esco/occupation/d63b95e6-cf44-479e-bea2-e93498d171d0,"formpressare, skiktträ",narrow-match,low,https://taxonomy.api.jobtechdev.se/v1/taxonomy/graphql,30
dxAK_mLr_bAa,Logistikingenjör,http://data.europa.eu/esco/occupation/51cd3a7a-eae6-4dc6-9f24-179d7ec6d230,logistikanalytiker,exact-match,high,https://taxonomy.api.jobtechdev.se/v1/taxonomy/graphql,30
dxAK_mLr_bAa,Logistikingenjör,http://data.europa.eu/esco/occupation/c4071145-a774-4cf4-aefa-ae18a385cca4,logistikingenjör,exact-match,high,https://taxonomy.api.jobtechdev.se/v1/taxonomy/graphql,30
dxDS_JeM_SdE,Hiss- och rulltrappstekniker,http://data.europa.eu/esco/occupation/f8d1bcf9-9ca1-408f-a713-7bdf28c400fd,hisstekniker,broad-match,low,https://taxonomy.api.jobtechdev.se/v1/taxonomy/graphql,30
dxsZ_fG8_hvR,Montör träprodukter,http://data.europa.eu/esco/occupation/7eadbe33-d62e-4a82-8e3a-e89df5aefb2c,"montör, träprodukter",exact-match,high,https://taxonomy.api.jobtechdev.se/v1/taxonomy/graphql,30
e38N_yjU_sZq,Hovrättslagman,http://data.europa.eu/esco/occupation/07bd65d7-c13f-443a-bdf6-88903f3822be,domare,broad-match,low,https://taxonomy.api.jobtechdev.se/v1/taxonomy/graphql,30
e5sX_ceH_kV7,Databasdesigner,http://data.europa.eu/esco/occupation/8d9ec84d-cf2d-4179-87bc-335cda54a427,databasdesigner,exact-match,high,https://taxonomy.api.jobtechdev.se/v1/taxonomy/graphql,30
e9pE_Lsw_YLn,Maskinoperatör kemitekniska produkter,http://data.europa.eu/esco/occupation/165f32b8-756a-4ef3-87f1-83fbbdc60db7,"maskinoperatör, bekämpningsmedel",narrow-match,low,https://taxonomy.api.jobtechdev.se/v1/taxonomy/graphql,30
e9pE_Lsw_YLn,Maskinoperatör kemitekniska produkter,http://data.europa.eu/esco/occupation/237e21f1-a7fa-4273-91eb-28e7b5d72f60,lacktillverkare,narrow-match,low,https://taxonomy.api.jobtechdev.se/v1/taxonomy/graphql,30
e9pE_Lsw_YLn,Maskinoperatör kemitekniska produkter,http://data.europa.eu/esco/occupation/5b3ef95b-7d99-4af9-b2d0-41c6bc33f58c,kemikalieblandare,narrow-match,low,https://taxonomy.api.jobtechdev.se/v1/taxonomy/graphql,30
e9pE_Lsw_YLn,Maskinoperatör kemitekniska produkter,http://data.europa.eu/esco/occupation/81f8ea60-41d4-434a-b0fc-f870e83e7e27,"maskinoperatör, konstgödsel",narrow-match,low,https://taxonomy.api.jobtechdev.se/v1/taxonomy/graphql,30
e9pE_Lsw_YLn,Maskinoperatör kemitekniska produkter,http://data.europa.eu/esco/occupation/8b273f5e-bdc5-4b73-80bd-3e324a20309b,färgblandare,narrow-match,low,https://taxonomy.api.jobtechdev.se/v1/taxonomy/graphql,30
e9pE_Lsw_YLn,Maskinoperatör kemitekniska produkter,http://data.europa.eu/esco/occupation/c76566f1-97a1-43e9-a7d8-155db0e56987,fernissatillverkare,narrow-match,low,https://taxonomy.api.jobtechdev.se/v1/taxonomy/graphql,30
e9pE_Lsw_YLn,Maskinoperatör kemitekniska produkter,http://data.europa.eu/esco/occupation/d5ad1da5-cf69-4508-9148-a5338f4ffe0e,"maskinoperatör, parfymtillverkning",narrow-match,low,https://taxonomy.api.jobtechdev.se/v1/taxonomy/graphql,30
e9pE_Lsw_YLn,Maskinoperatör kemitekniska produkter,http://data.europa.eu/esco/occupation/ff5210a5-2ea9-43b4-bebc-8d565f928eaa,"maskinoperatör, kosmetikatillverkning",narrow-match,low,https://taxonomy.api.jobtechdev.se/v1/taxonomy/graphql,30
eCL8_A7V_rAF,Konferencier,http://data.europa.eu/esco/occupation/09a9a956-db70-436f-8398-d85a17f6cdfe,programledare,close-match,low,https://taxonomy.api.jobtechdev.se/v1/taxonomy/graphql,30
eEC7_aej_rZu,Digitaltryckare,http://data.europa.eu/esco/occupation/6175b828-026d-4fb4-8be7-418394e1add0,digitaltryckare,exact-match,high,https://taxonomy.api.jobtechdev.se/v1/taxonomy/graphql,30
eEC7_aej_rZu,Digitaltryckare,http://data.europa.eu/esco/occupation/78216000-edc1-474b-9569-28ed6a657da2,"redigerare, desktop publishing",close-match,low,https://taxonomy.api.jobtechdev.se/v1/taxonomy/graphql,30
eKBZ_aZC_KCq,Patinör,http://data.europa.eu/esco/occupation/96186698-f79d-423a-9652-a2a58085d5f1,"dekoratör, trä",close-match,low,https://taxonomy.api.jobtechdev.se/v1/taxonomy/graphql,30
eLMo_pXL_HKP,Valsare,http://data.europa.eu/esco/occupation/6dbca2aa-f83b-4567-a4e7-b9a21fb948bf,"valsverksoperatör, metall",exact-match,high,https://taxonomy.api.jobtechdev.se/v1/taxonomy/graphql,30
eNuV_KQ1_n3y,Industrisömmerska,http://data.europa.eu/esco/occupation/029a5b78-4d1c-4cf9-a2d2-bb8d8729b8a3,"tillverkare, skyddskläder",narrow-match,low,https://taxonomy.api.jobtechdev.se/v1/taxonomy/graphql,30
eNuV_KQ1_n3y,Industrisömmerska,http://data.europa.eu/esco/occupation/53d55c80-6a82-4187-b59f-b737aa4cdaab,"stickmaskinoperatör, lädervaror",narrow-match,low,https://taxonomy.api.jobtechdev.se/v1/taxonomy/graphql,30
eNuV_KQ1_n3y,Industrisömmerska,http://data.europa.eu/esco/occupation/7d4266b3-2108-4330-b27b-430a96012c21,symaskinsoperatör,exact-match,high,https://taxonomy.api.jobtechdev.se/v1/taxonomy/graphql,30
eNuV_KQ1_n3y,Industrisömmerska,http://data.europa.eu/esco/occupation/bda98f02-4f92-4015-a0c8-b86b8abc711a,"sömnadsarbetare, klädprov",narrow-match,low,https://taxonomy.api.jobtechdev.se/v1/taxonomy/graphql,30
eNuV_KQ1_n3y,Industrisömmerska,http://data.europa.eu/esco/occupation/ed096599-56a9-443d-9683-8a92f58aa894,brodermaskinoperatör,narrow-match,low,https://taxonomy.api.jobtechdev.se/v1/taxonomy/graphql,30
eQpn_LHp_c2a,"Civilingenjör, medicinsk teknik",http://data.europa.eu/esco/occupation/0c7c9606-fde3-4658-8136-8fe0c9b8bd09,"ingenjör, medicinsk teknik",exact-match,high,https://taxonomy.api.jobtechdev.se/v1/taxonomy/graphql,30
eRxb_FLE_LsW,Laboratoriechef,http://data.europa.eu/esco/occupation/f4de7e28-ca67-46cd-b760-30e02b3aa83b,"laboratoriechef, medicinskt laboratorium",exact-match,high,https://taxonomy.api.jobtechdev.se/v1/taxonomy/graphql,30
eSph_tp4_T7Z,IT-arkitekt,http://data.europa.eu/esco/occupation/07e60525-1aad-4099-aaf3-2c7014c92212,integrationsingenjör,exact-match,high,https://taxonomy.api.jobtechdev.se/v1/taxonomy/graphql,30
eSph_tp4_T7Z,IT-arkitekt,http://data.europa.eu/esco/occupation/2bef94db-0088-4507-982a-2ca717529adb,it-arkitekt,exact-match,high,https://taxonomy.api.jobtechdev.se/v1/taxonomy/graphql,30
eSph_tp4_T7Z,IT-arkitekt,http://data.europa.eu/esco/occupation/2fb96c6c-8d0b-4ef0-b1ee-3e493305e4eb,molnarkitekt,narrow-match,low,https://taxonomy.api.jobtechdev.se/v1/taxonomy/graphql,30
eSph_tp4_T7Z,IT-arkitekt,http://data.europa.eu/esco/occupation/78faf623-2543-43a5-acb2-3c43a22d36e4,blockkedjearkitekt,narrow-match,low,https://taxonomy.api.jobtechdev.se/v1/taxonomy/graphql,30
eSph_tp4_T7Z,IT-arkitekt,http://data.europa.eu/esco/occupation/bd9d395a-d587-45c6-8d72-ceef226df9e1,systemintegrationskonsult,exact-match,high,https://taxonomy.api.jobtechdev.se/v1/taxonomy/graphql,30
eSph_tp4_T7Z,IT-arkitekt,http://data.europa.eu/esco/occupation/cc325a8f-702e-4bf0-893f-5b5d456475ad,molnidentitetshanterare,narrow-match,low,https://taxonomy.api.jobtechdev.se/v1/taxonomy/graphql,30
eSph_tp4_T7Z,IT-arkitekt,http://data.europa.eu/esco/occupation/d0aa0792-4345-474b-9365-686cf4869d2e,programvaruarkitekt,narrow-match,low,https://taxonomy.api.jobtechdev.se/v1/taxonomy/graphql,30
eTVL_hfE_Lyh,Dataanalytiker,http://data.europa.eu/esco/occupation/30ca97f4-a4fd-4189-a781-ac08f6b09b78,"analytiker, callcenter",narrow-match,low,https://taxonomy.api.jobtechdev.se/v1/taxonomy/graphql,30
eTVL_hfE_Lyh,Dataanalytiker,http://data.europa.eu/esco/occupation/d3edb8f8-3a06-47a0-8fb9-9b212c006aa2,dataanalytiker,exact-match,high,https://taxonomy.api.jobtechdev.se/v1/taxonomy/graphql,30
eU1q_zvL_9Rf,Personlig assistent,http://data.europa.eu/esco/occupation/9c55aa23-e3f2-4c00-8c90-5ed5204951a3,personlig assistent,exact-match,high,https://taxonomy.api.jobtechdev.se/v1/taxonomy/graphql,30
eUw9_e75_NBz,Utbildningsadministratör,http://data.europa.eu/esco/occupation/55b4faa3-286f-4fc8-ac67-8bbb97d08820,utbildningsadministratör,exact-match,high,https://taxonomy.api.jobtechdev.se/v1/taxonomy/graphql,30
eV6T_4DA_V8m,Lärling grundläggningsmaskinförare,http://data.europa.eu/esco/occupation/b4f4b21e-7664-45ca-9697-9123cfd8c9ef,pålmaskinförare,narrow-match,low,https://taxonomy.api.jobtechdev.se/v1/taxonomy/graphql,30
eXSQ_Gwt_hZN,Sågverksoperatör,http://data.europa.eu/esco/occupation/05ae3e87-36ad-428f-a086-8a2ed458db3b,"maskinoperatör, bordsåg",narrow-match,low,https://taxonomy.api.jobtechdev.se/v1/taxonomy/graphql,30
eXSQ_Gwt_hZN,Sågverksoperatör,http://data.europa.eu/esco/occupation/5e5522c5-4b09-4586-a8f0-3b6d66d99969,barkmaskinskötare,narrow-match,low,https://taxonomy.api.jobtechdev.se/v1/taxonomy/graphql,30
eXSQ_Gwt_hZN,Sågverksoperatör,http://data.europa.eu/esco/occupation/7109cdfd-1618-43b6-8317-8dc90fa583e6,sågverksarbetare,narrow-match,low,https://taxonomy.api.jobtechdev.se/v1/taxonomy/graphql,30
eXSQ_Gwt_hZN,Sågverksoperatör,http://data.europa.eu/esco/occupation/865adac9-9bb7-4680-a13d-62b2942974ac,sågverksoperatör,exact-match,high,https://taxonomy.api.jobtechdev.se/v1/taxonomy/graphql,30
eXSQ_Gwt_hZN,Sågverksoperatör,http://data.europa.eu/esco/occupation/976c739f-fec7-45c2-b12e-e1b496aa816b,flisberedare,narrow-match,low,https://taxonomy.api.jobtechdev.se/v1/taxonomy/graphql,30
eXSQ_Gwt_hZN,Sågverksoperatör,http://data.europa.eu/esco/occupation/bd378c4e-f656-46af-a728-fcfb40b113ef,sågoperatör,narrow-match,low,https://taxonomy.api.jobtechdev.se/v1/taxonomy/graphql,30
ebKB_MDe_9pQ,Lagerchef,http://data.europa.eu/esco/occupation/2f5de1ab-eddf-4715-8193-e994912c22ea,lagerchef,exact-match,high,https://taxonomy.api.jobtechdev.se/v1/taxonomy/graphql,30
ebKB_MDe_9pQ,Lagerchef,http://data.europa.eu/esco/occupation/784c98c2-96bd-4610-8da3-87d80f136285,"lagerchef, berett läder",narrow-match,low,https://taxonomy.api.jobtechdev.se/v1/taxonomy/graphql,30
edHP_yoz_SJM,Trader,http://data.europa.eu/esco/occupation/05a06850-d465-481e-9d68-792d4ad1da3e,valutahandlare,narrow-match,low,https://taxonomy.api.jobtechdev.se/v1/taxonomy/graphql,30
edHP_yoz_SJM,Trader,http://data.europa.eu/esco/occupation/1f305576-f57c-42c7-a139-728c72393cd4,"trader, energimarknaden",narrow-match,low,https://taxonomy.api.jobtechdev.se/v1/taxonomy/graphql,30
edHP_yoz_SJM,Trader,http://data.europa.eu/esco/occupation/3b6d4443-4518-4fb3-ae44-188a958e328d,"trader, aktiemarknaden",narrow-match,low,https://taxonomy.api.jobtechdev.se/v1/taxonomy/graphql,30
edHP_yoz_SJM,Trader,http://data.europa.eu/esco/occupation/4bc4170d-f4df-44e4-a3be-394242ae3017,"trader, värdepapper",narrow-match,low,https://taxonomy.api.jobtechdev.se/v1/taxonomy/graphql,30
edHP_yoz_SJM,Trader,http://data.europa.eu/esco/occupation/60bc7374-9fa1-4bbd-b936-2676fca0bfb6,trader,exact-match,high,https://taxonomy.api.jobtechdev.se/v1/taxonomy/graphql,30
edHP_yoz_SJM,Trader,http://data.europa.eu/esco/occupation/e4cdfa86-c3b1-41f1-a4e2-384c73d03bd3,råvaruhandlare,narrow-match,low,https://taxonomy.api.jobtechdev.se/v1/taxonomy/graphql,30
edHP_yoz_SJM,Trader,http://data.europa.eu/esco/occupation/fc81b573-e0ea-4466-8560-c2bb278c314a,"trader, terminer",narrow-match,low,https://taxonomy.api.jobtechdev.se/v1/taxonomy/graphql,30
edK4_xTQ_5Pe,Trafikskolechef,http://data.europa.eu/esco/occupation/2c1ed9dd-9799-4882-8bfa-40b841f7d4a1,"rektor, vuxenutbildning",close-match,low,https://taxonomy.api.jobtechdev.se/v1/taxonomy/graphql,30
eeL2_fda_nys,"ST-läkare, kirurgi",http://data.europa.eu/esco/occupation/71f09c8b-a172-408c-b9e7-32e580e39ff6,läkare,close-match,low,https://taxonomy.api.jobtechdev.se/v1/taxonomy/graphql,30
ef1m_sEu_ok6,Nationalekonom,http://data.europa.eu/esco/occupation/56afc09a-75a0-49c7-a5cb-256df45d8f2d,ekonomisk rådgivare,exact-match,high,https://taxonomy.api.jobtechdev.se/v1/taxonomy/graphql,30
ef1m_sEu_ok6,Nationalekonom,http://data.europa.eu/esco/occupation/9e1e8379-6377-4969-b141-0d2337218fc9,"samordnare, ekonomisk utveckling",narrow-match,low,https://taxonomy.api.jobtechdev.se/v1/taxonomy/graphql,30
efeN_hRi_hHL,Eventförsäljare,http://data.europa.eu/esco/occupation/056f1849-7ff8-4d6f-9b8a-176a610bba44,demonstratör,broad-match,low,https://taxonomy.api.jobtechdev.se/v1/taxonomy/graphql,30
efyx_6es_7jQ,"Montör, gummi- och plastprodukter",http://data.europa.eu/esco/occupation/599f34f0-bdf7-49e3-b5a9-f5d55f9e6873,"montör, plastprodukter",exact-match,high,https://taxonomy.api.jobtechdev.se/v1/taxonomy/graphql,30
efyx_6es_7jQ,"Montör, gummi- och plastprodukter",http://data.europa.eu/esco/occupation/73d3bee2-7c5e-4de2-8dd9-67241615dfd3,"montör, gummiprodukter",exact-match,high,https://taxonomy.api.jobtechdev.se/v1/taxonomy/graphql,30
egDr_i9z_xoT,Agronom,http://data.europa.eu/esco/occupation/c40ef517-d4ab-4932-b184-9c2ea5b24fe2,agronom,exact-match,high,https://taxonomy.api.jobtechdev.se/v1/taxonomy/graphql,30
eirM_Tfo_qRu,Budgetplanerare,http://data.europa.eu/esco/occupation/394a4bdd-7032-4d87-89a2-9d937cebdd09,"handläggare, offentlig förvaltning, ekonomi",close-match,low,https://taxonomy.api.jobtechdev.se/v1/taxonomy/graphql,30
eirM_Tfo_qRu,Budgetplanerare,http://data.europa.eu/esco/occupation/4e4a291d-1d38-4c5a-812a-5827d0691b11,budgetanalytiker,close-match,low,https://taxonomy.api.jobtechdev.se/v1/taxonomy/graphql,30
eirM_Tfo_qRu,Budgetplanerare,http://data.europa.eu/esco/occupation/84871c2a-abd1-45eb-b03a-65e51a26fd84,kostnadsanalytiker,close-match,low,https://taxonomy.api.jobtechdev.se/v1/taxonomy/graphql,30
ejV5_Uzv_U6k,Riksdagsledamot,http://data.europa.eu/esco/occupation/5bca96fd-4203-400b-be58-9e9b50bc98da,riksdagsledamot,exact-match,high,https://taxonomy.api.jobtechdev.se/v1/taxonomy/graphql,30
ek9W_CmD_y2M,"Butikssäljare, fackhandel",http://data.europa.eu/esco/occupation/03b9d7c4-9590-4e0d-97a7-470254e165d4,"specialiserad säljare, järn- och färghandel",narrow-match,low,https://taxonomy.api.jobtechdev.se/v1/taxonomy/graphql,30
ek9W_CmD_y2M,"Butikssäljare, fackhandel",http://data.europa.eu/esco/occupation/0b15375e-dfdd-4047-9efb-096e0aaee7d2,butikssäljare,exact-match,high,https://taxonomy.api.jobtechdev.se/v1/taxonomy/graphql,30
ek9W_CmD_y2M,"Butikssäljare, fackhandel",http://data.europa.eu/esco/occupation/0d9eed6b-4908-4112-bf37-ae08e2f0f326,"specialiserad säljare, vapen och ammunition",narrow-match,low,https://taxonomy.api.jobtechdev.se/v1/taxonomy/graphql,30
ek9W_CmD_y2M,"Butikssäljare, fackhandel",http://data.europa.eu/esco/occupation/11103139-4555-4696-b331-1ee581ff9a38,"specialiserad säljare, sport och fritid",narrow-match,low,https://taxonomy.api.jobtechdev.se/v1/taxonomy/graphql,30
ek9W_CmD_y2M,"Butikssäljare, fackhandel",http://data.europa.eu/esco/occupation/1246764a-ce7c-45e8-9675-e445d145e818,"specialicerad säljare, bokhandel",narrow-match,low,https://taxonomy.api.jobtechdev.se/v1/taxonomy/graphql,30
ek9W_CmD_y2M,"Butikssäljare, fackhandel",http://data.europa.eu/esco/occupation/13da27aa-ca6a-476d-ab2c-efc9e5bd97b2,"specialiserad säljare, kläder",narrow-match,low,https://taxonomy.api.jobtechdev.se/v1/taxonomy/graphql,30
ek9W_CmD_y2M,"Butikssäljare, fackhandel",http://data.europa.eu/esco/occupation/268565be-d94f-4983-a33f-2b7dabc61f24,"specialiserad säljare, konfektyr",narrow-match,low,https://taxonomy.api.jobtechdev.se/v1/taxonomy/graphql,30
ek9W_CmD_y2M,"Butikssäljare, fackhandel",http://data.europa.eu/esco/occupation/399afb40-d58b-4f4a-aa52-a0378fccaf65,"specialiserad säljare, sällskapsdjur och djurmat",narrow-match,low,https://taxonomy.api.jobtechdev.se/v1/taxonomy/graphql,30
ek9W_CmD_y2M,"Butikssäljare, fackhandel",http://data.europa.eu/esco/occupation/3a17bd32-8a00-47cb-82aa-2b5660cf1192,"specialiserad säljare, hörhjälpmedel",narrow-match,low,https://taxonomy.api.jobtechdev.se/v1/taxonomy/graphql,30
ek9W_CmD_y2M,"Butikssäljare, fackhandel",http://data.europa.eu/esco/occupation/3ff2fdf4-af54-4517-873d-73e9353f112e,"specialiserad säljare, datorspel, multimedia och programvara",narrow-match,low,https://taxonomy.api.jobtechdev.se/v1/taxonomy/graphql,30
ek9W_CmD_y2M,"Butikssäljare, fackhandel",http://data.europa.eu/esco/occupation/4ae3ad16-2d33-406c-8497-c66f7d61b914,"specialiserad säljare, second hand",narrow-match,low,https://taxonomy.api.jobtechdev.se/v1/taxonomy/graphql,30
ek9W_CmD_y2M,"Butikssäljare, fackhandel",http://data.europa.eu/esco/occupation/4b1b1c9c-579c-45c8-8a34-db39f544c031,"specialiserad säljare, möbler",narrow-match,low,https://taxonomy.api.jobtechdev.se/v1/taxonomy/graphql,30
ek9W_CmD_y2M,"Butikssäljare, fackhandel",http://data.europa.eu/esco/occupation/4dc6e03f-bfb0-4078-a453-01bd1cb735aa,"specialiserad säljare, datorer och datortillbehör",narrow-match,low,https://taxonomy.api.jobtechdev.se/v1/taxonomy/graphql,30
ek9W_CmD_y2M,"Butikssäljare, fackhandel",http://data.europa.eu/esco/occupation/528f90ed-e250-48bd-aacc-ffb7b1de5654,"specialiserad säljare, textilier",narrow-match,low,https://taxonomy.api.jobtechdev.se/v1/taxonomy/graphql,30
ek9W_CmD_y2M,"Butikssäljare, fackhandel",http://data.europa.eu/esco/occupation/547b304b-9a72-4717-9b24-b7046df5f64e,specialiserad säljare,broad-match,low,https://taxonomy.api.jobtechdev.se/v1/taxonomy/graphql,30
ek9W_CmD_y2M,"Butikssäljare, fackhandel",http://data.europa.eu/esco/occupation/71bac871-7594-4d86-a19f-592079bd8154,"specialiserad säljare, byggmaterial",narrow-match,low,https://taxonomy.api.jobtechdev.se/v1/taxonomy/graphql,30
ek9W_CmD_y2M,"Butikssäljare, fackhandel",http://data.europa.eu/esco/occupation/72149e37-f4f4-4570-8c17-27444160aa16,"specialiserad säljare, skor och lädervaror",narrow-match,low,https://taxonomy.api.jobtechdev.se/v1/taxonomy/graphql,30
ek9W_CmD_y2M,"Butikssäljare, fackhandel",http://data.europa.eu/esco/occupation/773753ad-c4f7-4052-b3b4-440435199d6b,"specialiserad säljare, parfymer och kosmetika",narrow-match,low,https://taxonomy.api.jobtechdev.se/v1/taxonomy/graphql,30
ek9W_CmD_y2M,"Butikssäljare, fackhandel",http://data.europa.eu/esco/occupation/80fe3002-3ae4-4d3b-8969-0f2ce1049d7d,"specialiserad säljare, ur, guldsmedsvaror och smycken",narrow-match,low,https://taxonomy.api.jobtechdev.se/v1/taxonomy/graphql,30
ek9W_CmD_y2M,"Butikssäljare, fackhandel",http://data.europa.eu/esco/occupation/8269720b-49c7-4185-ad7e-05d8d31ac041,"specialiserad säljare, spel och leksaker",narrow-match,low,https://taxonomy.api.jobtechdev.se/v1/taxonomy/graphql,30
ek9W_CmD_y2M,"Butikssäljare, fackhandel",http://data.europa.eu/esco/occupation/8712c91f-defb-4483-9e99-d9f896664a11,"specialiserad säljare, hushållsapparater",narrow-match,low,https://taxonomy.api.jobtechdev.se/v1/taxonomy/graphql,30
ek9W_CmD_y2M,"Butikssäljare, fackhandel",http://data.europa.eu/esco/occupation/8f8455a9-d2ac-4f1c-ac83-4f4aa82b1eb7,"specialiserad säljare, ortopediska artiklar",narrow-match,low,https://taxonomy.api.jobtechdev.se/v1/taxonomy/graphql,30
ek9W_CmD_y2M,"Butikssäljare, fackhandel",http://data.europa.eu/esco/occupation/9ba74e8a-c40c-4228-9998-eb3c7a5c11df,försäljningsassistent,narrow-match,low,https://taxonomy.api.jobtechdev.se/v1/taxonomy/graphql,30
ek9W_CmD_y2M,"Butikssäljare, fackhandel",http://data.europa.eu/esco/occupation/a10222e7-1940-4ca3-86c1-99b115535969,"specialiserad säljare, ljud- och bildutrustning",narrow-match,low,https://taxonomy.api.jobtechdev.se/v1/taxonomy/graphql,30
ek9W_CmD_y2M,"Butikssäljare, fackhandel",http://data.europa.eu/esco/occupation/b674a89a-4439-4ad5-822d-518036415503,"specialiserad säljare, tobaksvaror",narrow-match,low,https://taxonomy.api.jobtechdev.se/v1/taxonomy/graphql,30
ek9W_CmD_y2M,"Butikssäljare, fackhandel",http://data.europa.eu/esco/occupation/c0768628-46ad-4077-aee0-66ab6d7711df,"specialiserad säljare, blommor och trädgård",narrow-match,low,https://taxonomy.api.jobtechdev.se/v1/taxonomy/graphql,30
ek9W_CmD_y2M,"Butikssäljare, fackhandel",http://data.europa.eu/esco/occupation/ccf0becd-247d-4497-9ee7-25a46c1ffb7a,"specialiserad säljare, tidningar och pappersvaror",narrow-match,low,https://taxonomy.api.jobtechdev.se/v1/taxonomy/graphql,30
ek9W_CmD_y2M,"Butikssäljare, fackhandel",http://data.europa.eu/esco/occupation/d35f9e79-5778-43b4-8667-0e3ba1fcb19a,varuplockare,narrow-match,low,https://taxonomy.api.jobtechdev.se/v1/taxonomy/graphql,30
ek9W_CmD_y2M,"Butikssäljare, fackhandel",http://data.europa.eu/esco/occupation/d6b339ed-8dc9-4281-8c91-c8287eceee40,"uthyrare, video och dvd",narrow-match,low,https://taxonomy.api.jobtechdev.se/v1/taxonomy/graphql,30
ek9W_CmD_y2M,"Butikssäljare, fackhandel",http://data.europa.eu/esco/occupation/d9fb82d0-9b07-4c38-b8e2-d146ff8850b9,"specialiserad säljare, golv- och väggbeklädnad",narrow-match,low,https://taxonomy.api.jobtechdev.se/v1/taxonomy/graphql,30
ek9W_CmD_y2M,"Butikssäljare, fackhandel",http://data.europa.eu/esco/occupation/e02d7c8a-1e38-4a67-a6e1-f580e550238f,"specialiserad säljare, musik och film",narrow-match,low,https://taxonomy.api.jobtechdev.se/v1/taxonomy/graphql,30
ek9W_CmD_y2M,"Butikssäljare, fackhandel",http://data.europa.eu/esco/occupation/f4b4fb1d-0224-4e6b-b7c9-84bcf133be00,"specialiserad säljare, telekommunikationsutrustning",narrow-match,low,https://taxonomy.api.jobtechdev.se/v1/taxonomy/graphql,30
ek9W_CmD_y2M,"Butikssäljare, fackhandel",http://data.europa.eu/esco/occupation/f8304b4c-1220-4979-b2dd-47d2a2f0734a,"specialiserad säljare, antikviteter",narrow-match,low,https://taxonomy.api.jobtechdev.se/v1/taxonomy/graphql,30
ek9W_CmD_y2M,"Butikssäljare, fackhandel",http://data.europa.eu/esco/occupation/f8da6546-0c8a-4bd0-a952-6f3c253c9aba,personlig shoppare,narrow-match,low,https://taxonomy.api.jobtechdev.se/v1/taxonomy/graphql,30
em7T_Cwz_MWd,Arbetsledare elkraft,http://data.europa.eu/esco/occupation/1e55f5e3-2f02-434b-997b-9a9f3eb745e8,"arbetsledare, elkraft",exact-match,high,https://taxonomy.api.jobtechdev.se/v1/taxonomy/graphql,30
em7T_Cwz_MWd,Arbetsledare elkraft,http://data.europa.eu/esco/occupation/8862c29b-3810-4fbc-85c7-c9ee87535f73,"arbetsledare, elinstallation",exact-match,high,https://taxonomy.api.jobtechdev.se/v1/taxonomy/graphql,30
enMi_XgH_GQc,Hemvårdare,http://data.europa.eu/esco/occupation/1391bdf9-bd61-4fb5-91ca-c29036ab2b60,hemtjänstassistent,exact-match,high,https://taxonomy.api.jobtechdev.se/v1/taxonomy/graphql,30
enMi_XgH_GQc,Hemvårdare,http://data.europa.eu/esco/occupation/d5954a2b-a525-45b7-b6d9-b62efafc6c78,hemvårdare,close-match,low,https://taxonomy.api.jobtechdev.se/v1/taxonomy/graphql,30
epXn_rsH_F7e,Ambassadråd,http://data.europa.eu/esco/occupation/a2494c65-11a8-4853-9371-c89333c33be1,ambassadråd,exact-match,high,https://taxonomy.api.jobtechdev.se/v1/taxonomy/graphql,30
eqan_mWc_axo,"Platschef, film/Platschef, TV",http://data.europa.eu/esco/occupation/89a0af2a-edf4-4d1a-8526-f4a8f476cea2,platschef,exact-match,high,https://taxonomy.api.jobtechdev.se/v1/taxonomy/graphql,30
etkf_dBn_JbW,Utbildningsledare,http://data.europa.eu/esco/occupation/55b4faa3-286f-4fc8-ac67-8bbb97d08820,utbildningsadministratör,close-match,low,https://taxonomy.api.jobtechdev.se/v1/taxonomy/graphql,30
euBU_PCc_Jh2,"ST-läkare, rättsmedicin",http://data.europa.eu/esco/occupation/71f09c8b-a172-408c-b9e7-32e580e39ff6,läkare,close-match,low,https://taxonomy.api.jobtechdev.se/v1/taxonomy/graphql,30
euJP_wxo_skF,Dansare,http://data.europa.eu/esco/occupation/07b91f36-8272-493a-8e1c-5625e77efe68,dansare,exact-match,high,https://taxonomy.api.jobtechdev.se/v1/taxonomy/graphql,30
evtB_Zc1_S4L,Körsnär,http://data.europa.eu/esco/occupation/978ae3a2-0831-415a-8396-b84dde656fc5,skräddare,broad-match,low,https://taxonomy.api.jobtechdev.se/v1/taxonomy/graphql,30
ewwW_RjX_2BQ,Hjärtsjuksköterska,http://data.europa.eu/esco/occupation/18e14e61-495b-44cc-a7c6-df4c625934ba,specialistsjuksköterska,broad-match,low,https://taxonomy.api.jobtechdev.se/v1/taxonomy/graphql,30
f1zq_tpA_QtN,Specialpedagog,http://data.europa.eu/esco/occupation/9a26d76b-b9e3-46ae-ab4b-057a1262138b,"samordnare, behov av specialundervisning",narrow-match,low,https://taxonomy.api.jobtechdev.se/v1/taxonomy/graphql,30
f2EK_V1t_89m,Gatuchef,http://data.europa.eu/esco/occupation/94e0bedd-e56e-42be-a5a4-b74a260f437c,avdelningschef,broad-match,low,https://taxonomy.api.jobtechdev.se/v1/taxonomy/graphql,30
f4mp_tWX_wa9,Ljuddesigner,http://data.europa.eu/esco/occupation/790c8dca-f624-4bdc-ac16-27bc13ead188,ljuddesigner,exact-match,high,https://taxonomy.api.jobtechdev.se/v1/taxonomy/graphql,30
f4qH_cL4_piJ,Produktionsingenjör raffinaderi,http://data.europa.eu/esco/occupation/310ad9e0-ffc9-4980-b47c-1e856a404eff,"maskinoperatör, destillation",narrow-match,low,https://taxonomy.api.jobtechdev.se/v1/taxonomy/graphql,30
f4qH_cL4_piJ,Produktionsingenjör raffinaderi,http://data.europa.eu/esco/occupation/35bc3847-58ad-46f5-8921-e58acc2762a6,kemiingenjör,broad-match,low,https://taxonomy.api.jobtechdev.se/v1/taxonomy/graphql,30
f4qH_cL4_piJ,Produktionsingenjör raffinaderi,http://data.europa.eu/esco/occupation/7569f423-2c37-49aa-947e-41acb66ec909,petroleumingenjör,exact-match,high,https://taxonomy.api.jobtechdev.se/v1/taxonomy/graphql,30
f4uL_hds_hmu,Fastighetsutvecklare,http://data.europa.eu/esco/occupation/7e46c066-2b98-4eaf-bed6-9848c79902e0,fastighetsinvesterare,narrow-match,low,https://taxonomy.api.jobtechdev.se/v1/taxonomy/graphql,30
f4uL_hds_hmu,Fastighetsutvecklare,http://data.europa.eu/esco/occupation/afc5a0f4-42e5-4bfb-910c-2b54b44f99c5,fastighetsvärderare,narrow-match,low,https://taxonomy.api.jobtechdev.se/v1/taxonomy/graphql,30
f5ea_EuN_EfJ,Lärare i kulturskolan,http://data.europa.eu/esco/occupation/5b6c0c64-1321-4fe7-a274-3287c13b489c,"musiklärare, gymnasieskola",narrow-match,low,https://taxonomy.api.jobtechdev.se/v1/taxonomy/graphql,30
f5ea_EuN_EfJ,Lärare i kulturskolan,http://data.europa.eu/esco/occupation/5efb2c08-ba3a-4659-a2e4-1883f54e77b6,gymnasielärare,broad-match,low,https://taxonomy.api.jobtechdev.se/v1/taxonomy/graphql,30
f67v_vgo_iau,Flight Data Operator,http://data.europa.eu/esco/occupation/4be03a63-0423-4e50-acbf-aec405bb0741,flygledarassistent,exact-match,high,https://taxonomy.api.jobtechdev.se/v1/taxonomy/graphql,30
f876_1rP_bai,Korgmakare,http://data.europa.eu/esco/occupation/949bccd9-e1d2-4c57-b787-53b451aa1354,korgmöbelmakare,narrow-match,low,https://taxonomy.api.jobtechdev.se/v1/taxonomy/graphql,30
f876_1rP_bai,Korgmakare,http://data.europa.eu/esco/occupation/b07e291d-1ea0-44d6-861c-e2c36861f9e3,korgmakare,exact-match,high,https://taxonomy.api.jobtechdev.se/v1/taxonomy/graphql,30
fBP4_Dhp_xzc,Maskinoperatör sprängämnen och pyroteknik,http://data.europa.eu/esco/occupation/01da600c-ddb3-4a37-95e9-5301b459ae90,"maskinoperatör, sprängämnen och pyroteknik",exact-match,high,https://taxonomy.api.jobtechdev.se/v1/taxonomy/graphql,30
fBP4_Dhp_xzc,Maskinoperatör sprängämnen och pyroteknik,http://data.europa.eu/esco/occupation/183d60f2-277f-47c8-a8c6-f5c8eedba2b0,ammunitionsarbetare,exact-match,high,https://taxonomy.api.jobtechdev.se/v1/taxonomy/graphql,30
fBP4_Dhp_xzc,Maskinoperatör sprängämnen och pyroteknik,http://data.europa.eu/esco/occupation/1999bdfa-f9c4-4a0b-8565-0305108ca65e,pyroteknisk torkrumsskötare,narrow-match,low,https://taxonomy.api.jobtechdev.se/v1/taxonomy/graphql,30
fBP4_Dhp_xzc,Maskinoperatör sprängämnen och pyroteknik,http://data.europa.eu/esco/occupation/30cdbb0a-4f62-4d0e-811c-72e3f95d017b,"blandarskötare, sprängämnesindustri",narrow-match,low,https://taxonomy.api.jobtechdev.se/v1/taxonomy/graphql,30
fBP4_Dhp_xzc,Maskinoperatör sprängämnen och pyroteknik,http://data.europa.eu/esco/occupation/bfdc096e-e450-424d-9340-46968047ed68,"processoperatör, neutralisering av nitroglycerin",narrow-match,low,https://taxonomy.api.jobtechdev.se/v1/taxonomy/graphql,30
fBP4_Dhp_xzc,Maskinoperatör sprängämnen och pyroteknik,http://data.europa.eu/esco/occupation/ee37a4a5-5360-4e94-a749-a2b8ead08500,"maskinoperatör, sprängämnen",exact-match,high,https://taxonomy.api.jobtechdev.se/v1/taxonomy/graphql,30
fCCr_Mp8_6oE,"Platschef, anläggning",http://data.europa.eu/esco/occupation/faed05c0-c1d1-4e34-b575-0dea96459e56,"chef, bygg och anläggning",broad-match,low,https://taxonomy.api.jobtechdev.se/v1/taxonomy/graphql,30
fCPi_bZh_PBa,Stadsutvecklare/Samhällsstrateg,http://data.europa.eu/esco/occupation/e14548c8-c2b9-4ef8-8670-d5967d7ad804,stadsplanerare,exact-match,high,https://taxonomy.api.jobtechdev.se/v1/taxonomy/graphql,30
fGU9_3VM_B6g,Hyveloperatör sågverk,http://data.europa.eu/esco/occupation/431f0055-43ca-406c-99f0-fb10a73d684e,"planhyvlare, trä",exact-match,high,https://taxonomy.api.jobtechdev.se/v1/taxonomy/graphql,30
fHs2_j2K_p7B,Flygplansmontör,http://data.europa.eu/esco/occupation/036dc42f-bd4d-4533-a3cc-fcd313227ce3,"motormontör, flygplan",exact-match,high,https://taxonomy.api.jobtechdev.se/v1/taxonomy/graphql,30
fHs2_j2K_p7B,Flygplansmontör,http://data.europa.eu/esco/occupation/ad7c76e8-af96-42af-99a5-d579f707758c,flygplansmontör,exact-match,high,https://taxonomy.api.jobtechdev.se/v1/taxonomy/graphql,30
fHs2_j2K_p7B,Flygplansmontör,http://data.europa.eu/esco/occupation/c932109b-3e4f-43aa-b346-1ea421da0adb,"tapetserare, flygplan",close-match,low,https://taxonomy.api.jobtechdev.se/v1/taxonomy/graphql,30
fKDg_zwQ_iE2,"Pastor, frikyrkoförsamling",http://data.europa.eu/esco/occupation/ed256ed0-0432-4969-8544-3e5e01a517a9,religiös ledare,broad-match,low,https://taxonomy.api.jobtechdev.se/v1/taxonomy/graphql,30
fLps_qRU_1CC,Bartender,http://data.europa.eu/esco/occupation/2f5e38a0-6578-4665-bdbd-e2ab505be140,bartender,exact-match,high,https://taxonomy.api.jobtechdev.se/v1/taxonomy/graphql,30
fLps_qRU_1CC,Bartender,http://data.europa.eu/esco/occupation/e20816a9-51d0-410b-b2c6-cbc22c1c4256,cocktailbartender,exact-match,high,https://taxonomy.api.jobtechdev.se/v1/taxonomy/graphql,30
fMd8_Y9C_1cF,Robottekniker,http://data.europa.eu/esco/occupation/7833d5cd-873d-4fdd-b2f8-9762d68494a7,"tekniker, robotteknik",exact-match,high,https://taxonomy.api.jobtechdev.se/v1/taxonomy/graphql,30
fMd8_Y9C_1cF,Robottekniker,http://data.europa.eu/esco/occupation/869e3a85-6e4c-4e3c-b14f-a8399c1abd2d,robotoperatör,close-match,low,https://taxonomy.api.jobtechdev.se/v1/taxonomy/graphql,30
fPML_mHU_d94,Förman växt- och grönsaksodling,http://data.europa.eu/esco/occupation/f5e80af5-eebe-4133-878a-5dc5ef34fe93,gruppledare inom växtodling,exact-match,high,https://taxonomy.api.jobtechdev.se/v1/taxonomy/graphql,30
fRKT_Fdr_fHL,Demonteringsarbetare/Rivningsarbetare,http://data.europa.eu/esco/occupation/dd89e26f-bb5c-45cb-91c6-8b4d5d82a31f,rivningsarbetare,exact-match,high,https://taxonomy.api.jobtechdev.se/v1/taxonomy/graphql,30
fRKT_Fdr_fHL,Demonteringsarbetare/Rivningsarbetare,http://data.europa.eu/esco/occupation/ea6cd713-94ca-4292-9ba9-ca8a4ec3ed5f,demonteringsarbetare,exact-match,high,https://taxonomy.api.jobtechdev.se/v1/taxonomy/graphql,30
fRnA_rcj_eJi,Skrivtolk/Vuxendövtolk,http://data.europa.eu/esco/occupation/23e692a9-a242-4d4f-988f-ed562f757864,tolk,broad-match,low,https://taxonomy.api.jobtechdev.se/v1/taxonomy/graphql,30
fRwb_quG_Hmx,Byråchef,http://data.europa.eu/esco/occupation/0752ed49-03e7-4d75-8314-a051b3771a1d,generaldirektör,broad-match,low,https://taxonomy.api.jobtechdev.se/v1/taxonomy/graphql,30
fSLM_a7G_ZfA,Markingenjör,http://data.europa.eu/esco/occupation/624986f9-21ef-4cdf-8cf6-8407a337ec2f,geodet,narrow-match,low,https://taxonomy.api.jobtechdev.se/v1/taxonomy/graphql,30
fSLM_a7G_ZfA,Markingenjör,http://data.europa.eu/esco/occupation/b176e5d7-1f94-495c-907f-80a7f61aed59,"mätningstekniker, fjärranalys",narrow-match,low,https://taxonomy.api.jobtechdev.se/v1/taxonomy/graphql,30
fUJp_V4d_ueo,Verksamhetsutvecklare,http://data.europa.eu/esco/occupation/c9862fdd-53b7-4da9-b742-4302d704836c,"verksamhetsutvecklare, lean",narrow-match,low,https://taxonomy.api.jobtechdev.se/v1/taxonomy/graphql,30
fUgD_M9L_fen,Drift- och vägunderhållsarbetare,http://data.europa.eu/esco/occupation/c9a5f7c5-0f8b-4252-9729-5f19c105ef81,drift- och vägunderhållsarbetare,exact-match,high,https://taxonomy.api.jobtechdev.se/v1/taxonomy/graphql,30
fUgD_M9L_fen,Drift- och vägunderhållsarbetare,http://data.europa.eu/esco/occupation/f272a521-1a38-4d34-a78e-3adeca95b977,vägunderhållsarbetare,exact-match,high,https://taxonomy.api.jobtechdev.se/v1/taxonomy/graphql,30
fYBk_dfW_DJc,"Kontrollanläggningsingenjör, elkraft",http://data.europa.eu/esco/occupation/ac37627c-a999-4779-997e-9795cc4f9a3d,"ingenjör, effektfördelning",exact-match,high,https://taxonomy.api.jobtechdev.se/v1/taxonomy/graphql,30
fZoS_si8_SFg,IT-säkerhetsansvarig,http://data.europa.eu/esco/occupation/276ba420-ef09-4a0e-b215-2c2e2f80ad28,it-säkerhetsansvarig,exact-match,high,https://taxonomy.api.jobtechdev.se/v1/taxonomy/graphql,30
fbTg_DGa_7px,Naturguide,http://data.europa.eu/esco/occupation/1185cfe1-49a7-44a7-8dee-45b2f36727f9,naturguide,exact-match,high,https://taxonomy.api.jobtechdev.se/v1/taxonomy/graphql,30
fbTg_DGa_7px,Naturguide,http://data.europa.eu/esco/occupation/26105840-8abb-4f91-a888-1211cb798b0b,parkguide,broad-match,low,https://taxonomy.api.jobtechdev.se/v1/taxonomy/graphql,30
fbTg_DGa_7px,Naturguide,http://data.europa.eu/esco/occupation/52a769ab-c899-4e8c-b31d-e5c2a01f32e3,överlevnadsinstruktör,close-match,low,https://taxonomy.api.jobtechdev.se/v1/taxonomy/graphql,30
fbTg_DGa_7px,Naturguide,http://data.europa.eu/esco/occupation/86e8e172-234d-4e85-b9ae-6a4aecc2c321,bergsguide,narrow-match,low,https://taxonomy.api.jobtechdev.se/v1/taxonomy/graphql,30
fbTg_DGa_7px,Naturguide,http://data.europa.eu/esco/occupation/b476f45f-2c79-44d5-a4d7-fa357aa83074,turistguide,broad-match,low,https://taxonomy.api.jobtechdev.se/v1/taxonomy/graphql,30
fd4V_Y5T_X8a,"Bergarbetare, bygg och anläggning, utan yrkesbevis",http://data.europa.eu/esco/occupation/4a215d87-8363-4db2-a661-3c0d816b2a70,gruvarbetare vid dagbrott,exact-match,high,https://taxonomy.api.jobtechdev.se/v1/taxonomy/graphql,30
fd4V_Y5T_X8a,"Bergarbetare, bygg och anläggning, utan yrkesbevis",http://data.europa.eu/esco/occupation/4cdfac8c-b000-4279-985e-31bc1fbe2447,gruvarbetare under jord,exact-match,high,https://taxonomy.api.jobtechdev.se/v1/taxonomy/graphql,30
fd4V_Y5T_X8a,"Bergarbetare, bygg och anläggning, utan yrkesbevis",http://data.europa.eu/esco/occupation/efd5d3cb-3716-43b7-b21b-98e17f00e9eb,"lärling, bergarbetare",exact-match,high,https://taxonomy.api.jobtechdev.se/v1/taxonomy/graphql,30
feSZ_7hV_89t,Etnolog,http://data.europa.eu/esco/occupation/acf69cab-8629-45c8-ae10-c8fb15f474b6,antropolog,close-match,low,https://taxonomy.api.jobtechdev.se/v1/taxonomy/graphql,30
feYj_4wY_fCC,Socialantropolog,http://data.europa.eu/esco/occupation/acf69cab-8629-45c8-ae10-c8fb15f474b6,antropolog,broad-match,low,https://taxonomy.api.jobtechdev.se/v1/taxonomy/graphql,30
febp_FvM_dkW,Maskör,http://data.europa.eu/esco/occupation/5dd01019-3999-4d90-bc8a-7a04b0b208b0,maskör,exact-match,high,https://taxonomy.api.jobtechdev.se/v1/taxonomy/graphql,30
febp_FvM_dkW,Maskör,http://data.europa.eu/esco/occupation/f60dc59b-7681-45d4-8114-b3a646e02ab2,"frisör, scenkonst",close-match,low,https://taxonomy.api.jobtechdev.se/v1/taxonomy/graphql,30
fg7B_yov_smw,Systemutvecklare/Programmerare,http://data.europa.eu/esco/occupation/349ee6f6-c295-4c38-9b98-48765b55280e,molntekniker,narrow-match,low,https://taxonomy.api.jobtechdev.se/v1/taxonomy/graphql,30
fg7B_yov_smw,Systemutvecklare/Programmerare,http://data.europa.eu/esco/occupation/6ce5f7e3-a534-4aa2-ab23-255408ddb53a,IoT-utvecklare,narrow-match,low,https://taxonomy.api.jobtechdev.se/v1/taxonomy/graphql,30
fg7B_yov_smw,Systemutvecklare/Programmerare,http://data.europa.eu/esco/occupation/a7c1d23d-aeca-4bee-9a08-5993ed98b135,IKT-systemutvecklare,exact-match,high,https://taxonomy.api.jobtechdev.se/v1/taxonomy/graphql,30
fjFj_GGk_woa,Budgetchef,http://data.europa.eu/esco/occupation/44e0c015-309d-4f67-98a3-1e036966ed7f,budgetchef,exact-match,high,https://taxonomy.api.jobtechdev.se/v1/taxonomy/graphql,30
fsDP_fPf_xfC,Officer,http://data.europa.eu/esco/occupation/0b1d8dcb-d941-4d79-99bf-fc10c1806c43,marinchef,narrow-match,low,https://taxonomy.api.jobtechdev.se/v1/taxonomy/graphql,30
fsDP_fPf_xfC,Officer,http://data.europa.eu/esco/occupation/262f21a3-ae78-46f4-a5f9-5a1f502caa90,marinofficer,narrow-match,low,https://taxonomy.api.jobtechdev.se/v1/taxonomy/graphql,30
fsDP_fPf_xfC,Officer,http://data.europa.eu/esco/occupation/7696b15a-c52e-4ac5-b38d-9eeb010c5fa3,artilleriofficer,narrow-match,low,https://taxonomy.api.jobtechdev.se/v1/taxonomy/graphql,30
fsDP_fPf_xfC,Officer,http://data.europa.eu/esco/occupation/9bf4c8ea-e814-4772-ae31-0f29672dc497,kapten,narrow-match,low,https://taxonomy.api.jobtechdev.se/v1/taxonomy/graphql,30
fsDP_fPf_xfC,Officer,http://data.europa.eu/esco/occupation/b223f402-0318-4e27-8691-df6e7f7295d2,löjtnant,narrow-match,low,https://taxonomy.api.jobtechdev.se/v1/taxonomy/graphql,30
fsDP_fPf_xfC,Officer,http://data.europa.eu/esco/occupation/b864c9a3-ef6e-46a0-a40c-66188f74dfa7,överste,narrow-match,low,https://taxonomy.api.jobtechdev.se/v1/taxonomy/graphql,30
fsDP_fPf_xfC,Officer,http://data.europa.eu/esco/occupation/bbd1fe06-1b55-4937-9317-fc162311ab38,brigadgeneral,narrow-match,low,https://taxonomy.api.jobtechdev.se/v1/taxonomy/graphql,30
fsDP_fPf_xfC,Officer,http://data.europa.eu/esco/occupation/c6a26e11-bdf1-47a1-849d-fdcf819d458d,officer,exact-match,high,https://taxonomy.api.jobtechdev.se/v1/taxonomy/graphql,30
fsDP_fPf_xfC,Officer,http://data.europa.eu/esco/occupation/c6e5e0e7-fa99-4f71-9fc1-9889d85282a5,general,narrow-match,low,https://taxonomy.api.jobtechdev.se/v1/taxonomy/graphql,30
fsDP_fPf_xfC,Officer,http://data.europa.eu/esco/occupation/e44b2459-af5e-492d-9c57-d9c2e62944e7,fänrik,narrow-match,low,https://taxonomy.api.jobtechdev.se/v1/taxonomy/graphql,30
fsDP_fPf_xfC,Officer,http://data.europa.eu/esco/occupation/e4c915ff-6c9c-4fa9-a8fb-09d0c67e30d4,major,narrow-match,low,https://taxonomy.api.jobtechdev.se/v1/taxonomy/graphql,30
fsDP_fPf_xfC,Officer,http://data.europa.eu/esco/occupation/f2cc5978-e45c-4f28-b859-7f89221b0505,flygvapenofficer,narrow-match,low,https://taxonomy.api.jobtechdev.se/v1/taxonomy/graphql,30
fxx3_XHC_cCg,Cirkusartist,http://data.europa.eu/esco/occupation/22799921-76a1-44c4-a7c3-c6a548e8ad85,cirkusartist,exact-match,high,https://taxonomy.api.jobtechdev.se/v1/taxonomy/graphql,30
g1U8_c99_Zry,"Forskare, läkemedel",http://data.europa.eu/esco/occupation/10291962-c0c7-4e5b-a7ed-0762b4d9b010,farmakolog,exact-match,high,https://taxonomy.api.jobtechdev.se/v1/taxonomy/graphql,30
g2XL_xyr_wS7,Anbudsansvarig/Bid Manager,http://data.europa.eu/esco/occupation/0561328b-875b-4ae2-9ba1-9af9049aef01,marknadsspecialist,close-match,low,https://taxonomy.api.jobtechdev.se/v1/taxonomy/graphql,30
g41i_MsZ_2Ga,Beredskapssamordnare/Krisberedskapssamordnare,http://data.europa.eu/esco/occupation/72913ee1-1696-4d74-b26f-681d17887c58,krissamordnare,exact-match,high,https://taxonomy.api.jobtechdev.se/v1/taxonomy/graphql,30
g4pc_eLB_HXn,Förlagsredaktör,http://data.europa.eu/esco/occupation/1da55a33-09b3-4ac7-818e-2a0fea68cecc,"handläggare, utgivningsrättigheter",close-match,low,https://taxonomy.api.jobtechdev.se/v1/taxonomy/graphql,30
g4pc_eLB_HXn,Förlagsredaktör,http://data.europa.eu/esco/occupation/4bef1707-a251-427e-9d8b-96595ec38d45,förlagsredaktör,exact-match,high,https://taxonomy.api.jobtechdev.se/v1/taxonomy/graphql,30
g4wu_n3y_VN4,Riksantikvarie,http://data.europa.eu/esco/occupation/0752ed49-03e7-4d75-8314-a051b3771a1d,generaldirektör,broad-match,low,https://taxonomy.api.jobtechdev.se/v1/taxonomy/graphql,30
g5fd_Eyr_bjS,Företagssäljare,http://data.europa.eu/esco/occupation/14031d4a-6e99-442f-b4fe-18262b6432b2,utesäljare,narrow-match,low,https://taxonomy.api.jobtechdev.se/v1/taxonomy/graphql,30
g5fd_Eyr_bjS,Företagssäljare,http://data.europa.eu/esco/occupation/3900b684-6b4b-4133-b134-e1d129d60383,uthyrare,narrow-match,low,https://taxonomy.api.jobtechdev.se/v1/taxonomy/graphql,30
g5fd_Eyr_bjS,Företagssäljare,http://data.europa.eu/esco/occupation/56245067-16f0-43e7-84fa-4a1e794a6ac0,"uthyrare, kontorsmaskiner och kontorsutrustning",narrow-match,low,https://taxonomy.api.jobtechdev.se/v1/taxonomy/graphql,30
g5fd_Eyr_bjS,Företagssäljare,http://data.europa.eu/esco/occupation/c956be07-53a3-4b01-b8f8-f0c5a428eaa8,företagssäljare,exact-match,high,https://taxonomy.api.jobtechdev.se/v1/taxonomy/graphql,30
g5iX_GE5_dW9,Laboratorieingenjör inom materialteknik,http://data.europa.eu/esco/occupation/a9bcc9e0-5be7-47a0-818b-acad10fe90d9,"laboratorietekniker, fysik",exact-match,high,https://taxonomy.api.jobtechdev.se/v1/taxonomy/graphql,30
g5iX_GE5_dW9,Laboratorieingenjör inom materialteknik,http://data.europa.eu/esco/occupation/e6a3ce2e-c0f2-47a7-937a-61ae9abfe1fa,mättekniker,narrow-match,low,https://taxonomy.api.jobtechdev.se/v1/taxonomy/graphql,30
g6hq_ENJ_Yno,Skördearbetare,http://data.europa.eu/esco/occupation/373db468-bd25-4b67-a6e0-4ac79d9a9e85,frukt- och grönsaksplockare,narrow-match,low,https://taxonomy.api.jobtechdev.se/v1/taxonomy/graphql,30
g6hq_ENJ_Yno,Skördearbetare,http://data.europa.eu/esco/occupation/e5e3ea36-4ed9-4c57-987c-9974385551a8,vingårdsarbetare,narrow-match,low,https://taxonomy.api.jobtechdev.se/v1/taxonomy/graphql,30
g7NJ_ZHN_MPB,Skogslärare/Skogsbrukslärare/Skogsbruksinstruktör,http://data.europa.eu/esco/occupation/91ba2935-f5c9-426d-8573-997b8b91e5ed,"yrkeslärare, jordbruk, skogsbruk och fiskeri",broad-match,low,https://taxonomy.api.jobtechdev.se/v1/taxonomy/graphql,30
g7ym_Uf1_kjx,"Civilingenjör, väg",http://data.europa.eu/esco/occupation/d7d986e1-7333-431b-9719-0c5c6939e360,"civilingenjör, väg- och vattenbyggnad",broad-match,low,https://taxonomy.api.jobtechdev.se/v1/taxonomy/graphql,30
g9Y3_fvm_Q76,Chefssjuksköterska,http://data.europa.eu/esco/occupation/4a29eab1-5f02-4723-a863-e2d5a0614dfa,"verksamhetschef, vårdenhet",broad-match,low,https://taxonomy.api.jobtechdev.se/v1/taxonomy/graphql,30
gBUP_Hiy_eaH,"Plattsättare, utan yrkesbevis",http://data.europa.eu/esco/occupation/02447817-ea01-4d8b-b09c-8bc128e447e6,plattsättare,exact-match,high,https://taxonomy.api.jobtechdev.se/v1/taxonomy/graphql,30
gBcF_mUm_Ruc,Sjukhusstädare,http://data.europa.eu/esco/occupation/303a1e34-cb16-4054-b323-81e5eec17397,fastighetsstädare,broad-match,low,https://taxonomy.api.jobtechdev.se/v1/taxonomy/graphql,30
gD5N_mCM_ea5,Fastighetsskötare,http://data.europa.eu/esco/occupation/1822bfc2-e735-449f-ba00-ca71eb5c062b,fastighetsvärd,close-match,low,https://taxonomy.api.jobtechdev.se/v1/taxonomy/graphql,30
gD5N_mCM_ea5,Fastighetsskötare,http://data.europa.eu/esco/occupation/f4a25243-b06a-42a9-9c69-246853df63ad,allt-i-allo,exact-match,high,https://taxonomy.api.jobtechdev.se/v1/taxonomy/graphql,30
gFRe_kD3_jPc,Eventansvarig/Eventkoordinator,http://data.europa.eu/esco/occupation/1b38a27d-ef98-4d9f-b1b2-8c109bf47e79,eventproducent,exact-match,high,https://taxonomy.api.jobtechdev.se/v1/taxonomy/graphql,30
gJBf_GLN_b7x,Modist,http://data.europa.eu/esco/occupation/fd1c0f5a-f465-4067-af54-621e68c90f74,modist,exact-match,high,https://taxonomy.api.jobtechdev.se/v1/taxonomy/graphql,30
gLaf_UJ9_iwD,"Specialistläkare, klinisk genetik",http://data.europa.eu/esco/occupation/9b889f07-c39c-464d-b9d9-b2daa650f9ac,specialistläkare,broad-match,low,https://taxonomy.api.jobtechdev.se/v1/taxonomy/graphql,30
gLtU_eR9_ZcW,Orderadministratör,http://data.europa.eu/esco/occupation/c8b296be-54ae-48cf-be21-031fa8457937,inköpsassistent,close-match,low,https://taxonomy.api.jobtechdev.se/v1/taxonomy/graphql,30
gP3r_Q2H_ht9,Bilrekonditionerare,http://data.europa.eu/esco/occupation/7cb71c5f-c310-481c-b46b-d0044328758c,biltvättare,exact-match,high,https://taxonomy.api.jobtechdev.se/v1/taxonomy/graphql,30
gPCx_T6e_6P8,Jobbcoach/Utbildningscoach,http://data.europa.eu/esco/occupation/c60ede09-b67b-4173-8991-b9b694149488,utbildningscoach,narrow-match,low,https://taxonomy.api.jobtechdev.se/v1/taxonomy/graphql,30
gPCx_T6e_6P8,Jobbcoach/Utbildningscoach,http://data.europa.eu/esco/occupation/e4112a88-973f-4c7a-97f5-2241e6b6833f,jobbcoach,narrow-match,low,https://taxonomy.api.jobtechdev.se/v1/taxonomy/graphql,30
gRYp_hGs_Ytg,Stadsjurist/Kommunjurist,http://data.europa.eu/esco/occupation/779d13be-60b4-48f3-a339-fe483be96c7f,förvaltningsjurist,broad-match,low,https://taxonomy.api.jobtechdev.se/v1/taxonomy/graphql,30
gUu8_FXb_qCv,Prepressoperatör,http://data.europa.eu/esco/occupation/23e3a8a0-905a-45be-983f-4cf32e133e09,bildsättare,narrow-match,low,https://taxonomy.api.jobtechdev.se/v1/taxonomy/graphql,30
gUu8_FXb_qCv,Prepressoperatör,http://data.europa.eu/esco/occupation/54ffd31f-ed90-4af4-b877-cd246351ad39,prepresstekniker,exact-match,high,https://taxonomy.api.jobtechdev.se/v1/taxonomy/graphql,30
gUu8_FXb_qCv,Prepressoperatör,http://data.europa.eu/esco/occupation/802a0e5d-5625-4166-a1f0-d13e2586df55,grafiker,narrow-match,low,https://taxonomy.api.jobtechdev.se/v1/taxonomy/graphql,30
gUu8_FXb_qCv,Prepressoperatör,http://data.europa.eu/esco/occupation/ab4086a0-0e2f-436e-80f8-a3291e594bd1,litograf,narrow-match,low,https://taxonomy.api.jobtechdev.se/v1/taxonomy/graphql,30
gUu8_FXb_qCv,Prepressoperatör,http://data.europa.eu/esco/occupation/b09ffdec-b04c-41a8-bacc-2c71d7a3e5ac,desktopoperatör,narrow-match,low,https://taxonomy.api.jobtechdev.se/v1/taxonomy/graphql,30
gUu8_FXb_qCv,Prepressoperatör,http://data.europa.eu/esco/occupation/cea4d5c9-7805-434a-8e6b-af5e9fa54c9e,skanneroperatör,narrow-match,low,https://taxonomy.api.jobtechdev.se/v1/taxonomy/graphql,30
gUu8_FXb_qCv,Prepressoperatör,http://data.europa.eu/esco/occupation/cf578f1d-1832-4a4d-a3b2-e0a00517b51d,prepressoperatör,exact-match,high,https://taxonomy.api.jobtechdev.se/v1/taxonomy/graphql,30
gUu8_FXb_qCv,Prepressoperatör,http://data.europa.eu/esco/occupation/f5596182-70b2-4c18-97ab-f9405bae0385,"schablontillverkare, screentryck",narrow-match,low,https://taxonomy.api.jobtechdev.se/v1/taxonomy/graphql,30
gVdm_kTY_c7h,Laseroperatör,http://data.europa.eu/esco/occupation/bc6649ff-05f8-4c98-9db6-9be0d13883a9,laseroperatör,exact-match,high,https://taxonomy.api.jobtechdev.se/v1/taxonomy/graphql,30
gZ4R_TcH_ir2,Bensinstationsbiträde,http://data.europa.eu/esco/occupation/41beead9-98ad-4c89-b6e0-a14149f4eeab,bensinstationsbiträde,exact-match,high,https://taxonomy.api.jobtechdev.se/v1/taxonomy/graphql,30
gaiS_XtL_PH7,Demontör återvinning,http://data.europa.eu/esco/occupation/4ed9ce62-75d4-4b05-80d4-e86528fecdcd,återvinningsarbetare,exact-match,high,https://taxonomy.api.jobtechdev.se/v1/taxonomy/graphql,30
gbuQ_nGX_vDz,Murare,http://data.europa.eu/esco/occupation/05f321f8-055b-407d-bf19-e0ddabda56b7,murare,exact-match,high,https://taxonomy.api.jobtechdev.se/v1/taxonomy/graphql,30
gd7J_aB3_ai8,Anaplastolog,http://data.europa.eu/esco/occupation/76bded28-876a-40b2-9efb-3123c8f14cf6,tandtekniker,broad-match,low,https://taxonomy.api.jobtechdev.se/v1/taxonomy/graphql,30
gf2M_4pj_b5S,Vårdledare,http://data.europa.eu/esco/occupation/36494988-69d2-4420-9db4-eb56605ac983,distriktssköterska,close-match,low,https://taxonomy.api.jobtechdev.se/v1/taxonomy/graphql,30
gfTT_a2J_3wX,"Kontorschef, offentlig förvaltning",http://data.europa.eu/esco/occupation/94e0bedd-e56e-42be-a5a4-b74a260f437c,avdelningschef,broad-match,low,https://taxonomy.api.jobtechdev.se/v1/taxonomy/graphql,30
gfzz_zS3_TLa,Säkerhetschef,http://data.europa.eu/esco/occupation/44ec4c04-c2d4-4b92-bb27-e56f5b096d97,"chef, säkerhet på flygsidan",narrow-match,low,https://taxonomy.api.jobtechdev.se/v1/taxonomy/graphql,30
gfzz_zS3_TLa,Säkerhetschef,http://data.europa.eu/esco/occupation/7a3996d8-b90d-4b81-bd5e-e37f005b2683,chef för efterlevnad och informationssäkerhet vid spel,narrow-match,low,https://taxonomy.api.jobtechdev.se/v1/taxonomy/graphql,30
gfzz_zS3_TLa,Säkerhetschef,http://data.europa.eu/esco/occupation/e9507d34-c70f-474f-a4a3-d2cbfe50f6e9,säkerhetschef,exact-match,high,https://taxonomy.api.jobtechdev.se/v1/taxonomy/graphql,30
gfzz_zS3_TLa,Säkerhetschef,http://data.europa.eu/esco/occupation/ebb4061a-906f-45fe-b4c0-a871c11f6fab,säkerhetschef vid hotellanläggning,narrow-match,low,https://taxonomy.api.jobtechdev.se/v1/taxonomy/graphql,30
gmx1_BCX_EEe,Molekylärbiolog,http://data.europa.eu/esco/occupation/eee68e13-8248-43bb-a9fb-959832a6c217,biolog,broad-match,low,https://taxonomy.api.jobtechdev.se/v1/taxonomy/graphql,30
gobw_eRi_v1F,Djurtransportförare,http://data.europa.eu/esco/occupation/952aa13c-731f-4add-98d1-66b59f70e607,transportör av levande djur,exact-match,high,https://taxonomy.api.jobtechdev.se/v1/taxonomy/graphql,30
guie_fEy_nt1,Skolinspektör,http://data.europa.eu/esco/occupation/9b51a2d2-999a-43a6-a814-63dd30a585fa,skolinspektör,exact-match,high,https://taxonomy.api.jobtechdev.se/v1/taxonomy/graphql,30
gwt3_c6R_h8Y,Byggnadsplåtslagare,http://data.europa.eu/esco/occupation/572c9810-e1ee-4f7a-a71f-820f17c0c25b,byggnadsplåtslagare,exact-match,high,https://taxonomy.api.jobtechdev.se/v1/taxonomy/graphql,30
gzCS_pYs_foY,Kvalitetsingenjör elektronik,http://data.europa.eu/esco/occupation/1c25fdb4-c6e2-4118-99a5-519e9657a2bd,"kvalitetskontrollant, elektriska produkter",narrow-match,low,https://taxonomy.api.jobtechdev.se/v1/taxonomy/graphql,30
gzCS_pYs_foY,Kvalitetsingenjör elektronik,http://data.europa.eu/esco/occupation/2296fa07-98ae-4875-b18d-96ed86134ffb,"kvalitetskontrollant, elektronisk utrustning",narrow-match,low,https://taxonomy.api.jobtechdev.se/v1/taxonomy/graphql,30
gzCS_pYs_foY,Kvalitetsingenjör elektronik,http://data.europa.eu/esco/occupation/2bb8adee-2b84-4d7b-84f9-0620bc09ada8,Instrumenteringstekniker,narrow-match,low,https://taxonomy.api.jobtechdev.se/v1/taxonomy/graphql,30
gzCS_pYs_foY,Kvalitetsingenjör elektronik,http://data.europa.eu/esco/occupation/30c0943c-caa1-411d-b273-26f475971273,kvalitetsingenjör,broad-match,low,https://taxonomy.api.jobtechdev.se/v1/taxonomy/graphql,30
gzCS_pYs_foY,Kvalitetsingenjör elektronik,http://data.europa.eu/esco/occupation/b2cac4bc-abb7-41b3-a515-2ad006b8ebf6,"produkttestare, manöverpaneler",narrow-match,low,https://taxonomy.api.jobtechdev.se/v1/taxonomy/graphql,30
gzCS_pYs_foY,Kvalitetsingenjör elektronik,http://data.europa.eu/esco/occupation/c332af81-4481-4494-9786-aea1f5c5ffcf,"kontrolltekniker, kalibrering",narrow-match,low,https://taxonomy.api.jobtechdev.se/v1/taxonomy/graphql,30
h4wH_7kG_UTN,Processoperatör pappersmassa,http://data.europa.eu/esco/occupation/3594efa8-cd69-411e-a345-d88ba756b758,"kvalitetsbedömare, pappersmassa",narrow-match,low,https://taxonomy.api.jobtechdev.se/v1/taxonomy/graphql,30
h4wH_7kG_UTN,Processoperatör pappersmassa,http://data.europa.eu/esco/occupation/3723d7a6-7e65-4735-8235-cb01fb661b2f,"processoperatör, pappersmassa",exact-match,high,https://taxonomy.api.jobtechdev.se/v1/taxonomy/graphql,30
h4wH_7kG_UTN,Processoperatör pappersmassa,http://data.europa.eu/esco/occupation/41535a7d-f2ed-4937-9b7e-3b14c8c755b3,massablekare,narrow-match,low,https://taxonomy.api.jobtechdev.se/v1/taxonomy/graphql,30
h4wH_7kG_UTN,Processoperatör pappersmassa,http://data.europa.eu/esco/occupation/4b6a55a8-8ec9-4ae2-9f62-ebcea1fa93d0,pappersmaskinförare,narrow-match,low,https://taxonomy.api.jobtechdev.se/v1/taxonomy/graphql,30
h4wH_7kG_UTN,Processoperatör pappersmassa,http://data.europa.eu/esco/occupation/728b9e5b-3da4-4dbd-ac36-614ebdb6c8c0,"massakokare, processoperatör",narrow-match,low,https://taxonomy.api.jobtechdev.se/v1/taxonomy/graphql,30
h4wH_7kG_UTN,Processoperatör pappersmassa,http://data.europa.eu/esco/occupation/8870032b-9be3-4fd4-b9fb-1d8d9de33c5f,"massablekare, processoperatör",narrow-match,low,https://taxonomy.api.jobtechdev.se/v1/taxonomy/graphql,30
h4wH_7kG_UTN,Processoperatör pappersmassa,http://data.europa.eu/esco/occupation/bb131b09-5fdf-4f4f-a76c-402c69cd090a,"tekniker, pappersmassa",narrow-match,low,https://taxonomy.api.jobtechdev.se/v1/taxonomy/graphql,30
h4wH_7kG_UTN,Processoperatör pappersmassa,http://data.europa.eu/esco/occupation/c32155d3-9ac5-4e44-8e8b-25c47ad31c38,"processoperatör, massakokare",narrow-match,low,https://taxonomy.api.jobtechdev.se/v1/taxonomy/graphql,30
h4wH_7kG_UTN,Processoperatör pappersmassa,http://data.europa.eu/esco/occupation/d0d7d777-073f-4c33-8f27-1d4a0e8e626f,"processövervakare, pappersmassa",exact-match,high,https://taxonomy.api.jobtechdev.se/v1/taxonomy/graphql,30
h4y1_AVp_Rxp,Finansmäklare,http://data.europa.eu/esco/occupation/05a06850-d465-481e-9d68-792d4ad1da3e,valutahandlare,narrow-match,low,https://taxonomy.api.jobtechdev.se/v1/taxonomy/graphql,30
h4y1_AVp_Rxp,Finansmäklare,http://data.europa.eu/esco/occupation/0ecedad1-1144-45ff-83db-a3c4db393036,portföljförvaltare,close-match,low,https://taxonomy.api.jobtechdev.se/v1/taxonomy/graphql,30
h4y1_AVp_Rxp,Finansmäklare,http://data.europa.eu/esco/occupation/8ec6b513-3d44-4e94-b187-d55734a587a4,börsmäklare,narrow-match,low,https://taxonomy.api.jobtechdev.se/v1/taxonomy/graphql,30
h4y1_AVp_Rxp,Finansmäklare,http://data.europa.eu/esco/occupation/c01cdf85-3ce0-4d12-ae86-e4e63493fafa,finansmäklare,exact-match,high,https://taxonomy.api.jobtechdev.se/v1/taxonomy/graphql,30
h4y1_AVp_Rxp,Finansmäklare,http://data.europa.eu/esco/occupation/c0463fbe-7914-48ac-84ec-abaee1a7f292,penningmarknadsmäklare,narrow-match,low,https://taxonomy.api.jobtechdev.se/v1/taxonomy/graphql,30
h4y1_AVp_Rxp,Finansmäklare,http://data.europa.eu/esco/occupation/e20eee17-4876-4f21-a0cb-5d7f40c63cd8,kundmäklare,narrow-match,low,https://taxonomy.api.jobtechdev.se/v1/taxonomy/graphql,30
h4y1_AVp_Rxp,Finansmäklare,http://data.europa.eu/esco/occupation/fadb09c5-db84-4240-9fd6-68b4c0abeed5,valutamäklare,narrow-match,low,https://taxonomy.api.jobtechdev.se/v1/taxonomy/graphql,30
h643_FdG_96d,Configuration Manager/CM,http://data.europa.eu/esco/occupation/3b1ea27c-781c-41eb-821f-214285260dd2,förändringsledare inom IKT,exact-match,high,https://taxonomy.api.jobtechdev.se/v1/taxonomy/graphql,30
h643_FdG_96d,Configuration Manager/CM,http://data.europa.eu/esco/occupation/4543bf7b-8ffb-4ade-88b9-58da34366f04,IKT-kapacitetsplanerare,narrow-match,low,https://taxonomy.api.jobtechdev.se/v1/taxonomy/graphql,30
h643_FdG_96d,Configuration Manager/CM,http://data.europa.eu/esco/occupation/456ed487-02f2-45c9-9213-d0fd8e9a069d,IKT-applikationskonfigurator,exact-match,high,https://taxonomy.api.jobtechdev.se/v1/taxonomy/graphql,30
h643_FdG_96d,Configuration Manager/CM,http://data.europa.eu/esco/occupation/98c3d8f8-e3a8-49b7-9e58-236f25a6f6a0,systemkonfigurator,exact-match,high,https://taxonomy.api.jobtechdev.se/v1/taxonomy/graphql,30
h6Hr_fFe_79c,Medicinsk skribent,http://data.europa.eu/esco/occupation/01d74409-5303-4b5c-8925-0cc21c4da8ee,medicinsk skribent,exact-match,high,https://taxonomy.api.jobtechdev.se/v1/taxonomy/graphql,30
h6oZ_9aZ_27G,Barista,http://data.europa.eu/esco/occupation/bf7d8b16-4e2c-48ef-b44e-dc25b2d0ab61,barista,exact-match,high,https://taxonomy.api.jobtechdev.se/v1/taxonomy/graphql,30
h7dC_tmr_Wf7,"Repetitör, opera",http://data.europa.eu/esco/occupation/06ac0f53-431e-4bc6-acb8-2f5da041b5d3,dansrepetitör,broad-match,low,https://taxonomy.api.jobtechdev.se/v1/taxonomy/graphql,30
h87Z_5Fc_wzR,Kemikalieinspektör,http://data.europa.eu/esco/occupation/a092cb70-f3e3-4224-98a3-b97c0114de77,miljöinspektör,broad-match,low,https://taxonomy.api.jobtechdev.se/v1/taxonomy/graphql,30
h8mD_emX_Rqz,Manager/Agent inom idrott,http://data.europa.eu/esco/occupation/c85e39a4-2c40-413f-a171-45907ecdd599,manager,broad-match,low,https://taxonomy.api.jobtechdev.se/v1/taxonomy/graphql,30
h9yf_QED_SCC,"Lärling, industrielektriker",http://data.europa.eu/esco/occupation/5df63943-f1bc-4438-90f1-92768a7a23c8,industrielektriker,broad-match,low,https://taxonomy.api.jobtechdev.se/v1/taxonomy/graphql,30
h9yf_QED_SCC,"Lärling, industrielektriker",http://data.europa.eu/esco/occupation/92b7a42c-b437-4412-ac21-1a750883cf21,"tekniker, geotermi",narrow-match,low,https://taxonomy.api.jobtechdev.se/v1/taxonomy/graphql,30
hCMr_L4F_8hq,SQE Supplier Quality Engineer,http://data.europa.eu/esco/occupation/30c0943c-caa1-411d-b273-26f475971273,kvalitetsingenjör,broad-match,low,https://taxonomy.api.jobtechdev.se/v1/taxonomy/graphql,30
hDzC_BF5_Wz2,Barberare,http://data.europa.eu/esco/occupation/4e0c14d6-b170-40f1-bcdc-703c0b92109b,barberare,exact-match,high,https://taxonomy.api.jobtechdev.se/v1/taxonomy/graphql,30
hERw_LKk_uJK,Trafiklärare,http://data.europa.eu/esco/occupation/259d9967-2189-4b98-be32-9d3169b02e1b,"trafiklärare, motorcykel",narrow-match,low,https://taxonomy.api.jobtechdev.se/v1/taxonomy/graphql,30
hERw_LKk_uJK,Trafiklärare,http://data.europa.eu/esco/occupation/4666cccf-cfbc-4296-95b5-67dad2f620d2,"trafiklärare, buss",narrow-match,low,https://taxonomy.api.jobtechdev.se/v1/taxonomy/graphql,30
hERw_LKk_uJK,Trafiklärare,http://data.europa.eu/esco/occupation/834aab9b-2246-4c3e-ab4a-cf3de1267e1a,"trafiklärare, bil",narrow-match,low,https://taxonomy.api.jobtechdev.se/v1/taxonomy/graphql,30
hERw_LKk_uJK,Trafiklärare,http://data.europa.eu/esco/occupation/bca2528a-5a87-4576-a3b5-1edbbce40a9f,trafiklärare,exact-match,high,https://taxonomy.api.jobtechdev.se/v1/taxonomy/graphql,30
hERw_LKk_uJK,Trafiklärare,http://data.europa.eu/esco/occupation/c29f1a42-25cb-4192-9bc1-cc7560c00590,"trafiklärare, tung lastbil med släp",narrow-match,low,https://taxonomy.api.jobtechdev.se/v1/taxonomy/graphql,30
hEZU_XUN_X3b,Audionom,http://data.europa.eu/esco/occupation/c4d6d07a-ae90-40ce-bc5a-c952805a9bf3,audiolog,close-match,low,https://taxonomy.api.jobtechdev.se/v1/taxonomy/graphql,30
hH2v_Buz_QPS,Bokbinderiarbetare,http://data.europa.eu/esco/occupation/49b21ca8-04be-4912-a2f7-0170550e18fa,"maskinoperatör, bokbinderi",exact-match,high,https://taxonomy.api.jobtechdev.se/v1/taxonomy/graphql,30
hH2v_Buz_QPS,Bokbinderiarbetare,http://data.europa.eu/esco/occupation/7f35043b-ebb5-40bf-9974-46a29915f6bf,"operatör, trådhäftningsmaskin",narrow-match,low,https://taxonomy.api.jobtechdev.se/v1/taxonomy/graphql,30
hH2v_Buz_QPS,Bokbinderiarbetare,http://data.europa.eu/esco/occupation/c11e2b53-06f7-465f-9b5c-708016bc96f4,falsare,narrow-match,low,https://taxonomy.api.jobtechdev.se/v1/taxonomy/graphql,30
hN4f_6jN_eZQ,Dataskyddsombud,http://data.europa.eu/esco/occupation/1619d7f3-7d95-407c-a20e-47745bfcde73,dataskyddsombud,exact-match,high,https://taxonomy.api.jobtechdev.se/v1/taxonomy/graphql,30
hP7c_k43_mUw,"Tech and Tools programmer, games",http://data.europa.eu/esco/occupation/9ebaf3f0-0be0-47b7-b2b1-b3b04130fa81,dataspelsutvecklare,broad-match,low,https://taxonomy.api.jobtechdev.se/v1/taxonomy/graphql,30
hSQx_wVQ_2gU,Asfaltverksmaskinist,http://data.europa.eu/esco/occupation/2fa8c1fc-e722-4985-9822-f5d8174248cf,asfaltsverksoperatör,exact-match,high,https://taxonomy.api.jobtechdev.se/v1/taxonomy/graphql,30
hVUG_5nN_gBh,Skogsmaskinförare,http://data.europa.eu/esco/occupation/699057b7-7aeb-4b5c-bb90-01d935ff32c1,skogsmaskinförare,exact-match,high,https://taxonomy.api.jobtechdev.se/v1/taxonomy/graphql,30
hWAp_NPe_GdN,Maskinoperatör förpackning och påfyllning,http://data.europa.eu/esco/occupation/2be85651-c94a-4531-9df8-3cc56932960e,"maskinoperatör, värmeförsegling",narrow-match,low,https://taxonomy.api.jobtechdev.se/v1/taxonomy/graphql,30
hWAp_NPe_GdN,Maskinoperatör förpackning och påfyllning,http://data.europa.eu/esco/occupation/59ee6b71-a48d-4940-bdf1-e806ca60245c,"maskinoperatör, påfyllning av gasbehållare",narrow-match,low,https://taxonomy.api.jobtechdev.se/v1/taxonomy/graphql,30
hWAp_NPe_GdN,Maskinoperatör förpackning och påfyllning,http://data.europa.eu/esco/occupation/9388a977-6f79-4509-81aa-026bc49e1919,fabriksarbetare inom tappning och konservering,narrow-match,low,https://taxonomy.api.jobtechdev.se/v1/taxonomy/graphql,30
hWAp_NPe_GdN,Maskinoperatör förpackning och påfyllning,http://data.europa.eu/esco/occupation/b0fa69b4-998c-4e66-acd3-5f5d73cadb5c,"maskinoperatör, förpacknings- och fyllningsmaskin",exact-match,high,https://taxonomy.api.jobtechdev.se/v1/taxonomy/graphql,30
hWAp_NPe_GdN,Maskinoperatör förpackning och påfyllning,http://data.europa.eu/esco/occupation/bf367464-950a-416c-98b1-52b9d571550e,"maskinoperatör, förpackning av lädervaror",narrow-match,low,https://taxonomy.api.jobtechdev.se/v1/taxonomy/graphql,30
hWAp_NPe_GdN,Maskinoperatör förpackning och påfyllning,http://data.europa.eu/esco/occupation/d9e4581a-91b3-47f9-a2d5-70eb542caac5,"maskinoperatör, slutbehandling och förpackning av skodon",narrow-match,low,https://taxonomy.api.jobtechdev.se/v1/taxonomy/graphql,30
hX12_2Ab_w5g,"Regionchef, butik",http://data.europa.eu/esco/occupation/3a4c4e33-ee34-4abe-ba5c-26f9037d292f,"regionchef, detaljhandel",exact-match,high,https://taxonomy.api.jobtechdev.se/v1/taxonomy/graphql,30
hYDg_MVv_nqM,Intonatör,http://data.europa.eu/esco/occupation/3c1b7871-87f9-427b-adcb-fe16be8f9f24,intonatör,exact-match,high,https://taxonomy.api.jobtechdev.se/v1/taxonomy/graphql,30
hYDg_MVv_nqM,Intonatör,http://data.europa.eu/esco/occupation/72f4abfe-5337-49be-b9b8-32096fc2ca1f,musikinstrumenttekniker,broad-match,low,https://taxonomy.api.jobtechdev.se/v1/taxonomy/graphql,30
hbt8_56y_SMg,Filmarkivarie,http://data.europa.eu/esco/occupation/e3b08984-19fe-4d51-a1b0-990676fc7234,arkivarie,broad-match,low,https://taxonomy.api.jobtechdev.se/v1/taxonomy/graphql,30
hbyN_1pA_VxX,Medicinskt ansvarig sjuksköterska,http://data.europa.eu/esco/occupation/18e14e61-495b-44cc-a7c6-df4c625934ba,specialistsjuksköterska,broad-match,low,https://taxonomy.api.jobtechdev.se/v1/taxonomy/graphql,30
hcoE_duS_bdQ,Arborist,http://data.europa.eu/esco/occupation/b865693a-eb11-44cc-bf6c-38e5b4d7e169,arborist,exact-match,high,https://taxonomy.api.jobtechdev.se/v1/taxonomy/graphql,30
hcoE_duS_bdQ,Arborist,http://data.europa.eu/esco/occupation/fa30c1cb-dbc5-409c-8124-7284592b123c,trädvårdare,exact-match,high,https://taxonomy.api.jobtechdev.se/v1/taxonomy/graphql,30
heGV_uHh_o8W,Arbetsterapeut,http://data.europa.eu/esco/occupation/33da5532-8c4e-4d1b-b52e-c201ee1bc7ab,arbetsterapeut,exact-match,high,https://taxonomy.api.jobtechdev.se/v1/taxonomy/graphql,30
heXT_m6u_GJX,"Produktionschef, logistik/Produktionschef, transporter",http://data.europa.eu/esco/occupation/632e61c8-4e4b-44c7-b213-6dd5a174b143,distributionschef,broad-match,low,https://taxonomy.api.jobtechdev.se/v1/taxonomy/graphql,30
heXT_m6u_GJX,"Produktionschef, logistik/Produktionschef, transporter",http://data.europa.eu/esco/occupation/8f928d49-da89-4d07-9123-2151a4d276d4,flyttchef,narrow-match,low,https://taxonomy.api.jobtechdev.se/v1/taxonomy/graphql,30
hfBR_H6L_vbv,Lantmästare,http://data.europa.eu/esco/occupation/1f8314c2-01bd-4af4-babc-04d7034591b8,lantmästare,exact-match,high,https://taxonomy.api.jobtechdev.se/v1/taxonomy/graphql,30
hfq6_Rpw_EKK,Optikerassistent,http://data.europa.eu/esco/occupation/1084e2d6-b153-4090-8065-c9231f71d4f0,optometritekniker,close-match,low,https://taxonomy.api.jobtechdev.se/v1/taxonomy/graphql,30
hfq6_Rpw_EKK,Optikerassistent,http://data.europa.eu/esco/occupation/56a535ff-189b-45da-97d4-775f78744f83,"specialiserad säljare, optik",exact-match,high,https://taxonomy.api.jobtechdev.se/v1/taxonomy/graphql,30
hgwv_NVk_dmq,Flygingenjör,http://data.europa.eu/esco/occupation/579254cf-6d69-4889-9000-9c79dc568644,"civilingenjör, maskin",broad-match,low,https://taxonomy.api.jobtechdev.se/v1/taxonomy/graphql,30
hhzp_fKU_NQ2,Synpedagog,http://data.europa.eu/esco/occupation/9a26d76b-b9e3-46ae-ab4b-057a1262138b,"samordnare, behov av specialundervisning",broad-match,low,https://taxonomy.api.jobtechdev.se/v1/taxonomy/graphql,30
hiNZ_t7u_yLx,Hydrogeolog,http://data.europa.eu/esco/occupation/6336c205-46bd-42f6-9e67-6b0be6e7618c,hydrogeolog,exact-match,high,https://taxonomy.api.jobtechdev.se/v1/taxonomy/graphql,30
hiNZ_t7u_yLx,Hydrogeolog,http://data.europa.eu/esco/occupation/d8ff83c0-be8b-47f9-93e3-b13e261e7da5,"hydrogeolog, borrvätskor",narrow-match,low,https://taxonomy.api.jobtechdev.se/v1/taxonomy/graphql,30
hiWG_hnL_7hd,"Lärling, mobilkranförare",http://data.europa.eu/esco/occupation/1f2b8092-1787-4ef4-9282-cf81ce4b4d76,mobilkranförare,exact-match,high,https://taxonomy.api.jobtechdev.se/v1/taxonomy/graphql,30
ho3v_5nB_pK4,Företagsjurist,http://data.europa.eu/esco/occupation/fdfce14e-992d-4ff4-9f9d-7a353c75654e,företagsjurist,exact-match,high,https://taxonomy.api.jobtechdev.se/v1/taxonomy/graphql,30
hqts_17R_Uaj,Stallchef,http://data.europa.eu/esco/occupation/5734feab-60be-4f11-8e3f-e983ca6fb07a,stallchef,exact-match,high,https://taxonomy.api.jobtechdev.se/v1/taxonomy/graphql,30
hr5f_dci_NcD,Rektor,http://data.europa.eu/esco/occupation/13e30c08-8834-4e4f-b6f9-89fffed4e310,"rektor, särskola",exact-match,high,https://taxonomy.api.jobtechdev.se/v1/taxonomy/graphql,30
hr5f_dci_NcD,Rektor,http://data.europa.eu/esco/occupation/2c1ed9dd-9799-4882-8bfa-40b841f7d4a1,"rektor, vuxenutbildning",exact-match,high,https://taxonomy.api.jobtechdev.se/v1/taxonomy/graphql,30
hr5f_dci_NcD,Rektor,http://data.europa.eu/esco/occupation/53db8c0d-7aed-47aa-a339-eb9d485d25dc,"rektor, sekundärskola",exact-match,high,https://taxonomy.api.jobtechdev.se/v1/taxonomy/graphql,30
hr5f_dci_NcD,Rektor,http://data.europa.eu/esco/occupation/c9d89e09-d57f-4980-9164-880e60711e97,"rektor, primärskola",exact-match,high,https://taxonomy.api.jobtechdev.se/v1/taxonomy/graphql,30
hr5f_dci_NcD,Rektor,http://data.europa.eu/esco/occupation/e1587bbb-2d4e-4726-839a-7f4895c440e7,rektor,exact-match,high,https://taxonomy.api.jobtechdev.se/v1/taxonomy/graphql,30
huv9_U18_gvy,Oceanograf,http://data.europa.eu/esco/occupation/4b759f0e-8fec-4cf5-80d4-d112a9fd4e51,oceanograf,exact-match,high,https://taxonomy.api.jobtechdev.se/v1/taxonomy/graphql,30
hvsu_Jok_LKX,Buddhistpräst,http://data.europa.eu/esco/occupation/ed256ed0-0432-4969-8544-3e5e01a517a9,religiös ledare,broad-match,low,https://taxonomy.api.jobtechdev.se/v1/taxonomy/graphql,30
hwpD_iJX_CGi,Väghyvelförare,http://data.europa.eu/esco/occupation/426c8cca-31f7-4a88-af60-6f5365ab3a62,väghyvelförare,exact-match,high,https://taxonomy.api.jobtechdev.se/v1/taxonomy/graphql,30
i1F4_cZZ_PJu,Systemarkitekt,http://data.europa.eu/esco/occupation/10469d70-78a3-4650-9e29-d04de13c62c1,designer av inbäddade system,close-match,low,https://taxonomy.api.jobtechdev.se/v1/taxonomy/graphql,30
i1F4_cZZ_PJu,Systemarkitekt,http://data.europa.eu/esco/occupation/2079755f-d809-49e6-8037-4de6180e54c0,dataingenjör,narrow-match,low,https://taxonomy.api.jobtechdev.se/v1/taxonomy/graphql,30
i1F4_cZZ_PJu,Systemarkitekt,http://data.europa.eu/esco/occupation/78faf623-2543-43a5-acb2-3c43a22d36e4,blockkedjearkitekt,narrow-match,low,https://taxonomy.api.jobtechdev.se/v1/taxonomy/graphql,30
i1F4_cZZ_PJu,Systemarkitekt,http://data.europa.eu/esco/occupation/e1c72b5f-4c5c-487c-a6df-e84b64a51dae,systemarkitekt,exact-match,high,https://taxonomy.api.jobtechdev.se/v1/taxonomy/graphql,30
i1oo_e5Q_bgL,Chefsrådman,http://data.europa.eu/esco/occupation/07bd65d7-c13f-443a-bdf6-88903f3822be,domare,broad-match,low,https://taxonomy.api.jobtechdev.se/v1/taxonomy/graphql,30
i6w7_kia_pPS,Destilleriarbetare,http://data.europa.eu/esco/occupation/7cd070f5-b5dd-4228-bdcf-0419dbacfcf4,mjölnare på destilleri,narrow-match,low,https://taxonomy.api.jobtechdev.se/v1/taxonomy/graphql,30
i6w7_kia_pPS,Destilleriarbetare,http://data.europa.eu/esco/occupation/9757122b-1161-4f4a-8286-a603d4ad7012,destilleriarbetare,exact-match,high,https://taxonomy.api.jobtechdev.se/v1/taxonomy/graphql,30
i6w7_kia_pPS,Destilleriarbetare,http://data.europa.eu/esco/occupation/beacd3d6-e414-42ea-baf9-3ddc34fc143a,destillatör,exact-match,high,https://taxonomy.api.jobtechdev.se/v1/taxonomy/graphql,30
i6w7_kia_pPS,Destilleriarbetare,http://data.europa.eu/esco/occupation/ca2da084-3bfa-47d8-84ba-ef890191708d,vermuttillverkare,narrow-match,low,https://taxonomy.api.jobtechdev.se/v1/taxonomy/graphql,30
i6w7_kia_pPS,Destilleriarbetare,http://data.europa.eu/esco/occupation/f4e0016b-29fa-48ac-b98d-364c658f8aed,blandare av spritdryck,narrow-match,low,https://taxonomy.api.jobtechdev.se/v1/taxonomy/graphql,30
i9VX_mum_dFB,Load master,http://data.europa.eu/esco/occupation/d811881c-5241-47b1-be29-64ee488d3642,"övervakare, bagageflöde",exact-match,high,https://taxonomy.api.jobtechdev.se/v1/taxonomy/graphql,30
i9ge_6xr_RnF,Trafikchef,http://data.europa.eu/esco/occupation/b39a74a2-37fe-4fdc-ba8e-5bbbbdce2d89,"stationschef, järnväg",narrow-match,low,https://taxonomy.api.jobtechdev.se/v1/taxonomy/graphql,30
iAg5_fhH_Znv,Genealog,http://data.europa.eu/esco/occupation/5f45a1ea-4d1b-43c3-b6a8-53b2276b3eb3,genealog,exact-match,high,https://taxonomy.api.jobtechdev.se/v1/taxonomy/graphql,30
iCy6_G72_abh,Ekonomichef,http://data.europa.eu/esco/occupation/30f3ea93-882a-4525-841c-1d5b4b64076f,ekonomichef,exact-match,high,https://taxonomy.api.jobtechdev.se/v1/taxonomy/graphql,30
iJHN_s3P_2Ge,Plantör,http://data.europa.eu/esco/occupation/773cf1de-50a4-42e7-bab1-e68dcbae3f54,skogsarbetare,broad-match,low,https://taxonomy.api.jobtechdev.se/v1/taxonomy/graphql,30
iJfW_Lt2_sQt,"Teknisk chef, kommun",http://data.europa.eu/esco/occupation/94e0bedd-e56e-42be-a5a4-b74a260f437c,avdelningschef,broad-match,low,https://taxonomy.api.jobtechdev.se/v1/taxonomy/graphql,30
iJwC_kdU_cu7,"Produktionsingenjör, maskin",http://data.europa.eu/esco/occupation/11833a96-fc27-4b03-a53d-892ac891a2bb,produktionstekniker,broad-match,low,https://taxonomy.api.jobtechdev.se/v1/taxonomy/graphql,30
iLgH_g2C_2KH,"Kallskänka, fartyg",http://data.europa.eu/esco/occupation/1009be17-7efd-45f1-a033-566bf179c588,kock,close-match,low,https://taxonomy.api.jobtechdev.se/v1/taxonomy/graphql,30
iWoz_Qa7_UQC,Folkbokföringshandläggare,http://data.europa.eu/esco/occupation/578470d7-1848-44cd-a769-96cdd64b2c37,folkbokföringshandläggare,exact-match,high,https://taxonomy.api.jobtechdev.se/v1/taxonomy/graphql,30
iXGB_w9y_33h,Varumärkesjurist,http://data.europa.eu/esco/occupation/fdfce14e-992d-4ff4-9f9d-7a353c75654e,företagsjurist,broad-match,low,https://taxonomy.api.jobtechdev.se/v1/taxonomy/graphql,30
iYvF_nPP_nJB,"Lärling, isoleringsplåtslagare",http://data.europa.eu/esco/occupation/b2dab4fb-b7f7-4f57-94b2-9c0f0848564a,isoleringsarbetare,broad-match,low,https://taxonomy.api.jobtechdev.se/v1/taxonomy/graphql,30
ibuo_5Jr_GSP,Teknisk dokumentatör,http://data.europa.eu/esco/occupation/9581c837-fee7-4068-9618-1116fd93d723,ingenjörsassistent,close-match,low,https://taxonomy.api.jobtechdev.se/v1/taxonomy/graphql,30
icuk_htc_ti4,"Forskningsassistent, agronomi",http://data.europa.eu/esco/occupation/c40ef517-d4ab-4932-b184-9c2ea5b24fe2,agronom,broad-match,low,https://taxonomy.api.jobtechdev.se/v1/taxonomy/graphql,30
idjj_kaK_6is,Stationschef på drivmedelsstation,http://data.europa.eu/esco/occupation/f07aab15-c7e8-49a4-a8dd-221d9cf3a925,"chef, bensinstation",exact-match,high,https://taxonomy.api.jobtechdev.se/v1/taxonomy/graphql,30
ifxC_6uZ_pE5,Packmästare flytt,http://data.europa.eu/esco/occupation/c84a055d-00fe-4789-a054-f4a62914ff6e,flyttkarl/stadsbud,broad-match,low,https://taxonomy.api.jobtechdev.se/v1/taxonomy/graphql,30
iiJF_QdU_neU,Immaterialrättsjurist,http://data.europa.eu/esco/occupation/5a8835bf-65c7-48e3-ab2f-7ad98b3fdb59,immaterialrättskonsult,exact-match,high,https://taxonomy.api.jobtechdev.se/v1/taxonomy/graphql,30
ijoc_xYk_hmR,Bebyggelseantikvarie,http://data.europa.eu/esco/occupation/7556c748-15b4-4e44-97d9-00d885d4cd7d,antikvarie,broad-match,low,https://taxonomy.api.jobtechdev.se/v1/taxonomy/graphql,30
imJC_PfJ_RHt,Videotekniker/VB-tekniker,http://data.europa.eu/esco/occupation/061f56c6-36eb-4aa7-b5ef-98b7a569da1c,videotekniker,exact-match,high,https://taxonomy.api.jobtechdev.se/v1/taxonomy/graphql,30
imUa_z6c_NDM,Musikinstrumentmakare,http://data.europa.eu/esco/occupation/0a94df75-6e31-4277-a326-1b01e56b6cb3,stränginstrumentmakare,narrow-match,low,https://taxonomy.api.jobtechdev.se/v1/taxonomy/graphql,30
imUa_z6c_NDM,Musikinstrumentmakare,http://data.europa.eu/esco/occupation/19c2d8bc-aa3d-4b72-b55a-50bf751873fe,cembalobyggare,narrow-match,low,https://taxonomy.api.jobtechdev.se/v1/taxonomy/graphql,30
imUa_z6c_NDM,Musikinstrumentmakare,http://data.europa.eu/esco/occupation/97dd9a0c-dd6b-416d-9537-655a08dd2895,pianobyggare,narrow-match,low,https://taxonomy.api.jobtechdev.se/v1/taxonomy/graphql,30
imUa_z6c_NDM,Musikinstrumentmakare,http://data.europa.eu/esco/occupation/bd55e8d7-8bdf-4179-a84b-ed43073f05a1,harpabyggare,narrow-match,low,https://taxonomy.api.jobtechdev.se/v1/taxonomy/graphql,30
imUa_z6c_NDM,Musikinstrumentmakare,http://data.europa.eu/esco/occupation/f569145d-8f87-4f80-b861-45583430d9f4,instrumentmakare idiofona instrument,narrow-match,low,https://taxonomy.api.jobtechdev.se/v1/taxonomy/graphql,30
imUa_z6c_NDM,Musikinstrumentmakare,http://data.europa.eu/esco/occupation/f889dcbd-d058-4177-927f-5fe59d044fa6,"musikinstrumentmakare, elektroniska musikinstrument",narrow-match,low,https://taxonomy.api.jobtechdev.se/v1/taxonomy/graphql,30
inQd_UVo_dLo,"Lärling, ventilationsplåtslagare",http://data.europa.eu/esco/occupation/572c9810-e1ee-4f7a-a71f-820f17c0c25b,byggnadsplåtslagare,broad-match,low,https://taxonomy.api.jobtechdev.se/v1/taxonomy/graphql,30
ir1D_hfe_jPD,Obduktionstekniker,http://data.europa.eu/esco/occupation/4a5b3686-eea4-4ba0-b446-33f7b6a95aed,"biomedicinsk analytiker, patologi",exact-match,high,https://taxonomy.api.jobtechdev.se/v1/taxonomy/graphql,30
it81_Tvc_eV7,AD-assistent,http://data.europa.eu/esco/occupation/54cba39a-5bb8-4e4c-89cd-d6097d3c6c3a,reklamassistent,broad-match,low,https://taxonomy.api.jobtechdev.se/v1/taxonomy/graphql,30
iugg_Qq9_QHH,Souschef,http://data.europa.eu/esco/occupation/1009be17-7efd-45f1-a033-566bf179c588,kock,broad-match,low,https://taxonomy.api.jobtechdev.se/v1/taxonomy/graphql,30
iwAf_kus_wxF,Internationell säljare/Exportsäljare,http://data.europa.eu/esco/occupation/c956be07-53a3-4b01-b8f8-f0c5a428eaa8,företagssäljare,broad-match,low,https://taxonomy.api.jobtechdev.se/v1/taxonomy/graphql,30
iwJU_gW4_SxT,UX-designer,http://data.europa.eu/esco/occupation/35553663-deab-4d9a-bf22-15c1625d28e8,AI-ingenjör,close-match,low,https://taxonomy.api.jobtechdev.se/v1/taxonomy/graphql,30
iwJU_gW4_SxT,UX-designer,http://data.europa.eu/esco/occupation/50af07f0-7a75-424e-a66d-5a9deea10f4c,IKT-hjälpmedelstestare,narrow-match,low,https://taxonomy.api.jobtechdev.se/v1/taxonomy/graphql,30
iwJU_gW4_SxT,UX-designer,http://data.europa.eu/esco/occupation/5f50290d-f520-4a69-85c7-1390d2a4a8b6,IKT-användbarhetstestare,narrow-match,low,https://taxonomy.api.jobtechdev.se/v1/taxonomy/graphql,30
iwJU_gW4_SxT,UX-designer,http://data.europa.eu/esco/occupation/96e20037-0a25-4bf6-a25e-808d1605d890,designer av användargränssnitt,exact-match,high,https://taxonomy.api.jobtechdev.se/v1/taxonomy/graphql,30
iwJU_gW4_SxT,UX-designer,http://data.europa.eu/esco/occupation/faed411a-f920-4100-86a8-b877928b429c,analytiker för användargränssnitt,exact-match,high,https://taxonomy.api.jobtechdev.se/v1/taxonomy/graphql,30
iwLT_P7W_9RZ,"Arbetsledare, säkerhetsarbete/Gruppledare, säkerhetsarbete",http://data.europa.eu/esco/occupation/37442765-f7bb-4ccd-9de1-4790296f3d37,"säkerhetsvakt, gruppledare",exact-match,high,https://taxonomy.api.jobtechdev.se/v1/taxonomy/graphql,30
iyR6_i3U_aC3,Naturförvaltare,http://data.europa.eu/esco/occupation/e011f10f-e172-43ce-bfd9-fb56e426c0c9,naturvårdsförvaltare,narrow-match,low,https://taxonomy.api.jobtechdev.se/v1/taxonomy/graphql,30
j3pm_WJX_Hty,"Murare, utan yrkesbevis",http://data.europa.eu/esco/occupation/05f321f8-055b-407d-bf19-e0ddabda56b7,murare,exact-match,high,https://taxonomy.api.jobtechdev.se/v1/taxonomy/graphql,30
j57s_wsS_ecL,Kvinnojoursarbetare,http://data.europa.eu/esco/occupation/92df4ee3-bce3-45f6-a693-597df1b96f43,"krishanteringsrådgivare, hjälplinje",close-match,low,https://taxonomy.api.jobtechdev.se/v1/taxonomy/graphql,30
j57s_wsS_ecL,Kvinnojoursarbetare,http://data.europa.eu/esco/occupation/b9dd2ee7-5fea-46f8-b226-ddae9501f728,"rådgivare, sexuellt våld",narrow-match,low,https://taxonomy.api.jobtechdev.se/v1/taxonomy/graphql,30
j5hb_nHr_8Q5,Maskinförare lantbruk,http://data.europa.eu/esco/occupation/1765f9b2-8483-490d-8df6-6e39db30ad82,förman för lantbruksmaskinsförare,exact-match,high,https://taxonomy.api.jobtechdev.se/v1/taxonomy/graphql,30
j5hb_nHr_8Q5,Maskinförare lantbruk,http://data.europa.eu/esco/occupation/1b8c75a9-407b-4554-a7d6-df391672c6b1,maskinförare inom lantbruk,exact-match,high,https://taxonomy.api.jobtechdev.se/v1/taxonomy/graphql,30
j6ZJ_7WS_dMX,Skogsvårdschef,http://data.europa.eu/esco/occupation/f04eaeff-52f5-4d52-93ad-6f846884827f,skogvakt,close-match,low,https://taxonomy.api.jobtechdev.se/v1/taxonomy/graphql,30
j6a1_gE6_uYW,Ambassadsekreterare,http://data.europa.eu/esco/occupation/7819669b-30c2-42e6-a1c4-0bcd6f0379ff,"handläggare, internationella relationer",broad-match,low,https://taxonomy.api.jobtechdev.se/v1/taxonomy/graphql,30
j8X2_KhG_6ty,Kassapersonal,http://data.europa.eu/esco/occupation/2b871272-bd61-4206-bd1a-0b96d7023098,butikskassör,exact-match,high,https://taxonomy.api.jobtechdev.se/v1/taxonomy/graphql,30
j8X2_KhG_6ty,Kassapersonal,http://data.europa.eu/esco/occupation/3f32394b-f1b1-48ef-96ee-74405fb7c6b6,"kassaoperatör, spel",narrow-match,low,https://taxonomy.api.jobtechdev.se/v1/taxonomy/graphql,30
j8X2_KhG_6ty,Kassapersonal,http://data.europa.eu/esco/occupation/612430b3-dd43-4786-b823-0466c4953f66,teaterkassör,narrow-match,low,https://taxonomy.api.jobtechdev.se/v1/taxonomy/graphql,30
j9yt_DeA_YBJ,Ljudassistent,http://data.europa.eu/esco/occupation/2cbb23b0-0bf1-4871-9e6d-18f005987310,ljudassistent,exact-match,high,https://taxonomy.api.jobtechdev.se/v1/taxonomy/graphql,30
jDJN_Q3V_3ot,"Lots, fartyg",http://data.europa.eu/esco/occupation/1ff5cf0d-e81f-4287-ba00-096816b16777,"lots, fartyg",exact-match,high,https://taxonomy.api.jobtechdev.se/v1/taxonomy/graphql,30
jEX9_VcQ_u2N,Fältassistent,http://data.europa.eu/esco/occupation/0d423a2e-6fb7-4704-8544-bd6c522b3c62,fältassistent,exact-match,high,https://taxonomy.api.jobtechdev.se/v1/taxonomy/graphql,30
jFWv_M7s_qj6,Bokbindare,http://data.europa.eu/esco/occupation/2f1380b4-b76b-489c-a3a8-cd05ed6ad392,bokbindare,exact-match,high,https://taxonomy.api.jobtechdev.se/v1/taxonomy/graphql,30
jGxn_g2j_tUC,Sömmerska hemtextilier och andra textilprodukter,http://data.europa.eu/esco/occupation/28b25dbf-1eab-45e8-9d02-7a5eea9bb139,"sömmare, hemtextil",narrow-match,low,https://taxonomy.api.jobtechdev.se/v1/taxonomy/graphql,30
jGxn_g2j_tUC,Sömmerska hemtextilier och andra textilprodukter,http://data.europa.eu/esco/occupation/517c01aa-e875-4690-bf38-17307a57eafe,sömmare,exact-match,high,https://taxonomy.api.jobtechdev.se/v1/taxonomy/graphql,30
jGxn_g2j_tUC,Sömmerska hemtextilier och andra textilprodukter,http://data.europa.eu/esco/occupation/7324e9f5-0f94-497e-af2f-42142e939a94,brodös/brodör,narrow-match,low,https://taxonomy.api.jobtechdev.se/v1/taxonomy/graphql,30
jGxn_g2j_tUC,Sömmerska hemtextilier och andra textilprodukter,http://data.europa.eu/esco/occupation/e666c384-2a14-4cd9-981f-7067dc0bb9a9,"sömmare, skinn",narrow-match,low,https://taxonomy.api.jobtechdev.se/v1/taxonomy/graphql,30
jJNX_nBj_SN9,"Projektledare, social inriktning",http://data.europa.eu/esco/occupation/bea99fea-0383-4c63-b944-70d4799de2c5,projektledare,broad-match,low,https://taxonomy.api.jobtechdev.se/v1/taxonomy/graphql,30
jJXM_Gbn_jez,Valsverksoperatör,http://data.europa.eu/esco/occupation/6dbca2aa-f83b-4567-a4e7-b9a21fb948bf,"valsverksoperatör, metall",exact-match,high,https://taxonomy.api.jobtechdev.se/v1/taxonomy/graphql,30
jJXM_Gbn_jez,Valsverksoperatör,http://data.europa.eu/esco/occupation/95a6ecd2-a140-4861-aad7-dcb8cfc1c9a3,skärvalsoperatör,close-match,low,https://taxonomy.api.jobtechdev.se/v1/taxonomy/graphql,30
jK73_q3a_fcZ,"Processingenjör, kemiteknik",http://data.europa.eu/esco/occupation/35bc3847-58ad-46f5-8921-e58acc2762a6,kemiingenjör,broad-match,low,https://taxonomy.api.jobtechdev.se/v1/taxonomy/graphql,30
jMBP_piN_Nwv,Dramatiker,http://data.europa.eu/esco/occupation/ebe936e2-64e7-4777-94d6-42caa5a12409,manusförfattare,close-match,low,https://taxonomy.api.jobtechdev.se/v1/taxonomy/graphql,30
jQKk_Wzd_pvu,Komminister,http://data.europa.eu/esco/occupation/a4dd6eae-ca75-456f-829d-333671a7c186,kaplan,close-match,low,https://taxonomy.api.jobtechdev.se/v1/taxonomy/graphql,30
jQKk_Wzd_pvu,Komminister,http://data.europa.eu/esco/occupation/ed256ed0-0432-4969-8544-3e5e01a517a9,religiös ledare,broad-match,low,https://taxonomy.api.jobtechdev.se/v1/taxonomy/graphql,30
jQwP_ds3_Toe,Processoperatör malmanrikning,http://data.europa.eu/esco/occupation/66d22b81-1b5e-42a1-b904-ac67b4a896c6,processoperatör inom malmanrikning,exact-match,high,https://taxonomy.api.jobtechdev.se/v1/taxonomy/graphql,30
jQwP_ds3_Toe,Processoperatör malmanrikning,http://data.europa.eu/esco/occupation/7c64479f-7a76-49e9-ac42-bd925f2bf99d,"kontrollrumsoperatör, gruva",exact-match,high,https://taxonomy.api.jobtechdev.se/v1/taxonomy/graphql,30
jRge_ki1_8cd,Immunolog,http://data.europa.eu/esco/occupation/b5d1912e-89c7-4a66-ab96-0dc5f4f6c426,immunolog,exact-match,high,https://taxonomy.api.jobtechdev.se/v1/taxonomy/graphql,30
jUbF_gem_LC8,Bildpedagog,http://data.europa.eu/esco/occupation/72bcb223-da77-4ed5-a03a-796fd5ece728,bildlärare,exact-match,high,https://taxonomy.api.jobtechdev.se/v1/taxonomy/graphql,30
jXt3_sJq_wKY,"Chef, Corporate Finance",http://data.europa.eu/esco/occupation/754ce08f-b4d9-4b9c-b9d2-06f15258a3ce,bankchef,close-match,low,https://taxonomy.api.jobtechdev.se/v1/taxonomy/graphql,30
jg79_1KF_Hvq,Level designer/Leveldesigner,http://data.europa.eu/esco/occupation/d68ff35f-e34d-4e32-88ab-d6c06a6c25b9,dataspelsdesigner,broad-match,low,https://taxonomy.api.jobtechdev.se/v1/taxonomy/graphql,30
jgo4_iYd_cr6,Ekonomidirektör/Finanschef,http://data.europa.eu/esco/occupation/30f3ea93-882a-4525-841c-1d5b4b64076f,ekonomichef,close-match,low,https://taxonomy.api.jobtechdev.se/v1/taxonomy/graphql,30
jgqS_XiJ_enV,Specialistundersköterska,http://data.europa.eu/esco/occupation/d38c2107-98f2-47b7-8bb4-f69750d51082,"undersköterska, vård- och specialavdelning och mottagning",broad-match,low,https://taxonomy.api.jobtechdev.se/v1/taxonomy/graphql,30
jhj8_puk_Eht,Trädgårdsanläggare,http://data.europa.eu/esco/occupation/e7970c7a-7769-4002-87d3-0a8ea94fdd6f,trädgårdsarkitekt,exact-match,high,https://taxonomy.api.jobtechdev.se/v1/taxonomy/graphql,30
jijk_YAe_iRU,Fasadmontör,http://data.europa.eu/esco/occupation/95da5e1b-cc1e-46bd-96c4-81d4f7003080,husmontör,broad-match,low,https://taxonomy.api.jobtechdev.se/v1/taxonomy/graphql,30
jk4K_uNT_BkL,Operatör batteritillverkning,http://data.europa.eu/esco/occupation/43eb6228-8241-47d6-875e-7ccc214291d5,batteritestare,narrow-match,low,https://taxonomy.api.jobtechdev.se/v1/taxonomy/graphql,30
jk4K_uNT_BkL,Operatör batteritillverkning,http://data.europa.eu/esco/occupation/718bba63-75b7-4b3a-9912-e201b729fe4c,batteriarbetare,close-match,low,https://taxonomy.api.jobtechdev.se/v1/taxonomy/graphql,30
jnyz_boS_QcU,Statssekreterare,http://data.europa.eu/esco/occupation/0ee67d5e-8de9-48f0-97c5-ba23d486b1e9,statssekreterare,exact-match,high,https://taxonomy.api.jobtechdev.se/v1/taxonomy/graphql,30
js93_H6m_jmr,Idrottsplatschef,http://data.europa.eu/esco/occupation/20e39113-05f5-4184-94e2-f5e8e8c8d2ea,idrottschef,broad-match,low,https://taxonomy.api.jobtechdev.se/v1/taxonomy/graphql,30
js93_H6m_jmr,Idrottsplatschef,http://data.europa.eu/esco/occupation/825ab049-2f0c-4acf-b402-9c6bb51acca2,"chef, idrottsanläggning",exact-match,high,https://taxonomy.api.jobtechdev.se/v1/taxonomy/graphql,30
jsUx_ngg_Kz2,Innesäljare,http://data.europa.eu/esco/occupation/c956be07-53a3-4b01-b8f8-f0c5a428eaa8,företagssäljare,broad-match,low,https://taxonomy.api.jobtechdev.se/v1/taxonomy/graphql,30
jtGy_ZBL_NEP,Marknadskommunikatör,http://data.europa.eu/esco/occupation/21af40bb-2ae3-4fc7-9b28-d2cdd8308912,marknadskoordinator,close-match,low,https://taxonomy.api.jobtechdev.se/v1/taxonomy/graphql,30
jtGy_ZBL_NEP,Marknadskommunikatör,http://data.europa.eu/esco/occupation/de80bbf0-447d-4a6a-845a-fdba4e0dc30c,varumärkeschef,close-match,low,https://taxonomy.api.jobtechdev.se/v1/taxonomy/graphql,30
juMW_zuh_gwh,Second assistant director/SAD,http://data.europa.eu/esco/occupation/71898b81-fc2f-4a97-826d-f45e49a8160a,"regiassistent, film",close-match,low,https://taxonomy.api.jobtechdev.se/v1/taxonomy/graphql,30
juMW_zuh_gwh,Second assistant director/SAD,http://data.europa.eu/esco/occupation/e1106f6d-81fc-44f8-af94-8b7d2763065c,"regiassistent, teater",close-match,low,https://taxonomy.api.jobtechdev.se/v1/taxonomy/graphql,30
jvPc_9RA_vBq,Hemhjälp,http://data.europa.eu/esco/occupation/6d50f735-dca9-4a02-96dc-e4310ed98ae2,hushållerska,close-match,low,https://taxonomy.api.jobtechdev.se/v1/taxonomy/graphql,30
jvPc_9RA_vBq,Hemhjälp,http://data.europa.eu/esco/occupation/cbad55a4-c7cf-4ab6-9540-eac72b26729b,hemhjälp,exact-match,high,https://taxonomy.api.jobtechdev.se/v1/taxonomy/graphql,30
jvPc_9RA_vBq,Hemhjälp,http://data.europa.eu/esco/occupation/d5954a2b-a525-45b7-b6d9-b62efafc6c78,hemvårdare,close-match,low,https://taxonomy.api.jobtechdev.se/v1/taxonomy/graphql,30
jvdd_vUd_o2x,Dockmakare,http://data.europa.eu/esco/occupation/8918dda6-d99b-4572-a8ba-2a786bf5e4e9,dockmakare,exact-match,high,https://taxonomy.api.jobtechdev.se/v1/taxonomy/graphql,30
jwgi_jYc_iE9,Revisor,http://data.europa.eu/esco/occupation/1ad59946-d13e-441e-9b36-56e1df055e21,finansiell revisor,narrow-match,low,https://taxonomy.api.jobtechdev.se/v1/taxonomy/graphql,30
jwgi_jYc_iE9,Revisor,http://data.europa.eu/esco/occupation/76a1a76c-b014-4600-8901-56cb936de7ed,chef för IKT-granskning,narrow-match,low,https://taxonomy.api.jobtechdev.se/v1/taxonomy/graphql,30
jwgi_jYc_iE9,Revisor,http://data.europa.eu/esco/occupation/78db356f-a96a-4456-ab29-2de62e52f830,"revisor, offentlig förvaltning",narrow-match,low,https://taxonomy.api.jobtechdev.se/v1/taxonomy/graphql,30
jwgi_jYc_iE9,Revisor,http://data.europa.eu/esco/occupation/caafca69-9faa-4850-8930-a3fa07fea4e6,redovisningsanalytiker,narrow-match,low,https://taxonomy.api.jobtechdev.se/v1/taxonomy/graphql,30
jwgi_jYc_iE9,Revisor,http://data.europa.eu/esco/occupation/cd4f41a5-87a6-4b3c-8ee3-14e6f457c365,revisionsansvarig,narrow-match,low,https://taxonomy.api.jobtechdev.se/v1/taxonomy/graphql,30
jwgi_jYc_iE9,Revisor,http://data.europa.eu/esco/occupation/eda0d957-3c3c-4139-b89a-a18bc9e18897,revisor,exact-match,high,https://taxonomy.api.jobtechdev.se/v1/taxonomy/graphql,30
jyXo_omy_5XM,Diversearbetare,http://data.europa.eu/esco/occupation/92371348-ef8f-41ce-9666-c903b57cc8b4,furnerare,narrow-match,low,https://taxonomy.api.jobtechdev.se/v1/taxonomy/graphql,30
jyXo_omy_5XM,Diversearbetare,http://data.europa.eu/esco/occupation/f4a25243-b06a-42a9-9c69-246853df63ad,allt-i-allo,close-match,low,https://taxonomy.api.jobtechdev.se/v1/taxonomy/graphql,30
jzeN_ugc_uyf,Turistinformatör,http://data.europa.eu/esco/occupation/5b9a678a-7c35-4c50-a804-754b82652ee6,researrangör,close-match,low,https://taxonomy.api.jobtechdev.se/v1/taxonomy/graphql,30
jzeN_ugc_uyf,Turistinformatör,http://data.europa.eu/esco/occupation/9b35eab1-2adc-4057-a620-181862656a19,turistinformatör,exact-match,high,https://taxonomy.api.jobtechdev.se/v1/taxonomy/graphql,30
k111_vB5_1Tf,"Projekteringsingenjör, maskin",http://data.europa.eu/esco/occupation/579254cf-6d69-4889-9000-9c79dc568644,"civilingenjör, maskin",broad-match,low,https://taxonomy.api.jobtechdev.se/v1/taxonomy/graphql,30
k2X8_oyr_C7i,Professionell idrottsutövare,http://data.europa.eu/esco/occupation/082c234c-0dda-490a-b5af-757c3e48da90,professionell idrottare,exact-match,high,https://taxonomy.api.jobtechdev.se/v1/taxonomy/graphql,30
k4k1_LhW_o5U,Flygmekaniker,http://data.europa.eu/esco/occupation/0ac8fe65-32e6-4c25-8345-2b87bc7b2698,flygmotoringenjör,narrow-match,low,https://taxonomy.api.jobtechdev.se/v1/taxonomy/graphql,30
k4k1_LhW_o5U,Flygmekaniker,http://data.europa.eu/esco/occupation/7d599049-d15a-4fda-afe9-b334b0614ec7,flygmotormekaniker,narrow-match,low,https://taxonomy.api.jobtechdev.se/v1/taxonomy/graphql,30
k4k1_LhW_o5U,Flygmekaniker,http://data.europa.eu/esco/occupation/91373a70-79b6-47a2-aa50-07dfe20dd258,flygmekaniker,exact-match,high,https://taxonomy.api.jobtechdev.se/v1/taxonomy/graphql,30
k4xL_m1y_aKQ,"ST-läkare, bild- och funktionsmedicin",http://data.europa.eu/esco/occupation/71f09c8b-a172-408c-b9e7-32e580e39ff6,läkare,close-match,low,https://taxonomy.api.jobtechdev.se/v1/taxonomy/graphql,30
k5cY_mwV_UrB,Skogsekonom,http://data.europa.eu/esco/occupation/fa32eb3f-5c9f-4668-8f85-5eefb3badab8,skogsrådgivare,broad-match,low,https://taxonomy.api.jobtechdev.se/v1/taxonomy/graphql,30
k5d5_vJj_ND2,Aktiechef,http://data.europa.eu/esco/occupation/d0e85fe6-78e3-4218-b21a-99b75438b775,"chef, värdepappersbolag",broad-match,low,https://taxonomy.api.jobtechdev.se/v1/taxonomy/graphql,30
k612_Zer_UV8,Ambulanssjukvårdare,http://data.europa.eu/esco/occupation/0b5dfc02-b825-4445-811d-d39ed442657e,ambulanssjukvårdare,exact-match,high,https://taxonomy.api.jobtechdev.se/v1/taxonomy/graphql,30
k6dT_xMj_pNe,"Pumpman, oljeborrning",http://data.europa.eu/esco/occupation/5d549551-d94a-4e98-8444-d6608d70c8d8,borrtekniker,close-match,low,https://taxonomy.api.jobtechdev.se/v1/taxonomy/graphql,30
k6dT_xMj_pNe,"Pumpman, oljeborrning",http://data.europa.eu/esco/occupation/d3c1c718-a093-4e2e-80a0-2bd331266a8b,"borrtekniker, olja",close-match,low,https://taxonomy.api.jobtechdev.se/v1/taxonomy/graphql,30
k7GJ_Ysw_GbY,Turistintendent,http://data.europa.eu/esco/occupation/caf7b8fb-b2d6-46b7-bffa-bea7f8e4aed8,"handläggare, offentlig förvaltning",broad-match,low,https://taxonomy.api.jobtechdev.se/v1/taxonomy/graphql,30
k7aW_toR_PPm,"Arbetsledare, husbyggnad",http://data.europa.eu/esco/occupation/0181835d-dd00-49e2-9fc4-e1382a65957f,"arbetsledare, isolering",narrow-match,low,https://taxonomy.api.jobtechdev.se/v1/taxonomy/graphql,30
k7aW_toR_PPm,"Arbetsledare, husbyggnad",http://data.europa.eu/esco/occupation/20db07fc-cc02-46aa-a4fc-b3c73ba8fa8f,"arbetsledare, betongarbeten",narrow-match,low,https://taxonomy.api.jobtechdev.se/v1/taxonomy/graphql,30
k7aW_toR_PPm,"Arbetsledare, husbyggnad",http://data.europa.eu/esco/occupation/2ea3070e-3d0b-4de6-b5bd-fe4a04649b04,"arbetsledare, ställningsbygge",narrow-match,low,https://taxonomy.api.jobtechdev.se/v1/taxonomy/graphql,30
k7aW_toR_PPm,"Arbetsledare, husbyggnad",http://data.europa.eu/esco/occupation/66dc9349-6ca3-4ce4-9865-40686234d752,"arbetsledare, takarbete",narrow-match,low,https://taxonomy.api.jobtechdev.se/v1/taxonomy/graphql,30
k7aW_toR_PPm,"Arbetsledare, husbyggnad",http://data.europa.eu/esco/occupation/87580fa5-39d2-4b7e-9274-b744e684f17c,"arbetsledare, träarbeten",exact-match,high,https://taxonomy.api.jobtechdev.se/v1/taxonomy/graphql,30
k7aW_toR_PPm,"Arbetsledare, husbyggnad",http://data.europa.eu/esco/occupation/87580fa5-39d2-4b7e-9274-b744e684f17c,"arbetsledare, träarbeten",narrow-match,low,https://taxonomy.api.jobtechdev.se/v1/taxonomy/graphql,30
k7aW_toR_PPm,"Arbetsledare, husbyggnad",http://data.europa.eu/esco/occupation/a603fdd9-31e7-424a-883a-e9f6bf88085a,"arbetsledare, stålkonstruktion",narrow-match,low,https://taxonomy.api.jobtechdev.se/v1/taxonomy/graphql,30
k7aW_toR_PPm,"Arbetsledare, husbyggnad",http://data.europa.eu/esco/occupation/aecb033a-2be8-459c-bbdc-87bbae922894,"arbetsledare, gipsarbeten",narrow-match,low,https://taxonomy.api.jobtechdev.se/v1/taxonomy/graphql,30
k81E_qaH_h78,Organisationsjurist,http://data.europa.eu/esco/occupation/fdfce14e-992d-4ff4-9f9d-7a353c75654e,företagsjurist,exact-match,high,https://taxonomy.api.jobtechdev.se/v1/taxonomy/graphql,30
kBdt_K9U_vgC,Båtbyggare,http://data.europa.eu/esco/occupation/26a86453-4236-49a3-ae3a-313c1cacb5ff,båtmontör,exact-match,high,https://taxonomy.api.jobtechdev.se/v1/taxonomy/graphql,30
kBdt_K9U_vgC,Båtbyggare,http://data.europa.eu/esco/occupation/2a22ff9e-de3b-408d-b312-5034896cc4f4,snickare,broad-match,low,https://taxonomy.api.jobtechdev.se/v1/taxonomy/graphql,30
kBdt_K9U_vgC,Båtbyggare,http://data.europa.eu/esco/occupation/a4e96a0c-3a49-4cd3-a45c-ff081c28405d,drevare,narrow-match,low,https://taxonomy.api.jobtechdev.se/v1/taxonomy/graphql,30
kDDZ_ekG_oQU,Dövblindkonsulent,http://data.europa.eu/esco/occupation/caf7b8fb-b2d6-46b7-bffa-bea7f8e4aed8,"handläggare, offentlig förvaltning",close-match,low,https://taxonomy.api.jobtechdev.se/v1/taxonomy/graphql,30
kEQw_Us3_ARx,Fiskeskeppare,http://data.europa.eu/esco/occupation/bcead4e9-3697-4831-b62e-ddb83d7d469d,"befälhavare, fiskefartyg",exact-match,high,https://taxonomy.api.jobtechdev.se/v1/taxonomy/graphql,30
kEQw_Us3_ARx,Fiskeskeppare,http://data.europa.eu/esco/occupation/ff63fa99-c634-4e6f-a693-6a49482952e9,fiskeskeppare,exact-match,high,https://taxonomy.api.jobtechdev.se/v1/taxonomy/graphql,30
kHsW_KVe_dT4,3D-printingspecialist,http://data.europa.eu/esco/occupation/418f3a43-a6b2-4101-aaa0-832fe7d82885,"operatör, additiv tillverkning i metall",narrow-match,low,https://taxonomy.api.jobtechdev.se/v1/taxonomy/graphql,30
kHsW_KVe_dT4,3D-printingspecialist,http://data.europa.eu/esco/occupation/4cf7be91-fed9-47a7-9ca9-e74c7eb6becb,3D-tekniker,exact-match,high,https://taxonomy.api.jobtechdev.se/v1/taxonomy/graphql,30
kHze_MW7_PkZ,Redaktionssekreterare,http://data.europa.eu/esco/occupation/bcba793e-44fe-45eb-b0fb-56772529cbab,redaktionssekreterare,exact-match,high,https://taxonomy.api.jobtechdev.se/v1/taxonomy/graphql,30
kJEw_Qzp_bkK,Folkhögskolelärare,http://data.europa.eu/esco/occupation/5efb2c08-ba3a-4659-a2e4-1883f54e77b6,gymnasielärare,close-match,low,https://taxonomy.api.jobtechdev.se/v1/taxonomy/graphql,30
kJZE_gsT_YQK,Informationschef/Kommunikationschef,http://data.europa.eu/esco/occupation/cd7b838c-51f6-41ec-9067-bb974c0f991b,kommunikationschef,exact-match,high,https://taxonomy.api.jobtechdev.se/v1/taxonomy/graphql,30
kJtR_sGs_BP1,Länsantikvarie/1:e antikvarie,http://data.europa.eu/esco/occupation/7556c748-15b4-4e44-97d9-00d885d4cd7d,antikvarie,exact-match,high,https://taxonomy.api.jobtechdev.se/v1/taxonomy/graphql,30
kL6N_6kS_hBu,Pistmaskinförare,http://data.europa.eu/esco/occupation/cae71f3f-ad4d-480e-b501-bff22827e60c,bandschaktarförare,broad-match,low,https://taxonomy.api.jobtechdev.se/v1/taxonomy/graphql,30
kPWD_ic7_CLm,"Engine programmer, games",http://data.europa.eu/esco/occupation/9ebaf3f0-0be0-47b7-b2b1-b3b04130fa81,dataspelsutvecklare,broad-match,low,https://taxonomy.api.jobtechdev.se/v1/taxonomy/graphql,30
kR6N_46L_Hc9,Postdoktor/Postdoc,http://data.europa.eu/esco/occupation/5ac65daa-0896-4193-9f0e-8b00746b78a1,"forskarassistent, högskola",close-match,low,https://taxonomy.api.jobtechdev.se/v1/taxonomy/graphql,30
kT6D_nm2_KP8,"Traktorförare, industri",http://data.europa.eu/esco/occupation/eeac6251-1974-42f5-91ed-513c6c883755,truckförare,broad-match,low,https://taxonomy.api.jobtechdev.se/v1/taxonomy/graphql,30
kTPN_7g7_fhV,Medicinsk massageterapeut,http://data.europa.eu/esco/occupation/9487f835-b5a9-4742-8ecf-35520911e28c,massageterapeut,narrow-match,low,https://taxonomy.api.jobtechdev.se/v1/taxonomy/graphql,30
kbCX_1s6_vqh,"Modersmålslärare, förskola",http://data.europa.eu/esco/occupation/55d60ead-0343-4008-b9e4-fb4b5a179c83,förskollärare,broad-match,low,https://taxonomy.api.jobtechdev.se/v1/taxonomy/graphql,30
kbMR_1Di_iVA,Borgerlig officiant,http://data.europa.eu/esco/occupation/d7607255-746f-4ad4-bb4e-812e73d24983,begravningsrepresentant,close-match,low,https://taxonomy.api.jobtechdev.se/v1/taxonomy/graphql,30
keVJ_c38_DLa,"Forskare, mikrobiologi",http://data.europa.eu/esco/occupation/acbb7a20-c947-480d-a07e-868a0ab3eab8,"forskare, mikrobiolog",exact-match,high,https://taxonomy.api.jobtechdev.se/v1/taxonomy/graphql,30
keo3_Pro_YuA,Dykinstruktör,http://data.europa.eu/esco/occupation/11695786-9fb7-4895-b161-0480419107e4,idrottsinstruktör,broad-match,low,https://taxonomy.api.jobtechdev.se/v1/taxonomy/graphql,30
kerv_BhD_h6F,Polis,http://data.europa.eu/esco/occupation/3880e9e8-bc2b-48d9-8afc-a0f258c1c4b0,kriminalpolis,narrow-match,low,https://taxonomy.api.jobtechdev.se/v1/taxonomy/graphql,30
kerv_BhD_h6F,Polis,http://data.europa.eu/esco/occupation/3cee6bea-4a19-4511-9bbb-fdf820857555,brottsplatsundersökare,narrow-match,low,https://taxonomy.api.jobtechdev.se/v1/taxonomy/graphql,30
kerv_BhD_h6F,Polis,http://data.europa.eu/esco/occupation/5793c124-c037-47b2-85b6-dd4a705968dc,polis,exact-match,high,https://taxonomy.api.jobtechdev.se/v1/taxonomy/graphql,30
kerv_BhD_h6F,Polis,http://data.europa.eu/esco/occupation/ce2b8609-34c7-40d3-a4f7-581c76bd258a,polisinspektör,narrow-match,low,https://taxonomy.api.jobtechdev.se/v1/taxonomy/graphql,30
kgrC_oP4_6Kv,Publikvärd,http://data.europa.eu/esco/occupation/7f346896-a4fb-47a1-9572-13398bc297a6,publikvärd,exact-match,high,https://taxonomy.api.jobtechdev.se/v1/taxonomy/graphql,30
kgrC_oP4_6Kv,Publikvärd,http://data.europa.eu/esco/occupation/d1fc31d2-38e1-4000-85b7-3f82d2fbed9e,klubbvärd,close-match,low,https://taxonomy.api.jobtechdev.se/v1/taxonomy/graphql,30
kgyb_GN3_qR1,"Civilingenjör, byggnadskonstruktion",http://data.europa.eu/esco/occupation/2a914d26-42aa-46b5-acf3-097d51ba4617,"civilingenjör, bygg",broad-match,low,https://taxonomy.api.jobtechdev.se/v1/taxonomy/graphql,30
khyA_L28_aHz,Samhällsekonom,http://data.europa.eu/esco/occupation/b3e459a2-0103-4182-8882-c255d474a7ff,skattepolitisk analytiker,narrow-match,low,https://taxonomy.api.jobtechdev.se/v1/taxonomy/graphql,30
kjD1_wUs_D8a,Manikyrist,http://data.europa.eu/esco/occupation/bced9b86-d4e7-42f8-bb47-acb2001b9bd0,nagelterapeut,close-match,low,https://taxonomy.api.jobtechdev.se/v1/taxonomy/graphql,30
kntm_Uen_7Bn,Kökschef,http://data.europa.eu/esco/occupation/01484951-15e6-4b88-a20f-1201868d36a0,köksmästare,narrow-match,low,https://taxonomy.api.jobtechdev.se/v1/taxonomy/graphql,30
kpNH_bFZ_3X2,Möbeltapetserare,http://data.europa.eu/esco/occupation/92dc335d-a116-416f-ad2b-257e5382e574,madrasstillverkare,narrow-match,low,https://taxonomy.api.jobtechdev.se/v1/taxonomy/graphql,30
kpNH_bFZ_3X2,Möbeltapetserare,http://data.europa.eu/esco/occupation/95a89206-4dc8-4753-a5d9-bc14a0e5f7ca,tapetserare,exact-match,high,https://taxonomy.api.jobtechdev.se/v1/taxonomy/graphql,30
kpNH_bFZ_3X2,Möbeltapetserare,http://data.europa.eu/esco/occupation/cd3f5356-a16f-4aca-9d4b-ceba2b2afec5,"tapetserare, hantverk",narrow-match,low,https://taxonomy.api.jobtechdev.se/v1/taxonomy/graphql,30
kpw6_7cd_9X6,AV-tekniker,http://data.europa.eu/esco/occupation/47e4135b-95d1-4462-920c-afcbd7c4d9be,evenemangstekniker,narrow-match,low,https://taxonomy.api.jobtechdev.se/v1/taxonomy/graphql,30
kpw6_7cd_9X6,AV-tekniker,http://data.europa.eu/esco/occupation/7642cbcc-9839-47fb-b2cf-d4bb831d6c93,ljud- och bildtekniker,exact-match,high,https://taxonomy.api.jobtechdev.se/v1/taxonomy/graphql,30
kron_xtp_zCz,Mediasäljare,http://data.europa.eu/esco/occupation/c956be07-53a3-4b01-b8f8-f0c5a428eaa8,företagssäljare,broad-match,low,https://taxonomy.api.jobtechdev.se/v1/taxonomy/graphql,30
kron_xtp_zCz,Mediasäljare,http://data.europa.eu/esco/occupation/f5332f2d-3119-4194-8b5c-d0a5d97f55ef,annonschef,exact-match,high,https://taxonomy.api.jobtechdev.se/v1/taxonomy/graphql,30
ktE3_SWm_Qaj,Fartygselektrikerelev,http://data.europa.eu/esco/occupation/9422c30d-c5ef-4fcc-a493-d67ee42189c0,"fartygselektriker, elektroniska system",broad-match,low,https://taxonomy.api.jobtechdev.se/v1/taxonomy/graphql,30
kx3b_92W_PuD,Elingenjör,http://data.europa.eu/esco/occupation/51c7015c-dc81-4fcb-b15f-619a4656a9fe,"tekniker, elektromekanik",narrow-match,low,https://taxonomy.api.jobtechdev.se/v1/taxonomy/graphql,30
kx3b_92W_PuD,Elingenjör,http://data.europa.eu/esco/occupation/86ca306c-ab99-420a-9e2a-aa73c5c4de22,elektroingenjör,exact-match,high,https://taxonomy.api.jobtechdev.se/v1/taxonomy/graphql,30
kx3b_92W_PuD,Elingenjör,http://data.europa.eu/esco/occupation/9aa2a36f-296e-45fe-9798-b7839e0ed389,"tekniker, elektroteknik",exact-match,high,https://taxonomy.api.jobtechdev.se/v1/taxonomy/graphql,30
kx3b_92W_PuD,Elingenjör,http://data.europa.eu/esco/occupation/e69697d0-2639-4aad-b73a-05e0b98357b1,"elektroingenjör, gruva",narrow-match,low,https://taxonomy.api.jobtechdev.se/v1/taxonomy/graphql,30
kxKW_LiD_FuW,Arkivassistent,http://data.europa.eu/esco/occupation/9ab0f0db-1128-4050-becd-b09db5eabdaa,arkivassistent,exact-match,high,https://taxonomy.api.jobtechdev.se/v1/taxonomy/graphql,30
kxew_SY8_LFZ,Gatuförsäljare,http://data.europa.eu/esco/occupation/b059d331-2dd9-4d7d-923e-1dd029d2e58c,gatuförsäljare,exact-match,high,https://taxonomy.api.jobtechdev.se/v1/taxonomy/graphql,30
m8ED_BbT_twk,"Bildingenjör/BING, film/BING, TV",http://data.europa.eu/esco/occupation/6fed206a-ac4d-492b-a81a-5a3a0f2b67bc,kameratekniker,close-match,low,https://taxonomy.api.jobtechdev.se/v1/taxonomy/graphql,30
m9vB_abw_GZ3,Terminolog,http://data.europa.eu/esco/occupation/a9c7a04d-807a-41b5-b441-87c73c73c9c5,lingvist,broad-match,low,https://taxonomy.api.jobtechdev.se/v1/taxonomy/graphql,30
mAFA_4h6_ppV,Maskinoperatör tryckeri,http://data.europa.eu/esco/occupation/07d4a2fa-e278-4f32-8cf9-9c01fc660369,flexotryckare,narrow-match,low,https://taxonomy.api.jobtechdev.se/v1/taxonomy/graphql,30
mAFA_4h6_ppV,Maskinoperatör tryckeri,http://data.europa.eu/esco/occupation/32fcdc6f-1c8a-44e9-99b8-5519e4db4414,textiltryckstekniker,narrow-match,low,https://taxonomy.api.jobtechdev.se/v1/taxonomy/graphql,30
mAFA_4h6_ppV,Maskinoperatör tryckeri,http://data.europa.eu/esco/occupation/4f7e7482-39e7-4f3a-bf11-763620f4b8e0,"pressoperatör, prägeltryck",narrow-match,low,https://taxonomy.api.jobtechdev.se/v1/taxonomy/graphql,30
mAFA_4h6_ppV,Maskinoperatör tryckeri,http://data.europa.eu/esco/occupation/5b942a51-c9a2-4dc7-82cc-57451426cf4d,textiltryckare,narrow-match,low,https://taxonomy.api.jobtechdev.se/v1/taxonomy/graphql,30
mAFA_4h6_ppV,Maskinoperatör tryckeri,http://data.europa.eu/esco/occupation/6175b828-026d-4fb4-8be7-418394e1add0,digitaltryckare,narrow-match,low,https://taxonomy.api.jobtechdev.se/v1/taxonomy/graphql,30
mAFA_4h6_ppV,Maskinoperatör tryckeri,http://data.europa.eu/esco/occupation/7fbe45c6-1914-43ba-9cfb-e0a4e051da92,djuptryckare,narrow-match,low,https://taxonomy.api.jobtechdev.se/v1/taxonomy/graphql,30
mAFA_4h6_ppV,Maskinoperatör tryckeri,http://data.europa.eu/esco/occupation/a98f93a6-b1df-4759-88a9-3234f334afad,screentryckare,narrow-match,low,https://taxonomy.api.jobtechdev.se/v1/taxonomy/graphql,30
mAFA_4h6_ppV,Maskinoperatör tryckeri,http://data.europa.eu/esco/occupation/ad6589cb-ef1e-482d-863d-d80b2eb6b070,"laminerare, tryckeri",narrow-match,low,https://taxonomy.api.jobtechdev.se/v1/taxonomy/graphql,30
mAFA_4h6_ppV,Maskinoperatör tryckeri,http://data.europa.eu/esco/occupation/ea4aff10-4d20-4a2b-886b-299c2bd349f1,offsettryckare,narrow-match,low,https://taxonomy.api.jobtechdev.se/v1/taxonomy/graphql,30
mAg4_DVZ_qaw,Driftledare växtodling,http://data.europa.eu/esco/occupation/1b5ccfe7-1cc3-4f02-974c-f852d3faf57e,ansvarig för växtodling,exact-match,high,https://taxonomy.api.jobtechdev.se/v1/taxonomy/graphql,30
mBMU_HvW_LMY,IT-strateg,http://data.europa.eu/esco/occupation/a79170ad-0b7b-4697-864f-1748359aa10a,IKT-produktchef,close-match,low,https://taxonomy.api.jobtechdev.se/v1/taxonomy/graphql,30
mDBm_pJc_eN6,Miljöchef,http://data.europa.eu/esco/occupation/2cf2b905-3308-4b5d-8e8d-633fc7a3f3ce,hållbarhetsspecialist,close-match,low,https://taxonomy.api.jobtechdev.se/v1/taxonomy/graphql,30
mDBm_pJc_eN6,Miljöchef,http://data.europa.eu/esco/occupation/4b214899-ed00-4156-b269-a23df0fb1093,miljöskyddschef,close-match,low,https://taxonomy.api.jobtechdev.se/v1/taxonomy/graphql,30
mDyj_aDh_T2o,Reklamchef,http://data.europa.eu/esco/occupation/4ebf2dae-c326-4627-befe-fbc91410f432,reklamchef,exact-match,high,https://taxonomy.api.jobtechdev.se/v1/taxonomy/graphql,30
mHAm_gqB_wSy,First assistant director,http://data.europa.eu/esco/occupation/71898b81-fc2f-4a97-826d-f45e49a8160a,"regiassistent, film",close-match,low,https://taxonomy.api.jobtechdev.se/v1/taxonomy/graphql,30
mHAm_gqB_wSy,First assistant director,http://data.europa.eu/esco/occupation/e1106f6d-81fc-44f8-af94-8b7d2763065c,"regiassistent, teater",close-match,low,https://taxonomy.api.jobtechdev.se/v1/taxonomy/graphql,30
mHBq_oHi_GLy,Flygplatschef,http://data.europa.eu/esco/occupation/4be4ea31-1211-4f0c-82bb-f6fe10791f4d,flygplatsdirektör,exact-match,high,https://taxonomy.api.jobtechdev.se/v1/taxonomy/graphql,30
mHBq_oHi_GLy,Flygplatschef,http://data.europa.eu/esco/occupation/fc35b7ca-ecec-40d7-91b5-5065f662d955,flygplatschef,exact-match,high,https://taxonomy.api.jobtechdev.se/v1/taxonomy/graphql,30
mLrg_chY_7vR,Länsjägmästare,http://data.europa.eu/esco/occupation/94e0bedd-e56e-42be-a5a4-b74a260f437c,avdelningschef,broad-match,low,https://taxonomy.api.jobtechdev.se/v1/taxonomy/graphql,30
mM8D_fX8_czT,Ljussättare,http://data.europa.eu/esco/occupation/2f372afe-d513-4357-abe1-e5e0b5cf9ae5,ljussättare,exact-match,high,https://taxonomy.api.jobtechdev.se/v1/taxonomy/graphql,30
mQAY_wtA_7G2,Biomedicinare,http://data.europa.eu/esco/occupation/01ffb917-98dc-48c1-91ad-93c4104e791d,"ingenjör, biomedicin",exact-match,high,https://taxonomy.api.jobtechdev.se/v1/taxonomy/graphql,30
mQAY_wtA_7G2,Biomedicinare,http://data.europa.eu/esco/occupation/eee68e13-8248-43bb-a9fb-959832a6c217,biolog,broad-match,low,https://taxonomy.api.jobtechdev.se/v1/taxonomy/graphql,30
mQAj_VmK_aU4,Gruppledare bank,http://data.europa.eu/esco/occupation/32fafe2c-0099-4852-889e-46614ce9a9ae,"kreditansvarig, bank",broad-match,low,https://taxonomy.api.jobtechdev.se/v1/taxonomy/graphql,30
mSRg_Zwo_mrK,Lifttekniker,http://data.europa.eu/esco/occupation/3f0b6500-dfb5-40a8-9bce-72998ec3d344,liftskötare,exact-match,high,https://taxonomy.api.jobtechdev.se/v1/taxonomy/graphql,30
mSRg_Zwo_mrK,Lifttekniker,http://data.europa.eu/esco/occupation/8f9b20ff-86b3-478c-8054-73a220973d6f,linbaneskötare,broad-match,low,https://taxonomy.api.jobtechdev.se/v1/taxonomy/graphql,30
mSRg_Zwo_mrK,Lifttekniker,http://data.europa.eu/esco/occupation/b874b541-2cb3-460b-96d7-4f83fe04b41d,spårvägstekniker,narrow-match,low,https://taxonomy.api.jobtechdev.se/v1/taxonomy/graphql,30
mSf9_4xq_vXR,"Produktionsplanerare: kultur, media, film, dataspel",http://data.europa.eu/esco/occupation/00030d09-2b3a-4efd-87cc-c4ea39d27c34,teknisk ledare,narrow-match,low,https://taxonomy.api.jobtechdev.se/v1/taxonomy/graphql,30
mUBt_TFY_MNK,Brandinspektör,http://data.europa.eu/esco/occupation/c302791c-6864-4ec5-9a6c-2fca38764f0e,brandinspektör,exact-match,high,https://taxonomy.api.jobtechdev.se/v1/taxonomy/graphql,30
mUD2_7si_XaE,Nutritionist/Näringsfysiolog,http://data.europa.eu/esco/occupation/8a53f8d3-d995-4c7b-a70d-d79f76bdcb3f,dietist,close-match,low,https://taxonomy.api.jobtechdev.se/v1/taxonomy/graphql,30
mUD2_7si_XaE,Nutritionist/Näringsfysiolog,http://data.europa.eu/esco/occupation/c37d0026-989b-4705-9bcb-30cccd8308fa,"nutritionist, färdigrätter",narrow-match,low,https://taxonomy.api.jobtechdev.se/v1/taxonomy/graphql,30
mUa7_6EA_jUn,Reklamkonsulent,http://data.europa.eu/esco/occupation/e01719f4-d7dd-42fe-b504-93128520f84a,reklamkonsulent,exact-match,high,https://taxonomy.api.jobtechdev.se/v1/taxonomy/graphql,30
mX2Z_5Qu_yaR,Forskningschef,http://data.europa.eu/esco/occupation/73ceb2f9-18e3-4cfe-9c06-e9fb31ece440,forsknings- och utvecklingschef,broad-match,low,https://taxonomy.api.jobtechdev.se/v1/taxonomy/graphql,30
mX2Z_5Qu_yaR,Forskningschef,http://data.europa.eu/esco/occupation/9db7d74c-b46d-45c0-b611-6bcb7456ecc6,forskningschef för IKT,narrow-match,low,https://taxonomy.api.jobtechdev.se/v1/taxonomy/graphql,30
mX2Z_5Qu_yaR,Forskningschef,http://data.europa.eu/esco/occupation/c02ee787-c30b-4f0d-9d7f-6eb36fc44a5d,forskningschef,exact-match,high,https://taxonomy.api.jobtechdev.se/v1/taxonomy/graphql,30
mXmV_TJr_eQ3,Prefekt,http://data.europa.eu/esco/occupation/34852729-a2f6-4063-aa90-18b3d16754f7,prefekt,exact-match,high,https://taxonomy.api.jobtechdev.se/v1/taxonomy/graphql,30
mY9m_WER_ZCf,Stuckatör,http://data.europa.eu/esco/occupation/05f321f8-055b-407d-bf19-e0ddabda56b7,murare,broad-match,low,https://taxonomy.api.jobtechdev.se/v1/taxonomy/graphql,30
mY9m_WER_ZCf,Stuckatör,http://data.europa.eu/esco/occupation/f4a22809-c00c-4dd0-8b09-c7251f8dcd1c,gipsarbetare,close-match,low,https://taxonomy.api.jobtechdev.se/v1/taxonomy/graphql,30
mYcf_TH2_zPj,Reklamationshandläggare,http://data.europa.eu/esco/occupation/13d1b2b4-99dd-44da-9734-c9f74bae18f7,kundtjänstrepresentant,close-match,low,https://taxonomy.api.jobtechdev.se/v1/taxonomy/graphql,30
mbDn_h6o_Tuy,Fastighetstekniker,http://data.europa.eu/esco/occupation/1822bfc2-e735-449f-ba00-ca71eb5c062b,fastighetsvärd,close-match,low,https://taxonomy.api.jobtechdev.se/v1/taxonomy/graphql,30
mbDn_h6o_Tuy,Fastighetstekniker,http://data.europa.eu/esco/occupation/2bdf0696-776c-47e6-9259-6460af224dac,mätaravläsare,close-match,low,https://taxonomy.api.jobtechdev.se/v1/taxonomy/graphql,30
mbDn_h6o_Tuy,Fastighetstekniker,http://data.europa.eu/esco/occupation/822bbc2d-bc6a-4fb5-afb8-89170120c6d8,"servicetekniker, flygplats",narrow-match,low,https://taxonomy.api.jobtechdev.se/v1/taxonomy/graphql,30
mbmF_rYM_oFG,Väderobservatör,http://data.europa.eu/esco/occupation/0d7ae791-653e-4297-9f61-8bad87f61d57,meteorologisk observatör,broad-match,low,https://taxonomy.api.jobtechdev.se/v1/taxonomy/graphql,30
mbmF_rYM_oFG,Väderobservatör,http://data.europa.eu/esco/occupation/2bdf0696-776c-47e6-9259-6460af224dac,mätaravläsare,broad-match,low,https://taxonomy.api.jobtechdev.se/v1/taxonomy/graphql,30
mcAc_Xvo_Jp8,"Projekteringsingenjör, bygg och anläggning",http://data.europa.eu/esco/occupation/2a914d26-42aa-46b5-acf3-097d51ba4617,"civilingenjör, bygg",broad-match,low,https://taxonomy.api.jobtechdev.se/v1/taxonomy/graphql,30
mebc_91L_CNT,Specialisttandläkare inom bettfysiologi,http://data.europa.eu/esco/occupation/a580e79a-b752-49c1-b033-b5ab2b34bfba,specialisttandläkare,broad-match,low,https://taxonomy.api.jobtechdev.se/v1/taxonomy/graphql,30
mmBk_eYR_pe2,Kvalitetsbedömare livsmedel,http://data.europa.eu/esco/occupation/3d7b36e2-bfb8-4b67-9585-6787c1dda13e,"provsmakare, kaffe",narrow-match,low,https://taxonomy.api.jobtechdev.se/v1/taxonomy/graphql,30
mmBk_eYR_pe2,Kvalitetsbedömare livsmedel,http://data.europa.eu/esco/occupation/5f84de7d-5008-45c4-a993-8066388e0756,tobaksbladsorterare,narrow-match,low,https://taxonomy.api.jobtechdev.se/v1/taxonomy/graphql,30
mmBk_eYR_pe2,Kvalitetsbedömare livsmedel,http://data.europa.eu/esco/occupation/abc849b6-9e75-41ce-b1aa-4d488280a8a3,mjölkkontrollant,narrow-match,low,https://taxonomy.api.jobtechdev.se/v1/taxonomy/graphql,30
mmBk_eYR_pe2,Kvalitetsbedömare livsmedel,http://data.europa.eu/esco/occupation/b4306d87-7992-47fc-914a-4485a4e7003c,"kvalitetsbedömare, livsmedel",exact-match,high,https://taxonomy.api.jobtechdev.se/v1/taxonomy/graphql,30
mmBk_eYR_pe2,Kvalitetsbedömare livsmedel,http://data.europa.eu/esco/occupation/d3de3205-dd5c-4112-86bc-161e41cd77a5,"kvalitetsbedömare, cigarrer",narrow-match,low,https://taxonomy.api.jobtechdev.se/v1/taxonomy/graphql,30
mobn_aTk_jS6,Väktare,http://data.europa.eu/esco/occupation/31808988-fc0a-4bc3-9e47-27216d6759f5,säkerhetsvakt,exact-match,high,https://taxonomy.api.jobtechdev.se/v1/taxonomy/graphql,30
mobn_aTk_jS6,Väktare,http://data.europa.eu/esco/occupation/4cbe5a17-056c-489a-9f10-f9d816905000,väktare,exact-match,high,https://taxonomy.api.jobtechdev.se/v1/taxonomy/graphql,30
mobn_aTk_jS6,Väktare,http://data.europa.eu/esco/occupation/5e175ee2-6b07-4f1d-8f5e-962c36ab7bb6,"ordningsvakt, domstol",narrow-match,low,https://taxonomy.api.jobtechdev.se/v1/taxonomy/graphql,30
mobn_aTk_jS6,Väktare,http://data.europa.eu/esco/occupation/842d4d83-7e18-493a-a4a6-3f2a36504b18,stationär väktare,narrow-match,low,https://taxonomy.api.jobtechdev.se/v1/taxonomy/graphql,30
mobn_aTk_jS6,Väktare,http://data.europa.eu/esco/occupation/9c61bba4-56b7-4846-9f4e-b1f2decf3e7e,utryckningsväktare,narrow-match,low,https://taxonomy.api.jobtechdev.se/v1/taxonomy/graphql,30
mokP_vny_RLh,Föreningskonsulent,http://data.europa.eu/esco/occupation/caf7b8fb-b2d6-46b7-bffa-bea7f8e4aed8,"handläggare, offentlig förvaltning",close-match,low,https://taxonomy.api.jobtechdev.se/v1/taxonomy/graphql,30
mpm9_k4R_NKR,Småmaskinmekaniker,http://data.europa.eu/esco/occupation/3b4eb248-6b40-42fe-9d10-cba8ccfe6613,"servicetekniker, maskin",broad-match,low,https://taxonomy.api.jobtechdev.se/v1/taxonomy/graphql,30
mpm9_k4R_NKR,Småmaskinmekaniker,http://data.europa.eu/esco/occupation/4ad4024e-d1d3-4dea-b6d1-2c7948111dce,fordonstekniker,broad-match,low,https://taxonomy.api.jobtechdev.se/v1/taxonomy/graphql,30
mq6p_cdg_f1i,Säkerhetsingenjör industri,http://data.europa.eu/esco/occupation/a1273779-d2d4-4708-a406-62f7cdd26aab,"ingenjör, hälsa och säkerhet",broad-match,low,https://taxonomy.api.jobtechdev.se/v1/taxonomy/graphql,30
mqMb_FSG_ahg,Folkhälsostrateg,http://data.europa.eu/esco/occupation/61053604-8091-4a8e-9c63-5151051722e3,hälsovårdskonsult,close-match,low,https://taxonomy.api.jobtechdev.se/v1/taxonomy/graphql,30
mqMb_FSG_ahg,Folkhälsostrateg,http://data.europa.eu/esco/occupation/d4d6842b-27f0-4222-85db-c542acf6d434,"handläggare, offentlig förvaltning, folkhälsofrågor",broad-match,low,https://taxonomy.api.jobtechdev.se/v1/taxonomy/graphql,30
ms96_qce_p79,"Forskare, bakteriologi",http://data.europa.eu/esco/occupation/eee68e13-8248-43bb-a9fb-959832a6c217,biolog,broad-match,low,https://taxonomy.api.jobtechdev.se/v1/taxonomy/graphql,30
ms98_iAJ_Cym,"Driftingenjör, värmeverk",http://data.europa.eu/esco/occupation/b2cede50-82bb-4684-9f11-1930e12ad672,energiingenjör,close-match,low,https://taxonomy.api.jobtechdev.se/v1/taxonomy/graphql,30
mszs_EcM_DgP,Materialprovare,http://data.europa.eu/esco/occupation/eb00745b-9abb-4bd8-8291-aade48af029d,materialprovare,close-match,low,https://taxonomy.api.jobtechdev.se/v1/taxonomy/graphql,30
mtf5_vYH_PCv,AT-läkare,http://data.europa.eu/esco/occupation/71f09c8b-a172-408c-b9e7-32e580e39ff6,läkare,broad-match,low,https://taxonomy.api.jobtechdev.se/v1/taxonomy/graphql,30
mvnD_QKo_UPh,Industrirörmontör,http://data.europa.eu/esco/occupation/2a7d4b37-e831-4e20-827c-0682fe7e370e,"pumpman, pipeline",narrow-match,low,https://taxonomy.api.jobtechdev.se/v1/taxonomy/graphql,30
mvnD_QKo_UPh,Industrirörmontör,http://data.europa.eu/esco/occupation/4542ff68-f809-4ba1-857c-fd26d0914eaa,avvattningstekniker,close-match,low,https://taxonomy.api.jobtechdev.se/v1/taxonomy/graphql,30
mvnD_QKo_UPh,Industrirörmontör,http://data.europa.eu/esco/occupation/4c9ca706-3973-4926-854d-44011662ca83,brandskyddstekniker,narrow-match,low,https://taxonomy.api.jobtechdev.se/v1/taxonomy/graphql,30
mvnD_QKo_UPh,Industrirörmontör,http://data.europa.eu/esco/occupation/75f4c7aa-019f-4545-9ce1-2d163fe78580,"underhållstekniker, pipeline",narrow-match,low,https://taxonomy.api.jobtechdev.se/v1/taxonomy/graphql,30
mvnD_QKo_UPh,Industrirörmontör,http://data.europa.eu/esco/occupation/97b3cab1-f4f0-41ed-8c80-e65e6c067e95,gasinstallatör,narrow-match,low,https://taxonomy.api.jobtechdev.se/v1/taxonomy/graphql,30
mzjA_bXv_Rkp,Minister,http://data.europa.eu/esco/occupation/404a50e9-61ce-448d-a695-bbfc697a0727,minister,exact-match,high,https://taxonomy.api.jobtechdev.se/v1/taxonomy/graphql,30
mzyt_mwS_Lhr,Virkesmätare,http://data.europa.eu/esco/occupation/ad7bbc92-d5cb-4b64-a1a3-efc593afd437,"kontrollmätare, virke",close-match,low,https://taxonomy.api.jobtechdev.se/v1/taxonomy/graphql,30
n1Y4_m3N_rT9,Hemslöjdskonsulent,http://data.europa.eu/esco/occupation/6afe39e2-2674-45db-b05c-a6cab02fe25b,"lärare, vuxenutbildning",close-match,low,https://taxonomy.api.jobtechdev.se/v1/taxonomy/graphql,30
n2Tp_B8E_gED,Distriktssköterska,http://data.europa.eu/esco/occupation/36494988-69d2-4420-9db4-eb56605ac983,distriktssköterska,exact-match,high,https://taxonomy.api.jobtechdev.se/v1/taxonomy/graphql,30
n2kJ_qFK_x2K,Mobilutvecklare/Apputvecklare,http://data.europa.eu/esco/occupation/2ed56c3f-61d6-4f7e-9ef8-8849eb102e4c,mobilapputvecklare,exact-match,high,https://taxonomy.api.jobtechdev.se/v1/taxonomy/graphql,30
n9AC_sTq_NAH,"Civilingenjör, väg- och vattenbyggnad",http://data.europa.eu/esco/occupation/a377fafb-7e6e-4925-bc64-8099b58aafb8,"civilingenjör, dränering",close-match,low,https://taxonomy.api.jobtechdev.se/v1/taxonomy/graphql,30
n9AC_sTq_NAH,"Civilingenjör, väg- och vattenbyggnad",http://data.europa.eu/esco/occupation/d7d986e1-7333-431b-9719-0c5c6939e360,"civilingenjör, väg- och vattenbyggnad",exact-match,high,https://taxonomy.api.jobtechdev.se/v1/taxonomy/graphql,30
n9AC_sTq_NAH,"Civilingenjör, väg- och vattenbyggnad",http://data.europa.eu/esco/occupation/fcf9024e-277c-43c7-8ec8-8903e5c9c576,"civilingenjör, vattenförsörjning",close-match,low,https://taxonomy.api.jobtechdev.se/v1/taxonomy/graphql,30
n9RX_nnz_ZYF,Skolbibliotekarie,http://data.europa.eu/esco/occupation/60f7eb23-a7ea-4cbe-98a5-1248291f62d5,bibliotekarie,broad-match,low,https://taxonomy.api.jobtechdev.se/v1/taxonomy/graphql,30
nBVy_mkU_UrM,Stadsbyggnadschef/Stadsbyggnadsdirektör,http://data.europa.eu/esco/occupation/94e0bedd-e56e-42be-a5a4-b74a260f437c,avdelningschef,close-match,low,https://taxonomy.api.jobtechdev.se/v1/taxonomy/graphql,30
nDGY_Jbi_cRM,Flygplatstekniker,http://data.europa.eu/esco/occupation/1e9e18cb-80b6-4598-acdb-ae3b51047720,tankningstekniker,narrow-match,low,https://taxonomy.api.jobtechdev.se/v1/taxonomy/graphql,30
nDGY_Jbi_cRM,Flygplatstekniker,http://data.europa.eu/esco/occupation/3d974e0c-8ed9-47a7-aec2-ebdb34391c87,flygplanslastare,narrow-match,low,https://taxonomy.api.jobtechdev.se/v1/taxonomy/graphql,30
nDGY_Jbi_cRM,Flygplatstekniker,http://data.europa.eu/esco/occupation/7f7d2bfe-f038-436f-95ff-29bc90726430,rangeringsman,narrow-match,low,https://taxonomy.api.jobtechdev.se/v1/taxonomy/graphql,30
nDGY_Jbi_cRM,Flygplatstekniker,http://data.europa.eu/esco/occupation/a429e4fe-22c6-4cb5-89ef-ca4d5b4d0363,avisningsutrustningstekniker,narrow-match,low,https://taxonomy.api.jobtechdev.se/v1/taxonomy/graphql,30
nFA1_RN5_GNu,"Arbetsledare, golv",http://data.europa.eu/esco/occupation/18cff178-4ef0-46c9-a6e5-f6f38179cdcb,"arbetsledare, plattläggning",narrow-match,low,https://taxonomy.api.jobtechdev.se/v1/taxonomy/graphql,30
nFA1_RN5_GNu,"Arbetsledare, golv",http://data.europa.eu/esco/occupation/8249697a-3dc8-417d-9acf-3a7e0864069a,"arbetsledare, terazzoarbeten",narrow-match,low,https://taxonomy.api.jobtechdev.se/v1/taxonomy/graphql,30
nFJR_WkF_ir7,Systemförvaltare,http://data.europa.eu/esco/occupation/9e2e6e1e-363b-4e1b-a673-7bc0f7343300,IKT-systemadministratör,exact-match,high,https://taxonomy.api.jobtechdev.se/v1/taxonomy/graphql,30
nGhq_Pjm_az5,Medicinteknisk ingenjör,http://data.europa.eu/esco/occupation/0c7c9606-fde3-4658-8136-8fe0c9b8bd09,"ingenjör, medicinsk teknik",broad-match,low,https://taxonomy.api.jobtechdev.se/v1/taxonomy/graphql,30
nJLf_hR9_Rnp,Pastorsadjunkt,http://data.europa.eu/esco/occupation/a4dd6eae-ca75-456f-829d-333671a7c186,kaplan,close-match,low,https://taxonomy.api.jobtechdev.se/v1/taxonomy/graphql,30
nNEJ_aMM_bWW,GIS-samordnare,http://data.europa.eu/esco/occupation/9af8907f-56a7-4170-83b1-3c6ba0997cfa,"specialist, geografiska informationssystem",close-match,low,https://taxonomy.api.jobtechdev.se/v1/taxonomy/graphql,30
nPhL_nKW_sqs,Polisintendent,http://data.europa.eu/esco/occupation/2ae275fe-4f11-4a38-9e95-d466d74b42a3,polischef,broad-match,low,https://taxonomy.api.jobtechdev.se/v1/taxonomy/graphql,30
nQLQ_6Ln_rjy,"Lärling, träarbetare",http://data.europa.eu/esco/occupation/2a22ff9e-de3b-408d-b312-5034896cc4f4,snickare,exact-match,high,https://taxonomy.api.jobtechdev.se/v1/taxonomy/graphql,30
nQLQ_6Ln_rjy,"Lärling, träarbetare",http://data.europa.eu/esco/occupation/59cc9783-7289-4e1d-b80b-93c1776f49cc,träarbetare,exact-match,high,https://taxonomy.api.jobtechdev.se/v1/taxonomy/graphql,30
nSiG_5o1_uL2,Ortopedtekniker,http://data.europa.eu/esco/occupation/500b7b14-507c-4c49-816d-c1d0b05b85e4,ortopedtekniker,exact-match,high,https://taxonomy.api.jobtechdev.se/v1/taxonomy/graphql,30
nTwt_VnS_Z2x,Supporttekniker IT,http://data.europa.eu/esco/occupation/aaeec9a7-dc57-4485-890c-86b3eef735f9,IKT-kundservicemedarbetare,exact-match,high,https://taxonomy.api.jobtechdev.se/v1/taxonomy/graphql,30
nViA_Utf_vPc,Postterminalarbetare,http://data.europa.eu/esco/occupation/511f366c-ba41-4826-9622-8cda6d6e3b91,postbiträde,exact-match,high,https://taxonomy.api.jobtechdev.se/v1/taxonomy/graphql,30
nViA_Utf_vPc,Postterminalarbetare,http://data.europa.eu/esco/occupation/7ed2e153-8da8-4c0d-b4c5-3402c623f34b,brevbärare,close-match,low,https://taxonomy.api.jobtechdev.se/v1/taxonomy/graphql,30
nWmN_VPm_kot,"Forskare, zoologi",http://data.europa.eu/esco/occupation/eee68e13-8248-43bb-a9fb-959832a6c217,biolog,broad-match,low,https://taxonomy.api.jobtechdev.se/v1/taxonomy/graphql,30
nZCK_nUi_VS1,Dans- och rörelseterapeut,http://data.europa.eu/esco/occupation/789d9781-8724-4367-936a-3a4cb7c54315,dansterapeut,exact-match,high,https://taxonomy.api.jobtechdev.se/v1/taxonomy/graphql,30
nZCK_nUi_VS1,Dans- och rörelseterapeut,http://data.europa.eu/esco/occupation/f9395e4d-d66f-49ce-a8f5-721991139e79,rekreationsterapeut,close-match,low,https://taxonomy.api.jobtechdev.se/v1/taxonomy/graphql,30
nZc4_PaT_ZTx,Gatuköksbiträde,http://data.europa.eu/esco/occupation/96a0d8d3-d4a6-473d-80d6-b5dbadde940a,grillbiträde,exact-match,high,https://taxonomy.api.jobtechdev.se/v1/taxonomy/graphql,30
na2q_CC2_U5R,Kriminalvårdsinspektör,http://data.europa.eu/esco/occupation/6db9eeae-aef5-4f56-913d-4650e4c720c6,kriminalvårdschef,broad-match,low,https://taxonomy.api.jobtechdev.se/v1/taxonomy/graphql,30
naaw_9jV_ab3,Trollkonstnär,http://data.europa.eu/esco/occupation/a655aff1-e5e9-4c64-bc85-b902568a3dfb,performancekonstnär,close-match,low,https://taxonomy.api.jobtechdev.se/v1/taxonomy/graphql,30
namT_cva_UiK,Entreprenadingenjör,http://data.europa.eu/esco/occupation/0dd7e6cd-2e5a-4fae-9ce0-6a3622d4019f,arbetsledare inom bygg och anläggning,close-match,low,https://taxonomy.api.jobtechdev.se/v1/taxonomy/graphql,30
namT_cva_UiK,Entreprenadingenjör,http://data.europa.eu/esco/occupation/faed05c0-c1d1-4e34-b575-0dea96459e56,"chef, bygg och anläggning",close-match,low,https://taxonomy.api.jobtechdev.se/v1/taxonomy/graphql,30
nb39_NDw_fNE,Biografmedarbetare,http://data.europa.eu/esco/occupation/7f346896-a4fb-47a1-9572-13398bc297a6,publikvärd,close-match,low,https://taxonomy.api.jobtechdev.se/v1/taxonomy/graphql,30
nbQm_DXb_5vC,Författare,http://data.europa.eu/esco/occupation/b06a1dde-e5a1-4219-9491-2bedd0282e4b,författare,exact-match,high,https://taxonomy.api.jobtechdev.se/v1/taxonomy/graphql,30
njXa_2sj_1ET,Mykolog,http://data.europa.eu/esco/occupation/eee68e13-8248-43bb-a9fb-959832a6c217,biolog,broad-match,low,https://taxonomy.api.jobtechdev.se/v1/taxonomy/graphql,30
nkRS_dP5_oTt,"Specialistläkare, klinisk farmakologi",http://data.europa.eu/esco/occupation/9b889f07-c39c-464d-b9d9-b2daa650f9ac,specialistläkare,broad-match,low,https://taxonomy.api.jobtechdev.se/v1/taxonomy/graphql,30
nm6i_zmH_rEz,"ST-läkare, onkologi",http://data.europa.eu/esco/occupation/71f09c8b-a172-408c-b9e7-32e580e39ff6,läkare,close-match,low,https://taxonomy.api.jobtechdev.se/v1/taxonomy/graphql,30
nvUH_JLD_s4F,Verkställande direktör/VD,http://data.europa.eu/esco/occupation/2c8a4b72-21f4-4ab1-9dbd-1cae779211b7,gallerichef,narrow-match,low,https://taxonomy.api.jobtechdev.se/v1/taxonomy/graphql,30
nvUH_JLD_s4F,Verkställande direktör/VD,http://data.europa.eu/esco/occupation/45a28fe1-30a4-4175-af19-e451ada60858,"chef, kreditföretag",narrow-match,low,https://taxonomy.api.jobtechdev.se/v1/taxonomy/graphql,30
nvUH_JLD_s4F,Verkställande direktör/VD,http://data.europa.eu/esco/occupation/594170bc-5663-40b0-97ef-c9f1ad51b2a0,"chef, försäkringsbolag",narrow-match,low,https://taxonomy.api.jobtechdev.se/v1/taxonomy/graphql,30
nvUH_JLD_s4F,Verkställande direktör/VD,http://data.europa.eu/esco/occupation/5c9dea76-c7da-4e58-857c-fc3cbe7b960a,"chef, bilverkstad",narrow-match,low,https://taxonomy.api.jobtechdev.se/v1/taxonomy/graphql,30
nvUH_JLD_s4F,Verkställande direktör/VD,http://data.europa.eu/esco/occupation/6c3fd65e-2d24-47d8-bc22-9e93512bdcc2,verkställande direktör,exact-match,high,https://taxonomy.api.jobtechdev.se/v1/taxonomy/graphql,30
nvUH_JLD_s4F,Verkställande direktör/VD,http://data.europa.eu/esco/occupation/73b10c97-b003-45dc-a36d-c1d585c04be1,social entreprenör,narrow-match,low,https://taxonomy.api.jobtechdev.se/v1/taxonomy/graphql,30
nvUH_JLD_s4F,Verkställande direktör/VD,http://data.europa.eu/esco/occupation/d0e85fe6-78e3-4218-b21a-99b75438b775,"chef, värdepappersbolag",narrow-match,low,https://taxonomy.api.jobtechdev.se/v1/taxonomy/graphql,30
o2zh_wq4_3L7,"Stenmontör, utan yrkesbevis",http://data.europa.eu/esco/occupation/02447817-ea01-4d8b-b09c-8bc128e447e6,plattsättare,close-match,low,https://taxonomy.api.jobtechdev.se/v1/taxonomy/graphql,30
o4Sk_4Jz_QGq,Lantmäterichef,http://data.europa.eu/esco/occupation/94e0bedd-e56e-42be-a5a4-b74a260f437c,avdelningschef,broad-match,low,https://taxonomy.api.jobtechdev.se/v1/taxonomy/graphql,30
o5mU_krL_1KT,Teknisk skribent/Teknikinformatör,http://data.europa.eu/esco/occupation/8cb59bc4-1f39-477e-beea-effed12d186c,teknisk kommunikatör,broad-match,low,https://taxonomy.api.jobtechdev.se/v1/taxonomy/graphql,30
o5p1_ZUZ_pab,Bussvärd,http://data.europa.eu/esco/occupation/ea034d66-0d35-4891-b82c-6434cad2c76f,tågvärd,close-match,low,https://taxonomy.api.jobtechdev.se/v1/taxonomy/graphql,30
o7LP_duC_u9Z,Lastbilsmekaniker,http://data.europa.eu/esco/occupation/06bd6285-13ed-4ea7-90cc-e9638a0600a9,"fordonselektriker, bilbatteri",narrow-match,low,https://taxonomy.api.jobtechdev.se/v1/taxonomy/graphql,30
o7LP_duC_u9Z,Lastbilsmekaniker,http://data.europa.eu/esco/occupation/6656337f-67eb-4f48-b1e4-ecccdfa44dd2,fordonselektriker,narrow-match,low,https://taxonomy.api.jobtechdev.se/v1/taxonomy/graphql,30
o7LP_duC_u9Z,Lastbilsmekaniker,http://data.europa.eu/esco/occupation/c0749528-ee2a-41bd-a1f6-c13825b5e569,motorfordonsmekaniker,broad-match,low,https://taxonomy.api.jobtechdev.se/v1/taxonomy/graphql,30
o7SJ_LKE_wrS,Modell,http://data.europa.eu/esco/occupation/9af5fd79-d76e-4343-bc13-ff2d172aec62,mannekäng,narrow-match,low,https://taxonomy.api.jobtechdev.se/v1/taxonomy/graphql,30
o7SJ_LKE_wrS,Modell,http://data.europa.eu/esco/occupation/d0341f2c-f797-4306-b847-411dee1058a9,konstmodell,narrow-match,low,https://taxonomy.api.jobtechdev.se/v1/taxonomy/graphql,30
o88C_4FD_QDs,Musikterapeut,http://data.europa.eu/esco/occupation/3d616092-b4fd-4c14-b0e9-a9119bbbd171,musikterapeut,exact-match,high,https://taxonomy.api.jobtechdev.se/v1/taxonomy/graphql,30
o88C_4FD_QDs,Musikterapeut,http://data.europa.eu/esco/occupation/f9395e4d-d66f-49ce-a8f5-721991139e79,rekreationsterapeut,close-match,low,https://taxonomy.api.jobtechdev.se/v1/taxonomy/graphql,30
o8W6_jkq_JoX,Forskningsadministratör,http://data.europa.eu/esco/occupation/55b4faa3-286f-4fc8-ac67-8bbb97d08820,utbildningsadministratör,close-match,low,https://taxonomy.api.jobtechdev.se/v1/taxonomy/graphql,30
o8aU_Geg_vRm,"Båtman, Sjöfartsverket",http://data.europa.eu/esco/occupation/ee646fa1-3f09-4e43-9275-3aa958ca00ae,skeppare,narrow-match,low,https://taxonomy.api.jobtechdev.se/v1/taxonomy/graphql,30
o8aU_Geg_vRm,"Båtman, Sjöfartsverket",http://data.europa.eu/esco/occupation/f2a416b8-c7e4-49ee-964d-a49f6af79b84,befälhavare,broad-match,low,https://taxonomy.api.jobtechdev.se/v1/taxonomy/graphql,30
o8dP_hY4_p8p,Maskinoperatör ytbehandling av trä,http://data.europa.eu/esco/occupation/44b0f118-2a70-4eec-b301-89d7fd84a3d0,"maskinoperatör, ytbehandling, trä",exact-match,high,https://taxonomy.api.jobtechdev.se/v1/taxonomy/graphql,30
oAHt_G4F_Bya,Rörinfodrare,http://data.europa.eu/esco/occupation/ed3cf43d-c2c1-4c46-82fc-1375e27e0290,rörmokare,close-match,low,https://taxonomy.api.jobtechdev.se/v1/taxonomy/graphql,30
oBzD_Pym_iqC,Kiropraktor,http://data.europa.eu/esco/occupation/49e4e358-8ba3-4a05-8ef9-abb73156f5f7,kiropraktor,exact-match,high,https://taxonomy.api.jobtechdev.se/v1/taxonomy/graphql,30
oBzD_Pym_iqC,Kiropraktor,http://data.europa.eu/esco/occupation/be235deb-6181-43ca-8127-7010a689643a,"kiropraktor, specialist",exact-match,high,https://taxonomy.api.jobtechdev.se/v1/taxonomy/graphql,30
oDdD_iSi_MAW,Tandteknikerbiträde,http://data.europa.eu/esco/occupation/76bded28-876a-40b2-9efb-3123c8f14cf6,tandtekniker,close-match,low,https://taxonomy.api.jobtechdev.se/v1/taxonomy/graphql,30
oFwf_BeY_DEs,"Lärling, teleskoptruckförare",http://data.europa.eu/esco/occupation/b5b8c259-7557-4f5f-9f56-155b038946c1,bandlastarförare,broad-match,low,https://taxonomy.api.jobtechdev.se/v1/taxonomy/graphql,30
oH9v_baf_a3d,Idrottsplatsvaktmästare,http://data.europa.eu/esco/occupation/a48b9a5a-5ded-482d-8cda-7fd097a32c16,vaktmästare,broad-match,low,https://taxonomy.api.jobtechdev.se/v1/taxonomy/graphql,30
oLZD_A6M_D3F,"Översättare, facktexter",http://data.europa.eu/esco/occupation/1a07bd7d-2e1d-4930-a84a-1a442b8f2a44,översättare,broad-match,low,https://taxonomy.api.jobtechdev.se/v1/taxonomy/graphql,30
oLZD_A6M_D3F,"Översättare, facktexter",http://data.europa.eu/esco/occupation/55d2eb3e-1e49-404a-b4bf-be4829694a59,juristlingvist,narrow-match,low,https://taxonomy.api.jobtechdev.se/v1/taxonomy/graphql,30
oLZD_A6M_D3F,"Översättare, facktexter",http://data.europa.eu/esco/occupation/da4589ce-7534-4cc1-9ce4-cabf9364b87c,lokaliserare,narrow-match,low,https://taxonomy.api.jobtechdev.se/v1/taxonomy/graphql,30
oM6Y_bP4_41Z,Skogskonsulent,http://data.europa.eu/esco/occupation/6c7d333a-b2a9-4325-b25b-566d1ecc956d,skogsplanläggare,exact-match,high,https://taxonomy.api.jobtechdev.se/v1/taxonomy/graphql,30
oM6Y_bP4_41Z,Skogskonsulent,http://data.europa.eu/esco/occupation/f489b1ec-3d6c-44b1-b1d7-c6c97db7df30,skogvaktare,narrow-match,low,https://taxonomy.api.jobtechdev.se/v1/taxonomy/graphql,30
oM6Y_bP4_41Z,Skogskonsulent,http://data.europa.eu/esco/occupation/fa32eb3f-5c9f-4668-8f85-5eefb3badab8,skogsrådgivare,exact-match,high,https://taxonomy.api.jobtechdev.se/v1/taxonomy/graphql,30
oPcU_Dcj_6cq,Samhällsvägledare,http://data.europa.eu/esco/occupation/5727b567-993d-4d41-a13d-81a6af1a9a8e,socialrådgivare,close-match,low,https://taxonomy.api.jobtechdev.se/v1/taxonomy/graphql,30
oRB5_b7i_Qzv,Köksbiträde,http://data.europa.eu/esco/occupation/e1cf6897-158d-4b48-a39e-2a3a8cac216c,köksbiträde,exact-match,high,https://taxonomy.api.jobtechdev.se/v1/taxonomy/graphql,30
oRBx_v9Q_vH2,"Forskare, jordbruk",http://data.europa.eu/esco/occupation/6a3d3d28-0ab6-49b0-9a32-697e5e104bf1,markforskare,close-match,low,https://taxonomy.api.jobtechdev.se/v1/taxonomy/graphql,30
oRBx_v9Q_vH2,"Forskare, jordbruk",http://data.europa.eu/esco/occupation/c25b3700-6095-42b7-99fc-b87dc326c044,jordbruksforskare,exact-match,high,https://taxonomy.api.jobtechdev.se/v1/taxonomy/graphql,30
oSg4_2uU_wpN,Devops utvecklare,http://data.europa.eu/esco/occupation/9e2e6e1e-363b-4e1b-a673-7bc0f7343300,IKT-systemadministratör,broad-match,low,https://taxonomy.api.jobtechdev.se/v1/taxonomy/graphql,30
oSg4_2uU_wpN,Devops utvecklare,http://data.europa.eu/esco/occupation/cc867bee-ab5c-427f-9244-f7a204d9574b,Cloud DevOps-tekniker,narrow-match,low,https://taxonomy.api.jobtechdev.se/v1/taxonomy/graphql,30
oV7J_UML_Zy2,Formgivare,http://data.europa.eu/esco/occupation/34c57104-ff9b-4003-809e-56eece3cb4d5,smyckesformgivare,narrow-match,low,https://taxonomy.api.jobtechdev.se/v1/taxonomy/graphql,30
oV7J_UML_Zy2,Formgivare,http://data.europa.eu/esco/occupation/a142a645-6e9e-4d86-accd-9816df857c90,formgivare av lädervaror,narrow-match,low,https://taxonomy.api.jobtechdev.se/v1/taxonomy/graphql,30
oV7J_UML_Zy2,Formgivare,http://data.europa.eu/esco/occupation/ab7bccb2-6f81-4a3d-a0c0-fca5d47d2775,industridesigner,broad-match,low,https://taxonomy.api.jobtechdev.se/v1/taxonomy/graphql,30
oXqv_9m5_6Dn,Lantbruksekonom,http://data.europa.eu/esco/occupation/c40ef517-d4ab-4932-b184-9c2ea5b24fe2,agronom,close-match,low,https://taxonomy.api.jobtechdev.se/v1/taxonomy/graphql,30
oeg9_aaz_cgC,Verksamhetschef inom trossamfund,http://data.europa.eu/esco/occupation/ed256ed0-0432-4969-8544-3e5e01a517a9,religiös ledare,close-match,low,https://taxonomy.api.jobtechdev.se/v1/taxonomy/graphql,30
of8z_oz7_gBp,Receptionschef hotell,http://data.europa.eu/esco/occupation/02e19186-458f-40eb-9e78-31c656d12ac7,rumschef,exact-match,high,https://taxonomy.api.jobtechdev.se/v1/taxonomy/graphql,30
of8z_oz7_gBp,Receptionschef hotell,http://data.europa.eu/esco/occupation/82025c02-9082-416c-998b-f51eb0359ee6,receptionist inom hotell- och restaurangbranschen,exact-match,high,https://taxonomy.api.jobtechdev.se/v1/taxonomy/graphql,30
ofiS_5F2_YmV,HR-assistent,http://data.europa.eu/esco/occupation/d8ed1703-9c03-4ea0-83cc-b6169bc54ffd,HR-assistent,exact-match,high,https://taxonomy.api.jobtechdev.se/v1/taxonomy/graphql,30
og19_pme_uyL,Specialisttandläkare inom käkkirurgi,http://data.europa.eu/esco/occupation/a580e79a-b752-49c1-b033-b5ab2b34bfba,specialisttandläkare,broad-match,low,https://taxonomy.api.jobtechdev.se/v1/taxonomy/graphql,30
ohL8_tZ7_Lsm,Golfinstruktör,http://data.europa.eu/esco/occupation/09c2b506-cefa-4ba3-b868-a9c2bc4fc6f1,golfinstruktör,exact-match,high,https://taxonomy.api.jobtechdev.se/v1/taxonomy/graphql,30
ojEj_nt6_PCa,Löneadministratör/Lönekonsult,http://data.europa.eu/esco/occupation/ade351da-7bda-424e-8682-bbdcab2a25be,löneassistent,exact-match,high,https://taxonomy.api.jobtechdev.se/v1/taxonomy/graphql,30
om9i_fYm_RSu,Forskningskommunikatör,http://data.europa.eu/esco/occupation/b89ba3a8-f03a-46b8-ac54-c87d7204aad0,talesperson,close-match,low,https://taxonomy.api.jobtechdev.se/v1/taxonomy/graphql,30
ooRg_ZrL_uVU,"Produktchef, marknadsföring",http://data.europa.eu/esco/occupation/6fcf4638-e7c7-4978-9302-9a7b63a3d57c,marknadsföringschef,broad-match,low,https://taxonomy.api.jobtechdev.se/v1/taxonomy/graphql,30
ooRg_ZrL_uVU,"Produktchef, marknadsföring",http://data.europa.eu/esco/occupation/9f508305-80ce-4111-8722-f2c9b4a44890,produktchef,broad-match,low,https://taxonomy.api.jobtechdev.se/v1/taxonomy/graphql,30
ooRg_ZrL_uVU,"Produktchef, marknadsföring",http://data.europa.eu/esco/occupation/e5a63940-57d3-4065-8713-74b4e2c93063,"produktchef, marknadsföring",exact-match,high,https://taxonomy.api.jobtechdev.se/v1/taxonomy/graphql,30
oohW_snt_MqM,Trafikledare,http://data.europa.eu/esco/occupation/656674ac-9d4e-4a91-963f-c0b6edfd55a4,"övervakare, busstrafik",narrow-match,low,https://taxonomy.api.jobtechdev.se/v1/taxonomy/graphql,30
oohW_snt_MqM,Trafikledare,http://data.europa.eu/esco/occupation/e9640041-ca34-4955-aa8c-629717d0dcda,"trafikledare, spårväg",narrow-match,low,https://taxonomy.api.jobtechdev.se/v1/taxonomy/graphql,30
opk4_E3a_8Pt,Instrumenttekniker,http://data.europa.eu/esco/occupation/f8ab2e08-d14e-4938-a2cd-c04821556db7,hemelektroniktekniker,close-match,low,https://taxonomy.api.jobtechdev.se/v1/taxonomy/graphql,30
otRF_t2h_Sja,Motorschaktvagnförare,http://data.europa.eu/esco/occupation/cb3c0f82-a79b-4518-ad1f-5463b3e74831,motorschaktvagnförare,exact-match,high,https://taxonomy.api.jobtechdev.se/v1/taxonomy/graphql,30
ouHN_LPH_a3A,Guldsmed,http://data.europa.eu/esco/occupation/066fe11d-10e4-4fec-bd27-3e78797500b9,emaljör,narrow-match,low,https://taxonomy.api.jobtechdev.se/v1/taxonomy/graphql,30
ouHN_LPH_a3A,Guldsmed,http://data.europa.eu/esco/occupation/103aaf7a-48da-4e25-99fc-5cf1ee1388b1,"guld- och silversmed, specialiserad på filigran",narrow-match,low,https://taxonomy.api.jobtechdev.se/v1/taxonomy/graphql,30
ouHN_LPH_a3A,Guldsmed,http://data.europa.eu/esco/occupation/375137f7-5fc2-424e-9f63-d7ff4441c11e,"gravör, ädelmetall",narrow-match,low,https://taxonomy.api.jobtechdev.se/v1/taxonomy/graphql,30
ouHN_LPH_a3A,Guldsmed,http://data.europa.eu/esco/occupation/618a854a-4ecd-4535-84e6-350e1fe0aa0f,juvelerare,narrow-match,low,https://taxonomy.api.jobtechdev.se/v1/taxonomy/graphql,30
ouHN_LPH_a3A,Guldsmed,http://data.europa.eu/esco/occupation/8a007cd3-ba40-4c55-b238-587bd59e74b2,guldsmed,exact-match,high,https://taxonomy.api.jobtechdev.se/v1/taxonomy/graphql,30
ouHN_LPH_a3A,Guldsmed,http://data.europa.eu/esco/occupation/dc52966e-72db-4ad0-b3a9-5e17f1311ab8,juvelreparatör,exact-match,high,https://taxonomy.api.jobtechdev.se/v1/taxonomy/graphql,30
ouQJ_4hT_WKV,Geotekniker,http://data.europa.eu/esco/occupation/1bdb7d70-1769-4338-aa90-d25a90fe8a6d,ingenjörsgeolog,broad-match,low,https://taxonomy.api.jobtechdev.se/v1/taxonomy/graphql,30
p17k_znk_osi,Utesäljare,http://data.europa.eu/esco/occupation/14031d4a-6e99-442f-b4fe-18262b6432b2,utesäljare,exact-match,high,https://taxonomy.api.jobtechdev.se/v1/taxonomy/graphql,30
p17k_znk_osi,Utesäljare,http://data.europa.eu/esco/occupation/4c6b3657-316e-43b5-872a-ea763411190d,elförsäljare,narrow-match,low,https://taxonomy.api.jobtechdev.se/v1/taxonomy/graphql,30
p17k_znk_osi,Utesäljare,http://data.europa.eu/esco/occupation/ff3a164d-4045-4511-a472-49093dabf9fc,"försäljare, förnybar energi",narrow-match,low,https://taxonomy.api.jobtechdev.se/v1/taxonomy/graphql,30
p299_kkg_67z,Föreståndare camping/stugby/vandrarhem,http://data.europa.eu/esco/occupation/6aef7360-8c4a-4e1a-a402-b1e207101dc8,campingchef,exact-match,high,https://taxonomy.api.jobtechdev.se/v1/taxonomy/graphql,30
p2ft_pH3_zT1,Kulturgeograf,http://data.europa.eu/esco/occupation/bac64fa2-dcd6-47bb-8e5c-04e04a86a199,geograf,broad-match,low,https://taxonomy.api.jobtechdev.se/v1/taxonomy/graphql,30
p2tN_r4a_VPK,Koreograf,http://data.europa.eu/esco/occupation/06ac0f53-431e-4bc6-acb8-2f5da041b5d3,dansrepetitör,narrow-match,low,https://taxonomy.api.jobtechdev.se/v1/taxonomy/graphql,30
p2tN_r4a_VPK,Koreograf,http://data.europa.eu/esco/occupation/189a337d-f6fb-44e2-9e7a-bc27b7b76e0e,koreograf,exact-match,high,https://taxonomy.api.jobtechdev.se/v1/taxonomy/graphql,30
p65e_YPU_LoH,Teleingenjör,http://data.europa.eu/esco/occupation/d84bf1d7-ef99-40c4-a407-3791d6531b44,teleingenjör,exact-match,high,https://taxonomy.api.jobtechdev.se/v1/taxonomy/graphql,30
p6Y5_8hP_oFD,Reklamdesigner,http://data.europa.eu/esco/occupation/d5a43cd3-230e-46d0-ba05-d67d61e5cfbb,mediedesigner,broad-match,low,https://taxonomy.api.jobtechdev.se/v1/taxonomy/graphql,30
p8fz_GGb_BFC,"Installationsingenjör, bygg och anläggning",http://data.europa.eu/esco/occupation/58c30193-d29f-4d22-8bf0-fd87346b91dd,installationsingenjör,exact-match,high,https://taxonomy.api.jobtechdev.se/v1/taxonomy/graphql,30
p96L_aTJ_kkG,Utbildningskoordinator,http://data.europa.eu/esco/occupation/0ba06640-e0ac-4911-9e43-289a8e41651e,affärscoach,narrow-match,low,https://taxonomy.api.jobtechdev.se/v1/taxonomy/graphql,30
p96L_aTJ_kkG,Utbildningskoordinator,http://data.europa.eu/esco/occupation/a14e96a7-6c4d-4d69-8c6f-7ccadf77bac5,"utbildningsplanerare, företag",narrow-match,low,https://taxonomy.api.jobtechdev.se/v1/taxonomy/graphql,30
pBhS_6fg_727,"Butikssäljare, dagligvaror/Medarbetare, dagligvaror",http://data.europa.eu/esco/occupation/062d666b-8b5f-4ff2-9047-113831eb3e9f,"specialiserad säljare, fisk och skaldjur",narrow-match,low,https://taxonomy.api.jobtechdev.se/v1/taxonomy/graphql,30
pBhS_6fg_727,"Butikssäljare, dagligvaror/Medarbetare, dagligvaror",http://data.europa.eu/esco/occupation/0b15375e-dfdd-4047-9efb-096e0aaee7d2,butikssäljare,broad-match,low,https://taxonomy.api.jobtechdev.se/v1/taxonomy/graphql,30
pBhS_6fg_727,"Butikssäljare, dagligvaror/Medarbetare, dagligvaror",http://data.europa.eu/esco/occupation/2e9c9404-0d86-453c-9001-3a0cd1d1323b,"specialiserad säljare, bageri",narrow-match,low,https://taxonomy.api.jobtechdev.se/v1/taxonomy/graphql,30
pBhS_6fg_727,"Butikssäljare, dagligvaror/Medarbetare, dagligvaror",http://data.europa.eu/esco/occupation/51ca3c6e-1c9b-49e4-aa09-9e77d1a59547,"specialiserad säljare, frukt och grönsaker",narrow-match,low,https://taxonomy.api.jobtechdev.se/v1/taxonomy/graphql,30
pBhS_6fg_727,"Butikssäljare, dagligvaror/Medarbetare, dagligvaror",http://data.europa.eu/esco/occupation/547b304b-9a72-4717-9b24-b7046df5f64e,specialiserad säljare,narrow-match,low,https://taxonomy.api.jobtechdev.se/v1/taxonomy/graphql,30
pBhS_6fg_727,"Butikssäljare, dagligvaror/Medarbetare, dagligvaror",http://data.europa.eu/esco/occupation/63d99701-1a6c-4c57-87c8-4b0d5c0b4408,"specialiserad säljare, dryck",narrow-match,low,https://taxonomy.api.jobtechdev.se/v1/taxonomy/graphql,30
pBhS_6fg_727,"Butikssäljare, dagligvaror/Medarbetare, dagligvaror",http://data.europa.eu/esco/occupation/9ba74e8a-c40c-4228-9998-eb3c7a5c11df,försäljningsassistent,narrow-match,low,https://taxonomy.api.jobtechdev.se/v1/taxonomy/graphql,30
pBhS_6fg_727,"Butikssäljare, dagligvaror/Medarbetare, dagligvaror",http://data.europa.eu/esco/occupation/d35f9e79-5778-43b4-8667-0e3ba1fcb19a,varuplockare,narrow-match,low,https://taxonomy.api.jobtechdev.se/v1/taxonomy/graphql,30
pBhS_6fg_727,"Butikssäljare, dagligvaror/Medarbetare, dagligvaror",http://data.europa.eu/esco/occupation/e11e5be4-49e7-48ac-8e0d-6d3ffd3dbcd0,"specialiserad säljare, delikatesser",narrow-match,low,https://taxonomy.api.jobtechdev.se/v1/taxonomy/graphql,30
pCtL_mkz_HVe,Butikskontrollant,http://data.europa.eu/esco/occupation/71c3a49a-e55e-42ce-bd3f-31f37d3cfab6,butikskontrollant,exact-match,high,https://taxonomy.api.jobtechdev.se/v1/taxonomy/graphql,30
pCty_rZs_kXa,Maskinoperatör bageri- och konfektyrindustri,http://data.europa.eu/esco/occupation/0fdc5efb-d38e-4019-bede-0ce55404549d,"maskinoperatör, konfektyrtillverkning",narrow-match,low,https://taxonomy.api.jobtechdev.se/v1/taxonomy/graphql,30
pCty_rZs_kXa,Maskinoperatör bageri- och konfektyrindustri,http://data.europa.eu/esco/occupation/3b46ee4d-a220-4c83-ad90-937456596889,ansvarig för tuggummimaskin,narrow-match,low,https://taxonomy.api.jobtechdev.se/v1/taxonomy/graphql,30
pCty_rZs_kXa,Maskinoperatör bageri- och konfektyrindustri,http://data.europa.eu/esco/occupation/5d9e63a2-8013-434e-9f92-3b3d54a0c320,bakugnsansvarig,narrow-match,low,https://taxonomy.api.jobtechdev.se/v1/taxonomy/graphql,30
pCty_rZs_kXa,Maskinoperatör bageri- och konfektyrindustri,http://data.europa.eu/esco/occupation/706e8b26-befb-429b-b71d-f72fad1bae12,ansvarig för skållning,narrow-match,low,https://taxonomy.api.jobtechdev.se/v1/taxonomy/graphql,30
pCty_rZs_kXa,Maskinoperatör bageri- och konfektyrindustri,http://data.europa.eu/esco/occupation/d41ff08f-1ba9-4e39-b9b5-ad6bfe8f9611,chokladfabriksarbetare,narrow-match,low,https://taxonomy.api.jobtechdev.se/v1/taxonomy/graphql,30
pE7V_mGU_k1K,"Produktionsingenjör, textil, trä, glas, förpackningar",http://data.europa.eu/esco/occupation/1209b85e-80f1-490f-a7e1-6ad220bb956d,"produktutvecklare, skoindustri",narrow-match,low,https://taxonomy.api.jobtechdev.se/v1/taxonomy/graphql,30
pE7V_mGU_k1K,"Produktionsingenjör, textil, trä, glas, förpackningar",http://data.europa.eu/esco/occupation/35cf772d-bbc9-4eb4-9ca6-5f982649d436,"ingenjör, träteknik",narrow-match,low,https://taxonomy.api.jobtechdev.se/v1/taxonomy/graphql,30
pE7V_mGU_k1K,"Produktionsingenjör, textil, trä, glas, förpackningar",http://data.europa.eu/esco/occupation/4e3fede9-5522-4624-91bc-b59c79fada02,"ingenjör, förpackningsmaskiner",close-match,low,https://taxonomy.api.jobtechdev.se/v1/taxonomy/graphql,30
pE7V_mGU_k1K,"Produktionsingenjör, textil, trä, glas, förpackningar",http://data.europa.eu/esco/occupation/59dae100-fdfe-44bd-8bd8-a0d3cd813ce4,"produktionstekniker, skoindustri",narrow-match,low,https://taxonomy.api.jobtechdev.se/v1/taxonomy/graphql,30
pE7V_mGU_k1K,"Produktionsingenjör, textil, trä, glas, förpackningar",http://data.europa.eu/esco/occupation/85acc7e9-1fac-4e91-962b-8b8031f39487,textiltekniker,close-match,low,https://taxonomy.api.jobtechdev.se/v1/taxonomy/graphql,30
pE7V_mGU_k1K,"Produktionsingenjör, textil, trä, glas, förpackningar",http://data.europa.eu/esco/occupation/8a925aca-f636-437c-8962-5deae170e246,specialist på mat- och dryckesförpackningsteknik,close-match,low,https://taxonomy.api.jobtechdev.se/v1/taxonomy/graphql,30
pE7V_mGU_k1K,"Produktionsingenjör, textil, trä, glas, förpackningar",http://data.europa.eu/esco/occupation/8de99659-5b10-4825-ac67-0c50189bcc3c,"ansvarig, förpackningstillverkning",close-match,low,https://taxonomy.api.jobtechdev.se/v1/taxonomy/graphql,30
pE7V_mGU_k1K,"Produktionsingenjör, textil, trä, glas, förpackningar",http://data.europa.eu/esco/occupation/d515e82a-ca9f-4be4-9823-33694dff7304,"produktutvecklare, lädervaror",narrow-match,low,https://taxonomy.api.jobtechdev.se/v1/taxonomy/graphql,30
pHNj_F3k_Dmd,Lantbruksrådgivare/Lantbrukskonsulent,http://data.europa.eu/esco/occupation/c40ef517-d4ab-4932-b184-9c2ea5b24fe2,agronom,close-match,low,https://taxonomy.api.jobtechdev.se/v1/taxonomy/graphql,30
pJrc_BsB_dTF,Läkarstuderande,http://data.europa.eu/esco/occupation/71f09c8b-a172-408c-b9e7-32e580e39ff6,läkare,close-match,low,https://taxonomy.api.jobtechdev.se/v1/taxonomy/graphql,30
pKTY_Kwu_sUw,Diskare,http://data.europa.eu/esco/occupation/f756fdab-7726-4c48-bfcc-94ff8810fc08,köksstädare,exact-match,high,https://taxonomy.api.jobtechdev.se/v1/taxonomy/graphql,30
pL3Q_f1c_RfT,Projektör telekom,http://data.europa.eu/esco/occupation/056bef79-c125-47ab-b6b9-8eed05c9458c,kommunikationselektriker,close-match,low,https://taxonomy.api.jobtechdev.se/v1/taxonomy/graphql,30
pMLo_VAv_aV8,"Sektionschef, gruva",http://data.europa.eu/esco/occupation/107d21c6-973b-411c-89fd-69da48d29ada,gruvchef,broad-match,low,https://taxonomy.api.jobtechdev.se/v1/taxonomy/graphql,30
pNfC_oCh_RPi,Stenbrottsarbetare,http://data.europa.eu/esco/occupation/4a215d87-8363-4db2-a661-3c0d816b2a70,gruvarbetare vid dagbrott,broad-match,low,https://taxonomy.api.jobtechdev.se/v1/taxonomy/graphql,30
pNfC_oCh_RPi,Stenbrottsarbetare,http://data.europa.eu/esco/occupation/610bee9f-d7f0-4b18-918e-f2a4a91f8912,stenborrare,narrow-match,low,https://taxonomy.api.jobtechdev.se/v1/taxonomy/graphql,30
pSke_JBu_461,Undertaksmontör,http://data.europa.eu/esco/occupation/41a8e7c8-e1d8-4984-9b3c-dbbad1699f83,innertaksmontör,narrow-match,low,https://taxonomy.api.jobtechdev.se/v1/taxonomy/graphql,30
pSke_JBu_461,Undertaksmontör,http://data.europa.eu/esco/occupation/b4c6d1b0-929e-48be-9f67-47bd8c30658b,takmontör,exact-match,high,https://taxonomy.api.jobtechdev.se/v1/taxonomy/graphql,30
pTLB_6Zr_fGi,Hjälpmedelskonsulent,http://data.europa.eu/esco/occupation/82cbe20d-967c-4161-9ecd-eafc724d171c,arbetsterapibiträde,close-match,low,https://taxonomy.api.jobtechdev.se/v1/taxonomy/graphql,30
pTLX_W9d_byF,Omvårdnadsassistent,http://data.europa.eu/esco/occupation/d38c2107-98f2-47b7-8bb4-f69750d51082,"undersköterska, vård- och specialavdelning och mottagning",broad-match,low,https://taxonomy.api.jobtechdev.se/v1/taxonomy/graphql,30
pTTz_5DC_itW,"Projektledare, bygg och anläggning",http://data.europa.eu/esco/occupation/0dd7e6cd-2e5a-4fae-9ce0-6a3622d4019f,arbetsledare inom bygg och anläggning,close-match,low,https://taxonomy.api.jobtechdev.se/v1/taxonomy/graphql,30
pTTz_5DC_itW,"Projektledare, bygg och anläggning",http://data.europa.eu/esco/occupation/faed05c0-c1d1-4e34-b575-0dea96459e56,"chef, bygg och anläggning",close-match,low,https://taxonomy.api.jobtechdev.se/v1/taxonomy/graphql,30
pU9K_6eK_YNU,Sadelmakare,http://data.europa.eu/esco/occupation/24e9f120-eae8-411a-8daf-c48e8ae2f5f6,sadelmakare,exact-match,high,https://taxonomy.api.jobtechdev.se/v1/taxonomy/graphql,30
pU9K_6eK_YNU,Sadelmakare,http://data.europa.eu/esco/occupation/8f592e05-8035-4646-b33e-a4ea2c2314e3,"läderhantverkare, putsning",narrow-match,low,https://taxonomy.api.jobtechdev.se/v1/taxonomy/graphql,30
pUQK_VgY_EMT,Trafikinformatör,http://data.europa.eu/esco/occupation/7153a12d-85e0-4123-87e9-46bb1a2dc929,trafikassistent,close-match,low,https://taxonomy.api.jobtechdev.se/v1/taxonomy/graphql,30
pUQK_VgY_EMT,Trafikinformatör,http://data.europa.eu/esco/occupation/f643bff3-74ef-48d1-b033-820e2d8659e9,"trafikledare, järnväg",close-match,low,https://taxonomy.api.jobtechdev.se/v1/taxonomy/graphql,30
pUgn_qWq_yog,Dramalärare/Dramapedagog,http://data.europa.eu/esco/occupation/cbde2432-cb7f-451f-a686-b22cad3957a6,dramalärare,exact-match,high,https://taxonomy.api.jobtechdev.se/v1/taxonomy/graphql,30
pUgn_qWq_yog,Dramalärare/Dramapedagog,http://data.europa.eu/esco/occupation/f6ca9392-708d-46cb-a2e9-51519595baa2,"dramalärare, gymnasieskola",exact-match,high,https://taxonomy.api.jobtechdev.se/v1/taxonomy/graphql,30
pYiF_Z6V_ULQ,Biståndsbedömare/Biståndshandläggare,http://data.europa.eu/esco/occupation/85482504-c83d-4038-80d9-265198d18b48,biståndshandläggare,exact-match,high,https://taxonomy.api.jobtechdev.se/v1/taxonomy/graphql,30
pYiF_Z6V_ULQ,Biståndsbedömare/Biståndshandläggare,http://data.europa.eu/esco/occupation/c6239b9e-5973-4b0a-a2ed-4c4b41331e04,biståndsbedömare/biståndshandläggare,exact-match,high,https://taxonomy.api.jobtechdev.se/v1/taxonomy/graphql,30
paDm_hYD_LFG,Motorcykelmekaniker,http://data.europa.eu/esco/occupation/4ad4024e-d1d3-4dea-b6d1-2c7948111dce,fordonstekniker,broad-match,low,https://taxonomy.api.jobtechdev.se/v1/taxonomy/graphql,30
paPY_ebB_VvS,Spol- och avloppstekniker,http://data.europa.eu/esco/occupation/1f31c047-3d72-45fe-83ff-91bd826913c6,avloppstekniker,exact-match,high,https://taxonomy.api.jobtechdev.se/v1/taxonomy/graphql,30
paPY_ebB_VvS,Spol- och avloppstekniker,http://data.europa.eu/esco/occupation/c0ec3a06-1dac-4c21-9f08-4c9dfbc9d6cf,saneringsarbetare,broad-match,low,https://taxonomy.api.jobtechdev.se/v1/taxonomy/graphql,30
pahf_9Ek_WVz,Teletekniker,http://data.europa.eu/esco/occupation/056bef79-c125-47ab-b6b9-8eed05c9458c,kommunikationselektriker,exact-match,high,https://taxonomy.api.jobtechdev.se/v1/taxonomy/graphql,30
pahf_9Ek_WVz,Teletekniker,http://data.europa.eu/esco/occupation/2ef000b1-8058-4e5a-9646-c5d4e7dbfdae,ansvarig för kommunikationsinfrastruktur,exact-match,high,https://taxonomy.api.jobtechdev.se/v1/taxonomy/graphql,30
pahf_9Ek_WVz,Teletekniker,http://data.europa.eu/esco/occupation/35efc04c-429a-407e-a00a-f07fd03c2743,radiotekniker,narrow-match,low,https://taxonomy.api.jobtechdev.se/v1/taxonomy/graphql,30
pahf_9Ek_WVz,Teletekniker,http://data.europa.eu/esco/occupation/d07e6a57-a339-4cfd-bf22-a951713148a3,ansvarig för telekommunikationsutrustning,exact-match,high,https://taxonomy.api.jobtechdev.se/v1/taxonomy/graphql,30
parM_AuH_8Uf,"Projektledare, industri",http://data.europa.eu/esco/occupation/bea99fea-0383-4c63-b944-70d4799de2c5,projektledare,broad-match,low,https://taxonomy.api.jobtechdev.se/v1/taxonomy/graphql,30
pcFn_m5i_JQg,"Specialistläkare, rättsmedicin",http://data.europa.eu/esco/occupation/9b889f07-c39c-464d-b9d9-b2daa650f9ac,specialistläkare,broad-match,low,https://taxonomy.api.jobtechdev.se/v1/taxonomy/graphql,30
pfiK_oXH_eYR,Föredragande/Beredningsjurist,http://data.europa.eu/esco/occupation/31854d78-3615-43a4-aa3a-c597ecb20ceb,juridisk rådgivare,broad-match,low,https://taxonomy.api.jobtechdev.se/v1/taxonomy/graphql,30
pfiK_oXH_eYR,Föredragande/Beredningsjurist,http://data.europa.eu/esco/occupation/acf462a3-9c34-46cb-952a-c612c38299f4,åklagare,broad-match,low,https://taxonomy.api.jobtechdev.se/v1/taxonomy/graphql,30
phfy_cnb_jUQ,Pedikyrist,http://data.europa.eu/esco/occupation/489b9a38-89a2-425c-95b9-79cec66379e1,pedikyrist,exact-match,high,https://taxonomy.api.jobtechdev.se/v1/taxonomy/graphql,30
piAi_ChR_W97,"Forskare, sociologi",http://data.europa.eu/esco/occupation/11df8941-508c-4103-ad40-52cdf9430a59,sociolog,broad-match,low,https://taxonomy.api.jobtechdev.se/v1/taxonomy/graphql,30
piAi_ChR_W97,"Forskare, sociologi",http://data.europa.eu/esco/occupation/3af4d6be-90b5-41f6-be06-3330dab3df73,"forskare, socialt arbete",narrow-match,low,https://taxonomy.api.jobtechdev.se/v1/taxonomy/graphql,30
pjhd_Z3X_TBJ,Laborant inom kemi och biologi,http://data.europa.eu/esco/occupation/0044c991-c26f-4261-a213-4bd1c0564a4c,laboratorieassistent,exact-match,high,https://taxonomy.api.jobtechdev.se/v1/taxonomy/graphql,30
pjhd_Z3X_TBJ,Laborant inom kemi och biologi,http://data.europa.eu/esco/occupation/0da75680-fbf9-44d8-802a-ac12eb425a34,biologtekniker,narrow-match,low,https://taxonomy.api.jobtechdev.se/v1/taxonomy/graphql,30
pjhd_Z3X_TBJ,Laborant inom kemi och biologi,http://data.europa.eu/esco/occupation/2c5ae1b4-c3ca-4882-b7ce-e346ae5b5b00,"laboratorietekniker, botanik",narrow-match,low,https://taxonomy.api.jobtechdev.se/v1/taxonomy/graphql,30
pjhd_Z3X_TBJ,Laborant inom kemi och biologi,http://data.europa.eu/esco/occupation/31cc4199-703c-4f8a-9b46-a2070a6d35df,"laboratorietekniker, biologi",narrow-match,low,https://taxonomy.api.jobtechdev.se/v1/taxonomy/graphql,30
pjhd_Z3X_TBJ,Laborant inom kemi och biologi,http://data.europa.eu/esco/occupation/4fef1907-cf82-413b-841a-02ef57e299a6,forskningslaborant,broad-match,low,https://taxonomy.api.jobtechdev.se/v1/taxonomy/graphql,30
pjhd_Z3X_TBJ,Laborant inom kemi och biologi,http://data.europa.eu/esco/occupation/f3b99acc-b212-45cf-bb4f-7b83cc6f0d71,"laboratorietekniker, bakteriologi",narrow-match,low,https://taxonomy.api.jobtechdev.se/v1/taxonomy/graphql,30
pjhd_Z3X_TBJ,Laborant inom kemi och biologi,http://data.europa.eu/esco/occupation/ff4c28e2-66b1-4ae7-9053-fba8ec3428be,"laboratorietekniker, zoologi",narrow-match,low,https://taxonomy.api.jobtechdev.se/v1/taxonomy/graphql,30
pm44_MPD_1wd,"Produktägare, IT",http://data.europa.eu/esco/occupation/a79170ad-0b7b-4697-864f-1748359aa10a,IKT-produktchef,close-match,low,https://taxonomy.api.jobtechdev.se/v1/taxonomy/graphql,30
pmWX_E7V_Xod,"Stationschef, flyg",http://data.europa.eu/esco/occupation/0d442b70-5413-4820-bebf-36dd5ce437ac,flygledningschef,narrow-match,low,https://taxonomy.api.jobtechdev.se/v1/taxonomy/graphql,30
pmWX_E7V_Xod,"Stationschef, flyg",http://data.europa.eu/esco/occupation/fc35b7ca-ecec-40d7-91b5-5065f662d955,flygplatschef,exact-match,high,https://taxonomy.api.jobtechdev.se/v1/taxonomy/graphql,30
pnt9_PEs_zZy,Technical artist,http://data.europa.eu/esco/occupation/52df9d56-efd4-48d0-ad93-59231943fc4c,3D-animatör,narrow-match,low,https://taxonomy.api.jobtechdev.se/v1/taxonomy/graphql,30
pnt9_PEs_zZy,Technical artist,http://data.europa.eu/esco/occupation/b1c0714d-77f1-4732-8fd8-9f0739fb9974,specialeffektskapare,broad-match,low,https://taxonomy.api.jobtechdev.se/v1/taxonomy/graphql,30
ponJ_a1z_dkd,Reservdelsspecialist,http://data.europa.eu/esco/occupation/099a901f-91a7-4d26-af2e-f385247dcf20,bildelsspecialist,exact-match,high,https://taxonomy.api.jobtechdev.se/v1/taxonomy/graphql,30
pp2y_Kru_xG6,Kredithandläggare,http://data.europa.eu/esco/occupation/075e4d25-74b3-46fb-9b6e-6b53cdb196e7,kredithandläggare,exact-match,high,https://taxonomy.api.jobtechdev.se/v1/taxonomy/graphql,30
pp2y_Kru_xG6,Kredithandläggare,http://data.europa.eu/esco/occupation/1a87e487-6761-4374-b6db-100ac5a9ad5a,kreditrådgivare,narrow-match,low,https://taxonomy.api.jobtechdev.se/v1/taxonomy/graphql,30
pp2y_Kru_xG6,Kredithandläggare,http://data.europa.eu/esco/occupation/3f277813-3cab-4c5d-bfeb-613e449b31c5,institutionsmäklare,narrow-match,low,https://taxonomy.api.jobtechdev.se/v1/taxonomy/graphql,30
pp2y_Kru_xG6,Kredithandläggare,http://data.europa.eu/esco/occupation/8e185c49-704e-49c0-8584-a7e0b618f628,lånehandläggare,exact-match,high,https://taxonomy.api.jobtechdev.se/v1/taxonomy/graphql,30
pp2y_Kru_xG6,Kredithandläggare,http://data.europa.eu/esco/occupation/ab5a5073-453c-4a93-aff7-345a19f8b954,kreditberedare,narrow-match,low,https://taxonomy.api.jobtechdev.se/v1/taxonomy/graphql,30
pp2y_Kru_xG6,Kredithandläggare,http://data.europa.eu/esco/occupation/b3ce981c-5b32-4de2-8e53-502a6357b2bc,kreditbedömare,narrow-match,low,https://taxonomy.api.jobtechdev.se/v1/taxonomy/graphql,30
ppBB_1e9_XKD,Psykoterapeut,http://data.europa.eu/esco/occupation/af69484e-b43f-4685-b22d-f3418df45c4d,psykoterapeut,exact-match,high,https://taxonomy.api.jobtechdev.se/v1/taxonomy/graphql,30
pquy_7kP_XJh,Brandskyddskoordinator,http://data.europa.eu/esco/occupation/4be368e3-badb-4b9f-9d0a-4d0f7565540a,brandingenjör,close-match,low,https://taxonomy.api.jobtechdev.se/v1/taxonomy/graphql,30
pryF_3WJ_nLL,Bankjurist,http://data.europa.eu/esco/occupation/779d13be-60b4-48f3-a339-fe483be96c7f,förvaltningsjurist,broad-match,low,https://taxonomy.api.jobtechdev.se/v1/taxonomy/graphql,30
ps1c_9CW_NDy,Fritidspedagog,http://data.europa.eu/esco/occupation/526ba8e1-fc71-4657-8d27-52f03e8ca81d,"samordnare, barnomsorg",broad-match,low,https://taxonomy.api.jobtechdev.se/v1/taxonomy/graphql,30
psA7_tjX_Dz1,Specialisttandläkare inom ortodonti,http://data.europa.eu/esco/occupation/a580e79a-b752-49c1-b033-b5ab2b34bfba,specialisttandläkare,broad-match,low,https://taxonomy.api.jobtechdev.se/v1/taxonomy/graphql,30
pxgV_uM9_SaZ,Concept artist,http://data.europa.eu/esco/occupation/d68ff35f-e34d-4e32-88ab-d6c06a6c25b9,dataspelsdesigner,broad-match,low,https://taxonomy.api.jobtechdev.se/v1/taxonomy/graphql,30
q1k8_CXz_7Nd,Folkhälsoplanerare,http://data.europa.eu/esco/occupation/d4d6842b-27f0-4222-85db-c542acf6d434,"handläggare, offentlig förvaltning, folkhälsofrågor",exact-match,high,https://taxonomy.api.jobtechdev.se/v1/taxonomy/graphql,30
q23Y_yfC_6RM,Bibliotekskonsulent,http://data.europa.eu/esco/occupation/60f7eb23-a7ea-4cbe-98a5-1248291f62d5,bibliotekarie,close-match,low,https://taxonomy.api.jobtechdev.se/v1/taxonomy/graphql,30
q25G_ETx_j3f,Miljövårdsdirektör,http://data.europa.eu/esco/occupation/94e0bedd-e56e-42be-a5a4-b74a260f437c,avdelningschef,close-match,low,https://taxonomy.api.jobtechdev.se/v1/taxonomy/graphql,30
q4Aj_RjF_Uj2,Krematorievaktmästare,http://data.europa.eu/esco/occupation/857ed740-f4ae-43d0-8295-d6181f1d7eed,begravningsrådgivare,broad-match,low,https://taxonomy.api.jobtechdev.se/v1/taxonomy/graphql,30
q4Ca_jmG_de7,"Besiktningsman, försäkring/Skadeinspektör, försäkring",http://data.europa.eu/esco/occupation/a2b81132-2147-4c8e-b250-e6290ed906ea,skadetekniker,close-match,low,https://taxonomy.api.jobtechdev.se/v1/taxonomy/graphql,30
q5VW_kNA_D4Q,Chief Technology Officer/CTO/Teknologichef,http://data.europa.eu/esco/occupation/7b1b5da8-573a-49bb-a38e-68725a949f4f,teknikchef,exact-match,high,https://taxonomy.api.jobtechdev.se/v1/taxonomy/graphql,30
q7SB_sGS_x72,Installationstekniker industrimaskiner,http://data.europa.eu/esco/occupation/53c7756d-4114-4c7f-90b0-26717f458ac5,pneumatiktekniker,narrow-match,low,https://taxonomy.api.jobtechdev.se/v1/taxonomy/graphql,30
q9PK_qMB_caU,Dokumentalist,http://data.europa.eu/esco/occupation/3765a20d-5160-4e8f-82f1-ad7872b9db24,informationsansvarig,close-match,low,https://taxonomy.api.jobtechdev.se/v1/taxonomy/graphql,30
q9PK_qMB_caU,Dokumentalist,http://data.europa.eu/esco/occupation/60f7eb23-a7ea-4cbe-98a5-1248291f62d5,bibliotekarie,close-match,low,https://taxonomy.api.jobtechdev.se/v1/taxonomy/graphql,30
q9ix_gkf_HP7,"Forskare, växt- och djurbiologi",http://data.europa.eu/esco/occupation/eee68e13-8248-43bb-a9fb-959832a6c217,biolog,broad-match,low,https://taxonomy.api.jobtechdev.se/v1/taxonomy/graphql,30
qBo3_TzN_rcP,Lokaliserare,http://data.europa.eu/esco/occupation/da4589ce-7534-4cc1-9ce4-cabf9364b87c,lokaliserare,exact-match,high,https://taxonomy.api.jobtechdev.se/v1/taxonomy/graphql,30
qCeG_oQA_cxB,Verktygskonstruktör,http://data.europa.eu/esco/occupation/79fed799-ab3a-43d9-bd91-414c2c3b2f57,verktygskonstruktör,exact-match,high,https://taxonomy.api.jobtechdev.se/v1/taxonomy/graphql,30
qCeG_oQA_cxB,Verktygskonstruktör,http://data.europa.eu/esco/occupation/8bc48c43-d976-458a-9e3c-ee784572351d,"produktingenjör, industriverktyg",close-match,low,https://taxonomy.api.jobtechdev.se/v1/taxonomy/graphql,30
qDLi_VEY_DDJ,"Sektionschef, sjukhus",http://data.europa.eu/esco/occupation/4a29eab1-5f02-4723-a863-e2d5a0614dfa,"verksamhetschef, vårdenhet",broad-match,low,https://taxonomy.api.jobtechdev.se/v1/taxonomy/graphql,30
qKE5_dUi_zg9,Fältgeotekniker,http://data.europa.eu/esco/occupation/9ce12690-c3bf-4135-b7a5-b666bb8c68f5,gruvmätare,close-match,low,https://taxonomy.api.jobtechdev.se/v1/taxonomy/graphql,30
qKiE_nbz_crB,Forskningsledare,http://data.europa.eu/esco/occupation/5ac65daa-0896-4193-9f0e-8b00746b78a1,"forskarassistent, högskola",close-match,low,https://taxonomy.api.jobtechdev.se/v1/taxonomy/graphql,30
qLua_Ure_N8S,Tullhandläggare,http://data.europa.eu/esco/occupation/a3ef0728-7540-4676-ad18-cf0a7913b3ce,tulltaxerare,broad-match,low,https://taxonomy.api.jobtechdev.se/v1/taxonomy/graphql,30
qMJk_3Zy_Mue,Passare,http://data.europa.eu/esco/occupation/71898b81-fc2f-4a97-826d-f45e49a8160a,"regiassistent, film",close-match,low,https://taxonomy.api.jobtechdev.se/v1/taxonomy/graphql,30
qMzT_BiK_kzf,Biodlare,http://data.europa.eu/esco/occupation/026401a9-7d56-4d7b-8052-38985ddbeafa,biodlare,exact-match,high,https://taxonomy.api.jobtechdev.se/v1/taxonomy/graphql,30
qRP9_1dB_UXM,Maskinoperatör foderberedning,http://data.europa.eu/esco/occupation/b91034a0-1d3e-40e4-aced-07052ee0f9e9,foderansvarig,exact-match,high,https://taxonomy.api.jobtechdev.se/v1/taxonomy/graphql,30
qSbh_gsL_gJS,Läkemedelskonsulent,http://data.europa.eu/esco/occupation/ab762f91-d737-485f-a85c-67cab92dee01,läkemedelskonsulent,exact-match,high,https://taxonomy.api.jobtechdev.se/v1/taxonomy/graphql,30
qSoX_VSS_SpZ,Layoutare,http://data.europa.eu/esco/occupation/78216000-edc1-474b-9569-28ed6a657da2,"redigerare, desktop publishing",close-match,low,https://taxonomy.api.jobtechdev.se/v1/taxonomy/graphql,30
qSoX_VSS_SpZ,Layoutare,http://data.europa.eu/esco/occupation/951b9d94-9bf1-4771-877d-3a26b75d9e53,animationslayoutare,narrow-match,low,https://taxonomy.api.jobtechdev.se/v1/taxonomy/graphql,30
qSsm_wXn_Z6i,Hälsopedagog,http://data.europa.eu/esco/occupation/763f82c2-81e3-48d2-9cdf-f532b5016a1f,friskvårdskonsult,close-match,low,https://taxonomy.api.jobtechdev.se/v1/taxonomy/graphql,30
qSsm_wXn_Z6i,Hälsopedagog,http://data.europa.eu/esco/occupation/c7ad889f-10fc-4346-b740-bd479ad82b47,hälsoinformatör,narrow-match,low,https://taxonomy.api.jobtechdev.se/v1/taxonomy/graphql,30
qSsm_wXn_Z6i,Hälsopedagog,http://data.europa.eu/esco/occupation/f7177f79-63e7-4944-8896-044056b62523,personlig tränare,close-match,low,https://taxonomy.api.jobtechdev.se/v1/taxonomy/graphql,30
qTm5_vCz_YAS,Språkteknolog,http://data.europa.eu/esco/occupation/a9c7a04d-807a-41b5-b441-87c73c73c9c5,lingvist,broad-match,low,https://taxonomy.api.jobtechdev.se/v1/taxonomy/graphql,30
qaj9_brh_EM1,Röstpedagog,http://data.europa.eu/esco/occupation/8021f3a2-e3de-43c0-b366-075da74dc5b7,logoped,close-match,low,https://taxonomy.api.jobtechdev.se/v1/taxonomy/graphql,30
qb2W_NZ4_fFL,Scenografiassistent,http://data.europa.eu/esco/occupation/874a2080-a9b6-46a9-8662-c9b7d4208f73,scenograf,exact-match,high,https://taxonomy.api.jobtechdev.se/v1/taxonomy/graphql,30
qb9c_qLP_ThK,"Civilingenjör, kvalitet, metallurgi",http://data.europa.eu/esco/occupation/4efee3ed-de09-44c6-bd4a-d9eaafd04683,"utvecklingsingenjör, metallurgi",narrow-match,low,https://taxonomy.api.jobtechdev.se/v1/taxonomy/graphql,30
qb9c_qLP_ThK,"Civilingenjör, kvalitet, metallurgi",http://data.europa.eu/esco/occupation/bcf8f332-c7e1-4a08-8651-28d668290eaf,metallurg,broad-match,low,https://taxonomy.api.jobtechdev.se/v1/taxonomy/graphql,30
qbYy_xKX_aip,"Organisationschef, kommun",http://data.europa.eu/esco/occupation/94e0bedd-e56e-42be-a5a4-b74a260f437c,avdelningschef,close-match,low,https://taxonomy.api.jobtechdev.se/v1/taxonomy/graphql,30
qggA_Smr_PbQ,Fastighetsmäklarassistent,http://data.europa.eu/esco/occupation/b42d8731-386b-4d34-a824-4b736feee1e5,"handläggare, fastighetsöverlåtelser",exact-match,high,https://taxonomy.api.jobtechdev.se/v1/taxonomy/graphql,30
qggA_Smr_PbQ,Fastighetsmäklarassistent,http://data.europa.eu/esco/occupation/c5c1c40f-d2b7-437f-b3e8-b9da48f6d728,fastighetsassistent,exact-match,high,https://taxonomy.api.jobtechdev.se/v1/taxonomy/graphql,30
qh9J_Xje_FTi,Porslinsmålare,http://data.europa.eu/esco/occupation/db3b1cb9-8460-4de0-8fc7-aff7a9a74b7e,"dekorationsmålare, porslin",exact-match,high,https://taxonomy.api.jobtechdev.se/v1/taxonomy/graphql,30
qhRQ_V1m_ysq,Sångare,http://data.europa.eu/esco/occupation/6581aa0d-c807-4091-84cc-bc041f962ab1,sångare,exact-match,high,https://taxonomy.api.jobtechdev.se/v1/taxonomy/graphql,30
qkm9_9tN_mtA,Rekvisitörsassistent,http://data.europa.eu/esco/occupation/9b3c6dd8-4d3b-4a12-8bb8-55bb2e92c3a6,rekvisitör,broad-match,low,https://taxonomy.api.jobtechdev.se/v1/taxonomy/graphql,30
qn4x_gMp_dsJ,Bildemontör,http://data.europa.eu/esco/occupation/4ed9ce62-75d4-4b05-80d4-e86528fecdcd,återvinningsarbetare,exact-match,high,https://taxonomy.api.jobtechdev.se/v1/taxonomy/graphql,30
qnF9_wC7_zTq,Djurfysioterapeut,http://data.europa.eu/esco/occupation/5beafebe-9211-4b3a-adf1-6161097a3975,djursjukgymnast,exact-match,high,https://taxonomy.api.jobtechdev.se/v1/taxonomy/graphql,30
qot1_qJ1_kec,"Måleri, servicearbetare",http://data.europa.eu/esco/occupation/fb7e2f4f-1545-42f1-972e-94082e49c6dc,byggnadsarbetare,close-match,low,https://taxonomy.api.jobtechdev.se/v1/taxonomy/graphql,30
qrqz_uUw_so5,Visuell grafisk kommunikatör,http://data.europa.eu/esco/occupation/69bcbb0a-8d80-4ecd-b0a4-9adea2a40de2,grafisk formgivare,close-match,low,https://taxonomy.api.jobtechdev.se/v1/taxonomy/graphql,30
qtbf_kP3_Chv,Fredsforskare,http://data.europa.eu/esco/occupation/4f89b0d2-b666-4890-af01-25d1d60da1f3,statsvetare,broad-match,low,https://taxonomy.api.jobtechdev.se/v1/taxonomy/graphql,30
qten_SFo_M7t,Maskinoperatör livsmedelsindustri,http://data.europa.eu/esco/occupation/0085f271-5999-4d42-b879-75c3b4269883,maskinförare med ansvar för hydreringsmaskin,narrow-match,low,https://taxonomy.api.jobtechdev.se/v1/taxonomy/graphql,30
qten_SFo_M7t,Maskinoperatör livsmedelsindustri,http://data.europa.eu/esco/occupation/0090dd54-057a-4f65-bbe8-f74c4999e8e8,pastaansvarig,narrow-match,low,https://taxonomy.api.jobtechdev.se/v1/taxonomy/graphql,30
qten_SFo_M7t,Maskinoperatör livsmedelsindustri,http://data.europa.eu/esco/occupation/0458929a-f6c9-40ed-8ce3-caa9f03a6b5b,ansvarig för kaffekvarn,narrow-match,low,https://taxonomy.api.jobtechdev.se/v1/taxonomy/graphql,30
qten_SFo_M7t,Maskinoperatör livsmedelsindustri,http://data.europa.eu/esco/occupation/066a9d8f-3948-409c-a3cf-ed8ed37cfe22,arbetare i tobakslager,narrow-match,low,https://taxonomy.api.jobtechdev.se/v1/taxonomy/graphql,30
qten_SFo_M7t,Maskinoperatör livsmedelsindustri,http://data.europa.eu/esco/occupation/1214a616-aaa5-4140-b82e-2cc5028b0fa4,driftsledare på blandningsanläggning,narrow-match,low,https://taxonomy.api.jobtechdev.se/v1/taxonomy/graphql,30
qten_SFo_M7t,Maskinoperatör livsmedelsindustri,http://data.europa.eu/esco/occupation/16ec2281-b0b3-4cde-9888-2cb6cc492c25,"maskinoperatör, såsberedning",narrow-match,low,https://taxonomy.api.jobtechdev.se/v1/taxonomy/graphql,30
qten_SFo_M7t,Maskinoperatör livsmedelsindustri,http://data.europa.eu/esco/occupation/17abb59e-a1f9-4ce8-88b7-569e5413dca9,ansvarig för cigarettmärkning,narrow-match,low,https://taxonomy.api.jobtechdev.se/v1/taxonomy/graphql,30
qten_SFo_M7t,Maskinoperatör livsmedelsindustri,http://data.europa.eu/esco/occupation/28d82e8d-7379-4245-a5a0-c5a68864a528,centrifugskötare,narrow-match,low,https://taxonomy.api.jobtechdev.se/v1/taxonomy/graphql,30
qten_SFo_M7t,Maskinoperatör livsmedelsindustri,http://data.europa.eu/esco/occupation/2a2da883-8af5-4b98-832e-00e6681b22c3,"maskinoperatör, nedkylning",narrow-match,low,https://taxonomy.api.jobtechdev.se/v1/taxonomy/graphql,30
qten_SFo_M7t,Maskinoperatör livsmedelsindustri,http://data.europa.eu/esco/occupation/303931a2-860a-4f76-83ac-3c190d67287e,"maskinoperatör, matolja",narrow-match,low,https://taxonomy.api.jobtechdev.se/v1/taxonomy/graphql,30
qten_SFo_M7t,Maskinoperatör livsmedelsindustri,http://data.europa.eu/esco/occupation/3256e283-0892-4330-b9f2-6dc4aa4bd86b,fabriksarbetare på sockerraffinaderi,narrow-match,low,https://taxonomy.api.jobtechdev.se/v1/taxonomy/graphql,30
qten_SFo_M7t,Maskinoperatör livsmedelsindustri,http://data.europa.eu/esco/occupation/34b63359-faad-4d6a-9d4d-98c2c15b9fac,"maskinoperatör, kakaopress",narrow-match,low,https://taxonomy.api.jobtechdev.se/v1/taxonomy/graphql,30
qten_SFo_M7t,Maskinoperatör livsmedelsindustri,http://data.europa.eu/esco/occupation/36b11444-8634-4194-b679-ed302acdfb22,"processoperatör, kafferostning",narrow-match,low,https://taxonomy.api.jobtechdev.se/v1/taxonomy/graphql,30
qten_SFo_M7t,Maskinoperatör livsmedelsindustri,http://data.europa.eu/esco/occupation/375a4d32-0950-45db-9d85-3fc2a86f1d85,ansvarig för konvertering av stärkelse,narrow-match,low,https://taxonomy.api.jobtechdev.se/v1/taxonomy/graphql,30
qten_SFo_M7t,Maskinoperatör livsmedelsindustri,http://data.europa.eu/esco/occupation/5520bfd0-49d3-47e5-abe0-d72354711bc0,rensare av kakaobönor,narrow-match,low,https://taxonomy.api.jobtechdev.se/v1/taxonomy/graphql,30
qten_SFo_M7t,Maskinoperatör livsmedelsindustri,http://data.europa.eu/esco/occupation/62f53135-e091-4aa6-8895-5851d72271b9,klargöringsansvarig,narrow-match,low,https://taxonomy.api.jobtechdev.se/v1/taxonomy/graphql,30
qten_SFo_M7t,Maskinoperatör livsmedelsindustri,http://data.europa.eu/esco/occupation/6725a5bb-b79d-4128-9494-089389ae2a48,"processoperatör, rostning av kakaobönor",narrow-match,low,https://taxonomy.api.jobtechdev.se/v1/taxonomy/graphql,30
qten_SFo_M7t,Maskinoperatör livsmedelsindustri,http://data.europa.eu/esco/occupation/67f12d6c-295f-4315-8c5c-8e477c7f7019,"biodlare, slungning",narrow-match,low,https://taxonomy.api.jobtechdev.se/v1/taxonomy/graphql,30
qten_SFo_M7t,Maskinoperatör livsmedelsindustri,http://data.europa.eu/esco/occupation/7235d075-ecf6-42ba-8a60-d7e79bbce152,ansvarig för fruktpress,narrow-match,low,https://taxonomy.api.jobtechdev.se/v1/taxonomy/graphql,30
qten_SFo_M7t,Maskinoperatör livsmedelsindustri,http://data.europa.eu/esco/occupation/78ddc0cc-166e-437e-9c41-48aa0a6c6f93,kryddblandningstestare,narrow-match,low,https://taxonomy.api.jobtechdev.se/v1/taxonomy/graphql,30
qten_SFo_M7t,Maskinoperatör livsmedelsindustri,http://data.europa.eu/esco/occupation/9161b2df-624c-4f5e-ad6c-0392439fa5c3,ansvarig för utvinning av stärkelse,narrow-match,low,https://taxonomy.api.jobtechdev.se/v1/taxonomy/graphql,30
qten_SFo_M7t,Maskinoperatör livsmedelsindustri,http://data.europa.eu/esco/occupation/9ae8251e-cb8e-4324-9d77-d967d43e6b46,ansvarig för fettrening,narrow-match,low,https://taxonomy.api.jobtechdev.se/v1/taxonomy/graphql,30
qten_SFo_M7t,Maskinoperatör livsmedelsindustri,http://data.europa.eu/esco/occupation/9f686e81-c236-42cb-b848-1918eb36e16a,tobaksbladbindare,narrow-match,low,https://taxonomy.api.jobtechdev.se/v1/taxonomy/graphql,30
qten_SFo_M7t,Maskinoperatör livsmedelsindustri,http://data.europa.eu/esco/occupation/b997a091-23b3-4f87-a6bc-bdbea2f609ae,ansvarig för jäsning av vin,narrow-match,low,https://taxonomy.api.jobtechdev.se/v1/taxonomy/graphql,30
qten_SFo_M7t,Maskinoperatör livsmedelsindustri,http://data.europa.eu/esco/occupation/defc8417-eeb6-4f13-8fcd-6518b99a40f4,"maskinoperatör, frukt- och grönsakskonservering",narrow-match,low,https://taxonomy.api.jobtechdev.se/v1/taxonomy/graphql,30
qten_SFo_M7t,Maskinoperatör livsmedelsindustri,http://data.europa.eu/esco/occupation/e3dc66de-99c7-4607-a82b-7244036d316d,"processoperatör, livsmedelsindustri",exact-match,high,https://taxonomy.api.jobtechdev.se/v1/taxonomy/graphql,30
qten_SFo_M7t,Maskinoperatör livsmedelsindustri,http://data.europa.eu/esco/occupation/ecfcf554-254f-4dd7-a20c-b60cc6b16054,ansvarig för cigarettmaskin,narrow-match,low,https://taxonomy.api.jobtechdev.se/v1/taxonomy/graphql,30
qten_SFo_M7t,Maskinoperatör livsmedelsindustri,http://data.europa.eu/esco/occupation/ed41ca50-bb2a-41e2-a332-9b2df83040c1,"maskinoperatör, raffinering",narrow-match,low,https://taxonomy.api.jobtechdev.se/v1/taxonomy/graphql,30
qten_SFo_M7t,Maskinoperatör livsmedelsindustri,http://data.europa.eu/esco/occupation/f6f1a9c5-a956-4a10-98ad-b83525e843fb,ansvarig för lastning av bulk,narrow-match,low,https://taxonomy.api.jobtechdev.se/v1/taxonomy/graphql,30
qvok_3rm_CB7,"Forskningsassistent, samhällsvetenskap",http://data.europa.eu/esco/occupation/5ac65daa-0896-4193-9f0e-8b00746b78a1,"forskarassistent, högskola",broad-match,low,https://taxonomy.api.jobtechdev.se/v1/taxonomy/graphql,30
qw9j_P87_bcJ,Neurosjuksköterska,http://data.europa.eu/esco/occupation/18e14e61-495b-44cc-a7c6-df4c625934ba,specialistsjuksköterska,broad-match,low,https://taxonomy.api.jobtechdev.se/v1/taxonomy/graphql,30
qx4W_T5v_KWs,Bärgarförare,http://data.europa.eu/esco/occupation/45037d43-a8f5-4f46-b332-b2935bc305f4,distributionsförare,broad-match,low,https://taxonomy.api.jobtechdev.se/v1/taxonomy/graphql,30
qx4W_T5v_KWs,Bärgarförare,http://data.europa.eu/esco/occupation/5d4e374f-adfa-48bc-ba34-e51915484251,bärgningsbilsförare,exact-match,high,https://taxonomy.api.jobtechdev.se/v1/taxonomy/graphql,30
qxqj_zKy_PmC,Fukttekniker,http://data.europa.eu/esco/occupation/f0e479d9-7afd-40b1-b60f-b68c400c15fb,byggnadsinspektör,broad-match,low,https://taxonomy.api.jobtechdev.se/v1/taxonomy/graphql,30
qy8Z_AhS_M8F,Ädelstensslipare,http://data.europa.eu/esco/occupation/73bcde7c-bc34-485d-a7af-7b94fc43f61b,ädelstensslipare,exact-match,high,https://taxonomy.api.jobtechdev.se/v1/taxonomy/graphql,30
qy8Z_AhS_M8F,Ädelstensslipare,http://data.europa.eu/esco/occupation/e44d2570-10cc-4984-9692-63ece1b6dce8,"ädelstensslipare, färdiga smycken",exact-match,high,https://taxonomy.api.jobtechdev.se/v1/taxonomy/graphql,30
qz4J_GR9_MgZ,Biostatistiker,http://data.europa.eu/esco/occupation/ac8b3cd1-a127-4e6a-8208-5cfcf7111955,statistiker,broad-match,low,https://taxonomy.api.jobtechdev.se/v1/taxonomy/graphql,30
qzp5_Kmf_JL1,Järnvägsingenjör,http://data.europa.eu/esco/occupation/511c8e9f-b19e-4ae8-9959-c047e7410441,"trafikinspektör, järnväg",narrow-match,low,https://taxonomy.api.jobtechdev.se/v1/taxonomy/graphql,30
qzp5_Kmf_JL1,Järnvägsingenjör,http://data.europa.eu/esco/occupation/755c5c5f-2ee3-4487-94db-30ec2ba2e883,"drift- och underhållsingenjör, järnväg",narrow-match,low,https://taxonomy.api.jobtechdev.se/v1/taxonomy/graphql,30
r2Gv_ft9_p51,Assistent i församlingsarbete,http://data.europa.eu/esco/occupation/665266cb-50dd-44a5-a920-ab04c67e251a,assistent i församlingsarbete,exact-match,high,https://taxonomy.api.jobtechdev.se/v1/taxonomy/graphql,30
r32c_vMU_Zot,Klippassistent,http://data.europa.eu/esco/occupation/ac734172-ae9a-41ab-80a0-a7b33694e027,video- och filmredigerare,close-match,low,https://taxonomy.api.jobtechdev.se/v1/taxonomy/graphql,30
r3FU_ZoT_4oi,Fjärrpilot,http://data.europa.eu/esco/occupation/27a88c48-1d09-4a8c-a82a-a61ea16476d9,drönarpilot,exact-match,high,https://taxonomy.api.jobtechdev.se/v1/taxonomy/graphql,30
r47H_2uB_RDF,"Projektledare, offentlig verksamhet",http://data.europa.eu/esco/occupation/bea99fea-0383-4c63-b944-70d4799de2c5,projektledare,broad-match,low,https://taxonomy.api.jobtechdev.se/v1/taxonomy/graphql,30
r4Ax_25F_QjZ,Perukmakare,http://data.europa.eu/esco/occupation/bd206ee9-61d6-45de-a369-0c71b8429efa,perukmakare,exact-match,high,https://taxonomy.api.jobtechdev.se/v1/taxonomy/graphql,30
r4G8_gBH_Pug,"Civilingenjör, anläggning",http://data.europa.eu/esco/occupation/2a914d26-42aa-46b5-acf3-097d51ba4617,"civilingenjör, bygg",broad-match,low,https://taxonomy.api.jobtechdev.se/v1/taxonomy/graphql,30
r4G8_gBH_Pug,"Civilingenjör, anläggning",http://data.europa.eu/esco/occupation/aad7819e-d62e-41de-a594-9f2be186a6c2,"civilingenjör, transport",narrow-match,low,https://taxonomy.api.jobtechdev.se/v1/taxonomy/graphql,30
r66d_XpS_6bt,IT-utredare,http://data.europa.eu/esco/occupation/fe0fa514-b48d-4a53-9757-a283c0baacf0,systemanalytiker,close-match,low,https://taxonomy.api.jobtechdev.se/v1/taxonomy/graphql,30
r8Cv_UQf_sS9,Ateljerista,http://data.europa.eu/esco/occupation/72bcb223-da77-4ed5-a03a-796fd5ece728,bildlärare,broad-match,low,https://taxonomy.api.jobtechdev.se/v1/taxonomy/graphql,30
rAUa_sJT_33X,ST-tandläkare,http://data.europa.eu/esco/occupation/e52b5707-7097-4dbc-ac61-054e917da241,tandläkare,exact-match,high,https://taxonomy.api.jobtechdev.se/v1/taxonomy/graphql,30
rAbV_bae_MQD,Showartist,http://data.europa.eu/esco/occupation/76deb33d-f9bc-4ca2-a5cc-49c8f5a17f38,varietéartist,broad-match,low,https://taxonomy.api.jobtechdev.se/v1/taxonomy/graphql,30
rAgy_tQu_JC1,Isoleringsplåtslagare,http://data.europa.eu/esco/occupation/b2dab4fb-b7f7-4f57-94b2-9c0f0848564a,isoleringsarbetare,broad-match,low,https://taxonomy.api.jobtechdev.se/v1/taxonomy/graphql,30
rAjz_1xP_f1a,Montör metallprodukter,http://data.europa.eu/esco/occupation/2231ed97-69dc-4b6e-93ee-8c0e5bb5dbb8,"montör, metallmöbler",narrow-match,low,https://taxonomy.api.jobtechdev.se/v1/taxonomy/graphql,30
rAjz_1xP_f1a,Montör metallprodukter,http://data.europa.eu/esco/occupation/af2f3615-63ab-44dc-957d-c9660410d336,"montör, metallprodukter",exact-match,high,https://taxonomy.api.jobtechdev.se/v1/taxonomy/graphql,30
rBXf_cgf_xzc,Segelmakare,http://data.europa.eu/esco/occupation/28b25dbf-1eab-45e8-9d02-7a5eea9bb139,"sömmare, hemtextil",broad-match,low,https://taxonomy.api.jobtechdev.se/v1/taxonomy/graphql,30
rDKi_QTj_qxa,Garantihandläggare,http://data.europa.eu/esco/occupation/13d1b2b4-99dd-44da-9734-c9f74bae18f7,kundtjänstrepresentant,broad-match,low,https://taxonomy.api.jobtechdev.se/v1/taxonomy/graphql,30
rGGf_KLs_To7,Servitör/Servitris,http://data.europa.eu/esco/occupation/d5db9d5c-2ebf-4a54-a79a-1b7e7ff70471,servitör/servitris,exact-match,high,https://taxonomy.api.jobtechdev.se/v1/taxonomy/graphql,30
rGyy_vEY_2nZ,Studierektor,http://data.europa.eu/esco/occupation/2b7d34db-11b6-4c10-b227-3917752e28ac,biträdande rektor,exact-match,high,https://taxonomy.api.jobtechdev.se/v1/taxonomy/graphql,30
rJ3v_uyL_NWU,Utredningschef,http://data.europa.eu/esco/occupation/4f49df98-98b8-4a9e-98ad-9c5557817eba,"chef, strategisk planering",close-match,low,https://taxonomy.api.jobtechdev.se/v1/taxonomy/graphql,30
rM7G_ge7_XhP,Barnskötare,http://data.europa.eu/esco/occupation/3413f234-6230-47a8-8cc7-2691fd54ce3a,barnskötare,exact-match,high,https://taxonomy.api.jobtechdev.se/v1/taxonomy/graphql,30
rMfT_rsj_WQv,Kyrkoherde,http://data.europa.eu/esco/occupation/ed256ed0-0432-4969-8544-3e5e01a517a9,religiös ledare,broad-match,low,https://taxonomy.api.jobtechdev.se/v1/taxonomy/graphql,30
rN8K_yrD_VDk,Modersmålspedagog,http://data.europa.eu/esco/occupation/00674f21-2f8f-4a41-9896-133f7cbe2a6e,"lärarassistent, grundskola",close-match,low,https://taxonomy.api.jobtechdev.se/v1/taxonomy/graphql,30
rN8K_yrD_VDk,Modersmålspedagog,http://data.europa.eu/esco/occupation/4d27152a-a8ee-4f5a-9f93-a2fb4fb2b2e3,"lärarassistent, förskola",close-match,low,https://taxonomy.api.jobtechdev.se/v1/taxonomy/graphql,30
rN8K_yrD_VDk,Modersmålspedagog,http://data.europa.eu/esco/occupation/79c2e54e-26e8-4cdc-a7f1-908e000bfb83,"lärarassistent, gymnasieskola",close-match,low,https://taxonomy.api.jobtechdev.se/v1/taxonomy/graphql,30
rP7c_J3E_h5G,Rikspolischef,http://data.europa.eu/esco/occupation/2ae275fe-4f11-4a38-9e95-d466d74b42a3,polischef,exact-match,high,https://taxonomy.api.jobtechdev.se/v1/taxonomy/graphql,30
rQ78_ooZ_z5P,Formsprutningsprocesstekniker,http://data.europa.eu/esco/occupation/23043d05-42c4-4811-b478-f8a17d22480b,formmaskinoperatör,broad-match,low,https://taxonomy.api.jobtechdev.se/v1/taxonomy/graphql,30
rQds_YGd_quU,Mjukvaruutvecklare,http://data.europa.eu/esco/occupation/24135b84-cbdd-4d42-9ed2-02fd982d15b2,blockkedjeutvecklare,narrow-match,low,https://taxonomy.api.jobtechdev.se/v1/taxonomy/graphql,30
rQds_YGd_quU,Mjukvaruutvecklare,http://data.europa.eu/esco/occupation/349ee6f6-c295-4c38-9b98-48765b55280e,molntekniker,narrow-match,low,https://taxonomy.api.jobtechdev.se/v1/taxonomy/graphql,30
rQds_YGd_quU,Mjukvaruutvecklare,http://data.europa.eu/esco/occupation/781a6350-e686-45b9-b075-e4c8d5a05ff7,molnprogramutvecklare,narrow-match,low,https://taxonomy.api.jobtechdev.se/v1/taxonomy/graphql,30
rQds_YGd_quU,Mjukvaruutvecklare,http://data.europa.eu/esco/occupation/f2b15a0e-e65a-438a-affb-29b9d50b77d1,programvaruutvecklare,exact-match,high,https://taxonomy.api.jobtechdev.se/v1/taxonomy/graphql,30
rSdC_s2a_vzC,"Områdeschef, skogsbruk",http://data.europa.eu/esco/occupation/f04eaeff-52f5-4d52-93ad-6f846884827f,skogvakt,close-match,low,https://taxonomy.api.jobtechdev.se/v1/taxonomy/graphql,30
rSuQ_9o8_6Gw,"Lärling, VVS-isolerare",http://data.europa.eu/esco/occupation/b2dab4fb-b7f7-4f57-94b2-9c0f0848564a,isoleringsarbetare,broad-match,low,https://taxonomy.api.jobtechdev.se/v1/taxonomy/graphql,30
rUcW_z9R_Qsv,Förskollärare,http://data.europa.eu/esco/occupation/55d60ead-0343-4008-b9e4-fb4b5a179c83,förskollärare,exact-match,high,https://taxonomy.api.jobtechdev.se/v1/taxonomy/graphql,30
rXb5_41z_cwz,Distributionstekniker fjärrvärmenät och fjärrkylenät,http://data.europa.eu/esco/occupation/8234eee9-1647-460d-8d62-7fe02cb884b0,kyl- och värmepumpstekniker,close-match,low,https://taxonomy.api.jobtechdev.se/v1/taxonomy/graphql,30
rYYJ_Khq_Mre,Styckare,http://data.europa.eu/esco/occupation/05f6eaeb-b285-46bd-a44a-225bd429e329,styckare,exact-match,high,https://taxonomy.api.jobtechdev.se/v1/taxonomy/graphql,30
rYYJ_Khq_Mre,Styckare,http://data.europa.eu/esco/occupation/34ec79d0-85fb-445a-a5f2-df51b70c6375,köttstyckare,exact-match,high,https://taxonomy.api.jobtechdev.se/v1/taxonomy/graphql,30
rYYJ_Khq_Mre,Styckare,http://data.europa.eu/esco/occupation/48b336d2-7ffb-49a3-a010-444b68ddd12d,"styckare, halal",narrow-match,low,https://taxonomy.api.jobtechdev.se/v1/taxonomy/graphql,30
rYYJ_Khq_Mre,Styckare,http://data.europa.eu/esco/occupation/d4cbc865-ad88-4b07-9525-2af3dd31cf0d,"styckare, kosher",narrow-match,low,https://taxonomy.api.jobtechdev.se/v1/taxonomy/graphql,30
ras1_rJP_9UX,Skräddare,http://data.europa.eu/esco/occupation/5589e8e0-48d9-4193-8c85-86ba9f17e0e9,damskräddare,narrow-match,low,https://taxonomy.api.jobtechdev.se/v1/taxonomy/graphql,30
ras1_rJP_9UX,Skräddare,http://data.europa.eu/esco/occupation/978ae3a2-0831-415a-8396-b84dde656fc5,skräddare,exact-match,high,https://taxonomy.api.jobtechdev.se/v1/taxonomy/graphql,30
rbjK_vsq_v67,Urmakare,http://data.europa.eu/esco/occupation/11eb55d3-4dbe-45c5-a6ce-f04ae843c938,urmakare,exact-match,high,https://taxonomy.api.jobtechdev.se/v1/taxonomy/graphql,30
rbjK_vsq_v67,Urmakare,http://data.europa.eu/esco/occupation/1a953e5a-f53f-461d-818b-6b2e655a751f,"urmakare, reparatör",exact-match,high,https://taxonomy.api.jobtechdev.se/v1/taxonomy/graphql,30
rbxf_y3V_tXx,Driftledare lantbruk med blandad drift,http://data.europa.eu/esco/occupation/4552095e-3396-4831-86ad-4fc34ec39a19,gårdsmästare,exact-match,high,https://taxonomy.api.jobtechdev.se/v1/taxonomy/graphql,30
reEg_XH4_15c,Marknadschef,http://data.europa.eu/esco/occupation/0ddbf393-38f1-4c22-b14c-fe775008f321,marknadschef,exact-match,high,https://taxonomy.api.jobtechdev.se/v1/taxonomy/graphql,30
rfpp_bnQ_RoQ,Parkeringsvakt,http://data.europa.eu/esco/occupation/b8b98b65-7db2-43f8-8ac4-2f1903984e7b,parkeringsvakt,exact-match,high,https://taxonomy.api.jobtechdev.se/v1/taxonomy/graphql,30
rgsj_poi_koz,Modersmålslärare i grundskolan,http://data.europa.eu/esco/occupation/03d79393-7b30-4159-945b-01963eddd302,grundskollärare,broad-match,low,https://taxonomy.api.jobtechdev.se/v1/taxonomy/graphql,30
rkXK_cb5_Ft9,Backofficepersonal,http://data.europa.eu/esco/occupation/35fbb8cd-c044-49a1-850c-010481c99b4a,"medarbetare, back office, finansiella marknader",exact-match,high,https://taxonomy.api.jobtechdev.se/v1/taxonomy/graphql,30
rkXK_cb5_Ft9,Backofficepersonal,http://data.europa.eu/esco/occupation/b2e81332-0972-4e0f-9a4d-1d15c9c9513b,backofficepersonal,exact-match,high,https://taxonomy.api.jobtechdev.se/v1/taxonomy/graphql,30
rkXK_cb5_Ft9,Backofficepersonal,http://data.europa.eu/esco/occupation/fd0801c9-809a-4cfd-98ed-6c5860c163f2,investeringsassistent,narrow-match,low,https://taxonomy.api.jobtechdev.se/v1/taxonomy/graphql,30
rnBV_XXP_Uv2,Affärsjurist,http://data.europa.eu/esco/occupation/fdfce14e-992d-4ff4-9f9d-7a353c75654e,företagsjurist,exact-match,high,https://taxonomy.api.jobtechdev.se/v1/taxonomy/graphql,30
rncq_GAq_KMx,"Automationsingenjör, maskin",http://data.europa.eu/esco/occupation/bb609566-3ab6-44dd-8f48-cf0b15b96827,automationsingenjör,broad-match,low,https://taxonomy.api.jobtechdev.se/v1/taxonomy/graphql,30
roHu_JVn_w1y,Finansekonom,http://data.europa.eu/esco/occupation/8d586ee9-0ab1-4155-a3b0-2ca786c8e48c,finansanalytiker,broad-match,low,https://taxonomy.api.jobtechdev.se/v1/taxonomy/graphql,30
rssB_q7A_N5C,Juvelfattare,http://data.europa.eu/esco/occupation/6729aa5a-285f-4baf-a466-c2ccd2f2d96f,juvelfattare,exact-match,high,https://taxonomy.api.jobtechdev.se/v1/taxonomy/graphql,30
rssB_q7A_N5C,Juvelfattare,http://data.europa.eu/esco/occupation/7706342e-c07b-41d3-bc2e-e5c6e96f016f,"juvelfattare, smyckestillverkning",exact-match,high,https://taxonomy.api.jobtechdev.se/v1/taxonomy/graphql,30
rv19_K1B_Fuo,Målare,http://data.europa.eu/esco/occupation/15620506-fb5d-49cd-87a2-1c9047fb406a,målare,exact-match,high,https://taxonomy.api.jobtechdev.se/v1/taxonomy/graphql,30
rv19_K1B_Fuo,Målare,http://data.europa.eu/esco/occupation/a2abd144-2a36-45ea-919c-1fcc6ebc5d45,"målare, tapetuppsättare",exact-match,high,https://taxonomy.api.jobtechdev.se/v1/taxonomy/graphql,30
rv19_K1B_Fuo,Målare,http://data.europa.eu/esco/occupation/f0691bb2-c717-4215-a814-88a15b10ee4d,fartygsmålare,narrow-match,low,https://taxonomy.api.jobtechdev.se/v1/taxonomy/graphql,30
rvwg_tDR_q7X,Specialisttandläkare inom endodonti,http://data.europa.eu/esco/occupation/a580e79a-b752-49c1-b033-b5ab2b34bfba,specialisttandläkare,broad-match,low,https://taxonomy.api.jobtechdev.se/v1/taxonomy/graphql,30
rwrv_VQw_vPr,Barnsköterska,http://data.europa.eu/esco/occupation/d38c2107-98f2-47b7-8bb4-f69750d51082,"undersköterska, vård- och specialavdelning och mottagning",broad-match,low,https://taxonomy.api.jobtechdev.se/v1/taxonomy/graphql,30
rxZf_XT6_5xt,Chief Digital Officer/CDO,http://data.europa.eu/esco/occupation/719f101d-1866-49d3-8d5c-2256f606a8b9,chef för digital omvandling,narrow-match,low,https://taxonomy.api.jobtechdev.se/v1/taxonomy/graphql,30
rxZf_XT6_5xt,Chief Digital Officer/CDO,http://data.europa.eu/esco/occupation/82f90e87-de92-4678-adae-61d3e5f7e1e4,informationschef,broad-match,low,https://taxonomy.api.jobtechdev.se/v1/taxonomy/graphql,30
rxrQ_Nyy_k6y,Svetsare,http://data.europa.eu/esco/occupation/2ff73126-7aff-4233-9d9c-d8725e1c6822,rörsvetsare,exact-match,high,https://taxonomy.api.jobtechdev.se/v1/taxonomy/graphql,30
rxrQ_Nyy_k6y,Svetsare,http://data.europa.eu/esco/occupation/7aedaa07-3884-4c5b-88f9-80997b2aa54b,"svetsare, manuell",exact-match,high,https://taxonomy.api.jobtechdev.se/v1/taxonomy/graphql,30
rxrQ_Nyy_k6y,Svetsare,http://data.europa.eu/esco/occupation/c81af273-1112-4b3f-a2a5-b85b1290ae22,lasersvetsare,narrow-match,low,https://taxonomy.api.jobtechdev.se/v1/taxonomy/graphql,30
rxrQ_Nyy_k6y,Svetsare,http://data.europa.eu/esco/occupation/e9a65aca-64f6-450d-a637-1ecf86ba2a53,elektronstrålesvetsare,narrow-match,low,https://taxonomy.api.jobtechdev.se/v1/taxonomy/graphql,30
ryH6_MAv_QWb,Upphandlare,http://data.europa.eu/esco/occupation/cb4f98c8-6b8d-41d8-87eb-a2a2033a3a25,"specialist, offentlig upphandling",narrow-match,low,https://taxonomy.api.jobtechdev.se/v1/taxonomy/graphql,30
ryH6_MAv_QWb,Upphandlare,http://data.europa.eu/esco/occupation/d08b4700-758c-467d-ab77-d5a8029c4070,upphandlare inom offentlig verksamhet,narrow-match,low,https://taxonomy.api.jobtechdev.se/v1/taxonomy/graphql,30
ryWZ_9B8_KME,"Banarbetare, utan behörighetsbevis",http://data.europa.eu/esco/occupation/755c5c5f-2ee3-4487-94db-30ec2ba2e883,"drift- och underhållsingenjör, järnväg",exact-match,high,https://taxonomy.api.jobtechdev.se/v1/taxonomy/graphql,30
rynG_URT_erJ,Kaféföreståndare,http://data.europa.eu/esco/occupation/bdfb48e0-79dc-4b63-8470-db2e03b37326,butiksansvarig,close-match,low,https://taxonomy.api.jobtechdev.se/v1/taxonomy/graphql,30
rz2m_96d_vyF,Databasutvecklare,http://data.europa.eu/esco/occupation/3d190639-90f8-4402-b1b3-a104a17e0d67,databasintegrator,narrow-match,low,https://taxonomy.api.jobtechdev.se/v1/taxonomy/graphql,30
rz2m_96d_vyF,Databasutvecklare,http://data.europa.eu/esco/occupation/b11e1742-5e28-4270-b081-b0193d85ee7d,databasutvecklare,exact-match,high,https://taxonomy.api.jobtechdev.se/v1/taxonomy/graphql,30
rzVf_pA7_qGY,Expressarbetare/Flyttkarl/Stadsbud,http://data.europa.eu/esco/occupation/c84a055d-00fe-4789-a054-f4a62914ff6e,flyttkarl/stadsbud,exact-match,high,https://taxonomy.api.jobtechdev.se/v1/taxonomy/graphql,30
s1An_KJo_G5i,"Projektledare, reklam",http://data.europa.eu/esco/occupation/4791e217-d607-40d5-9f84-df1d0a071cbc,marknadsföringskonsult,close-match,low,https://taxonomy.api.jobtechdev.se/v1/taxonomy/graphql,30
s28Q_sya_S2b,HR-specialist/HR-advisor,http://data.europa.eu/esco/occupation/d3e32e5e-7f24-48e3-b939-e4f800eb62fb,personalhandläggare,exact-match,high,https://taxonomy.api.jobtechdev.se/v1/taxonomy/graphql,30
s4uc_rN5_Lje,Betonghåltagare,http://data.europa.eu/esco/occupation/a9068f84-cecd-4cbb-9acb-e20c714435ec,betongarbetare,broad-match,low,https://taxonomy.api.jobtechdev.se/v1/taxonomy/graphql,30
s649_4qV_ucB,Specialistveterinär,http://data.europa.eu/esco/occupation/08984bec-31d8-4bb0-aa2f-d557761ff029,specialiserad veterinär,exact-match,high,https://taxonomy.api.jobtechdev.se/v1/taxonomy/graphql,30
s8Ap_UHv_4Zy,Museichef/Museidirektör,http://data.europa.eu/esco/occupation/cc937d5f-4072-4fe7-bc23-2c9a465b8754,museichef,exact-match,high,https://taxonomy.api.jobtechdev.se/v1/taxonomy/graphql,30
s8L4_bRy_BqF,Roddare/Roadie,http://data.europa.eu/esco/occupation/19cb84ca-952e-4f33-b31a-c918db074a6e,takriggare,exact-match,high,https://taxonomy.api.jobtechdev.se/v1/taxonomy/graphql,30
s8L4_bRy_BqF,Roddare/Roadie,http://data.europa.eu/esco/occupation/6cfba9ca-f9a0-4a50-a8d3-064d88c928b1,roddare,exact-match,high,https://taxonomy.api.jobtechdev.se/v1/taxonomy/graphql,30
s8L4_bRy_BqF,Roddare/Roadie,http://data.europa.eu/esco/occupation/cadbf9af-1da0-406f-8282-b6d27a7e1a74,golvriggare,exact-match,high,https://taxonomy.api.jobtechdev.se/v1/taxonomy/graphql,30
sBhb_Rma_Cq5,Direktionssekreterare,http://data.europa.eu/esco/occupation/2a04a1df-a3b9-403e-a245-e7f93fdddd44,direktionssekreterare,exact-match,high,https://taxonomy.api.jobtechdev.se/v1/taxonomy/graphql,30
sD8d_oZJ_QNz,"Arbetsledare, måleri",http://data.europa.eu/esco/occupation/18fbb1f8-eceb-4bf4-8fc7-932b8f6130cd,"arbetsledare, tapetsering",narrow-match,low,https://taxonomy.api.jobtechdev.se/v1/taxonomy/graphql,30
sD8d_oZJ_QNz,"Arbetsledare, måleri",http://data.europa.eu/esco/occupation/6a67114c-60a3-4cec-af26-c7df6fe6e9b5,"arbetsledare, måleri",exact-match,high,https://taxonomy.api.jobtechdev.se/v1/taxonomy/graphql,30
sETD_6ca_PbW,Yrkeslärare,http://data.europa.eu/esco/occupation/20786e6d-36f0-4d1e-b033-05101fa71f3c,valideringsbedömare,close-match,low,https://taxonomy.api.jobtechdev.se/v1/taxonomy/graphql,30
sETD_6ca_PbW,Yrkeslärare,http://data.europa.eu/esco/occupation/81f8d141-3f67-4fb0-a349-db0147ef7b3a,yrkeslärare,exact-match,high,https://taxonomy.api.jobtechdev.se/v1/taxonomy/graphql,30
sEgy_V9K_1AF,"Undertaksmontör, utan yrkesbevis",http://data.europa.eu/esco/occupation/b4c6d1b0-929e-48be-9f67-47bd8c30658b,takmontör,exact-match,high,https://taxonomy.api.jobtechdev.se/v1/taxonomy/graphql,30
sFXn_bQg_36b,Smådjursuppfödare,http://data.europa.eu/esco/occupation/2b292d4d-1905-45ec-a7c0-1ca7b45a4162,hunduppfödare,narrow-match,low,https://taxonomy.api.jobtechdev.se/v1/taxonomy/graphql,30
sGNc_sUZ_7NR,Skogsbruksrådgivare,http://data.europa.eu/esco/occupation/fa32eb3f-5c9f-4668-8f85-5eefb3badab8,skogsrådgivare,exact-match,high,https://taxonomy.api.jobtechdev.se/v1/taxonomy/graphql,30
sSsf_D7Q_JyQ,Tågledare,http://data.europa.eu/esco/occupation/279c0ab1-212b-4e89-a41f-048f5de9dadf,"samordnare, järnvägslogistik",exact-match,high,https://taxonomy.api.jobtechdev.se/v1/taxonomy/graphql,30
sSsf_D7Q_JyQ,Tågledare,http://data.europa.eu/esco/occupation/f643bff3-74ef-48d1-b033-820e2d8659e9,"trafikledare, järnväg",exact-match,high,https://taxonomy.api.jobtechdev.se/v1/taxonomy/graphql,30
sUih_DqP_zQP,Testledare/QA lead,http://data.europa.eu/esco/occupation/106f79e4-6264-45f1-9e7a-297435cd684b,programvarutestare,broad-match,low,https://taxonomy.api.jobtechdev.se/v1/taxonomy/graphql,30
sUih_DqP_zQP,Testledare/QA lead,http://data.europa.eu/esco/occupation/a28dff76-74df-46ee-929f-d1fffbb63cd7,ansvarig för IKT-kvalitetssäkring,close-match,low,https://taxonomy.api.jobtechdev.se/v1/taxonomy/graphql,30
sWCA_x5V_dzC,Grovplåtslagare,http://data.europa.eu/esco/occupation/0a7e24a8-19bd-4b45-83f0-f05d8fedf62d,grovplåtnitare,narrow-match,low,https://taxonomy.api.jobtechdev.se/v1/taxonomy/graphql,30
sWCA_x5V_dzC,Grovplåtslagare,http://data.europa.eu/esco/occupation/5ed024ab-3b6a-4e06-a7fe-8a29f8469a64,industriplåtslagare,close-match,low,https://taxonomy.api.jobtechdev.se/v1/taxonomy/graphql,30
sWCA_x5V_dzC,Grovplåtslagare,http://data.europa.eu/esco/occupation/691ec040-f5ad-47ef-8698-03212d66dbbf,stålbyggare,close-match,low,https://taxonomy.api.jobtechdev.se/v1/taxonomy/graphql,30
scLn_msY_o7P,Kapellmästare,http://data.europa.eu/esco/occupation/13d8b1be-d711-4bbc-a45e-cad605162f41,musikalisk ledare,close-match,low,https://taxonomy.api.jobtechdev.se/v1/taxonomy/graphql,30
sd5t_Er5_hcd,Chefredaktör,http://data.europa.eu/esco/occupation/aab8009a-5759-4f52-8865-6cc657b1f099,"samordnare, publiceringsverksamhet",narrow-match,low,https://taxonomy.api.jobtechdev.se/v1/taxonomy/graphql,30
sd5t_Er5_hcd,Chefredaktör,http://data.europa.eu/esco/occupation/cbdb80db-c760-4b68-b074-88c397650ef5,chefredaktör,exact-match,high,https://taxonomy.api.jobtechdev.se/v1/taxonomy/graphql,30
sg43_xFy_yKt,Pilot trafikflyg,http://data.europa.eu/esco/occupation/522c55ca-ee4a-407d-9fc6-f810c5266523,trafikflygare med ATPL-certifikat,exact-match,high,https://taxonomy.api.jobtechdev.se/v1/taxonomy/graphql,30
sg43_xFy_yKt,Pilot trafikflyg,http://data.europa.eu/esco/occupation/523ab5a0-5e72-418d-9d61-a6126a446123,trafikflygare,exact-match,high,https://taxonomy.api.jobtechdev.se/v1/taxonomy/graphql,30
sg43_xFy_yKt,Pilot trafikflyg,http://data.europa.eu/esco/occupation/807a1ac3-4f56-41f3-a68c-d653d558eb0a,flygstyrman,narrow-match,low,https://taxonomy.api.jobtechdev.se/v1/taxonomy/graphql,30
sg43_xFy_yKt,Pilot trafikflyg,http://data.europa.eu/esco/occupation/8a42240b-2b5c-4f6f-8787-f0547fbc46c5,privatpilot,exact-match,high,https://taxonomy.api.jobtechdev.se/v1/taxonomy/graphql,30
sg43_xFy_yKt,Pilot trafikflyg,http://data.europa.eu/esco/occupation/9a4ba556-e72b-49c2-834c-d6a03a2fc906,pilot,exact-match,high,https://taxonomy.api.jobtechdev.se/v1/taxonomy/graphql,30
sghA_68W_sYw,Laboratoriebiträde,http://data.europa.eu/esco/occupation/0044c991-c26f-4261-a213-4bd1c0564a4c,laboratorieassistent,broad-match,low,https://taxonomy.api.jobtechdev.se/v1/taxonomy/graphql,30
sghA_68W_sYw,Laboratoriebiträde,http://data.europa.eu/esco/occupation/5ee264b2-9bc5-40f6-9db3-c87143af6b2d,blodprovtagare,narrow-match,low,https://taxonomy.api.jobtechdev.se/v1/taxonomy/graphql,30
sghA_68W_sYw,Laboratoriebiträde,http://data.europa.eu/esco/occupation/c56bb750-db0b-487b-89f4-82dee6dcab09,covidprovtagare,narrow-match,low,https://taxonomy.api.jobtechdev.se/v1/taxonomy/graphql,30
sgib_x6a_wnW,Brandman,http://data.europa.eu/esco/occupation/1bb2aa65-1524-4961-8dba-ad25f34f195f,"brandman, förare",exact-match,high,https://taxonomy.api.jobtechdev.se/v1/taxonomy/graphql,30
sgib_x6a_wnW,Brandman,http://data.europa.eu/esco/occupation/1cd93859-d796-4559-90c4-4b4597cd6e54,industribrandman,narrow-match,low,https://taxonomy.api.jobtechdev.se/v1/taxonomy/graphql,30
sgib_x6a_wnW,Brandman,http://data.europa.eu/esco/occupation/88721b6c-d2ce-41c6-8878-73c0d3aacf39,brandman,exact-match,high,https://taxonomy.api.jobtechdev.se/v1/taxonomy/graphql,30
sgib_x6a_wnW,Brandman,http://data.europa.eu/esco/occupation/9c3cdf9a-f62f-4d73-bb8d-4cfc85c2d271,"brandman, MIRG-styrka",narrow-match,low,https://taxonomy.api.jobtechdev.se/v1/taxonomy/graphql,30
sgib_x6a_wnW,Brandman,http://data.europa.eu/esco/occupation/bcc199fe-f7df-42a5-bd45-e33ae6160f26,räddningsdykare,narrow-match,low,https://taxonomy.api.jobtechdev.se/v1/taxonomy/graphql,30
sgib_x6a_wnW,Brandman,http://data.europa.eu/esco/occupation/d4ccb6d4-ea97-47e5-a319-b72cffbf0631,"räddningsansvarig, gruva",narrow-match,low,https://taxonomy.api.jobtechdev.se/v1/taxonomy/graphql,30
snWH_Lp8_JfA,Återvinningsarbetare på ÅVC,http://data.europa.eu/esco/occupation/1b48fbd2-688f-4ba9-b430-86b2ae273724,"drifttekniker, hantering av flytande avfall",close-match,low,https://taxonomy.api.jobtechdev.se/v1/taxonomy/graphql,30
snWH_Lp8_JfA,Återvinningsarbetare på ÅVC,http://data.europa.eu/esco/occupation/fd6a1c18-b0ff-419f-a36a-e05957452d55,"drifttekniker, hantering av fast avfall",broad-match,low,https://taxonomy.api.jobtechdev.se/v1/taxonomy/graphql,30
snWH_Lp8_JfA,Återvinningsarbetare på ÅVC,http://data.europa.eu/esco/occupation/ff8d4065-db44-47c7-a4bd-51b3c306ef70,deponiarbetare,exact-match,high,https://taxonomy.api.jobtechdev.se/v1/taxonomy/graphql,30
soBq_ia8_xcx,Administratör,http://data.europa.eu/esco/occupation/0a3c2d5b-e1f9-4200-9288-62bf3fed3310,medlemsadministratör,narrow-match,low,https://taxonomy.api.jobtechdev.se/v1/taxonomy/graphql,30
soBq_ia8_xcx,Administratör,http://data.europa.eu/esco/occupation/22f86890-f68b-402f-a711-3e6df4913271,maskinskrivare,narrow-match,low,https://taxonomy.api.jobtechdev.se/v1/taxonomy/graphql,30
soBq_ia8_xcx,Administratör,http://data.europa.eu/esco/occupation/5ac377d2-e1d0-4911-a299-b4ef2782a0ba,sekreterare,exact-match,high,https://taxonomy.api.jobtechdev.se/v1/taxonomy/graphql,30
soBq_ia8_xcx,Administratör,http://data.europa.eu/esco/occupation/5ccb2c34-e860-43a5-9869-342487518115,projektsamordnare,narrow-match,low,https://taxonomy.api.jobtechdev.se/v1/taxonomy/graphql,30
soBq_ia8_xcx,Administratör,http://data.europa.eu/esco/occupation/6353b3e8-e8f2-4ecb-b230-186927139892,registreringspersonal,narrow-match,low,https://taxonomy.api.jobtechdev.se/v1/taxonomy/graphql,30
soBq_ia8_xcx,Administratör,http://data.europa.eu/esco/occupation/6c999fc7-c6b7-4ef3-a4b9-af124a1783a2,kontorsassistent,exact-match,high,https://taxonomy.api.jobtechdev.se/v1/taxonomy/graphql,30
soBq_ia8_xcx,Administratör,http://data.europa.eu/esco/occupation/9581c837-fee7-4068-9618-1116fd93d723,ingenjörsassistent,narrow-match,low,https://taxonomy.api.jobtechdev.se/v1/taxonomy/graphql,30
soBq_ia8_xcx,Administratör,http://data.europa.eu/esco/occupation/c8505fa5-0a33-4143-bd87-f24f569e8813,"administrativ assistent, översättningar",narrow-match,low,https://taxonomy.api.jobtechdev.se/v1/taxonomy/graphql,30
soBq_ia8_xcx,Administratör,http://data.europa.eu/esco/occupation/ffade2f4-2528-4dfd-b36a-6e4092be08ed,"administratör, offentlig förvaltning",narrow-match,low,https://taxonomy.api.jobtechdev.se/v1/taxonomy/graphql,30
soMb_U4k_fzo,Produktionsteknisk samordnare/PTS,http://data.europa.eu/esco/occupation/00030d09-2b3a-4efd-87cc-c4ea39d27c34,teknisk ledare,exact-match,high,https://taxonomy.api.jobtechdev.se/v1/taxonomy/graphql,30
sppM_JCw_UR1,Pressoperatör metallbearbetning,http://data.europa.eu/esco/occupation/fd2dd3e9-498f-490f-8589-8c1eea05aa3f,"excenterpressare, metallarbete",exact-match,high,https://taxonomy.api.jobtechdev.se/v1/taxonomy/graphql,30
sqJi_voF_eaR,Storhushållsföreståndare,http://data.europa.eu/esco/occupation/1009be17-7efd-45f1-a033-566bf179c588,kock,broad-match,low,https://taxonomy.api.jobtechdev.se/v1/taxonomy/graphql,30
sqmS_51c_1ra,Banområdeschef,http://data.europa.eu/esco/occupation/98ad0008-13d9-4e9b-94bf-4f4a5faae764,"driftschef, järnvägstransport",broad-match,low,https://taxonomy.api.jobtechdev.se/v1/taxonomy/graphql,30
srEz_jK8_dQ5,Receptionist,http://data.europa.eu/esco/occupation/d3fd0898-51f7-42a3-8f44-09408fc796f6,skönhetsvårdsassistent,narrow-match,low,https://taxonomy.api.jobtechdev.se/v1/taxonomy/graphql,30
srEz_jK8_dQ5,Receptionist,http://data.europa.eu/esco/occupation/f7b04542-d8c7-42db-8475-e63b507cce82,receptionist,exact-match,high,https://taxonomy.api.jobtechdev.se/v1/taxonomy/graphql,30
srEz_jK8_dQ5,Receptionist,http://data.europa.eu/esco/occupation/f7b04542-d8c7-42db-8475-e63b507cce82,receptionist,broad-match,low,https://taxonomy.api.jobtechdev.se/v1/taxonomy/graphql,30
ssMq_a6Q_Sd4,Informationssekreterare,http://data.europa.eu/esco/occupation/b55718eb-e8ff-4485-8ad0-bbac32cbd77b,mediaplanerare,broad-match,low,https://taxonomy.api.jobtechdev.se/v1/taxonomy/graphql,30
stqC_TBL_ZMu,Avdelningschef tillverkning,http://data.europa.eu/esco/occupation/02f26b2f-879c-4811-8381-65e8dd3f4a16,"kvalitetschef, skor",narrow-match,low,https://taxonomy.api.jobtechdev.se/v1/taxonomy/graphql,30
stqC_TBL_ZMu,Avdelningschef tillverkning,http://data.europa.eu/esco/occupation/1f8967ce-9faa-4d56-a656-50e041f7d07e,"kvalitetschef, lädervaror",narrow-match,low,https://taxonomy.api.jobtechdev.se/v1/taxonomy/graphql,30
stqC_TBL_ZMu,Avdelningschef tillverkning,http://data.europa.eu/esco/occupation/652b847f-837a-4a08-bd5e-36397fe56455,"kvalitetschef, textil",narrow-match,low,https://taxonomy.api.jobtechdev.se/v1/taxonomy/graphql,30
stqC_TBL_ZMu,Avdelningschef tillverkning,http://data.europa.eu/esco/occupation/fdb16700-109e-4d02-949e-3213f278df93,"kvalitetschef, industri",narrow-match,low,https://taxonomy.api.jobtechdev.se/v1/taxonomy/graphql,30
suGr_ne2_iCz,Snöläggare,http://data.europa.eu/esco/occupation/e31c83ac-cb74-4936-88f1-90ed0997b29b,nöjes- och rekreationsvärd,broad-match,low,https://taxonomy.api.jobtechdev.se/v1/taxonomy/graphql,30
swZK_y6d_5Wb,Drifttekniker reningsverk VA,http://data.europa.eu/esco/occupation/d43e9693-7087-412c-b54c-e9068012630a,"drifttekniker, reningsverk",exact-match,high,https://taxonomy.api.jobtechdev.se/v1/taxonomy/graphql,30
swZK_y6d_5Wb,Drifttekniker reningsverk VA,http://data.europa.eu/esco/occupation/d99e2022-cbe1-4aaa-8f9d-7db129d61f0c,"underhållstekniker, reningsverk",narrow-match,low,https://taxonomy.api.jobtechdev.se/v1/taxonomy/graphql,30
sxew_RLg_hyK,"Befälhavare, fartyg",http://data.europa.eu/esco/occupation/17e39591-7137-4960-94c8-8169f7a5d67b,vakthavande befäl,narrow-match,low,https://taxonomy.api.jobtechdev.se/v1/taxonomy/graphql,30
sxew_RLg_hyK,"Befälhavare, fartyg",http://data.europa.eu/esco/occupation/ee646fa1-3f09-4e43-9275-3aa958ca00ae,skeppare,close-match,low,https://taxonomy.api.jobtechdev.se/v1/taxonomy/graphql,30
sxew_RLg_hyK,"Befälhavare, fartyg",http://data.europa.eu/esco/occupation/f2a416b8-c7e4-49ee-964d-a49f6af79b84,befälhavare,exact-match,high,https://taxonomy.api.jobtechdev.se/v1/taxonomy/graphql,30
syYF_66W_KyY,"Forskare, ekonomi",http://data.europa.eu/esco/occupation/12ff7f9c-c5b5-4d4a-b585-c350dd1400eb,"forskare, företagsekonomi",narrow-match,low,https://taxonomy.api.jobtechdev.se/v1/taxonomy/graphql,30
szfD_hPZ_y7M,Skolsköterska,http://data.europa.eu/esco/occupation/18e14e61-495b-44cc-a7c6-df4c625934ba,specialistsjuksköterska,broad-match,low,https://taxonomy.api.jobtechdev.se/v1/taxonomy/graphql,30
t3dE_Qph_Bvd,Centrumledare,http://data.europa.eu/esco/occupation/7dec82e0-3bfc-4c48-812d-c2095bfe05bb,varuhuschef,close-match,low,https://taxonomy.api.jobtechdev.se/v1/taxonomy/graphql,30
t3k2_je2_TES,"Lärling, stenmontör",http://data.europa.eu/esco/occupation/02447817-ea01-4d8b-b09c-8bc128e447e6,plattsättare,close-match,low,https://taxonomy.api.jobtechdev.se/v1/taxonomy/graphql,30
t3qY_aWP_PJB,Stomiterapeut,http://data.europa.eu/esco/occupation/18e14e61-495b-44cc-a7c6-df4c625934ba,specialistsjuksköterska,broad-match,low,https://taxonomy.api.jobtechdev.se/v1/taxonomy/graphql,30
t4YB_gM1_yzn,Däckmontör,http://data.europa.eu/esco/occupation/73d3bee2-7c5e-4de2-8dd9-67241615dfd3,"montör, gummiprodukter",broad-match,low,https://taxonomy.api.jobtechdev.se/v1/taxonomy/graphql,30
t4YB_gM1_yzn,Däckmontör,http://data.europa.eu/esco/occupation/98c429ad-128e-467e-803a-9a6dc1ceed72,däckmontör,exact-match,high,https://taxonomy.api.jobtechdev.se/v1/taxonomy/graphql,30
t5Aa_WvJ_Rfi,Jordbruksrådgivare/Jordbrukskonsulent,http://data.europa.eu/esco/occupation/4d5bd738-9202-4fd7-bd8c-7dbe914048de,jordbruksingenjör,close-match,low,https://taxonomy.api.jobtechdev.se/v1/taxonomy/graphql,30
t5Aa_WvJ_Rfi,Jordbruksrådgivare/Jordbrukskonsulent,http://data.europa.eu/esco/occupation/c40ef517-d4ab-4932-b184-9c2ea5b24fe2,agronom,broad-match,low,https://taxonomy.api.jobtechdev.se/v1/taxonomy/graphql,30
t7Uq_w4o_DA1,Gravör,http://data.europa.eu/esco/occupation/3a55bf97-a0d2-47a0-a8b3-b248d32c7969,glasgravör,narrow-match,low,https://taxonomy.api.jobtechdev.se/v1/taxonomy/graphql,30
t7Uq_w4o_DA1,Gravör,http://data.europa.eu/esco/occupation/8b2d562c-8407-49cd-9843-636c352b8c82,"gravör, metall",narrow-match,low,https://taxonomy.api.jobtechdev.se/v1/taxonomy/graphql,30
t7wJ_6wi_kFx,Mediepedagog,http://data.europa.eu/esco/occupation/9e657046-67ce-4e16-ab2e-ddb918638910,IKT-utbildare,close-match,low,https://taxonomy.api.jobtechdev.se/v1/taxonomy/graphql,30
t8eC_vg7_Uyg,Sociolog,http://data.europa.eu/esco/occupation/11df8941-508c-4103-ad40-52cdf9430a59,sociolog,exact-match,high,https://taxonomy.api.jobtechdev.se/v1/taxonomy/graphql,30
t9fU_xxM_D8N,Auktionist,http://data.europa.eu/esco/occupation/f1ecc3c4-8212-4386-871a-6fda1b5b4d91,auktionist,exact-match,high,https://taxonomy.api.jobtechdev.se/v1/taxonomy/graphql,30
tArV_EVU_cFQ,Golfbanearbetare,http://data.europa.eu/esco/occupation/a48b9a5a-5ded-482d-8cda-7fd097a32c16,vaktmästare,broad-match,low,https://taxonomy.api.jobtechdev.se/v1/taxonomy/graphql,30
tDS5_hG2_ML5,Verktygsmakare,http://data.europa.eu/esco/occupation/d1974e0c-8f92-473b-a32d-f0616c08b1ff,"prototyptillverkare, metall",narrow-match,low,https://taxonomy.api.jobtechdev.se/v1/taxonomy/graphql,30
tDS5_hG2_ML5,Verktygsmakare,http://data.europa.eu/esco/occupation/ecac98ea-9fc3-4475-9b23-8af94f41603d,verktygsmakare,exact-match,high,https://taxonomy.api.jobtechdev.se/v1/taxonomy/graphql,30
tEN3_X1p_T24,Diskjockey,http://data.europa.eu/esco/occupation/1d4a4baf-4073-43bd-ac72-ff7d443273ff,diskjockey,exact-match,high,https://taxonomy.api.jobtechdev.se/v1/taxonomy/graphql,30
tF8h_J5J_3Bq,"Kontorschef, utbildningsföretag",http://data.europa.eu/esco/occupation/94e0bedd-e56e-42be-a5a4-b74a260f437c,avdelningschef,broad-match,low,https://taxonomy.api.jobtechdev.se/v1/taxonomy/graphql,30
tFfE_tZV_9u5,SIUS-konsulent,http://data.europa.eu/esco/occupation/42a96d07-1e1d-49ae-9399-c1f4be27ddea,arbetsförmedlare,broad-match,low,https://taxonomy.api.jobtechdev.se/v1/taxonomy/graphql,30
tHsR_3HM_Ab5,Regissör,http://data.europa.eu/esco/occupation/8a451ae2-3c31-4f35-90af-6275b1b02f93,regissör,exact-match,high,https://taxonomy.api.jobtechdev.se/v1/taxonomy/graphql,30
tJQK_eGb_V9R,Drifttekniker IT,http://data.europa.eu/esco/occupation/3e7bf729-4442-4b9f-ad5e-83111963795c,it-tekniker,exact-match,high,https://taxonomy.api.jobtechdev.se/v1/taxonomy/graphql,30
tJQK_eGb_V9R,Drifttekniker IT,http://data.europa.eu/esco/occupation/9729c0f3-c9bc-482e-ac59-a82ec3b67ba3,datacentralsoperatör,narrow-match,low,https://taxonomy.api.jobtechdev.se/v1/taxonomy/graphql,30
tKCe_Qpx_Thx,Arbetsmiljöingenjör,http://data.europa.eu/esco/occupation/789517fb-95ee-43d1-9530-c2860be1a439,arbetsmiljöingenjör,exact-match,high,https://taxonomy.api.jobtechdev.se/v1/taxonomy/graphql,30
tMTe_gUs_92Z,Makroanalytiker,http://data.europa.eu/esco/occupation/9e1e8379-6377-4969-b141-0d2337218fc9,"samordnare, ekonomisk utveckling",narrow-match,low,https://taxonomy.api.jobtechdev.se/v1/taxonomy/graphql,30
tNTT_WRa_6M6,Tidningsdistributör,http://data.europa.eu/esco/occupation/5ff100c2-00cd-4c64-82ae-8feab6712557,reklamdistributör,close-match,low,https://taxonomy.api.jobtechdev.se/v1/taxonomy/graphql,30
tP7E_3Ly_Cng,"Repetitör, musik",http://data.europa.eu/esco/occupation/d23fbcdc-d5e9-4724-a83f-99a0cfa8adb0,repetitör,exact-match,high,https://taxonomy.api.jobtechdev.se/v1/taxonomy/graphql,30
tPPY_hAq_9Cb,"Avdelningschef, region",http://data.europa.eu/esco/occupation/94e0bedd-e56e-42be-a5a4-b74a260f437c,avdelningschef,broad-match,low,https://taxonomy.api.jobtechdev.se/v1/taxonomy/graphql,30
tPmR_aUG_qhr,Vitvarumontör/Hemelektronikinstallatör,http://data.europa.eu/esco/occupation/c84a055d-00fe-4789-a054-f4a62914ff6e,flyttkarl/stadsbud,close-match,low,https://taxonomy.api.jobtechdev.se/v1/taxonomy/graphql,30
tPp6_tmB_EsY,Uthyrningschef,http://data.europa.eu/esco/occupation/de31a27f-c6ba-4d4f-87cd-b405e1852121,uthyrningschef,exact-match,high,https://taxonomy.api.jobtechdev.se/v1/taxonomy/graphql,30
tQFo_jhD_UXT,Advokat,http://data.europa.eu/esco/occupation/403be630-8d1e-43b7-9f07-098aca5bb689,medlare,narrow-match,low,https://taxonomy.api.jobtechdev.se/v1/taxonomy/graphql,30
tQFo_jhD_UXT,Advokat,http://data.europa.eu/esco/occupation/974d4eab-fbee-4c52-b16e-73bdd8c25b53,advokat,exact-match,high,https://taxonomy.api.jobtechdev.se/v1/taxonomy/graphql,30
tQue_1d4_APA,Ekolog,http://data.europa.eu/esco/occupation/89b87aa2-4008-4cc7-96f8-e2b5ffe59f28,ekolog,exact-match,high,https://taxonomy.api.jobtechdev.se/v1/taxonomy/graphql,30
tQue_1d4_APA,Ekolog,http://data.europa.eu/esco/occupation/fab474ea-a4a9-4c11-9548-1d50ad594a34,naturresursrådgivare,exact-match,high,https://taxonomy.api.jobtechdev.se/v1/taxonomy/graphql,30
tRo2_KzC_RFT,Fastighetsekonom,http://data.europa.eu/esco/occupation/50760da6-abc3-424c-b159-8ddf0818e016,"värderingsman, företag",close-match,low,https://taxonomy.api.jobtechdev.se/v1/taxonomy/graphql,30
tRo2_KzC_RFT,Fastighetsekonom,http://data.europa.eu/esco/occupation/eda0d957-3c3c-4139-b89a-a18bc9e18897,revisor,close-match,low,https://taxonomy.api.jobtechdev.se/v1/taxonomy/graphql,30
tT85_Pdp_4Uq,Boendestödjare,http://data.europa.eu/esco/occupation/4d7d2628-1405-4ff2-b5b5-bd0d57ed9bbd,"vårdbiträde, barn med funktionsnedsättning",exact-match,high,https://taxonomy.api.jobtechdev.se/v1/taxonomy/graphql,30
tT85_Pdp_4Uq,Boendestödjare,http://data.europa.eu/esco/occupation/6667bf29-a3e3-4513-a71b-82c67206045b,"vårdare, ungdomsboende",exact-match,high,https://taxonomy.api.jobtechdev.se/v1/taxonomy/graphql,30
tT85_Pdp_4Uq,Boendestödjare,http://data.europa.eu/esco/occupation/78f474ae-c154-4206-ad0f-d8a00e9c541e,"vårdare, vuxna med funktionsnedsättning",exact-match,high,https://taxonomy.api.jobtechdev.se/v1/taxonomy/graphql,30
tTFL_Lr5_4E1,VD-assistent,http://data.europa.eu/esco/occupation/8cce40c1-4479-47e7-b5fc-c976631d919f,chefssekreterare,exact-match,high,https://taxonomy.api.jobtechdev.se/v1/taxonomy/graphql,30
tULR_RMF_oHJ,Servicetekniker hyrmaskiner,http://data.europa.eu/esco/occupation/0ec62c2e-30c9-434e-bf36-5277a0840450,motorfordonsreparatör,close-match,low,https://taxonomy.api.jobtechdev.se/v1/taxonomy/graphql,30
tYNQ_WZ6_8ic,Grönsaksodlare,http://data.europa.eu/esco/occupation/1c1e86f9-6347-42d6-aa6e-c95b138bf640,"lantbrukare, blandad drift",broad-match,low,https://taxonomy.api.jobtechdev.se/v1/taxonomy/graphql,30
tbMx_bRW_QSM,Speditör,http://data.europa.eu/esco/occupation/31f49d76-b2e4-4313-aeba-90650258dda9,"importspeditör, trä och byggvaror",narrow-match,low,https://taxonomy.api.jobtechdev.se/v1/taxonomy/graphql,30
tbMx_bRW_QSM,Speditör,http://data.europa.eu/esco/occupation/322635c9-3d93-4280-a359-0b693df21e93,"importspeditör, jordbruksråvaror, utsäde och djurfoder",narrow-match,low,https://taxonomy.api.jobtechdev.se/v1/taxonomy/graphql,30
tbMx_bRW_QSM,Speditör,http://data.europa.eu/esco/occupation/33cd8ff4-62f2-4a3f-b053-6e009ecef6da,"importspeditör, kött och köttvaror",narrow-match,low,https://taxonomy.api.jobtechdev.se/v1/taxonomy/graphql,30
tbMx_bRW_QSM,Speditör,http://data.europa.eu/esco/occupation/39803100-c338-4f01-ad2c-085d488920ca,speditör,exact-match,high,https://taxonomy.api.jobtechdev.se/v1/taxonomy/graphql,30
tbMx_bRW_QSM,Speditör,http://data.europa.eu/esco/occupation/39b4e367-94b5-49fe-bcd7-4b116865ca59,"importspeditör, frukt och grönsaker",narrow-match,low,https://taxonomy.api.jobtechdev.se/v1/taxonomy/graphql,30
tbMx_bRW_QSM,Speditör,http://data.europa.eu/esco/occupation/3ae7c42b-7929-402f-bcbc-882b8679abf4,"importspeditör, järnhandelsvaror och VVS-armatur",narrow-match,low,https://taxonomy.api.jobtechdev.se/v1/taxonomy/graphql,30
tbMx_bRW_QSM,Speditör,http://data.europa.eu/esco/occupation/3d2637f9-e56a-4769-b3a9-e413f95c20db,"importspeditör, drycker",narrow-match,low,https://taxonomy.api.jobtechdev.se/v1/taxonomy/graphql,30
tbMx_bRW_QSM,Speditör,http://data.europa.eu/esco/occupation/3f2e63fb-dc50-4370-9f6a-85ddc338dcde,"importspeditör, blommor och växter",narrow-match,low,https://taxonomy.api.jobtechdev.se/v1/taxonomy/graphql,30
tbMx_bRW_QSM,Speditör,http://data.europa.eu/esco/occupation/61b859ed-24d8-48cf-9c1b-67d7a6c62bb5,importspeditör,narrow-match,low,https://taxonomy.api.jobtechdev.se/v1/taxonomy/graphql,30
tbMx_bRW_QSM,Speditör,http://data.europa.eu/esco/occupation/621b7aa1-b678-49ee-8caa-91b496f8bc5b,"importspeditör, kontorsmöbler",narrow-match,low,https://taxonomy.api.jobtechdev.se/v1/taxonomy/graphql,30
tbMx_bRW_QSM,Speditör,http://data.europa.eu/esco/occupation/64421dde-df97-4c42-a25a-b3bc55b39ad6,"importspeditör, hushållsartiklar",narrow-match,low,https://taxonomy.api.jobtechdev.se/v1/taxonomy/graphql,30
tbMx_bRW_QSM,Speditör,http://data.europa.eu/esco/occupation/72d4b5a3-5458-41e5-8b4e-cb4fb3fd0fbc,"importspeditör, socker, choklad och sockerkonfektyrer",narrow-match,low,https://taxonomy.api.jobtechdev.se/v1/taxonomy/graphql,30
tbMx_bRW_QSM,Speditör,http://data.europa.eu/esco/occupation/8099a96a-753b-49fc-a36a-d70b8aa9fdcf,"importspeditör, levande djur",narrow-match,low,https://taxonomy.api.jobtechdev.se/v1/taxonomy/graphql,30
tbMx_bRW_QSM,Speditör,http://data.europa.eu/esco/occupation/83b30677-6468-4a04-b20c-15daf6bc8fb5,"importspeditör, datorer och kringutrustning samt mjukvara",narrow-match,low,https://taxonomy.api.jobtechdev.se/v1/taxonomy/graphql,30
tbMx_bRW_QSM,Speditör,http://data.europa.eu/esco/occupation/891af43e-0946-4fa9-8115-a2b9be849cb0,"importspeditör, ur, guldsmedsvaror och smycken",narrow-match,low,https://taxonomy.api.jobtechdev.se/v1/taxonomy/graphql,30
tbMx_bRW_QSM,Speditör,http://data.europa.eu/esco/occupation/916d989e-0c5b-4c35-8d43-62ba65bebd30,"importspeditör, jordbruksmaskiner och utrustning",narrow-match,low,https://taxonomy.api.jobtechdev.se/v1/taxonomy/graphql,30
tbMx_bRW_QSM,Speditör,http://data.europa.eu/esco/occupation/98588703-5f5c-41c6-a240-3411b6518b83,"importspeditör, farmaceutiska produkter",narrow-match,low,https://taxonomy.api.jobtechdev.se/v1/taxonomy/graphql,30
tbMx_bRW_QSM,Speditör,http://data.europa.eu/esco/occupation/99d97310-29ea-443e-96a1-892c8d86ce54,"importspeditör, möbler, mattor och belysningsartiklar",narrow-match,low,https://taxonomy.api.jobtechdev.se/v1/taxonomy/graphql,30
tbMx_bRW_QSM,Speditör,http://data.europa.eu/esco/occupation/aa8fdeff-ab03-4b99-bdba-2f7a1a5c8946,"importspeditör, kläder och skor",narrow-match,low,https://taxonomy.api.jobtechdev.se/v1/taxonomy/graphql,30
tbMx_bRW_QSM,Speditör,http://data.europa.eu/esco/occupation/b53209fa-ba54-4a7a-b71c-bcc8014053ec,"importspeditör, maskiner, industriell utrustning, fartyg och luftfartyg",narrow-match,low,https://taxonomy.api.jobtechdev.se/v1/taxonomy/graphql,30
tbMx_bRW_QSM,Speditör,http://data.europa.eu/esco/occupation/b789dae6-6c77-4f46-9253-098c424c92f2,"importspeditör, fisk, skaldjur och blötdjur",narrow-match,low,https://taxonomy.api.jobtechdev.se/v1/taxonomy/graphql,30
tbMx_bRW_QSM,Speditör,http://data.europa.eu/esco/occupation/ba1e5427-46e0-4b6c-b196-5312d136dd3b,"importspeditör, gruv-, bygg- och anläggningsmaskiner",narrow-match,low,https://taxonomy.api.jobtechdev.se/v1/taxonomy/graphql,30
tbMx_bRW_QSM,Speditör,http://data.europa.eu/esco/occupation/c143d51a-5267-41a8-a73b-9022cf74c495,"importspeditör, kontorsmaskiner och kontorsutrustning",narrow-match,low,https://taxonomy.api.jobtechdev.se/v1/taxonomy/graphql,30
tbMx_bRW_QSM,Speditör,http://data.europa.eu/esco/occupation/d3ac4c05-79e2-42da-b8c6-e55765aee381,"importspeditör, avfall och skrot",narrow-match,low,https://taxonomy.api.jobtechdev.se/v1/taxonomy/graphql,30
tbMx_bRW_QSM,Speditör,http://data.europa.eu/esco/occupation/d694b54f-208a-4154-9fe1-d3d335992467,"importspeditör, elektronik och telekommunikationsutrustning",narrow-match,low,https://taxonomy.api.jobtechdev.se/v1/taxonomy/graphql,30
tbMx_bRW_QSM,Speditör,http://data.europa.eu/esco/occupation/d907b046-682b-45fa-bdd0-d2ed7a382670,"importspeditör, tobaksvaror",narrow-match,low,https://taxonomy.api.jobtechdev.se/v1/taxonomy/graphql,30
tbMx_bRW_QSM,Speditör,http://data.europa.eu/esco/occupation/dc6c0b28-adf7-4558-a987-2ef1506ef2d1,"importspeditör, glas och porslin",narrow-match,low,https://taxonomy.api.jobtechdev.se/v1/taxonomy/graphql,30
tbMx_bRW_QSM,Speditör,http://data.europa.eu/esco/occupation/ddac39cf-5d8b-416a-b24b-9ce3a8a4a668,"importspeditör, parfymer och kosmetika",narrow-match,low,https://taxonomy.api.jobtechdev.se/v1/taxonomy/graphql,30
tbMx_bRW_QSM,Speditör,http://data.europa.eu/esco/occupation/e1fdd92c-46bd-45a0-8672-7f500c950cb0,"importspeditör, textilier, textilhalvfabrikat och textilråvaror",narrow-match,low,https://taxonomy.api.jobtechdev.se/v1/taxonomy/graphql,30
tbMx_bRW_QSM,Speditör,http://data.europa.eu/esco/occupation/e7117cdc-ee3d-45b0-9680-6b3a60c7c9b3,"importspeditör, metaller och metallmalmer",narrow-match,low,https://taxonomy.api.jobtechdev.se/v1/taxonomy/graphql,30
tbMx_bRW_QSM,Speditör,http://data.europa.eu/esco/occupation/e763dfa6-924d-493b-892a-6435e0cffe70,"importspeditör, elektriska hushållsapparater",narrow-match,low,https://taxonomy.api.jobtechdev.se/v1/taxonomy/graphql,30
tbMx_bRW_QSM,Speditör,http://data.europa.eu/esco/occupation/e95ea9ec-3ac6-4a2d-a3cc-f9e8829cf15e,"importspeditör, kemiska produkter",narrow-match,low,https://taxonomy.api.jobtechdev.se/v1/taxonomy/graphql,30
tbMx_bRW_QSM,Speditör,http://data.europa.eu/esco/occupation/ef937393-3382-438d-b570-399d44b5a41c,"importspeditör, verktygsmaskiner",narrow-match,low,https://taxonomy.api.jobtechdev.se/v1/taxonomy/graphql,30
tbMx_bRW_QSM,Speditör,http://data.europa.eu/esco/occupation/f34cad67-3cd9-4d31-8dde-e439ac720136,"importspeditör, maskiner för textilindustri",narrow-match,low,https://taxonomy.api.jobtechdev.se/v1/taxonomy/graphql,30
tbMx_bRW_QSM,Speditör,http://data.europa.eu/esco/occupation/f3d2074e-3f44-45b0-b896-5ee5629a23c1,"importspeditör, kaffe, te, kakao och kryddor",narrow-match,low,https://taxonomy.api.jobtechdev.se/v1/taxonomy/graphql,30
tbMx_bRW_QSM,Speditör,http://data.europa.eu/esco/occupation/f738f568-b4ff-4f23-acb7-5f99d9a3b393,"importspeditör, mejeriprodukter och matoljor",narrow-match,low,https://taxonomy.api.jobtechdev.se/v1/taxonomy/graphql,30
tbMx_bRW_QSM,Speditör,http://data.europa.eu/esco/occupation/f97dedb0-da68-4fc3-8bcc-3f4025ccacd3,"importspeditör, hudar, skinn och läder",narrow-match,low,https://taxonomy.api.jobtechdev.se/v1/taxonomy/graphql,30
te5X_YVU_JaR,PTP-psykolog,http://data.europa.eu/esco/occupation/52ded7d7-11df-42e3-b90a-d7f4b70fb4b9,psykolog,broad-match,low,https://taxonomy.api.jobtechdev.se/v1/taxonomy/graphql,30
teRQ_AeD_uwx,Guide,http://data.europa.eu/esco/occupation/b476f45f-2c79-44d5-a4d7-fa357aa83074,turistguide,exact-match,high,https://taxonomy.api.jobtechdev.se/v1/taxonomy/graphql,30
tgdx_Nhu_Cky,Motorman,http://data.europa.eu/esco/occupation/837502a6-57d9-4df4-903a-8a67dd53927f,"motorman, inre fart",exact-match,high,https://taxonomy.api.jobtechdev.se/v1/taxonomy/graphql,30
tgdx_Nhu_Cky,Motorman,http://data.europa.eu/esco/occupation/88589d68-b870-440e-8444-32e9935cbbbc,"motorman, fartyg",exact-match,high,https://taxonomy.api.jobtechdev.se/v1/taxonomy/graphql,30
tkGT_kPC_L3S,"Watch Supervisor, flygledning",http://data.europa.eu/esco/occupation/3c2da05f-eb24-41f7-8307-46c96660fee0,flygledare,broad-match,low,https://taxonomy.api.jobtechdev.se/v1/taxonomy/graphql,30
tn2F_2Aw_NWq,Produktutvecklare konfektion,http://data.europa.eu/esco/occupation/760ad7dd-f29d-4e4d-be1f-15100550ab80,"mönsterkonstruktör, CAD",narrow-match,low,https://taxonomy.api.jobtechdev.se/v1/taxonomy/graphql,30
tnkr_CKU_AuJ,Kärnfysiker,http://data.europa.eu/esco/occupation/7f2761eb-4edc-48ad-9fbf-eed0a0db9a21,fysiker,broad-match,low,https://taxonomy.api.jobtechdev.se/v1/taxonomy/graphql,30
tpQm_zqJ_xPr,Takmålare plåttak,http://data.europa.eu/esco/occupation/15620506-fb5d-49cd-87a2-1c9047fb406a,målare,close-match,low,https://taxonomy.api.jobtechdev.se/v1/taxonomy/graphql,30
tpQm_zqJ_xPr,Takmålare plåttak,http://data.europa.eu/esco/occupation/7443811e-6760-44a2-af95-1b9c791733a8,sprutlackerare,close-match,low,https://taxonomy.api.jobtechdev.se/v1/taxonomy/graphql,30
trQQ_nL6_TRm,Curator,http://data.europa.eu/esco/occupation/691d30cc-6b2c-4025-89b4-3e719fe664c7,utställningskurator,exact-match,high,https://taxonomy.api.jobtechdev.se/v1/taxonomy/graphql,30
tsdt_MEd_bUS,"Kvalitetsingenjör, kemiteknik/Kvalitetstekniker, kemiteknik",http://data.europa.eu/esco/occupation/dacaa18b-93f6-48b4-b4f2-cb33e21804e7,"kvalitetstekniker, kemiteknik",exact-match,high,https://taxonomy.api.jobtechdev.se/v1/taxonomy/graphql,30
tuoE_9Nj_fAS,Frisör,http://data.europa.eu/esco/occupation/099c6bb0-22d3-4c5d-8bf5-70910af381ef,frisör,exact-match,high,https://taxonomy.api.jobtechdev.se/v1/taxonomy/graphql,30
tuoE_9Nj_fAS,Frisör,http://data.europa.eu/esco/occupation/82dea303-26e1-4bbc-a07c-cff3cac6b50e,hårstylist,narrow-match,low,https://taxonomy.api.jobtechdev.se/v1/taxonomy/graphql,30
tuoE_9Nj_fAS,Frisör,http://data.europa.eu/esco/occupation/f60dc59b-7681-45d4-8114-b3a646e02ab2,"frisör, scenkonst",narrow-match,low,https://taxonomy.api.jobtechdev.se/v1/taxonomy/graphql,30
txzH_XhY_ycA,Fritidschef,http://data.europa.eu/esco/occupation/94e0bedd-e56e-42be-a5a4-b74a260f437c,avdelningschef,broad-match,low,https://taxonomy.api.jobtechdev.se/v1/taxonomy/graphql,30
tyfu_FKK_KYm,Köttmästare livsmedelsbutik,http://data.europa.eu/esco/occupation/a79d9e58-36be-4e67-a4db-ea6c8ff445fc,"avdelningschef, butik",broad-match,low,https://taxonomy.api.jobtechdev.se/v1/taxonomy/graphql,30
tyfu_FKK_KYm,Köttmästare livsmedelsbutik,http://data.europa.eu/esco/occupation/bdfb48e0-79dc-4b63-8470-db2e03b37326,butiksansvarig,broad-match,low,https://taxonomy.api.jobtechdev.se/v1/taxonomy/graphql,30
tyjn_6qY_Ked,Inköpsplanerare,http://data.europa.eu/esco/occupation/dbdc9f7b-31c6-4f21-a9c5-48253bb69c08,inköpsplanerare,exact-match,high,https://taxonomy.api.jobtechdev.se/v1/taxonomy/graphql,30
tzHp_Aw9_qQQ,Familjerådgivare/Familjeterapeut,http://data.europa.eu/esco/occupation/4c89c65c-4e35-44e3-8fa0-5d73e9e15325,familjerådgivare,exact-match,high,https://taxonomy.api.jobtechdev.se/v1/taxonomy/graphql,30
tzHp_Aw9_qQQ,Familjerådgivare/Familjeterapeut,http://data.europa.eu/esco/occupation/83dc2d94-9e30-493a-bd93-6346e05fe146,"rådgivare, familjeplanering",exact-match,high,https://taxonomy.api.jobtechdev.se/v1/taxonomy/graphql,30
tzHp_Aw9_qQQ,Familjerådgivare/Familjeterapeut,http://data.europa.eu/esco/occupation/95d0a616-a4a9-4f56-a8fb-4de43cdb4c82,"familjerådgivare, socialtjänst",exact-match,high,https://taxonomy.api.jobtechdev.se/v1/taxonomy/graphql,30
tzHp_Aw9_qQQ,Familjerådgivare/Familjeterapeut,http://data.europa.eu/esco/occupation/9cda1c7c-ba07-4381-b831-1bb346ff865f,äktenskapsrådgivare,exact-match,high,https://taxonomy.api.jobtechdev.se/v1/taxonomy/graphql,30
u2iH_Myz_45U,Fondförvaltare/Portföljförvaltare,http://data.europa.eu/esco/occupation/0ecedad1-1144-45ff-83db-a3c4db393036,portföljförvaltare,exact-match,high,https://taxonomy.api.jobtechdev.se/v1/taxonomy/graphql,30
u2iH_Myz_45U,Fondförvaltare/Portföljförvaltare,http://data.europa.eu/esco/occupation/3e1a2f3c-20d6-4d33-aa6f-63cd2a32698d,"fondförvaltare, finansiella institut",narrow-match,low,https://taxonomy.api.jobtechdev.se/v1/taxonomy/graphql,30
u2iH_Myz_45U,Fondförvaltare/Portföljförvaltare,http://data.europa.eu/esco/occupation/b680251e-b3c7-4029-9849-66a95081801c,"fondförvaltare, bank",narrow-match,low,https://taxonomy.api.jobtechdev.se/v1/taxonomy/graphql,30
u2iH_Myz_45U,Fondförvaltare/Portföljförvaltare,http://data.europa.eu/esco/occupation/b95bdbed-1e7e-482a-aa73-7bdbb3e36358,investeringsfondförvaltare,exact-match,high,https://taxonomy.api.jobtechdev.se/v1/taxonomy/graphql,30
u2iH_Myz_45U,Fondförvaltare/Portföljförvaltare,http://data.europa.eu/esco/occupation/c9839843-6cac-4564-8aa7-de4a5b9b62e1,fondförvaltare,exact-match,high,https://taxonomy.api.jobtechdev.se/v1/taxonomy/graphql,30
u4X9_hZb_kzs,Retuschör/Bildbehandlare,http://data.europa.eu/esco/occupation/66542dd6-05a6-4d9e-97ff-3f4858c31ff9,fotograf,narrow-match,low,https://taxonomy.api.jobtechdev.se/v1/taxonomy/graphql,30
u5rf_SQW_YE1,Rostskyddsbehandlare,http://data.europa.eu/esco/occupation/b322bb4c-bbef-45c2-bd7e-00a97c3ab268,"maskinoperatör, ytbehandling, rostskydd",exact-match,high,https://taxonomy.api.jobtechdev.se/v1/taxonomy/graphql,30
u5rf_SQW_YE1,Rostskyddsbehandlare,http://data.europa.eu/esco/occupation/fb4819db-03fa-4dc1-a471-2cdc24dcbe6f,rostskyddsbehandlare,exact-match,high,https://taxonomy.api.jobtechdev.se/v1/taxonomy/graphql,30
u9g1_LAk_2PX,"Handläggare, intresseorganisation",http://data.europa.eu/esco/occupation/7819669b-30c2-42e6-a1c4-0bcd6f0379ff,"handläggare, internationella relationer",narrow-match,low,https://taxonomy.api.jobtechdev.se/v1/taxonomy/graphql,30
u9g1_LAk_2PX,"Handläggare, intresseorganisation",http://data.europa.eu/esco/occupation/8bf76ba6-e661-4574-9887-4f2cb943835a,"handläggare, offentlig förvaltning, politiska frågor",close-match,low,https://taxonomy.api.jobtechdev.se/v1/taxonomy/graphql,30
uC1H_igy_1X9,Reseledare,http://data.europa.eu/esco/occupation/b5d76ddd-f59a-491a-9543-f6c0e2d8a950,researrangörsombud,exact-match,high,https://taxonomy.api.jobtechdev.se/v1/taxonomy/graphql,30
uEAk_r6E_Ko9,Batteritekniker,http://data.europa.eu/esco/occupation/10841c22-0154-48ab-aaca-ce61b9a8e448,batteritillverkningstekniker,exact-match,high,https://taxonomy.api.jobtechdev.se/v1/taxonomy/graphql,30
uEAk_r6E_Ko9,Batteritekniker,http://data.europa.eu/esco/occupation/41519a6e-d4f1-4991-b821-24c54647949d,batteriunderhållstekniker,narrow-match,low,https://taxonomy.api.jobtechdev.se/v1/taxonomy/graphql,30
uEAk_r6E_Ko9,Batteritekniker,http://data.europa.eu/esco/occupation/718bba63-75b7-4b3a-9912-e201b729fe4c,batteriarbetare,close-match,low,https://taxonomy.api.jobtechdev.se/v1/taxonomy/graphql,30
uEy8_r2N_z97,Regiondirektör,http://data.europa.eu/esco/occupation/0752ed49-03e7-4d75-8314-a051b3771a1d,generaldirektör,broad-match,low,https://taxonomy.api.jobtechdev.se/v1/taxonomy/graphql,30
uFNT_1EH_Cgq,Domare,http://data.europa.eu/esco/occupation/07bd65d7-c13f-443a-bdf6-88903f3822be,domare,exact-match,high,https://taxonomy.api.jobtechdev.se/v1/taxonomy/graphql,30
uFNT_1EH_Cgq,Domare,http://data.europa.eu/esco/occupation/353c19d6-62d6-4dfc-85e9-f59d219d457c,domare i högsta domstolen,narrow-match,low,https://taxonomy.api.jobtechdev.se/v1/taxonomy/graphql,30
uFNT_1EH_Cgq,Domare,http://data.europa.eu/esco/occupation/f634ce9b-68a5-4a8a-af4a-ed13fc0deba9,fredsdomare,narrow-match,low,https://taxonomy.api.jobtechdev.se/v1/taxonomy/graphql,30
uHya_vGf_iyL,Sjukhusdirektör,http://data.europa.eu/esco/occupation/544cd9cf-e2ee-4ac0-8a02-7147af6b97d7,direktör,broad-match,low,https://taxonomy.api.jobtechdev.se/v1/taxonomy/graphql,30
uJM6_kRc_rCb,Offertingenjör,http://data.europa.eu/esco/occupation/c4071145-a774-4cf4-aefa-ae18a385cca4,logistikingenjör,close-match,low,https://taxonomy.api.jobtechdev.se/v1/taxonomy/graphql,30
uKf3_A5g_w7X,Sjukhusvaktmästare,http://data.europa.eu/esco/occupation/a48b9a5a-5ded-482d-8cda-7fd097a32c16,vaktmästare,broad-match,low,https://taxonomy.api.jobtechdev.se/v1/taxonomy/graphql,30
uRpy_fx1_WiY,Turnéledare,http://data.europa.eu/esco/occupation/21ae429f-a152-46a6-a73c-9ec65c7803f0,artistbokare,close-match,low,https://taxonomy.api.jobtechdev.se/v1/taxonomy/graphql,30
uUNZ_Mwb_B4d,Infektionssjuksköterska,http://data.europa.eu/esco/occupation/18e14e61-495b-44cc-a7c6-df4c625934ba,specialistsjuksköterska,broad-match,low,https://taxonomy.api.jobtechdev.se/v1/taxonomy/graphql,30
uV8X_VNM_XsF,Vicerektor,http://data.europa.eu/esco/occupation/e1587bbb-2d4e-4726-839a-7f4895c440e7,rektor,exact-match,high,https://taxonomy.api.jobtechdev.se/v1/taxonomy/graphql,30
uWvx_kdX_rL5,Kafébiträde/Konditoribiträde,http://data.europa.eu/esco/occupation/b4bff870-5c8f-4c33-b07f-f04d79830633,restaurangbiträde,broad-match,low,https://taxonomy.api.jobtechdev.se/v1/taxonomy/graphql,30
uWwq_jF2_nhq,Marknadsassistent,http://data.europa.eu/esco/occupation/47e81c7f-2d04-4a60-a8ff-9913c36d8344,marknadsassistent,exact-match,high,https://taxonomy.api.jobtechdev.se/v1/taxonomy/graphql,30
uWwq_jF2_nhq,Marknadsassistent,http://data.europa.eu/esco/occupation/54cba39a-5bb8-4e4c-89cd-d6097d3c6c3a,reklamassistent,exact-match,high,https://taxonomy.api.jobtechdev.se/v1/taxonomy/graphql,30
uXRf_emU_Fou,GIS-ingenjör,http://data.europa.eu/esco/occupation/9af8907f-56a7-4170-83b1-3c6ba0997cfa,"specialist, geografiska informationssystem",exact-match,high,https://taxonomy.api.jobtechdev.se/v1/taxonomy/graphql,30
uYf3_qtC_1xF,Ateljéchef,http://data.europa.eu/esco/occupation/94e0bedd-e56e-42be-a5a4-b74a260f437c,avdelningschef,broad-match,low,https://taxonomy.api.jobtechdev.se/v1/taxonomy/graphql,30
uYjC_s5u_tKu,Samhällsplanerare,http://data.europa.eu/esco/occupation/39e9fc8f-02bd-4577-b603-2dc96204ce74,"handläggare, kommunutveckling",narrow-match,low,https://taxonomy.api.jobtechdev.se/v1/taxonomy/graphql,30
uYjC_s5u_tKu,Samhällsplanerare,http://data.europa.eu/esco/occupation/8d463763-5d38-4f47-903c-1c4df32141c1,konsult för smarta städer,narrow-match,low,https://taxonomy.api.jobtechdev.se/v1/taxonomy/graphql,30
uZ4a_nJb_ucb,Krematorieföreståndare,http://data.europa.eu/esco/occupation/aac0c510-f238-4dbe-beeb-1d7b73f4552c,kyrkogårdsföreståndare,broad-match,low,https://taxonomy.api.jobtechdev.se/v1/taxonomy/graphql,30
uZU6_oxo_Dpd,Industrielektriker,http://data.europa.eu/esco/occupation/5d009d45-3bb9-4e33-8760-294f59adec8c,elektromekaniker,narrow-match,low,https://taxonomy.api.jobtechdev.se/v1/taxonomy/graphql,30
uZU6_oxo_Dpd,Industrielektriker,http://data.europa.eu/esco/occupation/5df63943-f1bc-4438-90f1-92768a7a23c8,industrielektriker,exact-match,high,https://taxonomy.api.jobtechdev.se/v1/taxonomy/graphql,30
uZU6_oxo_Dpd,Industrielektriker,http://data.europa.eu/esco/occupation/6188bf20-5cdb-4702-af72-2cb67ec39810,attraktionstekniker,narrow-match,low,https://taxonomy.api.jobtechdev.se/v1/taxonomy/graphql,30
uZU6_oxo_Dpd,Industrielektriker,http://data.europa.eu/esco/occupation/8b8ae0a5-342c-43ae-b856-e1fea6fd6d1c,"elreparatör, motordrivna verktyg",narrow-match,low,https://taxonomy.api.jobtechdev.se/v1/taxonomy/graphql,30
uZU6_oxo_Dpd,Industrielektriker,http://data.europa.eu/esco/occupation/92b7a42c-b437-4412-ac21-1a750883cf21,"tekniker, geotermi",narrow-match,low,https://taxonomy.api.jobtechdev.se/v1/taxonomy/graphql,30
uZU6_oxo_Dpd,Industrielektriker,http://data.europa.eu/esco/occupation/c07ab008-79c1-4516-8dcc-8289f797dc34,gruvelektriker,exact-match,high,https://taxonomy.api.jobtechdev.se/v1/taxonomy/graphql,30
uaUH_r3u_ygB,Varietéartist,http://data.europa.eu/esco/occupation/76deb33d-f9bc-4ca2-a5cc-49c8f5a17f38,varietéartist,exact-match,high,https://taxonomy.api.jobtechdev.se/v1/taxonomy/graphql,30
ubgh_Tgi_RgH,Filmelektrikerassistent/TV-Elektrikerassistent,http://data.europa.eu/esco/occupation/9ac10bde-93a0-4570-afc2-e2b6cf46d8d2,ljustekniker,close-match,low,https://taxonomy.api.jobtechdev.se/v1/taxonomy/graphql,30
ud3i_sVp_QPh,Director of photography/DoP/Filmfotograf,http://data.europa.eu/esco/occupation/6ba25e0f-7fb8-4879-a1f9-d4f8945966be,chefsfotograf,exact-match,high,https://taxonomy.api.jobtechdev.se/v1/taxonomy/graphql,30
udVE_5Hy_qGb,Stiftsadjunkt,http://data.europa.eu/esco/occupation/a4dd6eae-ca75-456f-829d-333671a7c186,kaplan,close-match,low,https://taxonomy.api.jobtechdev.se/v1/taxonomy/graphql,30
uf6y_4sG_vV1,Lantbruksförman blandad drift,http://data.europa.eu/esco/occupation/1c1e86f9-6347-42d6-aa6e-c95b138bf640,"lantbrukare, blandad drift",close-match,low,https://taxonomy.api.jobtechdev.se/v1/taxonomy/graphql,30
ugmL_11t_RvD,Animationsoperatör,http://data.europa.eu/esco/occupation/48c8eccb-4bd0-487e-a187-4953cbbe956e,animatör,broad-match,low,https://taxonomy.api.jobtechdev.se/v1/taxonomy/graphql,30
uhkP_bCc_dPx,Ortoptist,http://data.europa.eu/esco/occupation/771244bf-b204-4e7f-8b25-ee523ae7b791,ortoptist,exact-match,high,https://taxonomy.api.jobtechdev.se/v1/taxonomy/graphql,30
uiqh_Drm_XGr,"Researcher, rekrytering",http://data.europa.eu/esco/occupation/068370e0-9c27-4814-87d0-44fbb3140815,rekryteringskonsult,broad-match,low,https://taxonomy.api.jobtechdev.se/v1/taxonomy/graphql,30
ujBX_nic_wuH,Dagbarnvårdare,http://data.europa.eu/esco/occupation/3f74aad8-2d60-4be2-b059-8dba5568d530,dagbarnvårdare,exact-match,high,https://taxonomy.api.jobtechdev.se/v1/taxonomy/graphql,30
umNB_exG_rGW,Hundtränare,http://data.europa.eu/esco/occupation/2662ed6c-a705-4895-8e9d-0a85c08ad908,hunddressör,exact-match,high,https://taxonomy.api.jobtechdev.se/v1/taxonomy/graphql,30
umNB_exG_rGW,Hundtränare,http://data.europa.eu/esco/occupation/65a9366c-d4d3-484d-a577-c63d335987da,ledarhundsinstruktör,narrow-match,low,https://taxonomy.api.jobtechdev.se/v1/taxonomy/graphql,30
umy7_L5w_5AJ,"Forskare, etnologi",http://data.europa.eu/esco/occupation/acf69cab-8629-45c8-ae10-c8fb15f474b6,antropolog,close-match,low,https://taxonomy.api.jobtechdev.se/v1/taxonomy/graphql,30
uo9D_Kkk_xuh,Gameplay programmer,http://data.europa.eu/esco/occupation/9ebaf3f0-0be0-47b7-b2b1-b3b04130fa81,dataspelsutvecklare,exact-match,high,https://taxonomy.api.jobtechdev.se/v1/taxonomy/graphql,30
usC6_bZk_fvS,Kostchef inom offentlig förvaltning,http://data.europa.eu/esco/occupation/94e0bedd-e56e-42be-a5a4-b74a260f437c,avdelningschef,broad-match,low,https://taxonomy.api.jobtechdev.se/v1/taxonomy/graphql,30
uu19_iuB_Zb2,"Projekteringsingenjör, gruv och metallurgi",http://data.europa.eu/esco/occupation/00ab29a3-6d4a-4df9-b46d-de31069e36e8,"projekteringsingenjör, gruv och metallurgi",exact-match,high,https://taxonomy.api.jobtechdev.se/v1/taxonomy/graphql,30
uuA6_a4j_BGg,Ventilationsingenjör,http://data.europa.eu/esco/occupation/3ce9c89d-6f1a-48b5-942d-386e46e2fd06,VVS-ingenjör,broad-match,low,https://taxonomy.api.jobtechdev.se/v1/taxonomy/graphql,30
uuA6_a4j_BGg,Ventilationsingenjör,http://data.europa.eu/esco/occupation/b3855886-bfee-4fd9-827e-2a0b6b4b4441,"ventilationsingenjör, gruva",close-match,low,https://taxonomy.api.jobtechdev.se/v1/taxonomy/graphql,30
uuGY_vBh_H4w,"Riskingenjör, risk management",http://data.europa.eu/esco/occupation/a1273779-d2d4-4708-a406-62f7cdd26aab,"ingenjör, hälsa och säkerhet",close-match,low,https://taxonomy.api.jobtechdev.se/v1/taxonomy/graphql,30
uuGY_vBh_H4w,"Riskingenjör, risk management",http://data.europa.eu/esco/occupation/b09acdda-6680-49d1-a411-129610ee3bc0,"riskanalytiker, företag",close-match,low,https://taxonomy.api.jobtechdev.se/v1/taxonomy/graphql,30
uwSN_G39_cex,Massageterapeut,http://data.europa.eu/esco/occupation/9487f835-b5a9-4742-8ecf-35520911e28c,massageterapeut,exact-match,high,https://taxonomy.api.jobtechdev.se/v1/taxonomy/graphql,30
uwYE_D2Z_45B,Försäljningschef,http://data.europa.eu/esco/occupation/1dd7c3cb-2d58-4dad-ae15-c9081174ab7e,"säljchef, e-handel",narrow-match,low,https://taxonomy.api.jobtechdev.se/v1/taxonomy/graphql,30
uwYE_D2Z_45B,Försäljningschef,http://data.europa.eu/esco/occupation/2d3d7188-47ab-49b9-9045-e452d9db06f1,försäljningschef,exact-match,high,https://taxonomy.api.jobtechdev.se/v1/taxonomy/graphql,30
uwYE_D2Z_45B,Försäljningschef,http://data.europa.eu/esco/occupation/53a362a4-4c83-4ce2-837f-d1faba4cd247,anbudschef,narrow-match,low,https://taxonomy.api.jobtechdev.se/v1/taxonomy/graphql,30
uwYE_D2Z_45B,Försäljningschef,http://data.europa.eu/esco/occupation/a2ade835-81c2-452e-a4d8-a90348bbe378,servicechef för eftermarknadsservice,narrow-match,low,https://taxonomy.api.jobtechdev.se/v1/taxonomy/graphql,30
uwYE_D2Z_45B,Försäljningschef,http://data.europa.eu/esco/occupation/a7594892-ff23-4e2a-aedf-2f967ebca15c,säljchef,close-match,low,https://taxonomy.api.jobtechdev.se/v1/taxonomy/graphql,30
uwYE_D2Z_45B,Försäljningschef,http://data.europa.eu/esco/occupation/d954fd71-0e2f-4cf9-85f0-c040fa6cbda9,"chef, säljfrämjande åtgärder",narrow-match,low,https://taxonomy.api.jobtechdev.se/v1/taxonomy/graphql,30
uwiJ_hMk_yck,Mimare,http://data.europa.eu/esco/occupation/22799921-76a1-44c4-a7c3-c6a548e8ad85,cirkusartist,broad-match,low,https://taxonomy.api.jobtechdev.se/v1/taxonomy/graphql,30
uygD_Smj_a7w,"Forskare, immunologi",http://data.europa.eu/esco/occupation/b5d1912e-89c7-4a66-ab96-0dc5f4f6c426,immunolog,broad-match,low,https://taxonomy.api.jobtechdev.se/v1/taxonomy/graphql,30
uzca_L4S_34f,Rampagent,http://data.europa.eu/esco/occupation/3d974e0c-8ed9-47a7-aec2-ebdb34391c87,flygplanslastare,narrow-match,low,https://taxonomy.api.jobtechdev.se/v1/taxonomy/graphql,30
uzca_L4S_34f,Rampagent,http://data.europa.eu/esco/occupation/7f7d2bfe-f038-436f-95ff-29bc90726430,rangeringsman,narrow-match,low,https://taxonomy.api.jobtechdev.se/v1/taxonomy/graphql,30
v2G8_CnQ_mPU,Jaktkonsulent/Viltkonsulent,http://data.europa.eu/esco/occupation/a491c5c1-e126-4414-9ac9-3625a4a79513,viltvårdare,broad-match,low,https://taxonomy.api.jobtechdev.se/v1/taxonomy/graphql,30
v2HV_VNh_D7s,Lackerare,http://data.europa.eu/esco/occupation/7443811e-6760-44a2-af95-1b9c791733a8,sprutlackerare,broad-match,low,https://taxonomy.api.jobtechdev.se/v1/taxonomy/graphql,30
v6BW_J4B_RXP,Rättssociolog,http://data.europa.eu/esco/occupation/11df8941-508c-4103-ad40-52cdf9430a59,sociolog,broad-match,low,https://taxonomy.api.jobtechdev.se/v1/taxonomy/graphql,30
v7RH_VyX_qbC,Underhållsingenjör tillverkningsindustri,http://data.europa.eu/esco/occupation/1c36dd08-f6a7-43f2-a889-beebedb71c25,underhållsingenjör,close-match,low,https://taxonomy.api.jobtechdev.se/v1/taxonomy/graphql,30
v7ct_osY_UL1,Mätartekniker VA,http://data.europa.eu/esco/occupation/2bdf0696-776c-47e6-9259-6460af224dac,mätaravläsare,broad-match,low,https://taxonomy.api.jobtechdev.se/v1/taxonomy/graphql,30
v9Ux_bdL_D74,Skogsvårdare,http://data.europa.eu/esco/occupation/773cf1de-50a4-42e7-bab1-e68dcbae3f54,skogsarbetare,exact-match,high,https://taxonomy.api.jobtechdev.se/v1/taxonomy/graphql,30
vDxV_16d_K9u,Kustbevakningstjänsteman,http://data.europa.eu/esco/occupation/bd1cd902-1fb1-40b1-abce-bb9ef60805b4,kustbevakare,exact-match,high,https://taxonomy.api.jobtechdev.se/v1/taxonomy/graphql,30
vFw4_cSz_TUi,Produktionsledare glasbruk,http://data.europa.eu/esco/occupation/64a68a43-24be-4929-95ce-5b14617199d1,glasblåsare,close-match,low,https://taxonomy.api.jobtechdev.se/v1/taxonomy/graphql,30
vGyq_S18_JKE,"Forskningsassistent, medicin",http://data.europa.eu/esco/occupation/0bf5d25a-2b4d-43b5-b053-beeb210fa43a,"lektor, medicin",broad-match,low,https://taxonomy.api.jobtechdev.se/v1/taxonomy/graphql,30
vKgL_MCk_W4f,"Klubbledare, golf",http://data.europa.eu/esco/occupation/825ab049-2f0c-4acf-b402-9c6bb51acca2,"chef, idrottsanläggning",broad-match,low,https://taxonomy.api.jobtechdev.se/v1/taxonomy/graphql,30
vKya_v5Z_CfH,"Antagningschef, utbildning",http://data.europa.eu/esco/occupation/d23f4d59-2bea-4bd8-bcdb-5e23b1c50552,"samordnare, utbildningsprogram",close-match,low,https://taxonomy.api.jobtechdev.se/v1/taxonomy/graphql,30
vL9M_7hk_1X9,Jungman,http://data.europa.eu/esco/occupation/18dafd4f-8c37-4276-b4b3-cfa31059b2b6,"jungman, fiskefartyg",narrow-match,low,https://taxonomy.api.jobtechdev.se/v1/taxonomy/graphql,30
vL9M_7hk_1X9,Jungman,http://data.europa.eu/esco/occupation/3a3fac9d-323e-4ba6-989b-0e1d44e113cc,jungman,exact-match,high,https://taxonomy.api.jobtechdev.se/v1/taxonomy/graphql,30
vL9M_7hk_1X9,Jungman,http://data.europa.eu/esco/occupation/ddb3e6a4-5bae-480a-a49a-748f93022892,"jungman, inre fart",narrow-match,low,https://taxonomy.api.jobtechdev.se/v1/taxonomy/graphql,30
vLvB_4hV_koL,"Driftchef, VA",http://data.europa.eu/esco/occupation/9a20c93e-a345-4a46-a406-9ffbf11daeef,avfallschef,narrow-match,low,https://taxonomy.api.jobtechdev.se/v1/taxonomy/graphql,30
vLvB_4hV_koL,"Driftchef, VA",http://data.europa.eu/esco/occupation/9deee896-be9b-4aac-b55e-ceff1a7a843a,vatten- och avloppschef,narrow-match,low,https://taxonomy.api.jobtechdev.se/v1/taxonomy/graphql,30
vRnJ_Q2o_R1h,Kreditchef,http://data.europa.eu/esco/occupation/c530b0ee-46f8-40fb-818c-d9b44b891cb9,"analytiker, bankprodukter",narrow-match,low,https://taxonomy.api.jobtechdev.se/v1/taxonomy/graphql,30
vVhN_YyP_Xrv,"Driftledare, skogsbruk",http://data.europa.eu/esco/occupation/f04eaeff-52f5-4d52-93ad-6f846884827f,skogvakt,close-match,low,https://taxonomy.api.jobtechdev.se/v1/taxonomy/graphql,30
vXi8_Pqz_gsR,Konferenstolk,http://data.europa.eu/esco/occupation/23e692a9-a242-4d4f-988f-ed562f757864,tolk,broad-match,low,https://taxonomy.api.jobtechdev.se/v1/taxonomy/graphql,30
vZwa_QWZ_tYo,Kammarrättsråd,http://data.europa.eu/esco/occupation/07bd65d7-c13f-443a-bdf6-88903f3822be,domare,broad-match,low,https://taxonomy.api.jobtechdev.se/v1/taxonomy/graphql,30
vaEY_R9R_LjB,Tolk,http://data.europa.eu/esco/occupation/23e692a9-a242-4d4f-988f-ed562f757864,tolk,exact-match,high,https://taxonomy.api.jobtechdev.se/v1/taxonomy/graphql,30
vaco_qaj_GWt,Dirigent,http://data.europa.eu/esco/occupation/0e216d47-fc12-43e9-8953-ad8ba11f4b96,dirigent,exact-match,high,https://taxonomy.api.jobtechdev.se/v1/taxonomy/graphql,30
vaq4_wCT_Pu9,Museitekniker,http://data.europa.eu/esco/occupation/6040c941-ab83-44b2-84e7-5cbfa1eafcdc,konsthanterare,narrow-match,low,https://taxonomy.api.jobtechdev.se/v1/taxonomy/graphql,30
vcGg_bkm_g4E,Stenmontör,http://data.europa.eu/esco/occupation/02447817-ea01-4d8b-b09c-8bc128e447e6,plattsättare,close-match,low,https://taxonomy.api.jobtechdev.se/v1/taxonomy/graphql,30
vd7G_WR4_4fs,Perfusionist,http://data.europa.eu/esco/occupation/57a73b7c-cf10-4852-b067-c25833fa149e,perfusionist,exact-match,high,https://taxonomy.api.jobtechdev.se/v1/taxonomy/graphql,30
viXg_7h3_zzB,Vindkraftsprojektör,http://data.europa.eu/esco/occupation/ba490796-46f7-45b7-827b-db6882fca3e1,"ingenjör, landbaserad vindkraft",broad-match,low,https://taxonomy.api.jobtechdev.se/v1/taxonomy/graphql,30
vpAN_viS_cFV,Databasanalytiker,http://data.europa.eu/esco/occupation/8d9ec84d-cf2d-4179-87bc-335cda54a427,databasdesigner,close-match,low,https://taxonomy.api.jobtechdev.se/v1/taxonomy/graphql,30
vpAN_viS_cFV,Databasanalytiker,http://data.europa.eu/esco/occupation/b11e1742-5e28-4270-b081-b0193d85ee7d,databasutvecklare,close-match,low,https://taxonomy.api.jobtechdev.se/v1/taxonomy/graphql,30
vqv8_Tiz_NeL,Energi- och klimatrådgivare,http://data.europa.eu/esco/occupation/09e070ce-0afe-40bb-be90-530e5d42cdbd,energiexpert specialiserad på bostäder,narrow-match,low,https://taxonomy.api.jobtechdev.se/v1/taxonomy/graphql,30
vqv8_Tiz_NeL,Energi- och klimatrådgivare,http://data.europa.eu/esco/occupation/23a61ff1-c954-4867-b982-a018b535f98b,"miljöhandläggare, energi",exact-match,high,https://taxonomy.api.jobtechdev.se/v1/taxonomy/graphql,30
vqv8_Tiz_NeL,Energi- och klimatrådgivare,http://data.europa.eu/esco/occupation/cbde1a3a-406d-4d17-b30b-03981925035d,energianalytiker,exact-match,high,https://taxonomy.api.jobtechdev.se/v1/taxonomy/graphql,30
vqv8_Tiz_NeL,Energi- och klimatrådgivare,http://data.europa.eu/esco/occupation/de74eb4e-c95e-425a-9b3a-7be805ec0321,energirådgivare,exact-match,high,https://taxonomy.api.jobtechdev.se/v1/taxonomy/graphql,30
vrZx_wdU_6MX,Barnmorskestuderande,http://data.europa.eu/esco/occupation/95cda6a9-a70a-4a93-9442-11d573cb4a02,barnmorska,close-match,low,https://taxonomy.api.jobtechdev.se/v1/taxonomy/graphql,30
vugJ_jNY_XLH,Maskinsäljare inom entreprenad,http://data.europa.eu/esco/occupation/547b304b-9a72-4717-9b24-b7046df5f64e,specialiserad säljare,broad-match,low,https://taxonomy.api.jobtechdev.se/v1/taxonomy/graphql,30
vxKf_9ig_cob,Djurskötare lantbruk,http://data.europa.eu/esco/occupation/1ee1b792-4d5f-4555-be4e-ce7e4c05d1a9,djurskötare,close-match,low,https://taxonomy.api.jobtechdev.se/v1/taxonomy/graphql,30
vxKf_9ig_cob,Djurskötare lantbruk,http://data.europa.eu/esco/occupation/2a1190f0-14d5-4ce4-ade0-ef726a1887a0,herde,narrow-match,low,https://taxonomy.api.jobtechdev.se/v1/taxonomy/graphql,30
vxKf_9ig_cob,Djurskötare lantbruk,http://data.europa.eu/esco/occupation/b2678105-9d5c-403f-b822-274aff706309,fåruppfödare,narrow-match,low,https://taxonomy.api.jobtechdev.se/v1/taxonomy/graphql,30
vxKf_9ig_cob,Djurskötare lantbruk,http://data.europa.eu/esco/occupation/b4ff30f8-073b-4dd8-9128-ecf9d0ff87ba,boskapsuppfödare,close-match,low,https://taxonomy.api.jobtechdev.se/v1/taxonomy/graphql,30
vxKf_9ig_cob,Djurskötare lantbruk,http://data.europa.eu/esco/occupation/d20fd82a-9d99-4335-ad83-87484e297a46,fågeluppfödare,narrow-match,low,https://taxonomy.api.jobtechdev.se/v1/taxonomy/graphql,30
vxKf_9ig_cob,Djurskötare lantbruk,http://data.europa.eu/esco/occupation/ea3db1b3-7c03-4306-9e3d-7e20eb7f1826,svinuppfödare,narrow-match,low,https://taxonomy.api.jobtechdev.se/v1/taxonomy/graphql,30
vyab_VDH_LLt,Destinationsutvecklare,http://data.europa.eu/esco/occupation/0561328b-875b-4ae2-9ba1-9af9049aef01,marknadsspecialist,broad-match,low,https://taxonomy.api.jobtechdev.se/v1/taxonomy/graphql,30
w8eg_Ufq_B5X,Besöksbokare/Kundbokare,http://data.europa.eu/esco/occupation/b7b75eb6-34bc-462d-b412-eed393cc1397,kundinformatör,close-match,low,https://taxonomy.api.jobtechdev.se/v1/taxonomy/graphql,30
w9N1_eTj_2jq,Fartygsagent,http://data.europa.eu/esco/occupation/0cd0082a-ca15-4dcd-b352-b7600c916d8e,"samordnare, fartygsoperationer",exact-match,high,https://taxonomy.api.jobtechdev.se/v1/taxonomy/graphql,30
w9N1_eTj_2jq,Fartygsagent,http://data.europa.eu/esco/occupation/8bc845cb-0702-47e4-aabc-4036032b0a8d,skeppsklarerare,exact-match,high,https://taxonomy.api.jobtechdev.se/v1/taxonomy/graphql,30
w9N1_eTj_2jq,Fartygsagent,http://data.europa.eu/esco/occupation/fa404a79-4091-47f9-a635-c2e3c576ece8,hamnsamordnare,broad-match,low,https://taxonomy.api.jobtechdev.se/v1/taxonomy/graphql,30
w9Un_9h8_vHK,Maskinoperatör tvätt och textilbehandling,http://data.europa.eu/esco/occupation/0da51178-e386-4534-ae71-15ba789ad756,tvätteriarbetare,narrow-match,low,https://taxonomy.api.jobtechdev.se/v1/taxonomy/graphql,30
w9Un_9h8_vHK,Maskinoperatör tvätt och textilbehandling,http://data.europa.eu/esco/occupation/1b8c2a8e-204e-4035-bf88-921564e6df2e,appreteringstekniker,narrow-match,low,https://taxonomy.api.jobtechdev.se/v1/taxonomy/graphql,30
w9Un_9h8_vHK,Maskinoperatör tvätt och textilbehandling,http://data.europa.eu/esco/occupation/2229a024-21e4-43ef-b3fd-2444ab41bfb8,textilfärgningstekniker,narrow-match,low,https://taxonomy.api.jobtechdev.se/v1/taxonomy/graphql,30
w9Un_9h8_vHK,Maskinoperatör tvätt och textilbehandling,http://data.europa.eu/esco/occupation/3d924c0d-ffee-4f11-adc7-c2bfb76fcf73,"tvätteriarbetare, strykning",narrow-match,low,https://taxonomy.api.jobtechdev.se/v1/taxonomy/graphql,30
w9Un_9h8_vHK,Maskinoperatör tvätt och textilbehandling,http://data.europa.eu/esco/occupation/884beda8-d242-4fc3-a097-dc11098a7c3d,färgare,narrow-match,low,https://taxonomy.api.jobtechdev.se/v1/taxonomy/graphql,30
w9Un_9h8_vHK,Maskinoperatör tvätt och textilbehandling,http://data.europa.eu/esco/occupation/dfb93ddb-ce34-4d2e-a178-541d45a7d98b,"tvätteriarbetare, förman",narrow-match,low,https://taxonomy.api.jobtechdev.se/v1/taxonomy/graphql,30
w9Un_9h8_vHK,Maskinoperatör tvätt och textilbehandling,http://data.europa.eu/esco/occupation/f73e11e7-0eb8-4a46-b2e1-9e544c2f3652,"maskinoperatör, appretering",narrow-match,low,https://taxonomy.api.jobtechdev.se/v1/taxonomy/graphql,30
w9Un_9h8_vHK,Maskinoperatör tvätt och textilbehandling,http://data.europa.eu/esco/occupation/f8438d21-c726-4534-8d7c-1c5aa9ef05ef,gardin- och mattrengörare,narrow-match,low,https://taxonomy.api.jobtechdev.se/v1/taxonomy/graphql,30
wA6t_jij_7q9,"Präst, romersk-katolsk kyrka",http://data.europa.eu/esco/occupation/ed256ed0-0432-4969-8544-3e5e01a517a9,religiös ledare,broad-match,low,https://taxonomy.api.jobtechdev.se/v1/taxonomy/graphql,30
wBxx_oHc_YCn,"Kontrolloperatör, metallprodukter",http://data.europa.eu/esco/occupation/c0a35355-be44-44c0-82d2-acf8363ed45e,"kvalitetskontrollant, metallprodukter",close-match,low,https://taxonomy.api.jobtechdev.se/v1/taxonomy/graphql,30
wD6h_B4b_BBh,Säkerhetshandläggare,http://data.europa.eu/esco/occupation/e9507d34-c70f-474f-a4a3-d2cbfe50f6e9,säkerhetschef,close-match,low,https://taxonomy.api.jobtechdev.se/v1/taxonomy/graphql,30
wFCc_JcG_dnb,Kontraktsadjunkt,http://data.europa.eu/esco/occupation/a4dd6eae-ca75-456f-829d-333671a7c186,kaplan,close-match,low,https://taxonomy.api.jobtechdev.se/v1/taxonomy/graphql,30
wHan_NPd_h9H,Djurskyddsinspektör,http://data.europa.eu/esco/occupation/2de007c6-3223-4cd1-9561-e8a2e16e049d,djurskyddsinspektör,exact-match,high,https://taxonomy.api.jobtechdev.se/v1/taxonomy/graphql,30
wHan_NPd_h9H,Djurskyddsinspektör,http://data.europa.eu/esco/occupation/8467dda9-34c6-4c6f-aa37-e7bddffac007,djurskyddsarbetare,narrow-match,low,https://taxonomy.api.jobtechdev.se/v1/taxonomy/graphql,30
wLC4_eWh_wvD,Nationalparkschef,http://data.europa.eu/esco/occupation/f04eaeff-52f5-4d52-93ad-6f846884827f,skogvakt,close-match,low,https://taxonomy.api.jobtechdev.se/v1/taxonomy/graphql,30
wM9w_1qH_Nz1,"Borrförman, berg",http://data.europa.eu/esco/occupation/5c14982e-375d-47c5-9ea1-e9bcf3884643,"arbetsledare, gruvdrift",close-match,low,https://taxonomy.api.jobtechdev.se/v1/taxonomy/graphql,30
wNG8_Rsg_RQc,Systemansvarig,http://data.europa.eu/esco/occupation/9e2e6e1e-363b-4e1b-a673-7bc0f7343300,IKT-systemadministratör,broad-match,low,https://taxonomy.api.jobtechdev.se/v1/taxonomy/graphql,30
wNVe_2CE_6of,Aktivitetsledare,http://data.europa.eu/esco/occupation/e31c83ac-cb74-4936-88f1-90ed0997b29b,nöjes- och rekreationsvärd,broad-match,low,https://taxonomy.api.jobtechdev.se/v1/taxonomy/graphql,30
wPEL_cpR_WA2,IT-forensiker,http://data.europa.eu/esco/occupation/0c448a27-10ec-43ba-b880-d9938bade424,expert inom digital kriminalteknik,exact-match,high,https://taxonomy.api.jobtechdev.se/v1/taxonomy/graphql,30
wQ7H_qrm_hr2,Logistikchef,http://data.europa.eu/esco/occupation/823db06f-25e1-4658-b063-d6ef956b41f5,logistikchef,exact-match,high,https://taxonomy.api.jobtechdev.se/v1/taxonomy/graphql,30
wQ7H_qrm_hr2,Logistikchef,http://data.europa.eu/esco/occupation/a2ff6cc3-15fa-4f02-a457-8fd5df7aa29e,"logistikchef, intermodala transporter",narrow-match,low,https://taxonomy.api.jobtechdev.se/v1/taxonomy/graphql,30
wQ7H_qrm_hr2,Logistikchef,http://data.europa.eu/esco/occupation/aacc3918-b5d3-484b-9480-5d29aa550d74,flödeschef,narrow-match,low,https://taxonomy.api.jobtechdev.se/v1/taxonomy/graphql,30
wQA4_aaU_D3W,Informatiker,http://data.europa.eu/esco/occupation/3765a20d-5160-4e8f-82f1-ad7872b9db24,informationsansvarig,close-match,low,https://taxonomy.api.jobtechdev.se/v1/taxonomy/graphql,30
wQLK_eDg_pD4,Depåtekniker,http://data.europa.eu/esco/occupation/bea705fe-06ac-4147-b8e0-6e8ac1208d8f,lagerarbetare,broad-match,low,https://taxonomy.api.jobtechdev.se/v1/taxonomy/graphql,30
wRxU_Co2_FgS,Förarprövare,http://data.europa.eu/esco/occupation/1b422c31-f242-46b5-bbdc-aa63885e4b5c,"inspektör, transportsäkerhet",close-match,low,https://taxonomy.api.jobtechdev.se/v1/taxonomy/graphql,30
wSsP_RuF_tcG,"Inspektör, IVO (Inspektionen för vård och omsorg)",http://data.europa.eu/esco/occupation/caf7b8fb-b2d6-46b7-bffa-bea7f8e4aed8,"handläggare, offentlig förvaltning",broad-match,low,https://taxonomy.api.jobtechdev.se/v1/taxonomy/graphql,30
wTfw_7hJ_gkU,Yrkeshygieniker,http://data.europa.eu/esco/occupation/574f3232-1d07-4034-8cac-c57ddbfff192,analytisk kemist,close-match,low,https://taxonomy.api.jobtechdev.se/v1/taxonomy/graphql,30
wUVt_uYQ_4Ld,Asbestsanerare,http://data.europa.eu/esco/occupation/990bfa45-5001-4365-93b6-daf01a03b4cd,asbestsanerare,exact-match,high,https://taxonomy.api.jobtechdev.se/v1/taxonomy/graphql,30
wV1P_Ms5_HB2,Byggnadskalkylator/Anbudsingenjör,http://data.europa.eu/esco/occupation/0cca32c2-9308-4927-adb2-14771ab787f0,byggekonom,exact-match,high,https://taxonomy.api.jobtechdev.se/v1/taxonomy/graphql,30
wVNJ_2v4_NKo,Frivårdsinspektör,http://data.europa.eu/esco/occupation/6a7212c9-40da-4346-a190-3896bdd9a925,frivårdsinspektör,exact-match,high,https://taxonomy.api.jobtechdev.se/v1/taxonomy/graphql,30
wfAA_fWK_aym,Turistsekreterare,http://data.europa.eu/esco/occupation/caf7b8fb-b2d6-46b7-bffa-bea7f8e4aed8,"handläggare, offentlig förvaltning",broad-match,low,https://taxonomy.api.jobtechdev.se/v1/taxonomy/graphql,30
wfJq_wY2_bjb,Maskinoperatör metallformning,http://data.europa.eu/esco/occupation/000e93a3-d956-4e45-aacb-f12c83fedf84,"dragpressare, metall",narrow-match,low,https://taxonomy.api.jobtechdev.se/v1/taxonomy/graphql,30
wfJq_wY2_bjb,Maskinoperatör metallformning,http://data.europa.eu/esco/occupation/57b89801-0e43-4b19-bf29-ef9a51d65155,"glödgare, metall",narrow-match,low,https://taxonomy.api.jobtechdev.se/v1/taxonomy/graphql,30
wfJq_wY2_bjb,Maskinoperatör metallformning,http://data.europa.eu/esco/occupation/7664f3e6-b469-4e1a-b52c-8a7ac866eb5a,"maskinvävare, metall",narrow-match,low,https://taxonomy.api.jobtechdev.se/v1/taxonomy/graphql,30
wfJq_wY2_bjb,Maskinoperatör metallformning,http://data.europa.eu/esco/occupation/a0f9903e-2ba5-4b9d-bb0a-a8646db15221,strängsprutningsmaskinist,narrow-match,low,https://taxonomy.api.jobtechdev.se/v1/taxonomy/graphql,30
wfJq_wY2_bjb,Maskinoperatör metallformning,http://data.europa.eu/esco/occupation/c2d5daae-8f8a-45b1-8e76-3284b84ce195,fjäderspinnare,narrow-match,low,https://taxonomy.api.jobtechdev.se/v1/taxonomy/graphql,30
wgpx_nrT_Wd7,"Utbildningskonsulent, skola",http://data.europa.eu/esco/occupation/9a26d76b-b9e3-46ae-ab4b-057a1262138b,"samordnare, behov av specialundervisning",narrow-match,low,https://taxonomy.api.jobtechdev.se/v1/taxonomy/graphql,30
wgpx_nrT_Wd7,"Utbildningskonsulent, skola",http://data.europa.eu/esco/occupation/d89b23c2-d042-4ca6-a917-109fe5a0b30c,"administratör, utbildningsplaner",close-match,low,https://taxonomy.api.jobtechdev.se/v1/taxonomy/graphql,30
whBX_Ndk_opm,Fiskerikontrollant,http://data.europa.eu/esco/occupation/c3fc5265-6333-483f-9339-b4b860efa08d,fiskeriinspektör,exact-match,high,https://taxonomy.api.jobtechdev.se/v1/taxonomy/graphql,30
wjGn_DCt_3Br,Teleskoptruckförare,http://data.europa.eu/esco/occupation/eeac6251-1974-42f5-91ed-513c6c883755,truckförare,broad-match,low,https://taxonomy.api.jobtechdev.se/v1/taxonomy/graphql,30
wkSD_8CV_gHn,Glasmålare,http://data.europa.eu/esco/occupation/6d16c41d-81a7-44a9-836d-7aed46ccb955,glasmålare,exact-match,high,https://taxonomy.api.jobtechdev.se/v1/taxonomy/graphql,30
woHv_Nnf_tCs,Krigsarkivarie,http://data.europa.eu/esco/occupation/e3b08984-19fe-4d51-a1b0-990676fc7234,arkivarie,broad-match,low,https://taxonomy.api.jobtechdev.se/v1/taxonomy/graphql,30
wopo_QVq_oja,Skattehandläggare,http://data.europa.eu/esco/occupation/4a39fddb-17e7-4431-be03-613edab8d1c8,skattehandläggare,exact-match,high,https://taxonomy.api.jobtechdev.se/v1/taxonomy/graphql,30
wopo_QVq_oja,Skattehandläggare,http://data.europa.eu/esco/occupation/c766198e-5b9c-4c85-9fef-be27c783ab19,skatteinspektör,exact-match,high,https://taxonomy.api.jobtechdev.se/v1/taxonomy/graphql,30
wqis_aSV_XCB,"Expeditionschef, departement",http://data.europa.eu/esco/occupation/94e0bedd-e56e-42be-a5a4-b74a260f437c,avdelningschef,broad-match,low,https://taxonomy.api.jobtechdev.se/v1/taxonomy/graphql,30
wseg_bur_Egm,Mopedmekaniker,http://data.europa.eu/esco/occupation/4ad4024e-d1d3-4dea-b6d1-2c7948111dce,fordonstekniker,broad-match,low,https://taxonomy.api.jobtechdev.se/v1/taxonomy/graphql,30
wtxi_ss9_8Cj,Kundtjänstchef,http://data.europa.eu/esco/occupation/bcc2c1db-f969-4355-bebf-4878ff6c2a94,kundtjänstchef,exact-match,high,https://taxonomy.api.jobtechdev.se/v1/taxonomy/graphql,30
wtxi_ss9_8Cj,Kundtjänstchef,http://data.europa.eu/esco/occupation/e8bbc7fd-cfa2-406f-a664-57e5024cfbc5,chef för kundrelationer,narrow-match,low,https://taxonomy.api.jobtechdev.se/v1/taxonomy/graphql,30
wtxi_ss9_8Cj,Kundtjänstchef,http://data.europa.eu/esco/occupation/f5166c6b-3467-4fc4-9343-d12e870d9def,"chef, kontaktcenter",close-match,low,https://taxonomy.api.jobtechdev.se/v1/taxonomy/graphql,30
wvmE_VKa_dzo,Hemsjukvårdare,http://data.europa.eu/esco/occupation/f4525ed8-54eb-4a3b-90db-55cc01b0d9fd,vårdbiträde,close-match,low,https://taxonomy.api.jobtechdev.se/v1/taxonomy/graphql,30
wwT3_6Kf_8BZ,Lärling betonghåltagare,http://data.europa.eu/esco/occupation/a9068f84-cecd-4cbb-9acb-e20c714435ec,betongarbetare,broad-match,low,https://taxonomy.api.jobtechdev.se/v1/taxonomy/graphql,30
wwmJ_dqW_J9p,Driftchef lantbruk,http://data.europa.eu/esco/occupation/1c1e86f9-6347-42d6-aa6e-c95b138bf640,"lantbrukare, blandad drift",close-match,low,https://taxonomy.api.jobtechdev.se/v1/taxonomy/graphql,30
wx1y_zMe_HQe,Keramiker,http://data.europa.eu/esco/occupation/02e94cd6-8e6d-4e9b-b695-edb460c70528,"dekoratör, keramik",close-match,low,https://taxonomy.api.jobtechdev.se/v1/taxonomy/graphql,30
wx1y_zMe_HQe,Keramiker,http://data.europa.eu/esco/occupation/97896345-d102-4549-97a5-8851979e6938,keramiker,exact-match,high,https://taxonomy.api.jobtechdev.se/v1/taxonomy/graphql,30
wx1y_zMe_HQe,Keramiker,http://data.europa.eu/esco/occupation/ec0e64c9-6d9b-4a9f-a022-a418f3b381fe,"konstnär, keramik",exact-match,high,https://taxonomy.api.jobtechdev.se/v1/taxonomy/graphql,30
wxbk_qHV_yc5,"Specialistläkare, bild- och funktionsmedicin",http://data.europa.eu/esco/occupation/5efb4fff-8c5f-4697-9587-034d9f6af094,"röntgentekniker, nukleärmedicin",close-match,low,https://taxonomy.api.jobtechdev.se/v1/taxonomy/graphql,30
wxbk_qHV_yc5,"Specialistläkare, bild- och funktionsmedicin",http://data.europa.eu/esco/occupation/7639a601-6db0-41ed-9fb0-813d9b8beb05,röntgentekniker,close-match,low,https://taxonomy.api.jobtechdev.se/v1/taxonomy/graphql,30
wxbk_qHV_yc5,"Specialistläkare, bild- och funktionsmedicin",http://data.europa.eu/esco/occupation/7d092380-1c2e-48fe-81de-0d191b4e96d6,"röntgentekniker, diagnostik",close-match,low,https://taxonomy.api.jobtechdev.se/v1/taxonomy/graphql,30
wxbk_qHV_yc5,"Specialistläkare, bild- och funktionsmedicin",http://data.europa.eu/esco/occupation/9b889f07-c39c-464d-b9d9-b2daa650f9ac,specialistläkare,broad-match,low,https://taxonomy.api.jobtechdev.se/v1/taxonomy/graphql,30
wyXB_eSG_eyX,Industrilackerare,http://data.europa.eu/esco/occupation/02b5b7b0-b856-4ac7-924c-8c35c7880b2a,"maskinskötare, lackering",exact-match,high,https://taxonomy.api.jobtechdev.se/v1/taxonomy/graphql,30
wyXB_eSG_eyX,Industrilackerare,http://data.europa.eu/esco/occupation/7443811e-6760-44a2-af95-1b9c791733a8,sprutlackerare,broad-match,low,https://taxonomy.api.jobtechdev.se/v1/taxonomy/graphql,30
wyXB_eSG_eyX,Industrilackerare,http://data.europa.eu/esco/occupation/ce5b1eb1-5862-4f00-a813-0f90aecd5ef5,"maskinoperatör, ytbehandling",narrow-match,low,https://taxonomy.api.jobtechdev.se/v1/taxonomy/graphql,30
wypk_7S7_snv,"Ämneslärare, 7-9",http://data.europa.eu/esco/occupation/03d79393-7b30-4159-945b-01963eddd302,grundskollärare,broad-match,low,https://taxonomy.api.jobtechdev.se/v1/taxonomy/graphql,30
x3sT_sEE_ka3,Pantlånare,http://data.europa.eu/esco/occupation/631aaef2-2d67-45c6-93a6-1b1abdf57542,pantlånare,exact-match,high,https://taxonomy.api.jobtechdev.se/v1/taxonomy/graphql,30
x42Z_9vG_pPF,Viltmästare,http://data.europa.eu/esco/occupation/a491c5c1-e126-4414-9ac9-3625a4a79513,viltvårdare,narrow-match,low,https://taxonomy.api.jobtechdev.se/v1/taxonomy/graphql,30
x5jo_dN4_psq,Energiexpert,http://data.europa.eu/esco/occupation/09e070ce-0afe-40bb-be90-530e5d42cdbd,energiexpert specialiserad på bostäder,broad-match,low,https://taxonomy.api.jobtechdev.se/v1/taxonomy/graphql,30
x5jo_dN4_psq,Energiexpert,http://data.europa.eu/esco/occupation/c7f5cab7-7cfb-47d7-890c-6b9c00a9eaaf,energiexpert,exact-match,high,https://taxonomy.api.jobtechdev.se/v1/taxonomy/graphql,30
x6oS_7T1_8Rh,Ekonomikonsult,http://data.europa.eu/esco/occupation/6a29d804-f775-446c-bec7-35fc4e28ac97,företagskonsult,broad-match,low,https://taxonomy.api.jobtechdev.se/v1/taxonomy/graphql,30
x9ye_3pB_6JC,PR-chef,http://data.europa.eu/esco/occupation/6cc19251-763b-4de1-b4f7-526c9ff732d2,pr-chef,exact-match,high,https://taxonomy.api.jobtechdev.se/v1/taxonomy/graphql,30
xAjj_Dx7_LvV,Larmtekniker,http://data.europa.eu/esco/occupation/c0c1364d-f784-4e76-8d3f-1e998dc6545d,larmtekniker,exact-match,high,https://taxonomy.api.jobtechdev.se/v1/taxonomy/graphql,30
xBo9_V9m_bfg,Psykolog,http://data.europa.eu/esco/occupation/4f5bc9a5-e989-409b-bfb5-973b472163cd,psykolog inom utbildningsväsendet,narrow-match,low,https://taxonomy.api.jobtechdev.se/v1/taxonomy/graphql,30
xBo9_V9m_bfg,Psykolog,http://data.europa.eu/esco/occupation/52ded7d7-11df-42e3-b90a-d7f4b70fb4b9,psykolog,exact-match,high,https://taxonomy.api.jobtechdev.se/v1/taxonomy/graphql,30
xBo9_V9m_bfg,Psykolog,http://data.europa.eu/esco/occupation/976c7f50-7f9e-4347-bbb9-f0dc842046a3,hälsopsykolog,narrow-match,low,https://taxonomy.api.jobtechdev.se/v1/taxonomy/graphql,30
xBo9_V9m_bfg,Psykolog,http://data.europa.eu/esco/occupation/c3c8c56c-b3ab-4425-a38a-abcace020d22,klinisk psykolog,narrow-match,low,https://taxonomy.api.jobtechdev.se/v1/taxonomy/graphql,30
xEn5_ViV_mnh,Dentaltekniker/Dentalutrustningstekniker,http://data.europa.eu/esco/occupation/17c02096-05d6-4a5a-ba93-9f22d68df0d3,"montör, tandläkarutrustning",exact-match,high,https://taxonomy.api.jobtechdev.se/v1/taxonomy/graphql,30
xGr7_SGS_U3F,Bygg- och anläggningsförare,http://data.europa.eu/esco/occupation/79082f76-4b11-4594-8437-2db567331f41,vägmarkerare,narrow-match,low,https://taxonomy.api.jobtechdev.se/v1/taxonomy/graphql,30
xJQz_S3z_vab,Agil coach/Agile coach,http://data.europa.eu/esco/occupation/8b6388a4-4904-471b-9331-d3b1211f5525,projektledare inom IKT,broad-match,low,https://taxonomy.api.jobtechdev.se/v1/taxonomy/graphql,30
xJpQ_KS5_L8c,Scenförman,http://data.europa.eu/esco/occupation/5a0ff408-e1df-424b-a2d6-4b475a516f2a,scenbyggare,narrow-match,low,https://taxonomy.api.jobtechdev.se/v1/taxonomy/graphql,30
xMbt_y3G_BrD,Stenhuggare,http://data.europa.eu/esco/occupation/3e9c6f2a-dc20-4366-aeb9-99dffd635b4c,stenkrossmaskinist,narrow-match,low,https://taxonomy.api.jobtechdev.se/v1/taxonomy/graphql,30
xMbt_y3G_BrD,Stenhuggare,http://data.europa.eu/esco/occupation/f3fc11ca-9a72-40da-bf0f-b2aab7e33079,stenhuggare,exact-match,high,https://taxonomy.api.jobtechdev.se/v1/taxonomy/graphql,30
xNZX_tnB_NQj,"Lärling, sprinklermontör",http://data.europa.eu/esco/occupation/02ff199e-38b3-45fd-b659-68846cfeeb92,sprinklermontör,exact-match,high,https://taxonomy.api.jobtechdev.se/v1/taxonomy/graphql,30
xQP2_w9J_jbZ,Kategorichef/Kategoriansvarig,http://data.europa.eu/esco/occupation/dab60fc6-c16e-4de7-b969-b323784f5a49,kategorichef,exact-match,high,https://taxonomy.api.jobtechdev.se/v1/taxonomy/graphql,30
xQxJ_E6e_Hzv,Konsthantverkare,http://data.europa.eu/esco/occupation/02375132-3290-4221-bf55-d93ec61a3bf3,handvävare,narrow-match,low,https://taxonomy.api.jobtechdev.se/v1/taxonomy/graphql,30
xQxJ_E6e_Hzv,Konsthantverkare,http://data.europa.eu/esco/occupation/3562e70c-016c-455c-b949-521a367418a5,handstickare,narrow-match,low,https://taxonomy.api.jobtechdev.se/v1/taxonomy/graphql,30
xQxJ_E6e_Hzv,Konsthantverkare,http://data.europa.eu/esco/occupation/5e29c263-a3ca-4220-b67e-ee65205db294,leksaksmakare,narrow-match,low,https://taxonomy.api.jobtechdev.se/v1/taxonomy/graphql,30
xQxJ_E6e_Hzv,Konsthantverkare,http://data.europa.eu/esco/occupation/72d03aad-2003-404e-ae71-a37206e3566b,läderhantverkare,narrow-match,low,https://taxonomy.api.jobtechdev.se/v1/taxonomy/graphql,30
xQxJ_E6e_Hzv,Konsthantverkare,http://data.europa.eu/esco/occupation/8b97d85f-4a7a-4908-aa72-9c947c0cb0cd,mattmakare,narrow-match,low,https://taxonomy.api.jobtechdev.se/v1/taxonomy/graphql,30
xQxJ_E6e_Hzv,Konsthantverkare,http://data.europa.eu/esco/occupation/949bccd9-e1d2-4c57-b787-53b451aa1354,korgmöbelmakare,narrow-match,low,https://taxonomy.api.jobtechdev.se/v1/taxonomy/graphql,30
xQxJ_E6e_Hzv,Konsthantverkare,http://data.europa.eu/esco/occupation/9c57263e-a38f-4c45-9265-a3c3e7cc2c5c,borstmakare,narrow-match,low,https://taxonomy.api.jobtechdev.se/v1/taxonomy/graphql,30
xQxJ_E6e_Hzv,Konsthantverkare,http://data.europa.eu/esco/occupation/9efbe0de-37c0-4cc2-a1e6-a916eb4ecaa2,pappersmakare,narrow-match,low,https://taxonomy.api.jobtechdev.se/v1/taxonomy/graphql,30
xQxJ_E6e_Hzv,Konsthantverkare,http://data.europa.eu/esco/occupation/b07e291d-1ea0-44d6-861c-e2c36861f9e3,korgmakare,narrow-match,low,https://taxonomy.api.jobtechdev.se/v1/taxonomy/graphql,30
xQxJ_E6e_Hzv,Konsthantverkare,http://data.europa.eu/esco/occupation/b3cd0522-14a9-4e21-a7ee-c9a1f9c0de51,mattvävare,narrow-match,low,https://taxonomy.api.jobtechdev.se/v1/taxonomy/graphql,30
xQxJ_E6e_Hzv,Konsthantverkare,http://data.europa.eu/esco/occupation/b9d03330-c71c-4827-8797-3e96249d54db,träsnidare,narrow-match,low,https://taxonomy.api.jobtechdev.se/v1/taxonomy/graphql,30
xQxJ_E6e_Hzv,Konsthantverkare,http://data.europa.eu/esco/occupation/e148e1ed-4f46-40a7-95c9-d6914f664f17,ljusmakare,narrow-match,low,https://taxonomy.api.jobtechdev.se/v1/taxonomy/graphql,30
xUfR_QAo_B3a,Förskolerektor,http://data.europa.eu/esco/occupation/c269387f-a652-4880-860a-e91ef105bfb7,"rektor, förskola",exact-match,high,https://taxonomy.api.jobtechdev.se/v1/taxonomy/graphql,30
xUfR_QAo_B3a,Förskolerektor,http://data.europa.eu/esco/occupation/fa6bd9e9-9631-4abe-b2f8-fad7bf8a819d,förskolechef,exact-match,high,https://taxonomy.api.jobtechdev.se/v1/taxonomy/graphql,30
xUwN_SAt_vGg,Sminkör,http://data.europa.eu/esco/occupation/49713da4-4e97-4f82-bd1c-16ce7f9179b7,makeup-artist,close-match,low,https://taxonomy.api.jobtechdev.se/v1/taxonomy/graphql,30
xYHS_T5r_RyK,Gitarrbyggare,http://data.europa.eu/esco/occupation/82ea66b0-0f9c-44ed-94bc-0c5b829531b3,gitarrbyggare,exact-match,high,https://taxonomy.api.jobtechdev.se/v1/taxonomy/graphql,30
xaLh_X2Y_aAn,Konstnär,http://data.europa.eu/esco/occupation/080bce18-066b-4431-90ed-e07608f73fe0,gatukonstnär,narrow-match,low,https://taxonomy.api.jobtechdev.se/v1/taxonomy/graphql,30
xaLh_X2Y_aAn,Konstnär,http://data.europa.eu/esco/occupation/374d925a-107b-4c99-bc8b-75483441f062,bildkonstnär,narrow-match,low,https://taxonomy.api.jobtechdev.se/v1/taxonomy/graphql,30
xaLh_X2Y_aAn,Konstnär,http://data.europa.eu/esco/occupation/4efdf62f-a1d9-450e-aebc-2d6a6110f05d,communitykonstnär,narrow-match,low,https://taxonomy.api.jobtechdev.se/v1/taxonomy/graphql,30
xaLh_X2Y_aAn,Konstnär,http://data.europa.eu/esco/occupation/7beefadd-ea05-4f59-bc4b-01075f27b937,videokonstnär,narrow-match,low,https://taxonomy.api.jobtechdev.se/v1/taxonomy/graphql,30
xaLh_X2Y_aAn,Konstnär,http://data.europa.eu/esco/occupation/b2f5ed56-c83f-40d0-b861-f5253cd3d1d9,glaskonstnär,narrow-match,low,https://taxonomy.api.jobtechdev.se/v1/taxonomy/graphql,30
xaQL_Wbc_6su,Bioinformatiker,http://data.europa.eu/esco/occupation/68d973df-bf10-4bf7-9a1b-fbd9f604b9db,forskare i bioinformatik,exact-match,high,https://taxonomy.api.jobtechdev.se/v1/taxonomy/graphql,30
xaQL_Wbc_6su,Bioinformatiker,http://data.europa.eu/esco/occupation/eee68e13-8248-43bb-a9fb-959832a6c217,biolog,broad-match,low,https://taxonomy.api.jobtechdev.se/v1/taxonomy/graphql,30
xaaV_c7e_mk7,Specialistarbetsterapeut,http://data.europa.eu/esco/occupation/33da5532-8c4e-4d1b-b52e-c201ee1bc7ab,arbetsterapeut,broad-match,low,https://taxonomy.api.jobtechdev.se/v1/taxonomy/graphql,30
xbZT_DjD_aWc,Kammarrättspresident,http://data.europa.eu/esco/occupation/07bd65d7-c13f-443a-bdf6-88903f3822be,domare,broad-match,low,https://taxonomy.api.jobtechdev.se/v1/taxonomy/graphql,30
xdJA_FH6_Eqv,Stuntman,http://data.europa.eu/esco/occupation/84f20f5d-149a-4512-b319-18a81d3d6026,stuntman,exact-match,high,https://taxonomy.api.jobtechdev.se/v1/taxonomy/graphql,30
xdLw_h9E_dNV,Besiktningsingenjör,http://data.europa.eu/esco/occupation/3288a2fe-4934-47c8-ad0b-11b16c9cd461,"kontrollant, allmännyttiga anläggningar",narrow-match,low,https://taxonomy.api.jobtechdev.se/v1/taxonomy/graphql,30
xdLw_h9E_dNV,Besiktningsingenjör,http://data.europa.eu/esco/occupation/6293a718-3fcd-433f-a010-0899821a51b7,broinspektör,narrow-match,low,https://taxonomy.api.jobtechdev.se/v1/taxonomy/graphql,30
xdLw_h9E_dNV,Besiktningsingenjör,http://data.europa.eu/esco/occupation/f7ddb68a-beba-4aa9-b5cb-d174d70ea724,svetsinspektör,narrow-match,low,https://taxonomy.api.jobtechdev.se/v1/taxonomy/graphql,30
xebT_T36_D4K,Turistchef,http://data.europa.eu/esco/occupation/6ce3c372-408b-4c46-86d8-ad6b9255d686,produktchef inom turism,narrow-match,low,https://taxonomy.api.jobtechdev.se/v1/taxonomy/graphql,30
xebT_T36_D4K,Turistchef,http://data.europa.eu/esco/occupation/e246eca2-2cec-45b4-ae76-aa1f37d07bc5,turismchef,exact-match,high,https://taxonomy.api.jobtechdev.se/v1/taxonomy/graphql,30
xf1u_Fjo_du4,Registrator,http://data.europa.eu/esco/occupation/6c999fc7-c6b7-4ef3-a4b9-af124a1783a2,kontorsassistent,broad-match,low,https://taxonomy.api.jobtechdev.se/v1/taxonomy/graphql,30
xhPp_qTB_poK,Processoperatör kemisk industri,http://data.europa.eu/esco/occupation/235ce16a-1ef7-4535-a82e-e371213c392b,"processoperatör, kemisk industri, kväve och syre",narrow-match,low,https://taxonomy.api.jobtechdev.se/v1/taxonomy/graphql,30
xhPp_qTB_poK,Processoperatör kemisk industri,http://data.europa.eu/esco/occupation/a241eff8-309b-43ae-8890-ac4cfbd3067c,"processoperatör, kemisk industri",exact-match,high,https://taxonomy.api.jobtechdev.se/v1/taxonomy/graphql,30
xhPp_qTB_poK,Processoperatör kemisk industri,http://data.europa.eu/esco/occupation/b21aac17-8237-4264-bc2c-0e315346fd8f,"processövervakare, kemisk anläggning",exact-match,high,https://taxonomy.api.jobtechdev.se/v1/taxonomy/graphql,30
xhPp_qTB_poK,Processoperatör kemisk industri,http://data.europa.eu/esco/occupation/f1c8c186-bef9-4d72-9257-90fc4f992ab7,"processoperatör, kemisk industri, gasanläggning",narrow-match,low,https://taxonomy.api.jobtechdev.se/v1/taxonomy/graphql,30
xhfo_vkR_4aK,Generalsekreterare,http://data.europa.eu/esco/occupation/5c5b153e-4bf8-4f3d-973d-12fabf306d12,generalsekreterare,exact-match,high,https://taxonomy.api.jobtechdev.se/v1/taxonomy/graphql,30
xhjJ_p62_8Gs,2:e Styrman,http://data.europa.eu/esco/occupation/6474e4d4-e3a6-4e88-83ee-971ebbf954e9,2:e styrman,exact-match,high,https://taxonomy.api.jobtechdev.se/v1/taxonomy/graphql,30
xkTS_4P4_Sdy,Departementschef,http://data.europa.eu/esco/occupation/404a50e9-61ce-448d-a695-bbfc697a0727,minister,exact-match,high,https://taxonomy.api.jobtechdev.se/v1/taxonomy/graphql,30
xnpp_dc3_tYy,Psykologstuderande,http://data.europa.eu/esco/occupation/52ded7d7-11df-42e3-b90a-d7f4b70fb4b9,psykolog,close-match,low,https://taxonomy.api.jobtechdev.se/v1/taxonomy/graphql,30
xoTd_uUm_g8g,Miljöcontroller,http://data.europa.eu/esco/occupation/59883630-45f9-40e7-9732-9e5ff9758d2b,miljösamordnare,close-match,low,https://taxonomy.api.jobtechdev.se/v1/taxonomy/graphql,30
xq4p_8Y5_SYR,Ortodontiassistent,http://data.europa.eu/esco/occupation/bdc74965-1d1a-4f8e-a490-9cf71f494e02,tandsköterska,broad-match,low,https://taxonomy.api.jobtechdev.se/v1/taxonomy/graphql,30
xqy1_tB2_tBK,Inredningsarkitekt,http://data.europa.eu/esco/occupation/efa81635-9125-4276-8902-9deb12170ea7,inredningsarkitekt,exact-match,high,https://taxonomy.api.jobtechdev.se/v1/taxonomy/graphql,30
xrCc_5SZ_VcF,Lantbruksinspektor,http://data.europa.eu/esco/occupation/715b902f-b1b6-4366-afc6-ddb8ab715229,lantbruksinspektör,exact-match,high,https://taxonomy.api.jobtechdev.se/v1/taxonomy/graphql,30
xrNb_bgJ_bdD,Åklagare,http://data.europa.eu/esco/occupation/acf462a3-9c34-46cb-952a-c612c38299f4,åklagare,exact-match,high,https://taxonomy.api.jobtechdev.se/v1/taxonomy/graphql,30
xrVh_3uf_kWi,Mimpedagog,http://data.europa.eu/esco/occupation/cbde2432-cb7f-451f-a686-b22cad3957a6,dramalärare,close-match,low,https://taxonomy.api.jobtechdev.se/v1/taxonomy/graphql,30
xwG4_5v2_7ZC,Onkologisjuksköterska,http://data.europa.eu/esco/occupation/18e14e61-495b-44cc-a7c6-df4c625934ba,specialistsjuksköterska,broad-match,low,https://taxonomy.api.jobtechdev.se/v1/taxonomy/graphql,30
xwG4_5v2_7ZC,Onkologisjuksköterska,http://data.europa.eu/esco/occupation/e139b0a3-3bc5-4c33-bfbf-51ac20ac12fa,strålterapeut,narrow-match,low,https://taxonomy.api.jobtechdev.se/v1/taxonomy/graphql,30
y114_8sx_SXk,Äldreomsorgschef,http://data.europa.eu/esco/occupation/eea2b5c6-48d1-4612-957e-585783b3c7bb,"chef, äldreboende",close-match,low,https://taxonomy.api.jobtechdev.se/v1/taxonomy/graphql,30
y2J4_Kxs_TVQ,Maskinkonstruktör,http://data.europa.eu/esco/occupation/04849c5c-9236-4a75-aabb-11c6d03e459c,"maskinkonstruktör, fartyg",narrow-match,low,https://taxonomy.api.jobtechdev.se/v1/taxonomy/graphql,30
y2J4_Kxs_TVQ,Maskinkonstruktör,http://data.europa.eu/esco/occupation/2ac509e8-2850-42c3-b11d-d24077a7921b,"ritare, fartyg och båtar",narrow-match,low,https://taxonomy.api.jobtechdev.se/v1/taxonomy/graphql,30
y2J4_Kxs_TVQ,Maskinkonstruktör,http://data.europa.eu/esco/occupation/38240cc5-d1d9-4de9-9480-29c51da291eb,"ritare, maskinteknik",narrow-match,low,https://taxonomy.api.jobtechdev.se/v1/taxonomy/graphql,30
y2J4_Kxs_TVQ,Maskinkonstruktör,http://data.europa.eu/esco/occupation/3f73120d-cece-4848-9fb4-61fdbaa7eba5,"ritare, rullande materiel",narrow-match,low,https://taxonomy.api.jobtechdev.se/v1/taxonomy/graphql,30
y2J4_Kxs_TVQ,Maskinkonstruktör,http://data.europa.eu/esco/occupation/7833d5cd-873d-4fdd-b2f8-9762d68494a7,"tekniker, robotteknik",narrow-match,low,https://taxonomy.api.jobtechdev.se/v1/taxonomy/graphql,30
y2J4_Kxs_TVQ,Maskinkonstruktör,http://data.europa.eu/esco/occupation/d2af4f6b-c990-4d8e-bb17-befca23a307a,optomekaniktekniker,narrow-match,low,https://taxonomy.api.jobtechdev.se/v1/taxonomy/graphql,30
y4XX_MZ7_Nk7,Yrkesdykare,http://data.europa.eu/esco/occupation/5a596834-bc8f-4273-8d09-006957b60347,anläggningsdykare,close-match,low,https://taxonomy.api.jobtechdev.se/v1/taxonomy/graphql,30
y4XX_MZ7_Nk7,Yrkesdykare,http://data.europa.eu/esco/occupation/bcc199fe-f7df-42a5-bd45-e33ae6160f26,räddningsdykare,close-match,low,https://taxonomy.api.jobtechdev.se/v1/taxonomy/graphql,30
y5XM_3yd_YN6,Beläggningsarbetare,http://data.europa.eu/esco/occupation/5f68c4c3-9d25-48e2-8efc-5471a80fb155,beläggningsmaskinförare,exact-match,high,https://taxonomy.api.jobtechdev.se/v1/taxonomy/graphql,30
y763_SQh_71J,Databasadministratör,http://data.europa.eu/esco/occupation/8c57af09-719c-42b3-be40-6ed4946236cc,databasadministratör,exact-match,high,https://taxonomy.api.jobtechdev.se/v1/taxonomy/graphql,30
y7Vn_sCD_B6m,Textildesigner,http://data.europa.eu/esco/occupation/0f7c84c5-1c0d-4fc1-8949-07dbe8bd34ef,textilformgivare,exact-match,high,https://taxonomy.api.jobtechdev.se/v1/taxonomy/graphql,30
y7Vn_sCD_B6m,Textildesigner,http://data.europa.eu/esco/occupation/6833077e-e521-4605-bc1a-893f4b3d811c,"produktutvecklare, textil",narrow-match,low,https://taxonomy.api.jobtechdev.se/v1/taxonomy/graphql,30
yDui_fD3_o5A,Språkutbildare,http://data.europa.eu/esco/occupation/9711dcfc-d9a8-4fba-9c5e-8428d8bcb53e,"lärare, språkskola",exact-match,high,https://taxonomy.api.jobtechdev.se/v1/taxonomy/graphql,30
yEKs_7aD_9nD,Sändningstekniker,http://data.europa.eu/esco/occupation/fe4a72af-6206-4d86-90c1-b5fb4b5ba2b2,sändningstekniker,exact-match,high,https://taxonomy.api.jobtechdev.se/v1/taxonomy/graphql,30
yJHw_ezK_66B,Maskinoperatör hygienteknik,http://data.europa.eu/esco/occupation/29a36f21-da45-4a01-b015-cac4445e5025,"maskinoperatör, hygienteknik",narrow-match,low,https://taxonomy.api.jobtechdev.se/v1/taxonomy/graphql,30
yJHw_ezK_66B,Maskinoperatör hygienteknik,http://data.europa.eu/esco/occupation/34c191ec-e3e3-4746-ae10-7ff4306a2794,"maskinoperatör, hygienteknik, tvåltillverkning",narrow-match,low,https://taxonomy.api.jobtechdev.se/v1/taxonomy/graphql,30
yJHw_ezK_66B,Maskinoperatör hygienteknik,http://data.europa.eu/esco/occupation/39e06c20-d262-44f9-a6a8-a0f3ba9e887c,tvålmaskinskötare,narrow-match,low,https://taxonomy.api.jobtechdev.se/v1/taxonomy/graphql,30
yJHw_ezK_66B,Maskinoperatör hygienteknik,http://data.europa.eu/esco/occupation/3a67544c-919f-4051-b812-c08e69eec3fd,"maskinoperatör, tvålpressning",narrow-match,low,https://taxonomy.api.jobtechdev.se/v1/taxonomy/graphql,30
yJHw_ezK_66B,Maskinoperatör hygienteknik,http://data.europa.eu/esco/occupation/c7c3f05b-319b-4aa7-891e-78106f875de2,"maskinoperatör, tvåltvättmedel",narrow-match,low,https://taxonomy.api.jobtechdev.se/v1/taxonomy/graphql,30
yMd7_87H_qf2,Regulatorisk handläggare/Regulatory affairs specialist,http://data.europa.eu/esco/occupation/779d13be-60b4-48f3-a339-fe483be96c7f,förvaltningsjurist,narrow-match,low,https://taxonomy.api.jobtechdev.se/v1/taxonomy/graphql,30
yNu2_zWd_pM9,Specialisttandläkare inom pedodonti,http://data.europa.eu/esco/occupation/a580e79a-b752-49c1-b033-b5ab2b34bfba,specialisttandläkare,broad-match,low,https://taxonomy.api.jobtechdev.se/v1/taxonomy/graphql,30
yPpE_9Cp_YXv,Hyveloperatör inom trä- och möbelindustri,http://data.europa.eu/esco/occupation/3bdf6206-e952-4177-a17b-2a03bfee2144,"slipare, snickeri",narrow-match,low,https://taxonomy.api.jobtechdev.se/v1/taxonomy/graphql,30
yVjs_qww_hg9,Domstolshandläggare,http://data.europa.eu/esco/occupation/0f63619d-63ea-4345-81f5-4673353fe8d2,domstolshandläggare,exact-match,high,https://taxonomy.api.jobtechdev.se/v1/taxonomy/graphql,30
yVjs_qww_hg9,Domstolshandläggare,http://data.europa.eu/esco/occupation/42c769cd-4c60-4bac-94d2-29a492b82b74,"domstolssekreterare, korrekturläsning",narrow-match,low,https://taxonomy.api.jobtechdev.se/v1/taxonomy/graphql,30
yVjs_qww_hg9,Domstolshandläggare,http://data.europa.eu/esco/occupation/a7f63810-a21a-4e7e-8aa2-6637d14ea3c1,domstolssekreterare,exact-match,high,https://taxonomy.api.jobtechdev.se/v1/taxonomy/graphql,30
yVjs_qww_hg9,Domstolshandläggare,http://data.europa.eu/esco/occupation/ac60ed89-da6d-4f1a-93ee-1031789c7796,"protokollförare, domstol",narrow-match,low,https://taxonomy.api.jobtechdev.se/v1/taxonomy/graphql,30
yVjs_qww_hg9,Domstolshandläggare,http://data.europa.eu/esco/occupation/bac62d45-bb74-45fa-9b38-a3ebf2095212,domstolsadministratör,exact-match,high,https://taxonomy.api.jobtechdev.se/v1/taxonomy/graphql,30
yXRQ_Ad9_E8V,Restaurangbiträde,http://data.europa.eu/esco/occupation/b4bff870-5c8f-4c33-b07f-f04d79830633,restaurangbiträde,narrow-match,low,https://taxonomy.api.jobtechdev.se/v1/taxonomy/graphql,30
yXRQ_Ad9_E8V,Restaurangbiträde,http://data.europa.eu/esco/occupation/e1cf6897-158d-4b48-a39e-2a3a8cac216c,köksbiträde,close-match,low,https://taxonomy.api.jobtechdev.se/v1/taxonomy/graphql,30
yYHo_Ss4_Rw8,"Driftchef, data",http://data.europa.eu/esco/occupation/7b1b5da8-573a-49bb-a38e-68725a949f4f,teknikchef,narrow-match,low,https://taxonomy.api.jobtechdev.se/v1/taxonomy/graphql,30
yaAT_Ecj_77b,Naturgeograf,http://data.europa.eu/esco/occupation/bac64fa2-dcd6-47bb-8e5c-04e04a86a199,geograf,broad-match,low,https://taxonomy.api.jobtechdev.se/v1/taxonomy/graphql,30
yays_pQS_czh,Beläggningsmaskinförare,http://data.europa.eu/esco/occupation/5f68c4c3-9d25-48e2-8efc-5471a80fb155,beläggningsmaskinförare,exact-match,high,https://taxonomy.api.jobtechdev.se/v1/taxonomy/graphql,30
yc4h_BH7_yq6,Företagskonsult,http://data.europa.eu/esco/occupation/6a29d804-f775-446c-bec7-35fc4e28ac97,företagskonsult,exact-match,high,https://taxonomy.api.jobtechdev.se/v1/taxonomy/graphql,30
yfBV_uVJ_JSr,Fiolbyggare,http://data.europa.eu/esco/occupation/d0c923f1-e32b-4838-a109-eac58945dab1,fiolbyggare,exact-match,high,https://taxonomy.api.jobtechdev.se/v1/taxonomy/graphql,30
yfhW_7ko_iVM,Elektronikreparatör,http://data.europa.eu/esco/occupation/490d0c6f-0dc8-4825-9f17-207749fb1785,"servicetekniker, uttagsautomat",narrow-match,low,https://taxonomy.api.jobtechdev.se/v1/taxonomy/graphql,30
yfhW_7ko_iVM,Elektronikreparatör,http://data.europa.eu/esco/occupation/b493b10d-7131-4814-93bb-a2c1be4a095f,"servicetekniker, kontorsmaskiner",narrow-match,low,https://taxonomy.api.jobtechdev.se/v1/taxonomy/graphql,30
yfhW_7ko_iVM,Elektronikreparatör,http://data.europa.eu/esco/occupation/f4eaff3d-f8d0-4a6a-aa90-76827c0fbada,hushållsmaskinreparatör,narrow-match,low,https://taxonomy.api.jobtechdev.se/v1/taxonomy/graphql,30
yfhW_7ko_iVM,Elektronikreparatör,http://data.europa.eu/esco/occupation/f8ab2e08-d14e-4938-a2cd-c04821556db7,hemelektroniktekniker,narrow-match,low,https://taxonomy.api.jobtechdev.se/v1/taxonomy/graphql,30
yhF2_vDD_WB9,Undervisningsråd,http://data.europa.eu/esco/occupation/f817aab2-ec8a-45ec-88ef-c11e0f19fd85,"handläggare, offentlig förvaltning, utbildning",exact-match,high,https://taxonomy.api.jobtechdev.se/v1/taxonomy/graphql,30
yiFS_2Zq_NzF,Arbetsterapibiträde,http://data.europa.eu/esco/occupation/82cbe20d-967c-4161-9ecd-eafc724d171c,arbetsterapibiträde,exact-match,high,https://taxonomy.api.jobtechdev.se/v1/taxonomy/graphql,30
ypdM_QPA_qLt,Driftchef fastighet,http://data.europa.eu/esco/occupation/b42c5ed4-c6e4-4694-934f-96127719cc43,anläggningschef,broad-match,low,https://taxonomy.api.jobtechdev.se/v1/taxonomy/graphql,30
yrJP_GPE_xpq,Operationskoordinator,http://data.europa.eu/esco/occupation/8d3e8aaa-791b-4c75-a465-f3f827028f50,"sjuksköterska, grundutbildad",broad-match,low,https://taxonomy.api.jobtechdev.se/v1/taxonomy/graphql,30
yrTN_sge_2cF,"Forskningschef, museum",http://data.europa.eu/esco/occupation/c02ee787-c30b-4f0d-9d7f-6eb36fc44a5d,forskningschef,broad-match,low,https://taxonomy.api.jobtechdev.se/v1/taxonomy/graphql,30
ytrP_JCv_bwH,Game designer/Speldesigner,http://data.europa.eu/esco/occupation/11830794-108c-48fe-a282-2cd7a2945344,hasardspelsdesigner,narrow-match,low,https://taxonomy.api.jobtechdev.se/v1/taxonomy/graphql,30
ytrP_JCv_bwH,Game designer/Speldesigner,http://data.europa.eu/esco/occupation/d68ff35f-e34d-4e32-88ab-d6c06a6c25b9,dataspelsdesigner,exact-match,high,https://taxonomy.api.jobtechdev.se/v1/taxonomy/graphql,30
ytyd_woW_QVz,Resebyråassistent,http://data.europa.eu/esco/occupation/79f8f68c-5509-4119-9373-8bef1c364d31,resebyråpersonal,close-match,low,https://taxonomy.api.jobtechdev.se/v1/taxonomy/graphql,30
ytyd_woW_QVz,Resebyråassistent,http://data.europa.eu/esco/occupation/bdf2dd9d-6c92-46f4-a8e7-76c12302d3e7,resebyråassistent,exact-match,high,https://taxonomy.api.jobtechdev.se/v1/taxonomy/graphql,30
ywWg_2t1_JSW,Lastbilssäljare,http://data.europa.eu/esco/occupation/6a163fef-dee8-4583-82b0-13b76d8a27b2,"specialiserad säljare, motorfordon",broad-match,low,https://taxonomy.api.jobtechdev.se/v1/taxonomy/graphql,30
ywWg_2t1_JSW,Lastbilssäljare,http://data.europa.eu/esco/occupation/a1da839e-9b70-4032-bb83-820790e77003,"uthyrare, lastbilar",exact-match,high,https://taxonomy.api.jobtechdev.se/v1/taxonomy/graphql,30
ywWg_2t1_JSW,Lastbilssäljare,http://data.europa.eu/esco/occupation/b972feaa-e2a6-4b22-9de4-18040f3f04eb,"uthyrare, jordbruksmaskiner och jordbruksredskap",close-match,low,https://taxonomy.api.jobtechdev.se/v1/taxonomy/graphql,30
yxdq_tQs_wWo,Försäkringsjurist,http://data.europa.eu/esco/occupation/31854d78-3615-43a4-aa3a-c597ecb20ceb,juridisk rådgivare,close-match,low,https://taxonomy.api.jobtechdev.se/v1/taxonomy/graphql,30
yyM2_7Vy_Fda,Featurechef,http://data.europa.eu/esco/occupation/cbdb80db-c760-4b68-b074-88c397650ef5,chefredaktör,broad-match,low,https://taxonomy.api.jobtechdev.se/v1/taxonomy/graphql,30
yzRe_eD8_d2E,Fotografassistent,http://data.europa.eu/esco/occupation/66542dd6-05a6-4d9e-97ff-3f4858c31ff9,fotograf,broad-match,low,https://taxonomy.api.jobtechdev.se/v1/taxonomy/graphql,30
z1K2_Ens_9zu,Tornkranförare,http://data.europa.eu/esco/occupation/0ea5fdff-074c-4094-98b9-04432361e4d9,tornkranförare,exact-match,high,https://taxonomy.api.jobtechdev.se/v1/taxonomy/graphql,30
z2ti_meu_Pzf,Teknisk säljare,http://data.europa.eu/esco/occupation/6e591f17-65c1-4a24-af2a-ca7862d4625e,"företagssäljare, elektronik och telekommunikationsutrustning",narrow-match,low,https://taxonomy.api.jobtechdev.se/v1/taxonomy/graphql,30
z2ti_meu_Pzf,Teknisk säljare,http://data.europa.eu/esco/occupation/8529edc5-96ad-4cde-b34a-f86ad3753e4d,systemsäljare,exact-match,high,https://taxonomy.api.jobtechdev.se/v1/taxonomy/graphql,30
z2ti_meu_Pzf,Teknisk säljare,http://data.europa.eu/esco/occupation/b6f4573d-659f-49ca-a885-850a48d01913,"företagssäljare, maskiner och industriell utrustning",narrow-match,low,https://taxonomy.api.jobtechdev.se/v1/taxonomy/graphql,30
z2ti_meu_Pzf,Teknisk säljare,http://data.europa.eu/esco/occupation/c956be07-53a3-4b01-b8f8-f0c5a428eaa8,företagssäljare,close-match,low,https://taxonomy.api.jobtechdev.se/v1/taxonomy/graphql,30
z5AM_ayf_WcL,"Projektledare, IT",http://data.europa.eu/esco/occupation/8b6388a4-4904-471b-9331-d3b1211f5525,projektledare inom IKT,exact-match,high,https://taxonomy.api.jobtechdev.se/v1/taxonomy/graphql,30
z5se_M6P_58t,Fysiker,http://data.europa.eu/esco/occupation/7f2761eb-4edc-48ad-9fbf-eed0a0db9a21,fysiker,exact-match,high,https://taxonomy.api.jobtechdev.se/v1/taxonomy/graphql,30
z7WD_aBS_m9N,Flight Operating Officer,http://data.europa.eu/esco/occupation/6e785f05-969e-4940-aedb-d0f896bb0230,flygklarerare,exact-match,high,https://taxonomy.api.jobtechdev.se/v1/taxonomy/graphql,30
z7jD_UBj_Lrx,Kronoinspektör,http://data.europa.eu/esco/occupation/50a66df6-c141-4b4a-937a-d3bc55737ae3,inkasserare,close-match,low,https://taxonomy.api.jobtechdev.se/v1/taxonomy/graphql,30
z7jD_UBj_Lrx,Kronoinspektör,http://data.europa.eu/esco/occupation/50a66df6-c141-4b4a-937a-d3bc55737ae3,inkasserare,broad-match,low,https://taxonomy.api.jobtechdev.se/v1/taxonomy/graphql,30
z9Cu_vJh_B55,Hattmakare,http://data.europa.eu/esco/occupation/fd1c0f5a-f465-4067-af54-621e68c90f74,modist,exact-match,high,https://taxonomy.api.jobtechdev.se/v1/taxonomy/graphql,30
zBWk_kpm_25V,Skidlärare,http://data.europa.eu/esco/occupation/776837b1-6f6b-4014-8330-d56918303e93,snowboardinstruktör,narrow-match,low,https://taxonomy.api.jobtechdev.se/v1/taxonomy/graphql,30
zBWk_kpm_25V,Skidlärare,http://data.europa.eu/esco/occupation/812276dd-95ea-428b-b05e-a61c4089063c,skidinstruktör,exact-match,high,https://taxonomy.api.jobtechdev.se/v1/taxonomy/graphql,30
zD7L_ZqX_cqz,"Förlagschef, bokförlag",http://data.europa.eu/esco/occupation/aab8009a-5759-4f52-8865-6cc657b1f099,"samordnare, publiceringsverksamhet",close-match,low,https://taxonomy.api.jobtechdev.se/v1/taxonomy/graphql,30
zD7L_ZqX_cqz,"Förlagschef, bokförlag",http://data.europa.eu/esco/occupation/e2ad6d3e-1736-466b-a2bf-9823f683c8ab,förläggare,close-match,low,https://taxonomy.api.jobtechdev.se/v1/taxonomy/graphql,30
zEQp_7L8_AkE,Dekormålare,http://data.europa.eu/esco/occupation/4ed36f4c-9d5b-4a01-bf59-7f3c7844ce95,teatermålare,narrow-match,low,https://taxonomy.api.jobtechdev.se/v1/taxonomy/graphql,30
zKXh_Svk_4K8,Botaniker,http://data.europa.eu/esco/occupation/55f001af-fa48-4c0c-a7e5-fc69babe3d45,botaniker,exact-match,high,https://taxonomy.api.jobtechdev.se/v1/taxonomy/graphql,30
zKXh_Svk_4K8,Botaniker,http://data.europa.eu/esco/occupation/cc9fcab5-a5c6-4cc9-9606-cbcc2852537f,"konservator, hortikultur",narrow-match,low,https://taxonomy.api.jobtechdev.se/v1/taxonomy/graphql,30
zM7a_dYT_hRr,"Projektledare, gruva",http://data.europa.eu/esco/occupation/efc75d4e-dfbf-4178-929c-0ae198801c36,gruvingenjör,close-match,low,https://taxonomy.api.jobtechdev.se/v1/taxonomy/graphql,30
zNEo_54u_hSC,Teknisk redaktör,http://data.europa.eu/esco/occupation/8cb59bc4-1f39-477e-beea-effed12d186c,teknisk kommunikatör,exact-match,high,https://taxonomy.api.jobtechdev.se/v1/taxonomy/graphql,30
zPnh_tjw_E6B,"Arbetsledare, VVS",http://data.europa.eu/esco/occupation/0763c810-8ac6-4e39-867d-780a11af26e0,"arbetsledare, VVS",exact-match,high,https://taxonomy.api.jobtechdev.se/v1/taxonomy/graphql,30
zPnh_tjw_E6B,"Arbetsledare, VVS",http://data.europa.eu/esco/occupation/2b318e09-1a5d-4d7f-85a7-fe78945fe917,"arbetsledare, anläggning avloppsnät",exact-match,high,https://taxonomy.api.jobtechdev.se/v1/taxonomy/graphql,30
zR5y_K7c_TNp,Enhetschef inom social omsorg/Föreståndare inom social omsorg,http://data.europa.eu/esco/occupation/c18fddf5-cfc4-4f9c-94d6-86608faaa1dd,socialchef,broad-match,low,https://taxonomy.api.jobtechdev.se/v1/taxonomy/graphql,30
zRLw_Aid_zDh,Psykologiskt ledningsansvarig psykolog/PLA,http://data.europa.eu/esco/occupation/52ded7d7-11df-42e3-b90a-d7f4b70fb4b9,psykolog,broad-match,low,https://taxonomy.api.jobtechdev.se/v1/taxonomy/graphql,30
zXv9_zv2_VUs,Lageradministratör,http://data.europa.eu/esco/occupation/30870ea4-5e8e-4b92-a9d5-65e3b97a9b30,"administratör, råvarulager",narrow-match,low,https://taxonomy.api.jobtechdev.se/v1/taxonomy/graphql,30
zXv9_zv2_VUs,Lageradministratör,http://data.europa.eu/esco/occupation/d7a9f9e0-e2f5-4804-a0e0-b21ebb1403ee,lagerkontorist,exact-match,high,https://taxonomy.api.jobtechdev.se/v1/taxonomy/graphql,30
zXv9_zv2_VUs,Lageradministratör,http://data.europa.eu/esco/occupation/f84dbfe2-fa6b-43ef-97f5-54c3ad9c631f,ansvarig för mottagning av råvaror,narrow-match,low,https://taxonomy.api.jobtechdev.se/v1/taxonomy/graphql,30
zYsH_PP5_nyt,"Ställningsbyggare, utan yrkesbevis",http://data.europa.eu/esco/occupation/18fa8080-3156-429a-bbd7-b3ef559b6721,ställningsbyggare,exact-match,high,https://taxonomy.api.jobtechdev.se/v1/taxonomy/graphql,30
zYzp_B3M_ujM,Leveranschef,http://data.europa.eu/esco/occupation/2f5de1ab-eddf-4715-8193-e994912c22ea,lagerchef,close-match,low,https://taxonomy.api.jobtechdev.se/v1/taxonomy/graphql,30
zgdJ_VBy_xLX,Läromedelsintendent,http://data.europa.eu/esco/occupation/a9c30651-ccbc-4a80-900c-7880615cdf6e,instruktionsdesigner,close-match,low,https://taxonomy.api.jobtechdev.se/v1/taxonomy/graphql,30
zgdJ_VBy_xLX,Läromedelsintendent,http://data.europa.eu/esco/occupation/ec5b72d1-0206-4179-9abd-570c66bc44b9,utvecklare av e-lärande,close-match,low,https://taxonomy.api.jobtechdev.se/v1/taxonomy/graphql,30
zgfW_Kmq_yct,Kärnborrare,http://data.europa.eu/esco/occupation/41d4be58-3111-48b5-814a-83117983dd16,kärnborrare,narrow-match,low,https://taxonomy.api.jobtechdev.se/v1/taxonomy/graphql,30
ziUj_67V_Yk4,Data scientist,http://data.europa.eu/esco/occupation/258e46f9-0075-4a2e-adae-1ff0477e0f30,forskare inom datavetenskap,exact-match,high,https://taxonomy.api.jobtechdev.se/v1/taxonomy/graphql,30
zjT2_Qw3_XmE,Brandingenjör,http://data.europa.eu/esco/occupation/4be368e3-badb-4b9f-9d0a-4d0f7565540a,brandingenjör,exact-match,high,https://taxonomy.api.jobtechdev.se/v1/taxonomy/graphql,30
zmTy_qPb_e9e,"Produktionsplanerare, tillverkningsindustri",http://data.europa.eu/esco/occupation/0f2c04f1-9001-4a77-884f-1ea16949f6f6,"produktionstekniker, rullande materiel",narrow-match,low,https://taxonomy.api.jobtechdev.se/v1/taxonomy/graphql,30
zmTy_qPb_e9e,"Produktionsplanerare, tillverkningsindustri",http://data.europa.eu/esco/occupation/a9b20949-897b-481f-8642-d1f69263baff,"underhållsansvarig, verkstadsindustri",close-match,low,https://taxonomy.api.jobtechdev.se/v1/taxonomy/graphql,30
zmxT_c1g_7AN,"ST-läkare, akutsjukvård",http://data.europa.eu/esco/occupation/71f09c8b-a172-408c-b9e7-32e580e39ff6,läkare,close-match,low,https://taxonomy.api.jobtechdev.se/v1/taxonomy/graphql,30
zoRy_ZLG_nv1,Laborant inom materialteknik,http://data.europa.eu/esco/occupation/0044c991-c26f-4261-a213-4bd1c0564a4c,laboratorieassistent,exact-match,high,https://taxonomy.api.jobtechdev.se/v1/taxonomy/graphql,30
zoRy_ZLG_nv1,Laborant inom materialteknik,http://data.europa.eu/esco/occupation/4fef1907-cf82-413b-841a-02ef57e299a6,forskningslaborant,close-match,low,https://taxonomy.api.jobtechdev.se/v1/taxonomy/graphql,30
zqBJ_sRm_m5Z,Hudterapeut,http://data.europa.eu/esco/occupation/72413d91-f212-4ad6-bf95-8b78a37c041a,hårborttagningsspecialist,narrow-match,low,https://taxonomy.api.jobtechdev.se/v1/taxonomy/graphql,30
zqBJ_sRm_m5Z,Hudterapeut,http://data.europa.eu/esco/occupation/a1e1a788-2352-4172-8fcf-1f985a6968b0,kosmetolog,exact-match,high,https://taxonomy.api.jobtechdev.se/v1/taxonomy/graphql,30
zrQ9_1z2_kT3,Musikpedagog/Musiklärare,http://data.europa.eu/esco/occupation/5b6c0c64-1321-4fe7-a274-3287c13b489c,"musiklärare, gymnasieskola",exact-match,high,https://taxonomy.api.jobtechdev.se/v1/taxonomy/graphql,30
zrQ9_1z2_kT3,Musikpedagog/Musiklärare,http://data.europa.eu/esco/occupation/f235bc5a-dbf6-4f9e-bbdb-cf313d32b75b,musiklärare,exact-match,high,https://taxonomy.api.jobtechdev.se/v1/taxonomy/graphql,30
zsd5_bF8_cGh,Kassaledare butik,http://data.europa.eu/esco/occupation/c76dda38-938c-404e-8a6d-78c8705eebc0,"kassaledare, butik",exact-match,high,https://taxonomy.api.jobtechdev.se/v1/taxonomy/graphql,30
zsvR_dw3_PkX,Notskrivare,http://data.europa.eu/esco/occupation/45170a38-b3ae-4a96-90ff-eb45e55600b6,musikarrangör,close-match,low,https://taxonomy.api.jobtechdev.se/v1/taxonomy/graphql,30
ztEq_Vts_77r,Röntgensjuksköterska,http://data.europa.eu/esco/occupation/5efb4fff-8c5f-4697-9587-034d9f6af094,"röntgentekniker, nukleärmedicin",close-match,low,https://taxonomy.api.jobtechdev.se/v1/taxonomy/graphql,30
ztEq_Vts_77r,Röntgensjuksköterska,http://data.europa.eu/esco/occupation/7639a601-6db0-41ed-9fb0-813d9b8beb05,röntgentekniker,close-match,low,https://taxonomy.api.jobtechdev.se/v1/taxonomy/graphql,30
ztEq_Vts_77r,Röntgensjuksköterska,http://data.europa.eu/esco/occupation/7d092380-1c2e-48fe-81de-0d191b4e96d6,"röntgentekniker, diagnostik",close-match,low,https://taxonomy.api.jobtechdev.se/v1/taxonomy/graphql,30
ztMm_jqq_8Gh,Mediachef,http://data.europa.eu/esco/occupation/cd7b838c-51f6-41ec-9067-bb974c0f991b,kommunikationschef,narrow-match,low,https://taxonomy.api.jobtechdev.se/v1/taxonomy/graphql,30
zthE_Zb1_tjb,Linjeagent,http://data.europa.eu/esco/occupation/8bc845cb-0702-47e4-aabc-4036032b0a8d,skeppsklarerare,exact-match,high,https://taxonomy.api.jobtechdev.se/v1/taxonomy/graphql,30
zwrY_va8_dXe,Ugnsoperatör,http://data.europa.eu/esco/occupation/528e63a7-91be-4477-be2f-69ce82deb726,"ugnsskötare, stålverk",narrow-match,low,https://taxonomy.api.jobtechdev.se/v1/taxonomy/graphql,30
zwrY_va8_dXe,Ugnsoperatör,http://data.europa.eu/esco/occupation/8f71761e-6fa5-4237-a240-4d0c7feff026,ugnsoperatör,close-match,low,https://taxonomy.api.jobtechdev.se/v1/taxonomy/graphql,30
zxMH_Zgf_tsS,Specialtransportförare,http://data.europa.eu/esco/occupation/45037d43-a8f5-4f46-b332-b2935bc305f4,distributionsförare,broad-match,low,https://taxonomy.api.jobtechdev.se/v1/taxonomy/graphql,30
zzdq_iU5_Ph4,"Översättare, skönlitteratur",http://data.europa.eu/esco/occupation/1a07bd7d-2e1d-4930-a84a-1a442b8f2a44,översättare,broad-match,low,https://taxonomy.api.jobtechdev.se/v1/taxonomy/graphql,30
zzs5_u1V_MWZ,Lagman,http://data.europa.eu/esco/occupation/07bd65d7-c13f-443a-bdf6-88903f3822be,domare,broad-match,low,https://taxonomy.api.jobtechdev.se/v1/taxonomy/graphql,30
