source_type,source_code,nuts_code,nuts_label,source_url,source_version
obec,Obec/554782,CZ010,Hlavní město Praha,https://data.mpsv.cz/od/soubory/ciselniky/obce.json,2026-08-21
obec,Obec/529303,CZ020,Středočeský kraj,https://data.mpsv.cz/od/soubory/ciselniky/obce.json,2026-08-21
obec,Obec/532568,CZ020,Středočeský kraj,https://data.mpsv.cz/od/soubory/ciselniky/obce.json,2026-08-21
obec,Obec/530743,CZ020,Středočeský kraj,https://data.mpsv.cz/od/soubory/ciselniky/obce.json,2026-08-21
obec,Obec/532380,CZ020,Středočeský kraj,https://data.mpsv.cz/od/soubory/ciselniky/obce.json,2026-08-21
obec,Obec/532096,CZ020,Středočeský kraj,https://data.mpsv.cz/od/soubory/ciselniky/obce.json,2026-08-21
obec,Obec/532924,CZ020,Středočeský kraj,https://data.mpsv.cz/od/soubory/ciselniky/obce.json,2026-08-21
obec,Obec/529451,CZ020,Středočeský kraj,https://data.mpsv.cz/od/soubory/ciselniky/obce.json,2026-08-21
obec,Obec/532690,CZ020,Středočeský kraj,https://data.mpsv.cz/od/soubory/ciselniky/obce.json,2026-08-21
obec,Obec/529478,CZ020,Středočeský kraj,https://data.mpsv.cz/od/soubory/ciselniky/obce.json,2026-08-21
obec,Obec/529486,CZ020,Středočeský kraj,https://data.mpsv.cz/od/soubory/ciselniky/obce.json,2026-08-21
obec,Obec/529516,CZ020,Středočeský kraj,https://data.mpsv.cz/od/soubory/ciselniky/obce.json,2026-08-21
obec,Obec/529532,CZ020,Středočeský kraj,https://data.mpsv.cz/od/soubory/ciselniky/obce.json,2026-08-21
obec,Obec/529541,CZ020,Středočeský kraj,https://data.mpsv.cz/od/soubory/ciselniky/obce.json,2026-08-21
obec,Obec/529567,CZ020,Středočeský kraj,https://data.mpsv.cz/od/soubory/ciselniky/obce.json,2026-08-21
obec,Obec/532746,CZ020,Středočeský kraj,https://data.mpsv.cz/od/soubory/ciselniky/obce.json,2026-08-21
obec,Obec/529621,CZ020,Středočeský kraj,https://data.mpsv.cz/od/soubory/ciselniky/obce.json,2026-08-21
obec,Obec/529648,CZ020,Středočeský kraj,https://data.mpsv.cz/od/soubory/ciselniky/obce.json,2026-08-21
obec,Obec/532151,CZ020,Středočeský kraj,https://data.mpsv.cz/od/soubory/ciselniky/obce.json,2026-08-21
obec,Obec/532843,CZ020,Středočeský kraj,https://data.mpsv.cz/od/soubory/ciselniky/obce.json,2026-08-21
obec,Obec/529702,CZ020,Středočeský kraj,https://data.mpsv.cz/od/soubory/ciselniky/obce.json,2026-08-21
obec,Obec/532932,CZ020,Středočeský kraj,https://data.mpsv.cz/od/soubory/ciselniky/obce.json,2026-08-21
obec,Obec/529737,CZ020,Středočeský kraj,https://data.mpsv.cz/od/soubory/ciselniky/obce.json,2026-08-21
obec,Obec/529745,CZ020,Středočeský kraj,https://data.mpsv.cz/od/soubory/ciselniky/obce.json,2026-08-21
obec,Obec/532886,CZ020,Středočeský kraj,https://data.mpsv.cz/od/soubory/ciselniky/obce.json,2026-08-21
obec,Obec/532878,CZ020,Středočeský kraj,https://data.mpsv.cz/od/soubory/ciselniky/obce.json,2026-08-21
obec,Obec/532045,CZ020,Středočeský kraj,https://data.mpsv.cz/od/soubory/ciselniky/obce.json,2026-08-21
obec,Obec/529770,CZ020,Středočeský kraj,https://data.mpsv.cz/od/soubory/ciselniky/obce.json,2026-08-21
obec,Obec/529788,CZ020,Středočeský kraj,https://data.mpsv.cz/od/soubory/ciselniky/obce.json,2026-08-21
obec,Obec/529796,CZ020,Středočeský kraj,https://data.mpsv.cz/od/soubory/ciselniky/obce.json,2026-08-21
obec,Obec/532606,CZ020,Středočeský kraj,https://data.mpsv.cz/od/soubory/ciselniky/obce.json,2026-08-21
obec,Obec/529818,CZ020,Středočeský kraj,https://data.mpsv.cz/od/soubory/ciselniky/obce.json,2026-08-21
obec,Obec/532037,CZ020,Středočeský kraj,https://data.mpsv.cz/od/soubory/ciselniky/obce.json,2026-08-21
obec,Obec/529842,CZ020,Středočeský kraj,https://data.mpsv.cz/od/soubory/ciselniky/obce.json,2026-08-21
obec,Obec/529851,CZ020,Středočeský kraj,https://data.mpsv.cz/od/soubory/ciselniky/obce.json,2026-08-21
obec,Obec/532134,CZ020,Středočeský kraj,https://data.mpsv.cz/od/soubory/ciselniky/obce.json,2026-08-21
obec,Obec/531031,CZ020,Středočeský kraj,https://data.mpsv.cz/od/soubory/ciselniky/obce.json,2026-08-21
obec,Obec/529907,CZ020,Středočeský kraj,https://data.mpsv.cz/od/soubory/ciselniky/obce.json,2026-08-21
obec,Obec/533084,CZ020,Středočeský kraj,https://data.mpsv.cz/od/soubory/ciselniky/obce.json,2026-08-21
obec,Obec/529931,CZ020,Středočeský kraj,https://data.mpsv.cz/od/soubory/ciselniky/obce.json,2026-08-21
obec,Obec/529940,CZ020,Středočeský kraj,https://data.mpsv.cz/od/soubory/ciselniky/obce.json,2026-08-21
obec,Obec/529958,CZ020,Středočeský kraj,https://data.mpsv.cz/od/soubory/ciselniky/obce.json,2026-08-21
obec,Obec/529974,CZ020,Středočeský kraj,https://data.mpsv.cz/od/soubory/ciselniky/obce.json,2026-08-21
obec,Obec/529991,CZ020,Středočeský kraj,https://data.mpsv.cz/od/soubory/ciselniky/obce.json,2026-08-21
obec,Obec/530000,CZ020,Středočeský kraj,https://data.mpsv.cz/od/soubory/ciselniky/obce.json,2026-08-21
obec,Obec/530026,CZ020,Středočeský kraj,https://data.mpsv.cz/od/soubory/ciselniky/obce.json,2026-08-21
obec,Obec/530051,CZ020,Středočeský kraj,https://data.mpsv.cz/od/soubory/ciselniky/obce.json,2026-08-21
obec,Obec/530069,CZ020,Středočeský kraj,https://data.mpsv.cz/od/soubory/ciselniky/obce.json,2026-08-21
obec,Obec/532258,CZ020,Středočeský kraj,https://data.mpsv.cz/od/soubory/ciselniky/obce.json,2026-08-21
obec,Obec/530093,CZ020,Středočeský kraj,https://data.mpsv.cz/od/soubory/ciselniky/obce.json,2026-08-21
obec,Obec/530107,CZ020,Středočeský kraj,https://data.mpsv.cz/od/soubory/ciselniky/obce.json,2026-08-21
obec,Obec/532193,CZ020,Středočeský kraj,https://data.mpsv.cz/od/soubory/ciselniky/obce.json,2026-08-21
obec,Obec/530115,CZ020,Středočeský kraj,https://data.mpsv.cz/od/soubory/ciselniky/obce.json,2026-08-21
obec,Obec/530158,CZ020,Středočeský kraj,https://data.mpsv.cz/od/soubory/ciselniky/obce.json,2026-08-21
obec,Obec/530166,CZ020,Středočeský kraj,https://data.mpsv.cz/od/soubory/ciselniky/obce.json,2026-08-21
obec,Obec/530174,CZ020,Středočeský kraj,https://data.mpsv.cz/od/soubory/ciselniky/obce.json,2026-08-21
obec,Obec/530191,CZ020,Středočeský kraj,https://data.mpsv.cz/od/soubory/ciselniky/obce.json,2026-08-21
obec,Obec/530204,CZ020,Středočeský kraj,https://data.mpsv.cz/od/soubory/ciselniky/obce.json,2026-08-21
obec,Obec/530212,CZ020,Středočeský kraj,https://data.mpsv.cz/od/soubory/ciselniky/obce.json,2026-08-21
obec,Obec/530263,CZ020,Středočeský kraj,https://data.mpsv.cz/od/soubory/ciselniky/obce.json,2026-08-21
obec,Obec/530298,CZ020,Středočeský kraj,https://data.mpsv.cz/od/soubory/ciselniky/obce.json,2026-08-21
obec,Obec/530301,CZ020,Středočeský kraj,https://data.mpsv.cz/od/soubory/ciselniky/obce.json,2026-08-21
obec,Obec/530310,CZ020,Středočeský kraj,https://data.mpsv.cz/od/soubory/ciselniky/obce.json,2026-08-21
obec,Obec/530344,CZ020,Středočeský kraj,https://data.mpsv.cz/od/soubory/ciselniky/obce.json,2026-08-21
obec,Obec/599395,CZ020,Středočeský kraj,https://data.mpsv.cz/od/soubory/ciselniky/obce.json,2026-08-21
obec,Obec/530352,CZ020,Středočeský kraj,https://data.mpsv.cz/od/soubory/ciselniky/obce.json,2026-08-21
obec,Obec/533076,CZ020,Středočeský kraj,https://data.mpsv.cz/od/soubory/ciselniky/obce.json,2026-08-21
obec,Obec/530409,CZ020,Středočeský kraj,https://data.mpsv.cz/od/soubory/ciselniky/obce.json,2026-08-21
obec,Obec/532649,CZ020,Středočeský kraj,https://data.mpsv.cz/od/soubory/ciselniky/obce.json,2026-08-21
obec,Obec/530441,CZ020,Středočeský kraj,https://data.mpsv.cz/od/soubory/ciselniky/obce.json,2026-08-21
obec,Obec/530450,CZ020,Středočeský kraj,https://data.mpsv.cz/od/soubory/ciselniky/obce.json,2026-08-21
obec,Obec/530476,CZ020,Středočeský kraj,https://data.mpsv.cz/od/soubory/ciselniky/obce.json,2026-08-21
obec,Obec/530492,CZ020,Středočeský kraj,https://data.mpsv.cz/od/soubory/ciselniky/obce.json,2026-08-21
obec,Obec/530514,CZ020,Středočeský kraj,https://data.mpsv.cz/od/soubory/ciselniky/obce.json,2026-08-21
obec,Obec/538680,CZ020,Středočeský kraj,https://data.mpsv.cz/od/soubory/ciselniky/obce.json,2026-08-21
obec,Obec/530522,CZ020,Středočeský kraj,https://data.mpsv.cz/od/soubory/ciselniky/obce.json,2026-08-21
obec,Obec/530531,CZ020,Středočeský kraj,https://data.mpsv.cz/od/soubory/ciselniky/obce.json,2026-08-21
obec,Obec/530549,CZ020,Středočeský kraj,https://data.mpsv.cz/od/soubory/ciselniky/obce.json,2026-08-21
obec,Obec/532550,CZ020,Středočeský kraj,https://data.mpsv.cz/od/soubory/ciselniky/obce.json,2026-08-21
obec,Obec/538710,CZ020,Středočeský kraj,https://data.mpsv.cz/od/soubory/ciselniky/obce.json,2026-08-21
obec,Obec/532941,CZ020,Středočeský kraj,https://data.mpsv.cz/od/soubory/ciselniky/obce.json,2026-08-21
obec,Obec/534382,CZ020,Středočeský kraj,https://data.mpsv.cz/od/soubory/ciselniky/obce.json,2026-08-21
obec,Obec/532231,CZ020,Středočeský kraj,https://data.mpsv.cz/od/soubory/ciselniky/obce.json,2026-08-21
obec,Obec/530611,CZ020,Středočeský kraj,https://data.mpsv.cz/od/soubory/ciselniky/obce.json,2026-08-21
obec,Obec/532436,CZ020,Středočeský kraj,https://data.mpsv.cz/od/soubory/ciselniky/obce.json,2026-08-21
obec,Obec/530638,CZ020,Středočeský kraj,https://data.mpsv.cz/od/soubory/ciselniky/obce.json,2026-08-21
obec,Obec/599387,CZ020,Středočeský kraj,https://data.mpsv.cz/od/soubory/ciselniky/obce.json,2026-08-21
obec,Obec/599379,CZ020,Středočeský kraj,https://data.mpsv.cz/od/soubory/ciselniky/obce.json,2026-08-21
obec,Obec/599361,CZ020,Středočeský kraj,https://data.mpsv.cz/od/soubory/ciselniky/obce.json,2026-08-21
obec,Obec/530689,CZ020,Středočeský kraj,https://data.mpsv.cz/od/soubory/ciselniky/obce.json,2026-08-21
obec,Obec/530701,CZ020,Středočeský kraj,https://data.mpsv.cz/od/soubory/ciselniky/obce.json,2026-08-21
obec,Obec/530719,CZ020,Středočeský kraj,https://data.mpsv.cz/od/soubory/ciselniky/obce.json,2026-08-21
obec,Obec/532509,CZ020,Středočeský kraj,https://data.mpsv.cz/od/soubory/ciselniky/obce.json,2026-08-21
obec,Obec/530751,CZ020,Středočeský kraj,https://data.mpsv.cz/od/soubory/ciselniky/obce.json,2026-08-21
obec,Obec/530760,CZ020,Středočeský kraj,https://data.mpsv.cz/od/soubory/ciselniky/obce.json,2026-08-21
obec,Obec/530778,CZ020,Středočeský kraj,https://data.mpsv.cz/od/soubory/ciselniky/obce.json,2026-08-21
obec,Obec/532592,CZ020,Středočeský kraj,https://data.mpsv.cz/od/soubory/ciselniky/obce.json,2026-08-21
obec,Obec/532541,CZ020,Středočeský kraj,https://data.mpsv.cz/od/soubory/ciselniky/obce.json,2026-08-21
obec,Obec/530816,CZ020,Středočeský kraj,https://data.mpsv.cz/od/soubory/ciselniky/obce.json,2026-08-21
obec,Obec/532304,CZ020,Středočeský kraj,https://data.mpsv.cz/od/soubory/ciselniky/obce.json,2026-08-21
obec,Obec/530841,CZ020,Středočeský kraj,https://data.mpsv.cz/od/soubory/ciselniky/obce.json,2026-08-21
obec,Obec/532061,CZ020,Středočeský kraj,https://data.mpsv.cz/od/soubory/ciselniky/obce.json,2026-08-21
obec,Obec/530867,CZ020,Středočeský kraj,https://data.mpsv.cz/od/soubory/ciselniky/obce.json,2026-08-21
obec,Obec/530883,CZ020,Středočeský kraj,https://data.mpsv.cz/od/soubory/ciselniky/obce.json,2026-08-21
obec,Obec/532614,CZ020,Středočeský kraj,https://data.mpsv.cz/od/soubory/ciselniky/obce.json,2026-08-21
obec,Obec/530891,CZ020,Středočeský kraj,https://data.mpsv.cz/od/soubory/ciselniky/obce.json,2026-08-21
obec,Obec/530905,CZ020,Středočeský kraj,https://data.mpsv.cz/od/soubory/ciselniky/obce.json,2026-08-21
obec,Obec/530913,CZ020,Středočeský kraj,https://data.mpsv.cz/od/soubory/ciselniky/obce.json,2026-08-21
obec,Obec/530921,CZ020,Středočeský kraj,https://data.mpsv.cz/od/soubory/ciselniky/obce.json,2026-08-21
obec,Obec/530948,CZ020,Středočeský kraj,https://data.mpsv.cz/od/soubory/ciselniky/obce.json,2026-08-21
obec,Obec/532266,CZ020,Středočeský kraj,https://data.mpsv.cz/od/soubory/ciselniky/obce.json,2026-08-21
obec,Obec/513482,CZ020,Středočeský kraj,https://data.mpsv.cz/od/soubory/ciselniky/obce.json,2026-08-21
obec,Obec/571415,CZ020,Středočeský kraj,https://data.mpsv.cz/od/soubory/ciselniky/obce.json,2026-08-21
obec,Obec/531022,CZ020,Středočeský kraj,https://data.mpsv.cz/od/soubory/ciselniky/obce.json,2026-08-21
obec,Obec/531049,CZ020,Středočeský kraj,https://data.mpsv.cz/od/soubory/ciselniky/obce.json,2026-08-21
obec,Obec/534421,CZ020,Středočeský kraj,https://data.mpsv.cz/od/soubory/ciselniky/obce.json,2026-08-21
obec,Obec/531057,CZ020,Středočeský kraj,https://data.mpsv.cz/od/soubory/ciselniky/obce.json,2026-08-21
obec,Obec/531073,CZ020,Středočeský kraj,https://data.mpsv.cz/od/soubory/ciselniky/obce.json,2026-08-21
obec,Obec/531081,CZ020,Středočeský kraj,https://data.mpsv.cz/od/soubory/ciselniky/obce.json,2026-08-21
obec,Obec/531090,CZ020,Středočeský kraj,https://data.mpsv.cz/od/soubory/ciselniky/obce.json,2026-08-21
obec,Obec/531103,CZ020,Středočeský kraj,https://data.mpsv.cz/od/soubory/ciselniky/obce.json,2026-08-21
obec,Obec/534145,CZ020,Středočeský kraj,https://data.mpsv.cz/od/soubory/ciselniky/obce.json,2026-08-21
obec,Obec/531120,CZ020,Středočeský kraj,https://data.mpsv.cz/od/soubory/ciselniky/obce.json,2026-08-21
obec,Obec/531138,CZ020,Středočeský kraj,https://data.mpsv.cz/od/soubory/ciselniky/obce.json,2026-08-21
obec,Obec/531154,CZ020,Středočeský kraj,https://data.mpsv.cz/od/soubory/ciselniky/obce.json,2026-08-21
obec,Obec/531162,CZ020,Středočeský kraj,https://data.mpsv.cz/od/soubory/ciselniky/obce.json,2026-08-21
obec,Obec/531171,CZ020,Středočeský kraj,https://data.mpsv.cz/od/soubory/ciselniky/obce.json,2026-08-21
obec,Obec/531189,CZ020,Středočeský kraj,https://data.mpsv.cz/od/soubory/ciselniky/obce.json,2026-08-21
obec,Obec/531201,CZ020,Středočeský kraj,https://data.mpsv.cz/od/soubory/ciselniky/obce.json,2026-08-21
obec,Obec/531219,CZ020,Středočeský kraj,https://data.mpsv.cz/od/soubory/ciselniky/obce.json,2026-08-21
obec,Obec/531227,CZ020,Středočeský kraj,https://data.mpsv.cz/od/soubory/ciselniky/obce.json,2026-08-21
obec,Obec/531235,CZ020,Středočeský kraj,https://data.mpsv.cz/od/soubory/ciselniky/obce.json,2026-08-21
obec,Obec/531243,CZ020,Středočeský kraj,https://data.mpsv.cz/od/soubory/ciselniky/obce.json,2026-08-21
obec,Obec/531251,CZ020,Středočeský kraj,https://data.mpsv.cz/od/soubory/ciselniky/obce.json,2026-08-21
obec,Obec/534455,CZ020,Středočeský kraj,https://data.mpsv.cz/od/soubory/ciselniky/obce.json,2026-08-21
obec,Obec/534447,CZ020,Středočeský kraj,https://data.mpsv.cz/od/soubory/ciselniky/obce.json,2026-08-21
obec,Obec/533670,CZ020,Středočeský kraj,https://data.mpsv.cz/od/soubory/ciselniky/obce.json,2026-08-21
obec,Obec/531294,CZ020,Středočeský kraj,https://data.mpsv.cz/od/soubory/ciselniky/obce.json,2026-08-21
obec,Obec/531308,CZ020,Středočeský kraj,https://data.mpsv.cz/od/soubory/ciselniky/obce.json,2026-08-21
obec,Obec/531316,CZ020,Středočeský kraj,https://data.mpsv.cz/od/soubory/ciselniky/obce.json,2026-08-21
obec,Obec/531324,CZ020,Středočeský kraj,https://data.mpsv.cz/od/soubory/ciselniky/obce.json,2026-08-21
obec,Obec/531332,CZ020,Středočeský kraj,https://data.mpsv.cz/od/soubory/ciselniky/obce.json,2026-08-21
obec,Obec/533793,CZ020,Středočeský kraj,https://data.mpsv.cz/od/soubory/ciselniky/obce.json,2026-08-21
obec,Obec/534072,CZ020,Středočeský kraj,https://data.mpsv.cz/od/soubory/ciselniky/obce.json,2026-08-21
obec,Obec/533203,CZ020,Středočeský kraj,https://data.mpsv.cz/od/soubory/ciselniky/obce.json,2026-08-21
obec,Obec/531375,CZ020,Středočeský kraj,https://data.mpsv.cz/od/soubory/ciselniky/obce.json,2026-08-21
obec,Obec/533939,CZ020,Středočeský kraj,https://data.mpsv.cz/od/soubory/ciselniky/obce.json,2026-08-21
obec,Obec/533335,CZ020,Středočeský kraj,https://data.mpsv.cz/od/soubory/ciselniky/obce.json,2026-08-21
obec,Obec/531448,CZ020,Středočeský kraj,https://data.mpsv.cz/od/soubory/ciselniky/obce.json,2026-08-21
obec,Obec/531456,CZ020,Středočeský kraj,https://data.mpsv.cz/od/soubory/ciselniky/obce.json,2026-08-21
obec,Obec/531464,CZ020,Středočeský kraj,https://data.mpsv.cz/od/soubory/ciselniky/obce.json,2026-08-21
obec,Obec/531472,CZ020,Středočeský kraj,https://data.mpsv.cz/od/soubory/ciselniky/obce.json,2026-08-21
obec,Obec/534404,CZ020,Středočeský kraj,https://data.mpsv.cz/od/soubory/ciselniky/obce.json,2026-08-21
obec,Obec/533319,CZ020,Středočeský kraj,https://data.mpsv.cz/od/soubory/ciselniky/obce.json,2026-08-21
obec,Obec/534218,CZ020,Středočeský kraj,https://data.mpsv.cz/od/soubory/ciselniky/obce.json,2026-08-21
obec,Obec/531529,CZ020,Středočeský kraj,https://data.mpsv.cz/od/soubory/ciselniky/obce.json,2026-08-21
obec,Obec/531537,CZ020,Středočeský kraj,https://data.mpsv.cz/od/soubory/ciselniky/obce.json,2026-08-21
obec,Obec/531545,CZ020,Středočeský kraj,https://data.mpsv.cz/od/soubory/ciselniky/obce.json,2026-08-21
obec,Obec/533912,CZ020,Středočeský kraj,https://data.mpsv.cz/od/soubory/ciselniky/obce.json,2026-08-21
obec,Obec/533602,CZ020,Středočeský kraj,https://data.mpsv.cz/od/soubory/ciselniky/obce.json,2026-08-21
obec,Obec/534269,CZ020,Středočeský kraj,https://data.mpsv.cz/od/soubory/ciselniky/obce.json,2026-08-21
obec,Obec/531588,CZ020,Středočeský kraj,https://data.mpsv.cz/od/soubory/ciselniky/obce.json,2026-08-21
obec,Obec/531596,CZ020,Středočeský kraj,https://data.mpsv.cz/od/soubory/ciselniky/obce.json,2026-08-21
obec,Obec/531600,CZ020,Středočeský kraj,https://data.mpsv.cz/od/soubory/ciselniky/obce.json,2026-08-21
obec,Obec/531626,CZ020,Středočeský kraj,https://data.mpsv.cz/od/soubory/ciselniky/obce.json,2026-08-21
obec,Obec/531634,CZ020,Středočeský kraj,https://data.mpsv.cz/od/soubory/ciselniky/obce.json,2026-08-21
obec,Obec/531642,CZ020,Středočeský kraj,https://data.mpsv.cz/od/soubory/ciselniky/obce.json,2026-08-21
obec,Obec/534111,CZ020,Středočeský kraj,https://data.mpsv.cz/od/soubory/ciselniky/obce.json,2026-08-21
obec,Obec/531669,CZ020,Středočeský kraj,https://data.mpsv.cz/od/soubory/ciselniky/obce.json,2026-08-21
obec,Obec/534285,CZ020,Středočeský kraj,https://data.mpsv.cz/od/soubory/ciselniky/obce.json,2026-08-21
obec,Obec/531685,CZ020,Středočeský kraj,https://data.mpsv.cz/od/soubory/ciselniky/obce.json,2026-08-21
obec,Obec/531693,CZ020,Středočeský kraj,https://data.mpsv.cz/od/soubory/ciselniky/obce.json,2026-08-21
obec,Obec/531715,CZ020,Středočeský kraj,https://data.mpsv.cz/od/soubory/ciselniky/obce.json,2026-08-21
obec,Obec/533963,CZ020,Středočeský kraj,https://data.mpsv.cz/od/soubory/ciselniky/obce.json,2026-08-21
obec,Obec/531740,CZ020,Středočeský kraj,https://data.mpsv.cz/od/soubory/ciselniky/obce.json,2026-08-21
obec,Obec/531758,CZ020,Středočeský kraj,https://data.mpsv.cz/od/soubory/ciselniky/obce.json,2026-08-21
obec,Obec/531766,CZ020,Středočeský kraj,https://data.mpsv.cz/od/soubory/ciselniky/obce.json,2026-08-21
obec,Obec/531782,CZ020,Středočeský kraj,https://data.mpsv.cz/od/soubory/ciselniky/obce.json,2026-08-21
obec,Obec/531791,CZ020,Středočeský kraj,https://data.mpsv.cz/od/soubory/ciselniky/obce.json,2026-08-21
obec,Obec/531804,CZ020,Středočeský kraj,https://data.mpsv.cz/od/soubory/ciselniky/obce.json,2026-08-21
obec,Obec/531812,CZ020,Středočeský kraj,https://data.mpsv.cz/od/soubory/ciselniky/obce.json,2026-08-21
obec,Obec/531839,CZ020,Středočeský kraj,https://data.mpsv.cz/od/soubory/ciselniky/obce.json,2026-08-21
obec,Obec/531847,CZ020,Středočeský kraj,https://data.mpsv.cz/od/soubory/ciselniky/obce.json,2026-08-21
obec,Obec/531855,CZ020,Středočeský kraj,https://data.mpsv.cz/od/soubory/ciselniky/obce.json,2026-08-21
obec,Obec/534463,CZ020,Středočeský kraj,https://data.mpsv.cz/od/soubory/ciselniky/obce.json,2026-08-21
obec,Obec/533106,CZ020,Středočeský kraj,https://data.mpsv.cz/od/soubory/ciselniky/obce.json,2026-08-21
obec,Obec/531880,CZ020,Středočeský kraj,https://data.mpsv.cz/od/soubory/ciselniky/obce.json,2026-08-21
obec,Obec/531901,CZ020,Středočeský kraj,https://data.mpsv.cz/od/soubory/ciselniky/obce.json,2026-08-21
obec,Obec/531910,CZ020,Středočeský kraj,https://data.mpsv.cz/od/soubory/ciselniky/obce.json,2026-08-21
obec,Obec/534234,CZ020,Středočeský kraj,https://data.mpsv.cz/od/soubory/ciselniky/obce.json,2026-08-21
obec,Obec/534048,CZ020,Středočeský kraj,https://data.mpsv.cz/od/soubory/ciselniky/obce.json,2026-08-21
obec,Obec/531944,CZ020,Středočeský kraj,https://data.mpsv.cz/od/soubory/ciselniky/obce.json,2026-08-21
obec,Obec/531952,CZ020,Středočeský kraj,https://data.mpsv.cz/od/soubory/ciselniky/obce.json,2026-08-21
obec,Obec/531961,CZ020,Středočeský kraj,https://data.mpsv.cz/od/soubory/ciselniky/obce.json,2026-08-21
obec,Obec/531979,CZ020,Středočeský kraj,https://data.mpsv.cz/od/soubory/ciselniky/obce.json,2026-08-21
obec,Obec/531995,CZ020,Středočeský kraj,https://data.mpsv.cz/od/soubory/ciselniky/obce.json,2026-08-21
obec,Obec/532002,CZ020,Středočeský kraj,https://data.mpsv.cz/od/soubory/ciselniky/obce.json,2026-08-21
obec,Obec/532011,CZ020,Středočeský kraj,https://data.mpsv.cz/od/soubory/ciselniky/obce.json,2026-08-21
obec,Obec/532029,CZ020,Středočeský kraj,https://data.mpsv.cz/od/soubory/ciselniky/obce.json,2026-08-21
obec,Obec/599417,CZ020,Středočeský kraj,https://data.mpsv.cz/od/soubory/ciselniky/obce.json,2026-08-21
obec,Obec/535010,CZ020,Středočeský kraj,https://data.mpsv.cz/od/soubory/ciselniky/obce.json,2026-08-21
obec,Obec/532070,CZ020,Středočeský kraj,https://data.mpsv.cz/od/soubory/ciselniky/obce.json,2026-08-21
obec,Obec/532088,CZ020,Středočeský kraj,https://data.mpsv.cz/od/soubory/ciselniky/obce.json,2026-08-21
obec,Obec/535125,CZ020,Středočeský kraj,https://data.mpsv.cz/od/soubory/ciselniky/obce.json,2026-08-21
obec,Obec/532100,CZ020,Středočeský kraj,https://data.mpsv.cz/od/soubory/ciselniky/obce.json,2026-08-21
obec,Obec/532118,CZ020,Středočeský kraj,https://data.mpsv.cz/od/soubory/ciselniky/obce.json,2026-08-21
obec,Obec/532126,CZ020,Středočeský kraj,https://data.mpsv.cz/od/soubory/ciselniky/obce.json,2026-08-21
obec,Obec/532142,CZ020,Středočeský kraj,https://data.mpsv.cz/od/soubory/ciselniky/obce.json,2026-08-21
obec,Obec/532169,CZ020,Středočeský kraj,https://data.mpsv.cz/od/soubory/ciselniky/obce.json,2026-08-21
obec,Obec/532185,CZ020,Středočeský kraj,https://data.mpsv.cz/od/soubory/ciselniky/obce.json,2026-08-21
obec,Obec/532207,CZ020,Středočeský kraj,https://data.mpsv.cz/od/soubory/ciselniky/obce.json,2026-08-21
obec,Obec/532223,CZ020,Středočeský kraj,https://data.mpsv.cz/od/soubory/ciselniky/obce.json,2026-08-21
obec,Obec/513130,CZ020,Středočeský kraj,https://data.mpsv.cz/od/soubory/ciselniky/obce.json,2026-08-21
obec,Obec/512991,CZ020,Středočeský kraj,https://data.mpsv.cz/od/soubory/ciselniky/obce.json,2026-08-21
obec,Obec/532274,CZ020,Středočeský kraj,https://data.mpsv.cz/od/soubory/ciselniky/obce.json,2026-08-21
obec,Obec/532282,CZ020,Středočeský kraj,https://data.mpsv.cz/od/soubory/ciselniky/obce.json,2026-08-21
obec,Obec/532291,CZ020,Středočeský kraj,https://data.mpsv.cz/od/soubory/ciselniky/obce.json,2026-08-21
obec,Obec/513075,CZ020,Středočeský kraj,https://data.mpsv.cz/od/soubory/ciselniky/obce.json,2026-08-21
obec,Obec/532312,CZ020,Středočeský kraj,https://data.mpsv.cz/od/soubory/ciselniky/obce.json,2026-08-21
obec,Obec/532321,CZ020,Středočeský kraj,https://data.mpsv.cz/od/soubory/ciselniky/obce.json,2026-08-21
obec,Obec/535150,CZ020,Středočeský kraj,https://data.mpsv.cz/od/soubory/ciselniky/obce.json,2026-08-21
obec,Obec/532339,CZ020,Středočeský kraj,https://data.mpsv.cz/od/soubory/ciselniky/obce.json,2026-08-21
obec,Obec/532347,CZ020,Středočeský kraj,https://data.mpsv.cz/od/soubory/ciselniky/obce.json,2026-08-21
obec,Obec/532355,CZ020,Středočeský kraj,https://data.mpsv.cz/od/soubory/ciselniky/obce.json,2026-08-21
obec,Obec/532363,CZ020,Středočeský kraj,https://data.mpsv.cz/od/soubory/ciselniky/obce.json,2026-08-21
obec,Obec/532371,CZ020,Středočeský kraj,https://data.mpsv.cz/od/soubory/ciselniky/obce.json,2026-08-21
obec,Obec/532398,CZ020,Středočeský kraj,https://data.mpsv.cz/od/soubory/ciselniky/obce.json,2026-08-21
obec,Obec/532401,CZ020,Středočeský kraj,https://data.mpsv.cz/od/soubory/ciselniky/obce.json,2026-08-21
obec,Obec/532410,CZ020,Středočeský kraj,https://data.mpsv.cz/od/soubory/ciselniky/obce.json,2026-08-21
obec,Obec/532428,CZ020,Středočeský kraj,https://data.mpsv.cz/od/soubory/ciselniky/obce.json,2026-08-21
obec,Obec/532444,CZ020,Středočeský kraj,https://data.mpsv.cz/od/soubory/ciselniky/obce.json,2026-08-21
obec,Obec/532452,CZ020,Středočeský kraj,https://data.mpsv.cz/od/soubory/ciselniky/obce.json,2026-08-21
obec,Obec/513032,CZ020,Středočeský kraj,https://data.mpsv.cz/od/soubory/ciselniky/obce.json,2026-08-21
obec,Obec/532053,CZ020,Středočeský kraj,https://data.mpsv.cz/od/soubory/ciselniky/obce.json,2026-08-21
obec,Obec/532461,CZ020,Středočeský kraj,https://data.mpsv.cz/od/soubory/ciselniky/obce.json,2026-08-21
obec,Obec/532479,CZ020,Středočeský kraj,https://data.mpsv.cz/od/soubory/ciselniky/obce.json,2026-08-21
obec,Obec/532487,CZ020,Středočeský kraj,https://data.mpsv.cz/od/soubory/ciselniky/obce.json,2026-08-21
obec,Obec/532495,CZ020,Středočeský kraj,https://data.mpsv.cz/od/soubory/ciselniky/obce.json,2026-08-21
obec,Obec/535109,CZ020,Středočeský kraj,https://data.mpsv.cz/od/soubory/ciselniky/obce.json,2026-08-21
obec,Obec/571512,CZ020,Středočeský kraj,https://data.mpsv.cz/od/soubory/ciselniky/obce.json,2026-08-21
obec,Obec/532517,CZ020,Středočeský kraj,https://data.mpsv.cz/od/soubory/ciselniky/obce.json,2026-08-21
obec,Obec/532525,CZ020,Středočeský kraj,https://data.mpsv.cz/od/soubory/ciselniky/obce.json,2026-08-21
obec,Obec/541991,CZ020,Středočeský kraj,https://data.mpsv.cz/od/soubory/ciselniky/obce.json,2026-08-21
obec,Obec/532533,CZ020,Středočeský kraj,https://data.mpsv.cz/od/soubory/ciselniky/obce.json,2026-08-21
obec,Obec/513041,CZ020,Středočeský kraj,https://data.mpsv.cz/od/soubory/ciselniky/obce.json,2026-08-21
obec,Obec/564150,CZ020,Středočeský kraj,https://data.mpsv.cz/od/soubory/ciselniky/obce.json,2026-08-21
obec,Obec/571601,CZ020,Středočeský kraj,https://data.mpsv.cz/od/soubory/ciselniky/obce.json,2026-08-21
obec,Obec/532576,CZ020,Středočeský kraj,https://data.mpsv.cz/od/soubory/ciselniky/obce.json,2026-08-21
obec,Obec/532584,CZ020,Středočeský kraj,https://data.mpsv.cz/od/soubory/ciselniky/obce.json,2026-08-21
obec,Obec/571555,CZ020,Středočeský kraj,https://data.mpsv.cz/od/soubory/ciselniky/obce.json,2026-08-21
obec,Obec/535095,CZ020,Středočeský kraj,https://data.mpsv.cz/od/soubory/ciselniky/obce.json,2026-08-21
obec,Obec/532622,CZ020,Středočeský kraj,https://data.mpsv.cz/od/soubory/ciselniky/obce.json,2026-08-21
obec,Obec/532631,CZ020,Středočeský kraj,https://data.mpsv.cz/od/soubory/ciselniky/obce.json,2026-08-21
obec,Obec/513113,CZ020,Středočeský kraj,https://data.mpsv.cz/od/soubory/ciselniky/obce.json,2026-08-21
obec,Obec/532657,CZ020,Středočeský kraj,https://data.mpsv.cz/od/soubory/ciselniky/obce.json,2026-08-21
obec,Obec/571521,CZ020,Středočeský kraj,https://data.mpsv.cz/od/soubory/ciselniky/obce.json,2026-08-21
obec,Obec/532665,CZ020,Středočeský kraj,https://data.mpsv.cz/od/soubory/ciselniky/obce.json,2026-08-21
obec,Obec/532681,CZ020,Středočeský kraj,https://data.mpsv.cz/od/soubory/ciselniky/obce.json,2026-08-21
obec,Obec/564192,CZ020,Středočeský kraj,https://data.mpsv.cz/od/soubory/ciselniky/obce.json,2026-08-21
obec,Obec/532711,CZ020,Středočeský kraj,https://data.mpsv.cz/od/soubory/ciselniky/obce.json,2026-08-21
obec,Obec/532720,CZ020,Středočeský kraj,https://data.mpsv.cz/od/soubory/ciselniky/obce.json,2026-08-21
obec,Obec/532738,CZ020,Středočeský kraj,https://data.mpsv.cz/od/soubory/ciselniky/obce.json,2026-08-21
obec,Obec/564125,CZ020,Středočeský kraj,https://data.mpsv.cz/od/soubory/ciselniky/obce.json,2026-08-21
obec,Obec/532754,CZ020,Středočeský kraj,https://data.mpsv.cz/od/soubory/ciselniky/obce.json,2026-08-21
obec,Obec/564087,CZ020,Středočeský kraj,https://data.mpsv.cz/od/soubory/ciselniky/obce.json,2026-08-21
obec,Obec/532762,CZ020,Středočeský kraj,https://data.mpsv.cz/od/soubory/ciselniky/obce.json,2026-08-21
obec,Obec/532771,CZ020,Středočeský kraj,https://data.mpsv.cz/od/soubory/ciselniky/obce.json,2026-08-21
obec,Obec/532797,CZ020,Středočeský kraj,https://data.mpsv.cz/od/soubory/ciselniky/obce.json,2026-08-21
obec,Obec/532801,CZ020,Středočeský kraj,https://data.mpsv.cz/od/soubory/ciselniky/obce.json,2026-08-21
obec,Obec/532819,CZ020,Středočeský kraj,https://data.mpsv.cz/od/soubory/ciselniky/obce.json,2026-08-21
obec,Obec/532827,CZ020,Středočeský kraj,https://data.mpsv.cz/od/soubory/ciselniky/obce.json,2026-08-21
obec,Obec/532835,CZ020,Středočeský kraj,https://data.mpsv.cz/od/soubory/ciselniky/obce.json,2026-08-21
obec,Obec/532851,CZ020,Středočeský kraj,https://data.mpsv.cz/od/soubory/ciselniky/obce.json,2026-08-21
obec,Obec/532860,CZ020,Středočeský kraj,https://data.mpsv.cz/od/soubory/ciselniky/obce.json,2026-08-21
obec,Obec/599441,CZ020,Středočeský kraj,https://data.mpsv.cz/od/soubory/ciselniky/obce.json,2026-08-21
obec,Obec/551457,CZ020,Středočeský kraj,https://data.mpsv.cz/od/soubory/ciselniky/obce.json,2026-08-21
obec,Obec/599433,CZ020,Středočeský kraj,https://data.mpsv.cz/od/soubory/ciselniky/obce.json,2026-08-21
obec,Obec/532908,CZ020,Středočeský kraj,https://data.mpsv.cz/od/soubory/ciselniky/obce.json,2026-08-21
obec,Obec/532916,CZ020,Středočeský kraj,https://data.mpsv.cz/od/soubory/ciselniky/obce.json,2026-08-21
obec,Obec/532959,CZ020,Středočeský kraj,https://data.mpsv.cz/od/soubory/ciselniky/obce.json,2026-08-21
obec,Obec/532967,CZ020,Středočeský kraj,https://data.mpsv.cz/od/soubory/ciselniky/obce.json,2026-08-21
obec,Obec/532975,CZ020,Středočeský kraj,https://data.mpsv.cz/od/soubory/ciselniky/obce.json,2026-08-21
obec,Obec/532983,CZ020,Středočeský kraj,https://data.mpsv.cz/od/soubory/ciselniky/obce.json,2026-08-21
obec,Obec/532177,CZ020,Středočeský kraj,https://data.mpsv.cz/od/soubory/ciselniky/obce.json,2026-08-21
obec,Obec/533009,CZ020,Středočeský kraj,https://data.mpsv.cz/od/soubory/ciselniky/obce.json,2026-08-21
obec,Obec/533017,CZ020,Středočeský kraj,https://data.mpsv.cz/od/soubory/ciselniky/obce.json,2026-08-21
obec,Obec/533025,CZ020,Středočeský kraj,https://data.mpsv.cz/od/soubory/ciselniky/obce.json,2026-08-21
obec,Obec/533033,CZ020,Středočeský kraj,https://data.mpsv.cz/od/soubory/ciselniky/obce.json,2026-08-21
obec,Obec/533041,CZ020,Středočeský kraj,https://data.mpsv.cz/od/soubory/ciselniky/obce.json,2026-08-21
obec,Obec/533050,CZ020,Středočeský kraj,https://data.mpsv.cz/od/soubory/ciselniky/obce.json,2026-08-21
obec,Obec/533068,CZ020,Středočeský kraj,https://data.mpsv.cz/od/soubory/ciselniky/obce.json,2026-08-21
obec,Obec/571431,CZ020,Středočeský kraj,https://data.mpsv.cz/od/soubory/ciselniky/obce.json,2026-08-21
obec,Obec/571598,CZ020,Středočeský kraj,https://data.mpsv.cz/od/soubory/ciselniky/obce.json,2026-08-21
obec,Obec/533092,CZ020,Středočeský kraj,https://data.mpsv.cz/od/soubory/ciselniky/obce.json,2026-08-21
obec,Obec/571423,CZ020,Středočeský kraj,https://data.mpsv.cz/od/soubory/ciselniky/obce.json,2026-08-21
obec,Obec/533114,CZ020,Středočeský kraj,https://data.mpsv.cz/od/soubory/ciselniky/obce.json,2026-08-21
obec,Obec/533122,CZ020,Středočeský kraj,https://data.mpsv.cz/od/soubory/ciselniky/obce.json,2026-08-21
obec,Obec/599425,CZ020,Středočeský kraj,https://data.mpsv.cz/od/soubory/ciselniky/obce.json,2026-08-21
obec,Obec/533149,CZ020,Středočeský kraj,https://data.mpsv.cz/od/soubory/ciselniky/obce.json,2026-08-21
obec,Obec/533157,CZ020,Středočeský kraj,https://data.mpsv.cz/od/soubory/ciselniky/obce.json,2026-08-21
obec,Obec/533173,CZ020,Středočeský kraj,https://data.mpsv.cz/od/soubory/ciselniky/obce.json,2026-08-21
obec,Obec/533181,CZ020,Středočeský kraj,https://data.mpsv.cz/od/soubory/ciselniky/obce.json,2026-08-21
obec,Obec/533190,CZ020,Středočeský kraj,https://data.mpsv.cz/od/soubory/ciselniky/obce.json,2026-08-21
obec,Obec/533211,CZ020,Středočeský kraj,https://data.mpsv.cz/od/soubory/ciselniky/obce.json,2026-08-21
obec,Obec/533220,CZ020,Středočeský kraj,https://data.mpsv.cz/od/soubory/ciselniky/obce.json,2026-08-21
obec,Obec/533238,CZ020,Středočeský kraj,https://data.mpsv.cz/od/soubory/ciselniky/obce.json,2026-08-21
obec,Obec/533246,CZ020,Středočeský kraj,https://data.mpsv.cz/od/soubory/ciselniky/obce.json,2026-08-21
obec,Obec/599476,CZ020,Středočeský kraj,https://data.mpsv.cz/od/soubory/ciselniky/obce.json,2026-08-21
obec,Obec/599301,CZ020,Středočeský kraj,https://data.mpsv.cz/od/soubory/ciselniky/obce.json,2026-08-21
obec,Obec/533262,CZ020,Středočeský kraj,https://data.mpsv.cz/od/soubory/ciselniky/obce.json,2026-08-21
obec,Obec/533271,CZ020,Středočeský kraj,https://data.mpsv.cz/od/soubory/ciselniky/obce.json,2026-08-21
obec,Obec/533289,CZ020,Středočeský kraj,https://data.mpsv.cz/od/soubory/ciselniky/obce.json,2026-08-21
obec,Obec/533297,CZ020,Středočeský kraj,https://data.mpsv.cz/od/soubory/ciselniky/obce.json,2026-08-21
obec,Obec/513181,CZ020,Středočeský kraj,https://data.mpsv.cz/od/soubory/ciselniky/obce.json,2026-08-21
obec,Obec/533301,CZ020,Středočeský kraj,https://data.mpsv.cz/od/soubory/ciselniky/obce.json,2026-08-21
obec,Obec/564681,CZ020,Středočeský kraj,https://data.mpsv.cz/od/soubory/ciselniky/obce.json,2026-08-21
obec,Obec/599450,CZ020,Středočeský kraj,https://data.mpsv.cz/od/soubory/ciselniky/obce.json,2026-08-21
obec,Obec/533327,CZ020,Středočeský kraj,https://data.mpsv.cz/od/soubory/ciselniky/obce.json,2026-08-21
obec,Obec/564800,CZ020,Středočeský kraj,https://data.mpsv.cz/od/soubory/ciselniky/obce.json,2026-08-21
obec,Obec/534994,CZ020,Středočeský kraj,https://data.mpsv.cz/od/soubory/ciselniky/obce.json,2026-08-21
obec,Obec/533343,CZ020,Středočeský kraj,https://data.mpsv.cz/od/soubory/ciselniky/obce.json,2026-08-21
obec,Obec/533351,CZ020,Středočeský kraj,https://data.mpsv.cz/od/soubory/ciselniky/obce.json,2026-08-21
obec,Obec/533360,CZ020,Středočeský kraj,https://data.mpsv.cz/od/soubory/ciselniky/obce.json,2026-08-21
obec,Obec/513415,CZ020,Středočeský kraj,https://data.mpsv.cz/od/soubory/ciselniky/obce.json,2026-08-21
obec,Obec/571687,CZ020,Středočeský kraj,https://data.mpsv.cz/od/soubory/ciselniky/obce.json,2026-08-21
obec,Obec/533386,CZ020,Středočeský kraj,https://data.mpsv.cz/od/soubory/ciselniky/obce.json,2026-08-21
obec,Obec/533165,CZ020,Středočeský kraj,https://data.mpsv.cz/od/soubory/ciselniky/obce.json,2026-08-21
obec,Obec/533394,CZ020,Středočeský kraj,https://data.mpsv.cz/od/soubory/ciselniky/obce.json,2026-08-21
obec,Obec/533408,CZ020,Středočeský kraj,https://data.mpsv.cz/od/soubory/ciselniky/obce.json,2026-08-21
obec,Obec/533424,CZ020,Středočeský kraj,https://data.mpsv.cz/od/soubory/ciselniky/obce.json,2026-08-21
obec,Obec/533441,CZ020,Středočeský kraj,https://data.mpsv.cz/od/soubory/ciselniky/obce.json,2026-08-21
obec,Obec/533459,CZ020,Středočeský kraj,https://data.mpsv.cz/od/soubory/ciselniky/obce.json,2026-08-21
obec,Obec/599484,CZ020,Středočeský kraj,https://data.mpsv.cz/od/soubory/ciselniky/obce.json,2026-08-21
obec,Obec/533467,CZ020,Středočeský kraj,https://data.mpsv.cz/od/soubory/ciselniky/obce.json,2026-08-21
obec,Obec/571717,CZ020,Středočeský kraj,https://data.mpsv.cz/od/soubory/ciselniky/obce.json,2026-08-21
obec,Obec/533475,CZ020,Středočeský kraj,https://data.mpsv.cz/od/soubory/ciselniky/obce.json,2026-08-21
obec,Obec/533483,CZ020,Středočeský kraj,https://data.mpsv.cz/od/soubory/ciselniky/obce.json,2026-08-21
obec,Obec/513270,CZ020,Středočeský kraj,https://data.mpsv.cz/od/soubory/ciselniky/obce.json,2026-08-21
obec,Obec/533505,CZ020,Středočeský kraj,https://data.mpsv.cz/od/soubory/ciselniky/obce.json,2026-08-21
obec,Obec/533513,CZ020,Středočeský kraj,https://data.mpsv.cz/od/soubory/ciselniky/obce.json,2026-08-21
obec,Obec/564702,CZ020,Středočeský kraj,https://data.mpsv.cz/od/soubory/ciselniky/obce.json,2026-08-21
obec,Obec/513288,CZ020,Středočeský kraj,https://data.mpsv.cz/od/soubory/ciselniky/obce.json,2026-08-21
obec,Obec/533521,CZ020,Středočeský kraj,https://data.mpsv.cz/od/soubory/ciselniky/obce.json,2026-08-21
obec,Obec/571636,CZ020,Středočeský kraj,https://data.mpsv.cz/od/soubory/ciselniky/obce.json,2026-08-21
obec,Obec/533530,CZ020,Středočeský kraj,https://data.mpsv.cz/od/soubory/ciselniky/obce.json,2026-08-21
obec,Obec/533556,CZ020,Středočeský kraj,https://data.mpsv.cz/od/soubory/ciselniky/obce.json,2026-08-21
obec,Obec/533572,CZ020,Středočeský kraj,https://data.mpsv.cz/od/soubory/ciselniky/obce.json,2026-08-21
obec,Obec/513423,CZ020,Středočeský kraj,https://data.mpsv.cz/od/soubory/ciselniky/obce.json,2026-08-21
obec,Obec/537641,CZ020,Středočeský kraj,https://data.mpsv.cz/od/soubory/ciselniky/obce.json,2026-08-21
obec,Obec/533581,CZ020,Středočeský kraj,https://data.mpsv.cz/od/soubory/ciselniky/obce.json,2026-08-21
obec,Obec/537675,CZ020,Středočeský kraj,https://data.mpsv.cz/od/soubory/ciselniky/obce.json,2026-08-21
obec,Obec/533599,CZ020,Středočeský kraj,https://data.mpsv.cz/od/soubory/ciselniky/obce.json,2026-08-21
obec,Obec/513237,CZ020,Středočeský kraj,https://data.mpsv.cz/od/soubory/ciselniky/obce.json,2026-08-21
obec,Obec/513148,CZ020,Středočeský kraj,https://data.mpsv.cz/od/soubory/ciselniky/obce.json,2026-08-21
obec,Obec/537705,CZ020,Středočeský kraj,https://data.mpsv.cz/od/soubory/ciselniky/obce.json,2026-08-21
obec,Obec/513369,CZ020,Středočeský kraj,https://data.mpsv.cz/od/soubory/ciselniky/obce.json,2026-08-21
obec,Obec/513393,CZ020,Středočeský kraj,https://data.mpsv.cz/od/soubory/ciselniky/obce.json,2026-08-21
obec,Obec/533611,CZ020,Středočeský kraj,https://data.mpsv.cz/od/soubory/ciselniky/obce.json,2026-08-21
obec,Obec/533629,CZ020,Středočeský kraj,https://data.mpsv.cz/od/soubory/ciselniky/obce.json,2026-08-21
obec,Obec/533637,CZ020,Středočeský kraj,https://data.mpsv.cz/od/soubory/ciselniky/obce.json,2026-08-21
obec,Obec/533645,CZ020,Středočeský kraj,https://data.mpsv.cz/od/soubory/ciselniky/obce.json,2026-08-21
obec,Obec/533653,CZ020,Středočeský kraj,https://data.mpsv.cz/od/soubory/ciselniky/obce.json,2026-08-21
obec,Obec/537748,CZ020,Středočeský kraj,https://data.mpsv.cz/od/soubory/ciselniky/obce.json,2026-08-21
obec,Obec/533661,CZ020,Středočeský kraj,https://data.mpsv.cz/od/soubory/ciselniky/obce.json,2026-08-21
obec,Obec/533696,CZ020,Středočeský kraj,https://data.mpsv.cz/od/soubory/ciselniky/obce.json,2026-08-21
obec,Obec/533700,CZ020,Středočeský kraj,https://data.mpsv.cz/od/soubory/ciselniky/obce.json,2026-08-21
obec,Obec/533726,CZ020,Středočeský kraj,https://data.mpsv.cz/od/soubory/ciselniky/obce.json,2026-08-21
obec,Obec/537888,CZ020,Středočeský kraj,https://data.mpsv.cz/od/soubory/ciselniky/obce.json,2026-08-21
obec,Obec/533734,CZ020,Středočeský kraj,https://data.mpsv.cz/od/soubory/ciselniky/obce.json,2026-08-21
obec,Obec/533742,CZ020,Středočeský kraj,https://data.mpsv.cz/od/soubory/ciselniky/obce.json,2026-08-21
obec,Obec/533751,CZ020,Středočeský kraj,https://data.mpsv.cz/od/soubory/ciselniky/obce.json,2026-08-21
obec,Obec/533769,CZ020,Středočeský kraj,https://data.mpsv.cz/od/soubory/ciselniky/obce.json,2026-08-21
obec,Obec/533777,CZ020,Středočeský kraj,https://data.mpsv.cz/od/soubory/ciselniky/obce.json,2026-08-21
obec,Obec/533785,CZ020,Středočeský kraj,https://data.mpsv.cz/od/soubory/ciselniky/obce.json,2026-08-21
obec,Obec/533807,CZ020,Středočeský kraj,https://data.mpsv.cz/od/soubory/ciselniky/obce.json,2026-08-21
obec,Obec/533815,CZ020,Středočeský kraj,https://data.mpsv.cz/od/soubory/ciselniky/obce.json,2026-08-21
obec,Obec/533823,CZ020,Středočeský kraj,https://data.mpsv.cz/od/soubory/ciselniky/obce.json,2026-08-21
obec,Obec/533831,CZ020,Středočeský kraj,https://data.mpsv.cz/od/soubory/ciselniky/obce.json,2026-08-21
obec,Obec/533840,CZ020,Středočeský kraj,https://data.mpsv.cz/od/soubory/ciselniky/obce.json,2026-08-21
obec,Obec/533858,CZ020,Středočeský kraj,https://data.mpsv.cz/od/soubory/ciselniky/obce.json,2026-08-21
obec,Obec/533866,CZ020,Středočeský kraj,https://data.mpsv.cz/od/soubory/ciselniky/obce.json,2026-08-21
obec,Obec/533882,CZ020,Středočeský kraj,https://data.mpsv.cz/od/soubory/ciselniky/obce.json,2026-08-21
obec,Obec/564826,CZ020,Středočeský kraj,https://data.mpsv.cz/od/soubory/ciselniky/obce.json,2026-08-21
obec,Obec/533891,CZ020,Středočeský kraj,https://data.mpsv.cz/od/soubory/ciselniky/obce.json,2026-08-21
obec,Obec/513202,CZ020,Středočeský kraj,https://data.mpsv.cz/od/soubory/ciselniky/obce.json,2026-08-21
obec,Obec/533921,CZ020,Středočeský kraj,https://data.mpsv.cz/od/soubory/ciselniky/obce.json,2026-08-21
obec,Obec/513261,CZ020,Středočeský kraj,https://data.mpsv.cz/od/soubory/ciselniky/obce.json,2026-08-21
obec,Obec/513164,CZ020,Středočeský kraj,https://data.mpsv.cz/od/soubory/ciselniky/obce.json,2026-08-21
obec,Obec/538035,CZ020,Středočeský kraj,https://data.mpsv.cz/od/soubory/ciselniky/obce.json,2026-08-21
obec,Obec/533947,CZ020,Středočeský kraj,https://data.mpsv.cz/od/soubory/ciselniky/obce.json,2026-08-21
obec,Obec/531367,CZ020,Středočeský kraj,https://data.mpsv.cz/od/soubory/ciselniky/obce.json,2026-08-21
obec,Obec/531111,CZ020,Středočeský kraj,https://data.mpsv.cz/od/soubory/ciselniky/obce.json,2026-08-21
obec,Obec/533971,CZ020,Středočeský kraj,https://data.mpsv.cz/od/soubory/ciselniky/obce.json,2026-08-21
obec,Obec/530964,CZ020,Středočeský kraj,https://data.mpsv.cz/od/soubory/ciselniky/obce.json,2026-08-21
obec,Obec/533980,CZ020,Středočeský kraj,https://data.mpsv.cz/od/soubory/ciselniky/obce.json,2026-08-21
obec,Obec/530832,CZ020,Středočeský kraj,https://data.mpsv.cz/od/soubory/ciselniky/obce.json,2026-08-21
obec,Obec/531286,CZ020,Středočeský kraj,https://data.mpsv.cz/od/soubory/ciselniky/obce.json,2026-08-21
obec,Obec/533998,CZ020,Středočeský kraj,https://data.mpsv.cz/od/soubory/ciselniky/obce.json,2026-08-21
obec,Obec/534005,CZ020,Středočeský kraj,https://data.mpsv.cz/od/soubory/ciselniky/obce.json,2026-08-21
obec,Obec/529524,CZ020,Středočeský kraj,https://data.mpsv.cz/od/soubory/ciselniky/obce.json,2026-08-21
obec,Obec/534013,CZ020,Středočeský kraj,https://data.mpsv.cz/od/soubory/ciselniky/obce.json,2026-08-21
obec,Obec/534021,CZ020,Středočeský kraj,https://data.mpsv.cz/od/soubory/ciselniky/obce.json,2026-08-21
obec,Obec/534030,CZ020,Středočeský kraj,https://data.mpsv.cz/od/soubory/ciselniky/obce.json,2026-08-21
obec,Obec/529559,CZ020,Středočeský kraj,https://data.mpsv.cz/od/soubory/ciselniky/obce.json,2026-08-21
obec,Obec/531260,CZ020,Středočeský kraj,https://data.mpsv.cz/od/soubory/ciselniky/obce.json,2026-08-21
obec,Obec/531341,CZ020,Středočeský kraj,https://data.mpsv.cz/od/soubory/ciselniky/obce.json,2026-08-21
obec,Obec/531197,CZ020,Středočeský kraj,https://data.mpsv.cz/od/soubory/ciselniky/obce.json,2026-08-21
obec,Obec/531430,CZ020,Středočeský kraj,https://data.mpsv.cz/od/soubory/ciselniky/obce.json,2026-08-21
obec,Obec/534056,CZ020,Středočeský kraj,https://data.mpsv.cz/od/soubory/ciselniky/obce.json,2026-08-21
obec,Obec/531359,CZ020,Středočeský kraj,https://data.mpsv.cz/od/soubory/ciselniky/obce.json,2026-08-21
obec,Obec/531481,CZ020,Středočeský kraj,https://data.mpsv.cz/od/soubory/ciselniky/obce.json,2026-08-21
obec,Obec/534064,CZ020,Středočeský kraj,https://data.mpsv.cz/od/soubory/ciselniky/obce.json,2026-08-21
obec,Obec/531413,CZ020,Středočeský kraj,https://data.mpsv.cz/od/soubory/ciselniky/obce.json,2026-08-21
obec,Obec/534081,CZ020,Středočeský kraj,https://data.mpsv.cz/od/soubory/ciselniky/obce.json,2026-08-21
obec,Obec/534099,CZ020,Středočeský kraj,https://data.mpsv.cz/od/soubory/ciselniky/obce.json,2026-08-21
obec,Obec/534102,CZ020,Středočeský kraj,https://data.mpsv.cz/od/soubory/ciselniky/obce.json,2026-08-21
obec,Obec/534129,CZ020,Středočeský kraj,https://data.mpsv.cz/od/soubory/ciselniky/obce.json,2026-08-21
obec,Obec/534137,CZ020,Středočeský kraj,https://data.mpsv.cz/od/soubory/ciselniky/obce.json,2026-08-21
obec,Obec/531405,CZ020,Středočeský kraj,https://data.mpsv.cz/od/soubory/ciselniky/obce.json,2026-08-21
obec,Obec/551465,CZ020,Středočeský kraj,https://data.mpsv.cz/od/soubory/ciselniky/obce.json,2026-08-21
obec,Obec/534153,CZ020,Středočeský kraj,https://data.mpsv.cz/od/soubory/ciselniky/obce.json,2026-08-21
obec,Obec/534161,CZ020,Středočeský kraj,https://data.mpsv.cz/od/soubory/ciselniky/obce.json,2026-08-21
obec,Obec/533955,CZ020,Středočeský kraj,https://data.mpsv.cz/od/soubory/ciselniky/obce.json,2026-08-21
obec,Obec/534170,CZ020,Středočeský kraj,https://data.mpsv.cz/od/soubory/ciselniky/obce.json,2026-08-21
obec,Obec/534188,CZ020,Středočeský kraj,https://data.mpsv.cz/od/soubory/ciselniky/obce.json,2026-08-21
obec,Obec/534200,CZ020,Středočeský kraj,https://data.mpsv.cz/od/soubory/ciselniky/obce.json,2026-08-21
obec,Obec/530999,CZ020,Středočeský kraj,https://data.mpsv.cz/od/soubory/ciselniky/obce.json,2026-08-21
obec,Obec/534226,CZ020,Středočeský kraj,https://data.mpsv.cz/od/soubory/ciselniky/obce.json,2026-08-21
obec,Obec/534242,CZ020,Středočeský kraj,https://data.mpsv.cz/od/soubory/ciselniky/obce.json,2026-08-21
obec,Obec/534251,CZ020,Středočeský kraj,https://data.mpsv.cz/od/soubory/ciselniky/obce.json,2026-08-21
obec,Obec/534277,CZ020,Středočeský kraj,https://data.mpsv.cz/od/soubory/ciselniky/obce.json,2026-08-21
obec,Obec/530956,CZ020,Středočeský kraj,https://data.mpsv.cz/od/soubory/ciselniky/obce.json,2026-08-21
obec,Obec/531278,CZ020,Středočeský kraj,https://data.mpsv.cz/od/soubory/ciselniky/obce.json,2026-08-21
obec,Obec/534307,CZ020,Středočeský kraj,https://data.mpsv.cz/od/soubory/ciselniky/obce.json,2026-08-21
obec,Obec/534315,CZ020,Středočeský kraj,https://data.mpsv.cz/od/soubory/ciselniky/obce.json,2026-08-21
obec,Obec/534323,CZ020,Středočeský kraj,https://data.mpsv.cz/od/soubory/ciselniky/obce.json,2026-08-21
obec,Obec/528196,CZ020,Středočeský kraj,https://data.mpsv.cz/od/soubory/ciselniky/obce.json,2026-08-21
obec,Obec/534331,CZ020,Středočeský kraj,https://data.mpsv.cz/od/soubory/ciselniky/obce.json,2026-08-21
obec,Obec/534340,CZ020,Středočeský kraj,https://data.mpsv.cz/od/soubory/ciselniky/obce.json,2026-08-21
obec,Obec/534358,CZ020,Středočeský kraj,https://data.mpsv.cz/od/soubory/ciselniky/obce.json,2026-08-21
obec,Obec/526622,CZ020,Středočeský kraj,https://data.mpsv.cz/od/soubory/ciselniky/obce.json,2026-08-21
obec,Obec/534366,CZ020,Středočeský kraj,https://data.mpsv.cz/od/soubory/ciselniky/obce.json,2026-08-21
obec,Obec/534374,CZ020,Středočeský kraj,https://data.mpsv.cz/od/soubory/ciselniky/obce.json,2026-08-21
obec,Obec/530859,CZ020,Středočeský kraj,https://data.mpsv.cz/od/soubory/ciselniky/obce.json,2026-08-21
obec,Obec/531383,CZ020,Středočeský kraj,https://data.mpsv.cz/od/soubory/ciselniky/obce.json,2026-08-21
obec,Obec/534391,CZ020,Středočeský kraj,https://data.mpsv.cz/od/soubory/ciselniky/obce.json,2026-08-21
obec,Obec/534293,CZ020,Středočeský kraj,https://data.mpsv.cz/od/soubory/ciselniky/obce.json,2026-08-21
obec,Obec/531065,CZ020,Středočeský kraj,https://data.mpsv.cz/od/soubory/ciselniky/obce.json,2026-08-21
obec,Obec/534412,CZ020,Středočeský kraj,https://data.mpsv.cz/od/soubory/ciselniky/obce.json,2026-08-21
obec,Obec/530875,CZ020,Středočeský kraj,https://data.mpsv.cz/od/soubory/ciselniky/obce.json,2026-08-21
obec,Obec/531391,CZ020,Středočeský kraj,https://data.mpsv.cz/od/soubory/ciselniky/obce.json,2026-08-21
obec,Obec/534439,CZ020,Středočeský kraj,https://data.mpsv.cz/od/soubory/ciselniky/obce.json,2026-08-21
obec,Obec/534196,CZ020,Středočeský kraj,https://data.mpsv.cz/od/soubory/ciselniky/obce.json,2026-08-21
obec,Obec/531421,CZ020,Středočeský kraj,https://data.mpsv.cz/od/soubory/ciselniky/obce.json,2026-08-21
obec,Obec/530930,CZ020,Středočeský kraj,https://data.mpsv.cz/od/soubory/ciselniky/obce.json,2026-08-21
obec,Obec/530981,CZ020,Středočeský kraj,https://data.mpsv.cz/od/soubory/ciselniky/obce.json,2026-08-21
obec,Obec/530972,CZ020,Středočeský kraj,https://data.mpsv.cz/od/soubory/ciselniky/obce.json,2026-08-21
obec,Obec/571741,CZ020,Středočeský kraj,https://data.mpsv.cz/od/soubory/ciselniky/obce.json,2026-08-21
obec,Obec/534480,CZ020,Středočeský kraj,https://data.mpsv.cz/od/soubory/ciselniky/obce.json,2026-08-21
obec,Obec/534498,CZ020,Středočeský kraj,https://data.mpsv.cz/od/soubory/ciselniky/obce.json,2026-08-21
obec,Obec/534501,CZ020,Středočeský kraj,https://data.mpsv.cz/od/soubory/ciselniky/obce.json,2026-08-21
obec,Obec/534510,CZ020,Středočeský kraj,https://data.mpsv.cz/od/soubory/ciselniky/obce.json,2026-08-21
obec,Obec/534528,CZ020,Středočeský kraj,https://data.mpsv.cz/od/soubory/ciselniky/obce.json,2026-08-21
obec,Obec/534536,CZ020,Středočeský kraj,https://data.mpsv.cz/od/soubory/ciselniky/obce.json,2026-08-21
obec,Obec/534544,CZ020,Středočeský kraj,https://data.mpsv.cz/od/soubory/ciselniky/obce.json,2026-08-21
obec,Obec/534552,CZ020,Středočeský kraj,https://data.mpsv.cz/od/soubory/ciselniky/obce.json,2026-08-21
obec,Obec/534561,CZ020,Středočeský kraj,https://data.mpsv.cz/od/soubory/ciselniky/obce.json,2026-08-21
obec,Obec/534579,CZ020,Středočeský kraj,https://data.mpsv.cz/od/soubory/ciselniky/obce.json,2026-08-21
obec,Obec/531014,CZ020,Středočeský kraj,https://data.mpsv.cz/od/soubory/ciselniky/obce.json,2026-08-21
obec,Obec/534587,CZ020,Středočeský kraj,https://data.mpsv.cz/od/soubory/ciselniky/obce.json,2026-08-21
obec,Obec/534595,CZ020,Středočeský kraj,https://data.mpsv.cz/od/soubory/ciselniky/obce.json,2026-08-21
obec,Obec/534609,CZ020,Středočeský kraj,https://data.mpsv.cz/od/soubory/ciselniky/obce.json,2026-08-21
obec,Obec/534617,CZ020,Středočeský kraj,https://data.mpsv.cz/od/soubory/ciselniky/obce.json,2026-08-21
obec,Obec/534625,CZ020,Středočeský kraj,https://data.mpsv.cz/od/soubory/ciselniky/obce.json,2026-08-21
obec,Obec/534633,CZ020,Středočeský kraj,https://data.mpsv.cz/od/soubory/ciselniky/obce.json,2026-08-21
obec,Obec/534641,CZ020,Středočeský kraj,https://data.mpsv.cz/od/soubory/ciselniky/obce.json,2026-08-21
obec,Obec/534650,CZ020,Středočeský kraj,https://data.mpsv.cz/od/soubory/ciselniky/obce.json,2026-08-21
obec,Obec/534668,CZ020,Středočeský kraj,https://data.mpsv.cz/od/soubory/ciselniky/obce.json,2026-08-21
obec,Obec/534714,CZ020,Středočeský kraj,https://data.mpsv.cz/od/soubory/ciselniky/obce.json,2026-08-21
obec,Obec/534722,CZ020,Středočeský kraj,https://data.mpsv.cz/od/soubory/ciselniky/obce.json,2026-08-21
obec,Obec/534731,CZ020,Středočeský kraj,https://data.mpsv.cz/od/soubory/ciselniky/obce.json,2026-08-21
obec,Obec/598291,CZ020,Středočeský kraj,https://data.mpsv.cz/od/soubory/ciselniky/obce.json,2026-08-21
obec,Obec/534749,CZ020,Středočeský kraj,https://data.mpsv.cz/od/soubory/ciselniky/obce.json,2026-08-21
obec,Obec/531570,CZ020,Středočeský kraj,https://data.mpsv.cz/od/soubory/ciselniky/obce.json,2026-08-21
obec,Obec/539201,CZ020,Středočeský kraj,https://data.mpsv.cz/od/soubory/ciselniky/obce.json,2026-08-21
obec,Obec/534765,CZ020,Středočeský kraj,https://data.mpsv.cz/od/soubory/ciselniky/obce.json,2026-08-21
obec,Obec/531987,CZ020,Středočeský kraj,https://data.mpsv.cz/od/soubory/ciselniky/obce.json,2026-08-21
obec,Obec/534773,CZ020,Středočeský kraj,https://data.mpsv.cz/od/soubory/ciselniky/obce.json,2026-08-21
obec,Obec/534790,CZ020,Středočeský kraj,https://data.mpsv.cz/od/soubory/ciselniky/obce.json,2026-08-21
obec,Obec/534803,CZ020,Středočeský kraj,https://data.mpsv.cz/od/soubory/ciselniky/obce.json,2026-08-21
obec,Obec/531499,CZ020,Středočeský kraj,https://data.mpsv.cz/od/soubory/ciselniky/obce.json,2026-08-21
obec,Obec/531928,CZ020,Středočeský kraj,https://data.mpsv.cz/od/soubory/ciselniky/obce.json,2026-08-21
obec,Obec/534820,CZ020,Středočeský kraj,https://data.mpsv.cz/od/soubory/ciselniky/obce.json,2026-08-21
obec,Obec/534838,CZ020,Středočeský kraj,https://data.mpsv.cz/od/soubory/ciselniky/obce.json,2026-08-21
obec,Obec/534846,CZ020,Středočeský kraj,https://data.mpsv.cz/od/soubory/ciselniky/obce.json,2026-08-21
obec,Obec/531871,CZ020,Středočeský kraj,https://data.mpsv.cz/od/soubory/ciselniky/obce.json,2026-08-21
obec,Obec/531774,CZ020,Středočeský kraj,https://data.mpsv.cz/od/soubory/ciselniky/obce.json,2026-08-21
obec,Obec/531651,CZ020,Středočeský kraj,https://data.mpsv.cz/od/soubory/ciselniky/obce.json,2026-08-21
obec,Obec/534897,CZ020,Středočeský kraj,https://data.mpsv.cz/od/soubory/ciselniky/obce.json,2026-08-21
obec,Obec/538345,CZ020,Středočeský kraj,https://data.mpsv.cz/od/soubory/ciselniky/obce.json,2026-08-21
obec,Obec/534901,CZ020,Středočeský kraj,https://data.mpsv.cz/od/soubory/ciselniky/obce.json,2026-08-21
obec,Obec/534935,CZ020,Středočeský kraj,https://data.mpsv.cz/od/soubory/ciselniky/obce.json,2026-08-21
obec,Obec/571792,CZ020,Středočeský kraj,https://data.mpsv.cz/od/soubory/ciselniky/obce.json,2026-08-21
obec,Obec/534951,CZ020,Středočeský kraj,https://data.mpsv.cz/od/soubory/ciselniky/obce.json,2026-08-21
obec,Obec/534978,CZ020,Středočeský kraj,https://data.mpsv.cz/od/soubory/ciselniky/obce.json,2026-08-21
obec,Obec/531898,CZ020,Středočeský kraj,https://data.mpsv.cz/od/soubory/ciselniky/obce.json,2026-08-21
obec,Obec/535001,CZ020,Středočeský kraj,https://data.mpsv.cz/od/soubory/ciselniky/obce.json,2026-08-21
obec,Obec/571784,CZ020,Středočeský kraj,https://data.mpsv.cz/od/soubory/ciselniky/obce.json,2026-08-21
obec,Obec/531502,CZ020,Středočeský kraj,https://data.mpsv.cz/od/soubory/ciselniky/obce.json,2026-08-21
obec,Obec/531677,CZ020,Středočeský kraj,https://data.mpsv.cz/od/soubory/ciselniky/obce.json,2026-08-21
obec,Obec/535028,CZ020,Středočeský kraj,https://data.mpsv.cz/od/soubory/ciselniky/obce.json,2026-08-21
obec,Obec/535036,CZ020,Středočeský kraj,https://data.mpsv.cz/od/soubory/ciselniky/obce.json,2026-08-21
obec,Obec/529575,CZ020,Středočeský kraj,https://data.mpsv.cz/od/soubory/ciselniky/obce.json,2026-08-21
obec,Obec/535044,CZ020,Středočeský kraj,https://data.mpsv.cz/od/soubory/ciselniky/obce.json,2026-08-21
obec,Obec/534676,CZ020,Středočeský kraj,https://data.mpsv.cz/od/soubory/ciselniky/obce.json,2026-08-21
obec,Obec/535052,CZ020,Středočeský kraj,https://data.mpsv.cz/od/soubory/ciselniky/obce.json,2026-08-21
obec,Obec/535061,CZ020,Středočeský kraj,https://data.mpsv.cz/od/soubory/ciselniky/obce.json,2026-08-21
obec,Obec/531863,CZ020,Středočeský kraj,https://data.mpsv.cz/od/soubory/ciselniky/obce.json,2026-08-21
obec,Obec/535079,CZ020,Středočeský kraj,https://data.mpsv.cz/od/soubory/ciselniky/obce.json,2026-08-21
obec,Obec/535087,CZ020,Středočeský kraj,https://data.mpsv.cz/od/soubory/ciselniky/obce.json,2026-08-21
obec,Obec/531707,CZ020,Středočeský kraj,https://data.mpsv.cz/od/soubory/ciselniky/obce.json,2026-08-21
obec,Obec/535117,CZ020,Středočeský kraj,https://data.mpsv.cz/od/soubory/ciselniky/obce.json,2026-08-21
obec,Obec/535133,CZ020,Středočeský kraj,https://data.mpsv.cz/od/soubory/ciselniky/obce.json,2026-08-21
obec,Obec/532673,CZ020,Středočeský kraj,https://data.mpsv.cz/od/soubory/ciselniky/obce.json,2026-08-21
obec,Obec/535141,CZ020,Středočeský kraj,https://data.mpsv.cz/od/soubory/ciselniky/obce.json,2026-08-21
obec,Obec/538647,CZ020,Středočeský kraj,https://data.mpsv.cz/od/soubory/ciselniky/obce.json,2026-08-21
obec,Obec/535168,CZ020,Středočeský kraj,https://data.mpsv.cz/od/soubory/ciselniky/obce.json,2026-08-21
obec,Obec/535192,CZ020,Středočeský kraj,https://data.mpsv.cz/od/soubory/ciselniky/obce.json,2026-08-21
obec,Obec/531731,CZ020,Středočeský kraj,https://data.mpsv.cz/od/soubory/ciselniky/obce.json,2026-08-21
obec,Obec/535214,CZ020,Středočeský kraj,https://data.mpsv.cz/od/soubory/ciselniky/obce.json,2026-08-21
obec,Obec/535222,CZ020,Středočeský kraj,https://data.mpsv.cz/od/soubory/ciselniky/obce.json,2026-08-21
obec,Obec/531561,CZ020,Středočeský kraj,https://data.mpsv.cz/od/soubory/ciselniky/obce.json,2026-08-21
obec,Obec/529583,CZ020,Středočeský kraj,https://data.mpsv.cz/od/soubory/ciselniky/obce.json,2026-08-21
obec,Obec/599492,CZ020,Středočeský kraj,https://data.mpsv.cz/od/soubory/ciselniky/obce.json,2026-08-21
obec,Obec/535257,CZ020,Středočeský kraj,https://data.mpsv.cz/od/soubory/ciselniky/obce.json,2026-08-21
obec,Obec/535265,CZ020,Středočeský kraj,https://data.mpsv.cz/od/soubory/ciselniky/obce.json,2026-08-21
obec,Obec/535273,CZ020,Středočeský kraj,https://data.mpsv.cz/od/soubory/ciselniky/obce.json,2026-08-21
obec,Obec/531936,CZ020,Středočeský kraj,https://data.mpsv.cz/od/soubory/ciselniky/obce.json,2026-08-21
obec,Obec/535290,CZ020,Středočeský kraj,https://data.mpsv.cz/od/soubory/ciselniky/obce.json,2026-08-21
obec,Obec/535303,CZ020,Středočeský kraj,https://data.mpsv.cz/od/soubory/ciselniky/obce.json,2026-08-21
obec,Obec/535311,CZ020,Středočeský kraj,https://data.mpsv.cz/od/soubory/ciselniky/obce.json,2026-08-21
obec,Obec/535320,CZ020,Středočeský kraj,https://data.mpsv.cz/od/soubory/ciselniky/obce.json,2026-08-21
obec,Obec/535338,CZ020,Středočeský kraj,https://data.mpsv.cz/od/soubory/ciselniky/obce.json,2026-08-21
obec,Obec/535354,CZ020,Středočeský kraj,https://data.mpsv.cz/od/soubory/ciselniky/obce.json,2026-08-21
obec,Obec/531511,CZ020,Středočeský kraj,https://data.mpsv.cz/od/soubory/ciselniky/obce.json,2026-08-21
obec,Obec/535389,CZ020,Středočeský kraj,https://data.mpsv.cz/od/soubory/ciselniky/obce.json,2026-08-21
obec,Obec/535397,CZ020,Středočeský kraj,https://data.mpsv.cz/od/soubory/ciselniky/obce.json,2026-08-21
obec,Obec/535427,CZ020,Středočeský kraj,https://data.mpsv.cz/od/soubory/ciselniky/obce.json,2026-08-21
obec,Obec/535443,CZ020,Středočeský kraj,https://data.mpsv.cz/od/soubory/ciselniky/obce.json,2026-08-21
obec,Obec/535451,CZ020,Středočeský kraj,https://data.mpsv.cz/od/soubory/ciselniky/obce.json,2026-08-21
obec,Obec/535478,CZ020,Středočeský kraj,https://data.mpsv.cz/od/soubory/ciselniky/obce.json,2026-08-21
obec,Obec/565750,CZ020,Středočeský kraj,https://data.mpsv.cz/od/soubory/ciselniky/obce.json,2026-08-21
obec,Obec/535486,CZ020,Středočeský kraj,https://data.mpsv.cz/od/soubory/ciselniky/obce.json,2026-08-21
obec,Obec/535508,CZ020,Středočeský kraj,https://data.mpsv.cz/od/soubory/ciselniky/obce.json,2026-08-21
obec,Obec/535516,CZ020,Středočeský kraj,https://data.mpsv.cz/od/soubory/ciselniky/obce.json,2026-08-21
obec,Obec/570788,CZ020,Středočeský kraj,https://data.mpsv.cz/od/soubory/ciselniky/obce.json,2026-08-21
obec,Obec/571946,CZ020,Středočeský kraj,https://data.mpsv.cz/od/soubory/ciselniky/obce.json,2026-08-21
obec,Obec/535559,CZ020,Středočeský kraj,https://data.mpsv.cz/od/soubory/ciselniky/obce.json,2026-08-21
obec,Obec/535567,CZ020,Středočeský kraj,https://data.mpsv.cz/od/soubory/ciselniky/obce.json,2026-08-21
obec,Obec/535583,CZ020,Středočeský kraj,https://data.mpsv.cz/od/soubory/ciselniky/obce.json,2026-08-21
obec,Obec/599514,CZ020,Středočeský kraj,https://data.mpsv.cz/od/soubory/ciselniky/obce.json,2026-08-21
obec,Obec/535605,CZ020,Středočeský kraj,https://data.mpsv.cz/od/soubory/ciselniky/obce.json,2026-08-21
obec,Obec/570991,CZ020,Středočeský kraj,https://data.mpsv.cz/od/soubory/ciselniky/obce.json,2026-08-21
obec,Obec/535621,CZ020,Středočeský kraj,https://data.mpsv.cz/od/soubory/ciselniky/obce.json,2026-08-21
obec,Obec/535630,CZ020,Středočeský kraj,https://data.mpsv.cz/od/soubory/ciselniky/obce.json,2026-08-21
obec,Obec/570818,CZ020,Středočeský kraj,https://data.mpsv.cz/od/soubory/ciselniky/obce.json,2026-08-21
obec,Obec/535656,CZ020,Středočeský kraj,https://data.mpsv.cz/od/soubory/ciselniky/obce.json,2026-08-21
obec,Obec/535672,CZ020,Středočeský kraj,https://data.mpsv.cz/od/soubory/ciselniky/obce.json,2026-08-21
obec,Obec/571989,CZ020,Středočeský kraj,https://data.mpsv.cz/od/soubory/ciselniky/obce.json,2026-08-21
obec,Obec/535702,CZ020,Středočeský kraj,https://data.mpsv.cz/od/soubory/ciselniky/obce.json,2026-08-21
obec,Obec/535711,CZ020,Středočeský kraj,https://data.mpsv.cz/od/soubory/ciselniky/obce.json,2026-08-21
obec,Obec/535729,CZ020,Středočeský kraj,https://data.mpsv.cz/od/soubory/ciselniky/obce.json,2026-08-21
obec,Obec/570940,CZ020,Středočeský kraj,https://data.mpsv.cz/od/soubory/ciselniky/obce.json,2026-08-21
obec,Obec/535745,CZ020,Středočeský kraj,https://data.mpsv.cz/od/soubory/ciselniky/obce.json,2026-08-21
obec,Obec/571067,CZ020,Středočeský kraj,https://data.mpsv.cz/od/soubory/ciselniky/obce.json,2026-08-21
obec,Obec/535818,CZ020,Středočeský kraj,https://data.mpsv.cz/od/soubory/ciselniky/obce.json,2026-08-21
obec,Obec/535834,CZ020,Středočeský kraj,https://data.mpsv.cz/od/soubory/ciselniky/obce.json,2026-08-21
obec,Obec/599531,CZ020,Středočeský kraj,https://data.mpsv.cz/od/soubory/ciselniky/obce.json,2026-08-21
obec,Obec/535869,CZ020,Středočeský kraj,https://data.mpsv.cz/od/soubory/ciselniky/obce.json,2026-08-21
obec,Obec/565733,CZ020,Středočeský kraj,https://data.mpsv.cz/od/soubory/ciselniky/obce.json,2026-08-21
obec,Obec/599522,CZ020,Středočeský kraj,https://data.mpsv.cz/od/soubory/ciselniky/obce.json,2026-08-21
obec,Obec/565784,CZ020,Středočeský kraj,https://data.mpsv.cz/od/soubory/ciselniky/obce.json,2026-08-21
obec,Obec/535923,CZ020,Středočeský kraj,https://data.mpsv.cz/od/soubory/ciselniky/obce.json,2026-08-21
obec,Obec/535931,CZ020,Středočeský kraj,https://data.mpsv.cz/od/soubory/ciselniky/obce.json,2026-08-21
obec,Obec/571849,CZ020,Středočeský kraj,https://data.mpsv.cz/od/soubory/ciselniky/obce.json,2026-08-21
obec,Obec/535966,CZ020,Středočeský kraj,https://data.mpsv.cz/od/soubory/ciselniky/obce.json,2026-08-21
obec,Obec/535974,CZ020,Středočeský kraj,https://data.mpsv.cz/od/soubory/ciselniky/obce.json,2026-08-21
obec,Obec/566039,CZ020,Středočeský kraj,https://data.mpsv.cz/od/soubory/ciselniky/obce.json,2026-08-21
obec,Obec/529613,CZ020,Středočeský kraj,https://data.mpsv.cz/od/soubory/ciselniky/obce.json,2026-08-21
obec,Obec/536008,CZ020,Středočeský kraj,https://data.mpsv.cz/od/soubory/ciselniky/obce.json,2026-08-21
obec,Obec/536024,CZ020,Středočeský kraj,https://data.mpsv.cz/od/soubory/ciselniky/obce.json,2026-08-21
obec,Obec/571075,CZ020,Středočeský kraj,https://data.mpsv.cz/od/soubory/ciselniky/obce.json,2026-08-21
obec,Obec/536041,CZ020,Středočeský kraj,https://data.mpsv.cz/od/soubory/ciselniky/obce.json,2026-08-21
obec,Obec/571172,CZ020,Středočeský kraj,https://data.mpsv.cz/od/soubory/ciselniky/obce.json,2026-08-21
obec,Obec/536067,CZ020,Středočeský kraj,https://data.mpsv.cz/od/soubory/ciselniky/obce.json,2026-08-21
obec,Obec/570974,CZ020,Středočeský kraj,https://data.mpsv.cz/od/soubory/ciselniky/obce.json,2026-08-21
obec,Obec/599557,CZ020,Středočeský kraj,https://data.mpsv.cz/od/soubory/ciselniky/obce.json,2026-08-21
obec,Obec/570826,CZ020,Středočeský kraj,https://data.mpsv.cz/od/soubory/ciselniky/obce.json,2026-08-21
obec,Obec/536121,CZ020,Středočeský kraj,https://data.mpsv.cz/od/soubory/ciselniky/obce.json,2026-08-21
obec,Obec/566047,CZ020,Středočeský kraj,https://data.mpsv.cz/od/soubory/ciselniky/obce.json,2026-08-21
obec,Obec/571971,CZ020,Středočeský kraj,https://data.mpsv.cz/od/soubory/ciselniky/obce.json,2026-08-21
obec,Obec/572012,CZ020,Středočeský kraj,https://data.mpsv.cz/od/soubory/ciselniky/obce.json,2026-08-21
obec,Obec/536164,CZ020,Středočeský kraj,https://data.mpsv.cz/od/soubory/ciselniky/obce.json,2026-08-21
obec,Obec/536172,CZ020,Středočeský kraj,https://data.mpsv.cz/od/soubory/ciselniky/obce.json,2026-08-21
obec,Obec/536181,CZ020,Středočeský kraj,https://data.mpsv.cz/od/soubory/ciselniky/obce.json,2026-08-21
obec,Obec/536202,CZ020,Středočeský kraj,https://data.mpsv.cz/od/soubory/ciselniky/obce.json,2026-08-21
obec,Obec/536211,CZ020,Středočeský kraj,https://data.mpsv.cz/od/soubory/ciselniky/obce.json,2026-08-21
obec,Obec/565563,CZ020,Středočeský kraj,https://data.mpsv.cz/od/soubory/ciselniky/obce.json,2026-08-21
obec,Obec/570770,CZ020,Středočeský kraj,https://data.mpsv.cz/od/soubory/ciselniky/obce.json,2026-08-21
obec,Obec/536261,CZ020,Středočeský kraj,https://data.mpsv.cz/od/soubory/ciselniky/obce.json,2026-08-21
obec,Obec/536270,CZ020,Středočeský kraj,https://data.mpsv.cz/od/soubory/ciselniky/obce.json,2026-08-21
obec,Obec/565644,CZ020,Středočeský kraj,https://data.mpsv.cz/od/soubory/ciselniky/obce.json,2026-08-21
obec,Obec/535419,CZ020,Středočeský kraj,https://data.mpsv.cz/od/soubory/ciselniky/obce.json,2026-08-21
obec,Obec/536326,CZ020,Středočeský kraj,https://data.mpsv.cz/od/soubory/ciselniky/obce.json,2026-08-21
obec,Obec/565822,CZ020,Středočeský kraj,https://data.mpsv.cz/od/soubory/ciselniky/obce.json,2026-08-21
obec,Obec/571865,CZ020,Středočeský kraj,https://data.mpsv.cz/od/soubory/ciselniky/obce.json,2026-08-21
obec,Obec/536334,CZ020,Středočeský kraj,https://data.mpsv.cz/od/soubory/ciselniky/obce.json,2026-08-21
obec,Obec/571156,CZ020,Středočeský kraj,https://data.mpsv.cz/od/soubory/ciselniky/obce.json,2026-08-21
obec,Obec/536351,CZ020,Středočeský kraj,https://data.mpsv.cz/od/soubory/ciselniky/obce.json,2026-08-21
obec,Obec/571997,CZ020,Středočeský kraj,https://data.mpsv.cz/od/soubory/ciselniky/obce.json,2026-08-21
obec,Obec/571121,CZ020,Středočeský kraj,https://data.mpsv.cz/od/soubory/ciselniky/obce.json,2026-08-21
obec,Obec/536377,CZ020,Středočeský kraj,https://data.mpsv.cz/od/soubory/ciselniky/obce.json,2026-08-21
obec,Obec/571806,CZ020,Středočeský kraj,https://data.mpsv.cz/od/soubory/ciselniky/obce.json,2026-08-21
obec,Obec/570893,CZ020,Středočeský kraj,https://data.mpsv.cz/od/soubory/ciselniky/obce.json,2026-08-21
obec,Obec/536407,CZ020,Středočeský kraj,https://data.mpsv.cz/od/soubory/ciselniky/obce.json,2026-08-21
obec,Obec/571032,CZ020,Středočeský kraj,https://data.mpsv.cz/od/soubory/ciselniky/obce.json,2026-08-21
obec,Obec/598241,CZ020,Středočeský kraj,https://data.mpsv.cz/od/soubory/ciselniky/obce.json,2026-08-21
obec,Obec/536431,CZ020,Středočeský kraj,https://data.mpsv.cz/od/soubory/ciselniky/obce.json,2026-08-21
obec,Obec/536440,CZ020,Středočeský kraj,https://data.mpsv.cz/od/soubory/ciselniky/obce.json,2026-08-21
obec,Obec/536458,CZ020,Středočeský kraj,https://data.mpsv.cz/od/soubory/ciselniky/obce.json,2026-08-21
obec,Obec/565580,CZ020,Středočeský kraj,https://data.mpsv.cz/od/soubory/ciselniky/obce.json,2026-08-21
obec,Obec/570753,CZ020,Středočeský kraj,https://data.mpsv.cz/od/soubory/ciselniky/obce.json,2026-08-21
obec,Obec/536491,CZ020,Středočeský kraj,https://data.mpsv.cz/od/soubory/ciselniky/obce.json,2026-08-21
obec,Obec/570923,CZ020,Středočeský kraj,https://data.mpsv.cz/od/soubory/ciselniky/obce.json,2026-08-21
obec,Obec/571938,CZ020,Středočeský kraj,https://data.mpsv.cz/od/soubory/ciselniky/obce.json,2026-08-21
obec,Obec/565652,CZ020,Středočeský kraj,https://data.mpsv.cz/od/soubory/ciselniky/obce.json,2026-08-21
obec,Obec/565636,CZ020,Středočeský kraj,https://data.mpsv.cz/od/soubory/ciselniky/obce.json,2026-08-21
obec,Obec/529605,CZ020,Středočeský kraj,https://data.mpsv.cz/od/soubory/ciselniky/obce.json,2026-08-21
obec,Obec/571148,CZ020,Středočeský kraj,https://data.mpsv.cz/od/soubory/ciselniky/obce.json,2026-08-21
obec,Obec/536580,CZ020,Středočeský kraj,https://data.mpsv.cz/od/soubory/ciselniky/obce.json,2026-08-21
obec,Obec/565661,CZ020,Středočeský kraj,https://data.mpsv.cz/od/soubory/ciselniky/obce.json,2026-08-21
obec,Obec/529591,CZ020,Středočeský kraj,https://data.mpsv.cz/od/soubory/ciselniky/obce.json,2026-08-21
obec,Obec/536610,CZ020,Středočeský kraj,https://data.mpsv.cz/od/soubory/ciselniky/obce.json,2026-08-21
obec,Obec/599573,CZ020,Středočeský kraj,https://data.mpsv.cz/od/soubory/ciselniky/obce.json,2026-08-21
obec,Obec/536636,CZ020,Středočeský kraj,https://data.mpsv.cz/od/soubory/ciselniky/obce.json,2026-08-21
obec,Obec/557030,CZ020,Středočeský kraj,https://data.mpsv.cz/od/soubory/ciselniky/obce.json,2026-08-21
obec,Obec/536652,CZ020,Středočeský kraj,https://data.mpsv.cz/od/soubory/ciselniky/obce.json,2026-08-21
obec,Obec/536661,CZ020,Středočeský kraj,https://data.mpsv.cz/od/soubory/ciselniky/obce.json,2026-08-21
obec,Obec/565539,CZ020,Středočeský kraj,https://data.mpsv.cz/od/soubory/ciselniky/obce.json,2026-08-21
obec,Obec/536709,CZ020,Středočeský kraj,https://data.mpsv.cz/od/soubory/ciselniky/obce.json,2026-08-21
obec,Obec/571881,CZ020,Středočeský kraj,https://data.mpsv.cz/od/soubory/ciselniky/obce.json,2026-08-21
obec,Obec/536717,CZ020,Středočeský kraj,https://data.mpsv.cz/od/soubory/ciselniky/obce.json,2026-08-21
obec,Obec/565920,CZ020,Středočeský kraj,https://data.mpsv.cz/od/soubory/ciselniky/obce.json,2026-08-21
obec,Obec/536768,CZ020,Středočeský kraj,https://data.mpsv.cz/od/soubory/ciselniky/obce.json,2026-08-21
obec,Obec/570982,CZ020,Středočeský kraj,https://data.mpsv.cz/od/soubory/ciselniky/obce.json,2026-08-21
obec,Obec/570761,CZ020,Středočeský kraj,https://data.mpsv.cz/od/soubory/ciselniky/obce.json,2026-08-21
obec,Obec/536857,CZ020,Středočeský kraj,https://data.mpsv.cz/od/soubory/ciselniky/obce.json,2026-08-21
obec,Obec/565725,CZ020,Středočeský kraj,https://data.mpsv.cz/od/soubory/ciselniky/obce.json,2026-08-21
obec,Obec/565628,CZ020,Středočeský kraj,https://data.mpsv.cz/od/soubory/ciselniky/obce.json,2026-08-21
obec,Obec/570842,CZ020,Středočeský kraj,https://data.mpsv.cz/od/soubory/ciselniky/obce.json,2026-08-21
obec,Obec/565571,CZ020,Středočeský kraj,https://data.mpsv.cz/od/soubory/ciselniky/obce.json,2026-08-21
obec,Obec/572021,CZ020,Středočeský kraj,https://data.mpsv.cz/od/soubory/ciselniky/obce.json,2026-08-21
obec,Obec/536938,CZ020,Středočeský kraj,https://data.mpsv.cz/od/soubory/ciselniky/obce.json,2026-08-21
obec,Obec/571814,CZ020,Středočeský kraj,https://data.mpsv.cz/od/soubory/ciselniky/obce.json,2026-08-21
obec,Obec/536971,CZ020,Středočeský kraj,https://data.mpsv.cz/od/soubory/ciselniky/obce.json,2026-08-21
obec,Obec/536989,CZ020,Středočeský kraj,https://data.mpsv.cz/od/soubory/ciselniky/obce.json,2026-08-21
obec,Obec/536997,CZ020,Středočeský kraj,https://data.mpsv.cz/od/soubory/ciselniky/obce.json,2026-08-21
obec,Obec/537021,CZ020,Středočeský kraj,https://data.mpsv.cz/od/soubory/ciselniky/obce.json,2026-08-21
obec,Obec/537039,CZ020,Středočeský kraj,https://data.mpsv.cz/od/soubory/ciselniky/obce.json,2026-08-21
obec,Obec/537047,CZ020,Středočeský kraj,https://data.mpsv.cz/od/soubory/ciselniky/obce.json,2026-08-21
obec,Obec/537055,CZ020,Středočeský kraj,https://data.mpsv.cz/od/soubory/ciselniky/obce.json,2026-08-21
obec,Obec/599671,CZ020,Středočeský kraj,https://data.mpsv.cz/od/soubory/ciselniky/obce.json,2026-08-21
obec,Obec/537080,CZ020,Středočeský kraj,https://data.mpsv.cz/od/soubory/ciselniky/obce.json,2026-08-21
obec,Obec/537098,CZ020,Středočeský kraj,https://data.mpsv.cz/od/soubory/ciselniky/obce.json,2026-08-21
obec,Obec/537101,CZ020,Středočeský kraj,https://data.mpsv.cz/od/soubory/ciselniky/obce.json,2026-08-21
obec,Obec/537110,CZ020,Středočeský kraj,https://data.mpsv.cz/od/soubory/ciselniky/obce.json,2026-08-21
obec,Obec/537128,CZ020,Středočeský kraj,https://data.mpsv.cz/od/soubory/ciselniky/obce.json,2026-08-21
obec,Obec/534854,CZ020,Středočeský kraj,https://data.mpsv.cz/od/soubory/ciselniky/obce.json,2026-08-21
obec,Obec/537152,CZ020,Středočeský kraj,https://data.mpsv.cz/od/soubory/ciselniky/obce.json,2026-08-21
obec,Obec/537161,CZ020,Středočeský kraj,https://data.mpsv.cz/od/soubory/ciselniky/obce.json,2026-08-21
obec,Obec/537179,CZ020,Středočeský kraj,https://data.mpsv.cz/od/soubory/ciselniky/obce.json,2026-08-21
obec,Obec/599638,CZ020,Středočeský kraj,https://data.mpsv.cz/od/soubory/ciselniky/obce.json,2026-08-21
obec,Obec/599620,CZ020,Středočeský kraj,https://data.mpsv.cz/od/soubory/ciselniky/obce.json,2026-08-21
obec,Obec/537217,CZ020,Středočeský kraj,https://data.mpsv.cz/od/soubory/ciselniky/obce.json,2026-08-21
obec,Obec/537225,CZ020,Středočeský kraj,https://data.mpsv.cz/od/soubory/ciselniky/obce.json,2026-08-21
obec,Obec/537233,CZ020,Středočeský kraj,https://data.mpsv.cz/od/soubory/ciselniky/obce.json,2026-08-21
obec,Obec/534706,CZ020,Středočeský kraj,https://data.mpsv.cz/od/soubory/ciselniky/obce.json,2026-08-21
obec,Obec/537250,CZ020,Středočeský kraj,https://data.mpsv.cz/od/soubory/ciselniky/obce.json,2026-08-21
obec,Obec/599581,CZ020,Středočeský kraj,https://data.mpsv.cz/od/soubory/ciselniky/obce.json,2026-08-21
obec,Obec/537268,CZ020,Středočeský kraj,https://data.mpsv.cz/od/soubory/ciselniky/obce.json,2026-08-21
obec,Obec/537276,CZ020,Středočeský kraj,https://data.mpsv.cz/od/soubory/ciselniky/obce.json,2026-08-21
obec,Obec/537292,CZ020,Středočeský kraj,https://data.mpsv.cz/od/soubory/ciselniky/obce.json,2026-08-21
obec,Obec/551481,CZ020,Středočeský kraj,https://data.mpsv.cz/od/soubory/ciselniky/obce.json,2026-08-21
obec,Obec/537306,CZ020,Středočeský kraj,https://data.mpsv.cz/od/soubory/ciselniky/obce.json,2026-08-21
obec,Obec/537314,CZ020,Středočeský kraj,https://data.mpsv.cz/od/soubory/ciselniky/obce.json,2026-08-21
obec,Obec/529630,CZ020,Středočeský kraj,https://data.mpsv.cz/od/soubory/ciselniky/obce.json,2026-08-21
obec,Obec/537331,CZ020,Středočeský kraj,https://data.mpsv.cz/od/soubory/ciselniky/obce.json,2026-08-21
obec,Obec/537349,CZ020,Středočeský kraj,https://data.mpsv.cz/od/soubory/ciselniky/obce.json,2026-08-21
obec,Obec/537357,CZ020,Středočeský kraj,https://data.mpsv.cz/od/soubory/ciselniky/obce.json,2026-08-21
obec,Obec/534943,CZ020,Středočeský kraj,https://data.mpsv.cz/od/soubory/ciselniky/obce.json,2026-08-21
obec,Obec/537373,CZ020,Středočeský kraj,https://data.mpsv.cz/od/soubory/ciselniky/obce.json,2026-08-21
obec,Obec/537390,CZ020,Středočeský kraj,https://data.mpsv.cz/od/soubory/ciselniky/obce.json,2026-08-21
obec,Obec/537403,CZ020,Středočeský kraj,https://data.mpsv.cz/od/soubory/ciselniky/obce.json,2026-08-21
obec,Obec/537411,CZ020,Středočeský kraj,https://data.mpsv.cz/od/soubory/ciselniky/obce.json,2026-08-21
obec,Obec/537438,CZ020,Středočeský kraj,https://data.mpsv.cz/od/soubory/ciselniky/obce.json,2026-08-21
obec,Obec/537446,CZ020,Středočeský kraj,https://data.mpsv.cz/od/soubory/ciselniky/obce.json,2026-08-21
obec,Obec/537454,CZ020,Středočeský kraj,https://data.mpsv.cz/od/soubory/ciselniky/obce.json,2026-08-21
obec,Obec/537462,CZ020,Středočeský kraj,https://data.mpsv.cz/od/soubory/ciselniky/obce.json,2026-08-21
obec,Obec/537489,CZ020,Středočeský kraj,https://data.mpsv.cz/od/soubory/ciselniky/obce.json,2026-08-21
obec,Obec/537497,CZ020,Středočeský kraj,https://data.mpsv.cz/od/soubory/ciselniky/obce.json,2026-08-21
obec,Obec/537501,CZ020,Středočeský kraj,https://data.mpsv.cz/od/soubory/ciselniky/obce.json,2026-08-21
obec,Obec/534919,CZ020,Středočeský kraj,https://data.mpsv.cz/od/soubory/ciselniky/obce.json,2026-08-21
obec,Obec/599654,CZ020,Středočeský kraj,https://data.mpsv.cz/od/soubory/ciselniky/obce.json,2026-08-21
obec,Obec/537004,CZ020,Středočeský kraj,https://data.mpsv.cz/od/soubory/ciselniky/obce.json,2026-08-21
obec,Obec/537551,CZ020,Středočeský kraj,https://data.mpsv.cz/od/soubory/ciselniky/obce.json,2026-08-21
obec,Obec/537560,CZ020,Středočeský kraj,https://data.mpsv.cz/od/soubory/ciselniky/obce.json,2026-08-21
obec,Obec/537578,CZ020,Středočeský kraj,https://data.mpsv.cz/od/soubory/ciselniky/obce.json,2026-08-21
obec,Obec/537586,CZ020,Středočeský kraj,https://data.mpsv.cz/od/soubory/ciselniky/obce.json,2026-08-21
obec,Obec/599662,CZ020,Středočeský kraj,https://data.mpsv.cz/od/soubory/ciselniky/obce.json,2026-08-21
obec,Obec/537616,CZ020,Středočeský kraj,https://data.mpsv.cz/od/soubory/ciselniky/obce.json,2026-08-21
obec,Obec/537624,CZ020,Středočeský kraj,https://data.mpsv.cz/od/soubory/ciselniky/obce.json,2026-08-21
obec,Obec/537632,CZ020,Středočeský kraj,https://data.mpsv.cz/od/soubory/ciselniky/obce.json,2026-08-21
obec,Obec/537659,CZ020,Středočeský kraj,https://data.mpsv.cz/od/soubory/ciselniky/obce.json,2026-08-21
obec,Obec/537667,CZ020,Středočeský kraj,https://data.mpsv.cz/od/soubory/ciselniky/obce.json,2026-08-21
obec,Obec/537683,CZ020,Středočeský kraj,https://data.mpsv.cz/od/soubory/ciselniky/obce.json,2026-08-21
obec,Obec/599590,CZ020,Středočeský kraj,https://data.mpsv.cz/od/soubory/ciselniky/obce.json,2026-08-21
obec,Obec/537721,CZ020,Středočeský kraj,https://data.mpsv.cz/od/soubory/ciselniky/obce.json,2026-08-21
obec,Obec/537756,CZ020,Středočeský kraj,https://data.mpsv.cz/od/soubory/ciselniky/obce.json,2026-08-21
obec,Obec/537764,CZ020,Středočeský kraj,https://data.mpsv.cz/od/soubory/ciselniky/obce.json,2026-08-21
obec,Obec/537772,CZ020,Středočeský kraj,https://data.mpsv.cz/od/soubory/ciselniky/obce.json,2026-08-21
obec,Obec/534757,CZ020,Středočeský kraj,https://data.mpsv.cz/od/soubory/ciselniky/obce.json,2026-08-21
obec,Obec/537781,CZ020,Středočeský kraj,https://data.mpsv.cz/od/soubory/ciselniky/obce.json,2026-08-21
obec,Obec/537799,CZ020,Středočeský kraj,https://data.mpsv.cz/od/soubory/ciselniky/obce.json,2026-08-21
obec,Obec/537802,CZ020,Středočeský kraj,https://data.mpsv.cz/od/soubory/ciselniky/obce.json,2026-08-21
obec,Obec/537811,CZ020,Středočeský kraj,https://data.mpsv.cz/od/soubory/ciselniky/obce.json,2026-08-21
obec,Obec/537837,CZ020,Středočeský kraj,https://data.mpsv.cz/od/soubory/ciselniky/obce.json,2026-08-21
obec,Obec/534889,CZ020,Středočeský kraj,https://data.mpsv.cz/od/soubory/ciselniky/obce.json,2026-08-21
obec,Obec/537853,CZ020,Středočeský kraj,https://data.mpsv.cz/od/soubory/ciselniky/obce.json,2026-08-21
obec,Obec/537861,CZ020,Středočeský kraj,https://data.mpsv.cz/od/soubory/ciselniky/obce.json,2026-08-21
obec,Obec/537896,CZ020,Středočeský kraj,https://data.mpsv.cz/od/soubory/ciselniky/obce.json,2026-08-21
obec,Obec/537900,CZ020,Středočeský kraj,https://data.mpsv.cz/od/soubory/ciselniky/obce.json,2026-08-21
obec,Obec/536083,CZ020,Středočeský kraj,https://data.mpsv.cz/od/soubory/ciselniky/obce.json,2026-08-21
obec,Obec/534871,CZ020,Středočeský kraj,https://data.mpsv.cz/od/soubory/ciselniky/obce.json,2026-08-21
obec,Obec/537942,CZ020,Středočeský kraj,https://data.mpsv.cz/od/soubory/ciselniky/obce.json,2026-08-21
obec,Obec/537951,CZ020,Středočeský kraj,https://data.mpsv.cz/od/soubory/ciselniky/obce.json,2026-08-21
obec,Obec/599611,CZ020,Středočeský kraj,https://data.mpsv.cz/od/soubory/ciselniky/obce.json,2026-08-21
obec,Obec/537977,CZ020,Středočeský kraj,https://data.mpsv.cz/od/soubory/ciselniky/obce.json,2026-08-21
obec,Obec/537985,CZ020,Středočeský kraj,https://data.mpsv.cz/od/soubory/ciselniky/obce.json,2026-08-21
obec,Obec/537993,CZ020,Středočeský kraj,https://data.mpsv.cz/od/soubory/ciselniky/obce.json,2026-08-21
obec,Obec/534471,CZ020,Středočeský kraj,https://data.mpsv.cz/od/soubory/ciselniky/obce.json,2026-08-21
obec,Obec/599697,CZ020,Středočeský kraj,https://data.mpsv.cz/od/soubory/ciselniky/obce.json,2026-08-21
obec,Obec/534862,CZ020,Středočeský kraj,https://data.mpsv.cz/od/soubory/ciselniky/obce.json,2026-08-21
obec,Obec/503410,CZ020,Středočeský kraj,https://data.mpsv.cz/od/soubory/ciselniky/obce.json,2026-08-21
obec,Obec/538043,CZ020,Středočeský kraj,https://data.mpsv.cz/od/soubory/ciselniky/obce.json,2026-08-21
obec,Obec/538051,CZ020,Středočeský kraj,https://data.mpsv.cz/od/soubory/ciselniky/obce.json,2026-08-21
obec,Obec/534684,CZ020,Středočeský kraj,https://data.mpsv.cz/od/soubory/ciselniky/obce.json,2026-08-21
obec,Obec/538086,CZ020,Středočeský kraj,https://data.mpsv.cz/od/soubory/ciselniky/obce.json,2026-08-21
obec,Obec/538094,CZ020,Středočeský kraj,https://data.mpsv.cz/od/soubory/ciselniky/obce.json,2026-08-21
obec,Obec/538108,CZ020,Středočeský kraj,https://data.mpsv.cz/od/soubory/ciselniky/obce.json,2026-08-21
obec,Obec/564869,CZ020,Středočeský kraj,https://data.mpsv.cz/od/soubory/ciselniky/obce.json,2026-08-21
obec,Obec/538132,CZ020,Středočeský kraj,https://data.mpsv.cz/od/soubory/ciselniky/obce.json,2026-08-21
obec,Obec/533254,CZ020,Středočeský kraj,https://data.mpsv.cz/od/soubory/ciselniky/obce.json,2026-08-21
obec,Obec/538141,CZ020,Středočeský kraj,https://data.mpsv.cz/od/soubory/ciselniky/obce.json,2026-08-21
obec,Obec/565008,CZ020,Středočeský kraj,https://data.mpsv.cz/od/soubory/ciselniky/obce.json,2026-08-21
obec,Obec/538167,CZ020,Středočeský kraj,https://data.mpsv.cz/od/soubory/ciselniky/obce.json,2026-08-21
obec,Obec/564885,CZ020,Středočeský kraj,https://data.mpsv.cz/od/soubory/ciselniky/obce.json,2026-08-21
obec,Obec/538191,CZ020,Středočeský kraj,https://data.mpsv.cz/od/soubory/ciselniky/obce.json,2026-08-21
obec,Obec/534781,CZ020,Středočeský kraj,https://data.mpsv.cz/od/soubory/ciselniky/obce.json,2026-08-21
obec,Obec/564915,CZ020,Středočeský kraj,https://data.mpsv.cz/od/soubory/ciselniky/obce.json,2026-08-21
obec,Obec/565989,CZ020,Středočeský kraj,https://data.mpsv.cz/od/soubory/ciselniky/obce.json,2026-08-21
obec,Obec/538221,CZ020,Středočeský kraj,https://data.mpsv.cz/od/soubory/ciselniky/obce.json,2026-08-21
obec,Obec/538230,CZ020,Středočeský kraj,https://data.mpsv.cz/od/soubory/ciselniky/obce.json,2026-08-21
obec,Obec/538248,CZ020,Středočeský kraj,https://data.mpsv.cz/od/soubory/ciselniky/obce.json,2026-08-21
obec,Obec/538256,CZ020,Středočeský kraj,https://data.mpsv.cz/od/soubory/ciselniky/obce.json,2026-08-21
obec,Obec/538264,CZ020,Středočeský kraj,https://data.mpsv.cz/od/soubory/ciselniky/obce.json,2026-08-21
obec,Obec/533378,CZ020,Středočeský kraj,https://data.mpsv.cz/od/soubory/ciselniky/obce.json,2026-08-21
obec,Obec/538272,CZ020,Středočeský kraj,https://data.mpsv.cz/od/soubory/ciselniky/obce.json,2026-08-21
obec,Obec/538281,CZ020,Středočeský kraj,https://data.mpsv.cz/od/soubory/ciselniky/obce.json,2026-08-21
obec,Obec/538299,CZ020,Středočeský kraj,https://data.mpsv.cz/od/soubory/ciselniky/obce.json,2026-08-21
obec,Obec/564974,CZ020,Středočeský kraj,https://data.mpsv.cz/od/soubory/ciselniky/obce.json,2026-08-21
obec,Obec/538311,CZ020,Středočeský kraj,https://data.mpsv.cz/od/soubory/ciselniky/obce.json,2026-08-21
obec,Obec/538329,CZ020,Středočeský kraj,https://data.mpsv.cz/od/soubory/ciselniky/obce.json,2026-08-21
obec,Obec/513628,CZ020,Středočeský kraj,https://data.mpsv.cz/od/soubory/ciselniky/obce.json,2026-08-21
obec,Obec/531553,CZ020,Středočeský kraj,https://data.mpsv.cz/od/soubory/ciselniky/obce.json,2026-08-21
obec,Obec/564761,CZ020,Středočeský kraj,https://data.mpsv.cz/od/soubory/ciselniky/obce.json,2026-08-21
obec,Obec/533416,CZ020,Středočeský kraj,https://data.mpsv.cz/od/soubory/ciselniky/obce.json,2026-08-21
obec,Obec/538370,CZ020,Středočeský kraj,https://data.mpsv.cz/od/soubory/ciselniky/obce.json,2026-08-21
obec,Obec/536130,CZ020,Středočeský kraj,https://data.mpsv.cz/od/soubory/ciselniky/obce.json,2026-08-21
obec,Obec/533432,CZ020,Středočeský kraj,https://data.mpsv.cz/od/soubory/ciselniky/obce.json,2026-08-21
obec,Obec/534960,CZ020,Středočeský kraj,https://data.mpsv.cz/od/soubory/ciselniky/obce.json,2026-08-21
obec,Obec/564991,CZ020,Středočeský kraj,https://data.mpsv.cz/od/soubory/ciselniky/obce.json,2026-08-21
obec,Obec/538418,CZ020,Středočeský kraj,https://data.mpsv.cz/od/soubory/ciselniky/obce.json,2026-08-21
obec,Obec/538426,CZ020,Středočeský kraj,https://data.mpsv.cz/od/soubory/ciselniky/obce.json,2026-08-21
obec,Obec/564982,CZ020,Středočeský kraj,https://data.mpsv.cz/od/soubory/ciselniky/obce.json,2026-08-21
obec,Obec/538914,CZ020,Středočeský kraj,https://data.mpsv.cz/od/soubory/ciselniky/obce.json,2026-08-21
obec,Obec/534986,CZ020,Středočeský kraj,https://data.mpsv.cz/od/soubory/ciselniky/obce.json,2026-08-21
obec,Obec/538442,CZ020,Středočeský kraj,https://data.mpsv.cz/od/soubory/ciselniky/obce.json,2026-08-21
obec,Obec/538451,CZ020,Středočeský kraj,https://data.mpsv.cz/od/soubory/ciselniky/obce.json,2026-08-21
obec,Obec/538469,CZ020,Středočeský kraj,https://data.mpsv.cz/od/soubory/ciselniky/obce.json,2026-08-21
obec,Obec/538477,CZ020,Středočeský kraj,https://data.mpsv.cz/od/soubory/ciselniky/obce.json,2026-08-21
obec,Obec/538485,CZ020,Středočeský kraj,https://data.mpsv.cz/od/soubory/ciselniky/obce.json,2026-08-21
obec,Obec/538493,CZ020,Středočeský kraj,https://data.mpsv.cz/od/soubory/ciselniky/obce.json,2026-08-21
obec,Obec/598267,CZ020,Středočeský kraj,https://data.mpsv.cz/od/soubory/ciselniky/obce.json,2026-08-21
obec,Obec/538507,CZ020,Středočeský kraj,https://data.mpsv.cz/od/soubory/ciselniky/obce.json,2026-08-21
obec,Obec/538515,CZ020,Středočeský kraj,https://data.mpsv.cz/od/soubory/ciselniky/obce.json,2026-08-21
obec,Obec/538523,CZ020,Středočeský kraj,https://data.mpsv.cz/od/soubory/ciselniky/obce.json,2026-08-21
obec,Obec/538540,CZ020,Středočeský kraj,https://data.mpsv.cz/od/soubory/ciselniky/obce.json,2026-08-21
obec,Obec/538558,CZ020,Středočeský kraj,https://data.mpsv.cz/od/soubory/ciselniky/obce.json,2026-08-21
obec,Obec/538566,CZ020,Středočeský kraj,https://data.mpsv.cz/od/soubory/ciselniky/obce.json,2026-08-21
obec,Obec/533548,CZ020,Středočeský kraj,https://data.mpsv.cz/od/soubory/ciselniky/obce.json,2026-08-21
obec,Obec/564907,CZ020,Středočeský kraj,https://data.mpsv.cz/od/soubory/ciselniky/obce.json,2026-08-21
obec,Obec/538574,CZ020,Středočeský kraj,https://data.mpsv.cz/od/soubory/ciselniky/obce.json,2026-08-21
obec,Obec/533564,CZ020,Středočeský kraj,https://data.mpsv.cz/od/soubory/ciselniky/obce.json,2026-08-21
obec,Obec/538582,CZ020,Středočeský kraj,https://data.mpsv.cz/od/soubory/ciselniky/obce.json,2026-08-21
obec,Obec/571679,CZ020,Středočeský kraj,https://data.mpsv.cz/od/soubory/ciselniky/obce.json,2026-08-21
obec,Obec/538604,CZ020,Středočeský kraj,https://data.mpsv.cz/od/soubory/ciselniky/obce.json,2026-08-21
obec,Obec/529656,CZ020,Středočeský kraj,https://data.mpsv.cz/od/soubory/ciselniky/obce.json,2026-08-21
obec,Obec/538612,CZ020,Středočeský kraj,https://data.mpsv.cz/od/soubory/ciselniky/obce.json,2026-08-21
obec,Obec/538621,CZ020,Středočeský kraj,https://data.mpsv.cz/od/soubory/ciselniky/obce.json,2026-08-21
obec,Obec/538639,CZ020,Středočeský kraj,https://data.mpsv.cz/od/soubory/ciselniky/obce.json,2026-08-21
obec,Obec/599221,CZ020,Středočeský kraj,https://data.mpsv.cz/od/soubory/ciselniky/obce.json,2026-08-21
obec,Obec/564788,CZ020,Středočeský kraj,https://data.mpsv.cz/od/soubory/ciselniky/obce.json,2026-08-21
obec,Obec/538655,CZ020,Středočeský kraj,https://data.mpsv.cz/od/soubory/ciselniky/obce.json,2026-08-21
obec,Obec/538671,CZ020,Středočeský kraj,https://data.mpsv.cz/od/soubory/ciselniky/obce.json,2026-08-21
obec,Obec/538698,CZ020,Středočeský kraj,https://data.mpsv.cz/od/soubory/ciselniky/obce.json,2026-08-21
obec,Obec/538701,CZ020,Středočeský kraj,https://data.mpsv.cz/od/soubory/ciselniky/obce.json,2026-08-21
obec,Obec/538728,CZ020,Středočeský kraj,https://data.mpsv.cz/od/soubory/ciselniky/obce.json,2026-08-21
obec,Obec/598283,CZ020,Středočeský kraj,https://data.mpsv.cz/od/soubory/ciselniky/obce.json,2026-08-21
obec,Obec/538752,CZ020,Středočeský kraj,https://data.mpsv.cz/od/soubory/ciselniky/obce.json,2026-08-21
obec,Obec/538761,CZ020,Středočeský kraj,https://data.mpsv.cz/od/soubory/ciselniky/obce.json,2026-08-21
obec,Obec/538779,CZ020,Středočeský kraj,https://data.mpsv.cz/od/soubory/ciselniky/obce.json,2026-08-21
obec,Obec/538787,CZ020,Středočeský kraj,https://data.mpsv.cz/od/soubory/ciselniky/obce.json,2026-08-21
obec,Obec/538809,CZ020,Středočeský kraj,https://data.mpsv.cz/od/soubory/ciselniky/obce.json,2026-08-21
obec,Obec/538825,CZ020,Středočeský kraj,https://data.mpsv.cz/od/soubory/ciselniky/obce.json,2026-08-21
obec,Obec/533718,CZ020,Středočeský kraj,https://data.mpsv.cz/od/soubory/ciselniky/obce.json,2026-08-21
obec,Obec/571954,CZ020,Středočeský kraj,https://data.mpsv.cz/od/soubory/ciselniky/obce.json,2026-08-21
obec,Obec/538833,CZ020,Středočeský kraj,https://data.mpsv.cz/od/soubory/ciselniky/obce.json,2026-08-21
obec,Obec/598305,CZ020,Středočeský kraj,https://data.mpsv.cz/od/soubory/ciselniky/obce.json,2026-08-21
obec,Obec/538841,CZ020,Středočeský kraj,https://data.mpsv.cz/od/soubory/ciselniky/obce.json,2026-08-21
obec,Obec/538850,CZ020,Středočeský kraj,https://data.mpsv.cz/od/soubory/ciselniky/obce.json,2026-08-21
obec,Obec/538876,CZ020,Středočeský kraj,https://data.mpsv.cz/od/soubory/ciselniky/obce.json,2026-08-21
obec,Obec/538884,CZ020,Středočeský kraj,https://data.mpsv.cz/od/soubory/ciselniky/obce.json,2026-08-21
obec,Obec/571644,CZ020,Středočeský kraj,https://data.mpsv.cz/od/soubory/ciselniky/obce.json,2026-08-21
obec,Obec/538892,CZ020,Středočeský kraj,https://data.mpsv.cz/od/soubory/ciselniky/obce.json,2026-08-21
obec,Obec/599719,CZ020,Středočeský kraj,https://data.mpsv.cz/od/soubory/ciselniky/obce.json,2026-08-21
obec,Obec/538957,CZ020,Středočeský kraj,https://data.mpsv.cz/od/soubory/ciselniky/obce.json,2026-08-21
obec,Obec/538965,CZ020,Středočeský kraj,https://data.mpsv.cz/od/soubory/ciselniky/obce.json,2026-08-21
obec,Obec/538973,CZ020,Středočeský kraj,https://data.mpsv.cz/od/soubory/ciselniky/obce.json,2026-08-21
obec,Obec/538981,CZ020,Středočeský kraj,https://data.mpsv.cz/od/soubory/ciselniky/obce.json,2026-08-21
obec,Obec/538990,CZ020,Středočeský kraj,https://data.mpsv.cz/od/soubory/ciselniky/obce.json,2026-08-21
obec,Obec/533874,CZ020,Středočeský kraj,https://data.mpsv.cz/od/soubory/ciselniky/obce.json,2026-08-21
obec,Obec/539015,CZ020,Středočeský kraj,https://data.mpsv.cz/od/soubory/ciselniky/obce.json,2026-08-21
obec,Obec/539031,CZ020,Středočeský kraj,https://data.mpsv.cz/od/soubory/ciselniky/obce.json,2026-08-21
obec,Obec/539040,CZ020,Středočeský kraj,https://data.mpsv.cz/od/soubory/ciselniky/obce.json,2026-08-21
obec,Obec/564796,CZ020,Středočeský kraj,https://data.mpsv.cz/od/soubory/ciselniky/obce.json,2026-08-21
obec,Obec/533904,CZ020,Středočeský kraj,https://data.mpsv.cz/od/soubory/ciselniky/obce.json,2026-08-21
obec,Obec/505781,CZ020,Středočeský kraj,https://data.mpsv.cz/od/soubory/ciselniky/obce.json,2026-08-21
obec,Obec/535362,CZ020,Středočeský kraj,https://data.mpsv.cz/od/soubory/ciselniky/obce.json,2026-08-21
obec,Obec/539058,CZ020,Středočeský kraj,https://data.mpsv.cz/od/soubory/ciselniky/obce.json,2026-08-21
obec,Obec/539066,CZ020,Středočeský kraj,https://data.mpsv.cz/od/soubory/ciselniky/obce.json,2026-08-21
obec,Obec/513644,CZ020,Středočeský kraj,https://data.mpsv.cz/od/soubory/ciselniky/obce.json,2026-08-21
obec,Obec/539082,CZ020,Středočeský kraj,https://data.mpsv.cz/od/soubory/ciselniky/obce.json,2026-08-21
obec,Obec/539091,CZ020,Středočeský kraj,https://data.mpsv.cz/od/soubory/ciselniky/obce.json,2026-08-21
obec,Obec/539104,CZ020,Středočeský kraj,https://data.mpsv.cz/od/soubory/ciselniky/obce.json,2026-08-21
obec,Obec/571199,CZ020,Středočeský kraj,https://data.mpsv.cz/od/soubory/ciselniky/obce.json,2026-08-21
obec,Obec/599735,CZ020,Středočeský kraj,https://data.mpsv.cz/od/soubory/ciselniky/obce.json,2026-08-21
obec,Obec/540048,CZ020,Středočeský kraj,https://data.mpsv.cz/od/soubory/ciselniky/obce.json,2026-08-21
obec,Obec/539121,CZ020,Středočeský kraj,https://data.mpsv.cz/od/soubory/ciselniky/obce.json,2026-08-21
obec,Obec/539139,CZ020,Středočeský kraj,https://data.mpsv.cz/od/soubory/ciselniky/obce.json,2026-08-21
obec,Obec/532215,CZ020,Středočeský kraj,https://data.mpsv.cz/od/soubory/ciselniky/obce.json,2026-08-21
obec,Obec/539147,CZ020,Středočeský kraj,https://data.mpsv.cz/od/soubory/ciselniky/obce.json,2026-08-21
obec,Obec/539155,CZ020,Středočeský kraj,https://data.mpsv.cz/od/soubory/ciselniky/obce.json,2026-08-21
obec,Obec/539163,CZ020,Středočeský kraj,https://data.mpsv.cz/od/soubory/ciselniky/obce.json,2026-08-21
obec,Obec/539171,CZ020,Středočeský kraj,https://data.mpsv.cz/od/soubory/ciselniky/obce.json,2026-08-21
obec,Obec/539180,CZ020,Středočeský kraj,https://data.mpsv.cz/od/soubory/ciselniky/obce.json,2026-08-21
obec,Obec/539198,CZ020,Středočeský kraj,https://data.mpsv.cz/od/soubory/ciselniky/obce.json,2026-08-21
obec,Obec/539210,CZ020,Středočeský kraj,https://data.mpsv.cz/od/soubory/ciselniky/obce.json,2026-08-21
obec,Obec/531146,CZ020,Středočeský kraj,https://data.mpsv.cz/od/soubory/ciselniky/obce.json,2026-08-21
obec,Obec/539228,CZ020,Středočeský kraj,https://data.mpsv.cz/od/soubory/ciselniky/obce.json,2026-08-21
obec,Obec/539236,CZ020,Středočeský kraj,https://data.mpsv.cz/od/soubory/ciselniky/obce.json,2026-08-21
obec,Obec/539244,CZ020,Středočeský kraj,https://data.mpsv.cz/od/soubory/ciselniky/obce.json,2026-08-21
obec,Obec/539252,CZ020,Středočeský kraj,https://data.mpsv.cz/od/soubory/ciselniky/obce.json,2026-08-21
obec,Obec/539261,CZ020,Středočeský kraj,https://data.mpsv.cz/od/soubory/ciselniky/obce.json,2026-08-21
obec,Obec/539287,CZ020,Středočeský kraj,https://data.mpsv.cz/od/soubory/ciselniky/obce.json,2026-08-21
obec,Obec/539295,CZ020,Středočeský kraj,https://data.mpsv.cz/od/soubory/ciselniky/obce.json,2026-08-21
obec,Obec/539309,CZ020,Středočeský kraj,https://data.mpsv.cz/od/soubory/ciselniky/obce.json,2026-08-21
obec,Obec/513431,CZ020,Středočeský kraj,https://data.mpsv.cz/od/soubory/ciselniky/obce.json,2026-08-21
obec,Obec/539317,CZ020,Středočeský kraj,https://data.mpsv.cz/od/soubory/ciselniky/obce.json,2026-08-21
obec,Obec/539325,CZ020,Středočeský kraj,https://data.mpsv.cz/od/soubory/ciselniky/obce.json,2026-08-21
obec,Obec/539333,CZ020,Středočeský kraj,https://data.mpsv.cz/od/soubory/ciselniky/obce.json,2026-08-21
obec,Obec/539341,CZ020,Středočeský kraj,https://data.mpsv.cz/od/soubory/ciselniky/obce.json,2026-08-21
obec,Obec/539350,CZ020,Středočeský kraj,https://data.mpsv.cz/od/soubory/ciselniky/obce.json,2026-08-21
obec,Obec/539368,CZ020,Středočeský kraj,https://data.mpsv.cz/od/soubory/ciselniky/obce.json,2026-08-21
obec,Obec/599727,CZ020,Středočeský kraj,https://data.mpsv.cz/od/soubory/ciselniky/obce.json,2026-08-21
obec,Obec/571211,CZ020,Středočeský kraj,https://data.mpsv.cz/od/soubory/ciselniky/obce.json,2026-08-21
obec,Obec/539384,CZ020,Středočeský kraj,https://data.mpsv.cz/od/soubory/ciselniky/obce.json,2026-08-21
obec,Obec/539392,CZ020,Středočeský kraj,https://data.mpsv.cz/od/soubory/ciselniky/obce.json,2026-08-21
obec,Obec/571261,CZ020,Středočeský kraj,https://data.mpsv.cz/od/soubory/ciselniky/obce.json,2026-08-21
obec,Obec/539406,CZ020,Středočeský kraj,https://data.mpsv.cz/od/soubory/ciselniky/obce.json,2026-08-21
obec,Obec/539414,CZ020,Středočeský kraj,https://data.mpsv.cz/od/soubory/ciselniky/obce.json,2026-08-21
obec,Obec/539422,CZ020,Středočeský kraj,https://data.mpsv.cz/od/soubory/ciselniky/obce.json,2026-08-21
obec,Obec/571326,CZ020,Středočeský kraj,https://data.mpsv.cz/od/soubory/ciselniky/obce.json,2026-08-21
obec,Obec/539457,CZ020,Středočeský kraj,https://data.mpsv.cz/od/soubory/ciselniky/obce.json,2026-08-21
obec,Obec/539490,CZ020,Středočeský kraj,https://data.mpsv.cz/od/soubory/ciselniky/obce.json,2026-08-21
obec,Obec/540765,CZ020,Středočeský kraj,https://data.mpsv.cz/od/soubory/ciselniky/obce.json,2026-08-21
obec,Obec/531618,CZ020,Středočeský kraj,https://data.mpsv.cz/od/soubory/ciselniky/obce.json,2026-08-21
obec,Obec/539503,CZ020,Středočeský kraj,https://data.mpsv.cz/od/soubory/ciselniky/obce.json,2026-08-21
obec,Obec/571334,CZ020,Středočeský kraj,https://data.mpsv.cz/od/soubory/ciselniky/obce.json,2026-08-21
obec,Obec/539511,CZ020,Středočeský kraj,https://data.mpsv.cz/od/soubory/ciselniky/obce.json,2026-08-21
obec,Obec/539520,CZ020,Středočeský kraj,https://data.mpsv.cz/od/soubory/ciselniky/obce.json,2026-08-21
obec,Obec/539546,CZ020,Středočeský kraj,https://data.mpsv.cz/od/soubory/ciselniky/obce.json,2026-08-21
obec,Obec/539562,CZ020,Středočeský kraj,https://data.mpsv.cz/od/soubory/ciselniky/obce.json,2026-08-21
obec,Obec/539571,CZ020,Středočeský kraj,https://data.mpsv.cz/od/soubory/ciselniky/obce.json,2026-08-21
obec,Obec/539597,CZ020,Středočeský kraj,https://data.mpsv.cz/od/soubory/ciselniky/obce.json,2026-08-21
obec,Obec/532789,CZ020,Středočeský kraj,https://data.mpsv.cz/od/soubory/ciselniky/obce.json,2026-08-21
obec,Obec/571318,CZ020,Středočeský kraj,https://data.mpsv.cz/od/soubory/ciselniky/obce.json,2026-08-21
obec,Obec/539627,CZ020,Středočeský kraj,https://data.mpsv.cz/od/soubory/ciselniky/obce.json,2026-08-21
obec,Obec/531723,CZ020,Středočeský kraj,https://data.mpsv.cz/od/soubory/ciselniky/obce.json,2026-08-21
obec,Obec/539643,CZ020,Středočeský kraj,https://data.mpsv.cz/od/soubory/ciselniky/obce.json,2026-08-21
obec,Obec/539651,CZ020,Středočeský kraj,https://data.mpsv.cz/od/soubory/ciselniky/obce.json,2026-08-21
obec,Obec/539660,CZ020,Středočeský kraj,https://data.mpsv.cz/od/soubory/ciselniky/obce.json,2026-08-21
obec,Obec/539686,CZ020,Středočeský kraj,https://data.mpsv.cz/od/soubory/ciselniky/obce.json,2026-08-21
obec,Obec/539708,CZ020,Středočeský kraj,https://data.mpsv.cz/od/soubory/ciselniky/obce.json,2026-08-21
obec,Obec/571342,CZ020,Středočeský kraj,https://data.mpsv.cz/od/soubory/ciselniky/obce.json,2026-08-21
obec,Obec/539732,CZ020,Středočeský kraj,https://data.mpsv.cz/od/soubory/ciselniky/obce.json,2026-08-21
obec,Obec/531821,CZ020,Středočeský kraj,https://data.mpsv.cz/od/soubory/ciselniky/obce.json,2026-08-21
obec,Obec/598313,CZ020,Středočeský kraj,https://data.mpsv.cz/od/soubory/ciselniky/obce.json,2026-08-21
obec,Obec/539759,CZ020,Středočeský kraj,https://data.mpsv.cz/od/soubory/ciselniky/obce.json,2026-08-21
obec,Obec/539767,CZ020,Středočeský kraj,https://data.mpsv.cz/od/soubory/ciselniky/obce.json,2026-08-21
obec,Obec/539775,CZ020,Středočeský kraj,https://data.mpsv.cz/od/soubory/ciselniky/obce.json,2026-08-21
obec,Obec/571351,CZ020,Středočeský kraj,https://data.mpsv.cz/od/soubory/ciselniky/obce.json,2026-08-21
obec,Obec/532991,CZ020,Středočeský kraj,https://data.mpsv.cz/od/soubory/ciselniky/obce.json,2026-08-21
obec,Obec/539805,CZ020,Středočeský kraj,https://data.mpsv.cz/od/soubory/ciselniky/obce.json,2026-08-21
obec,Obec/539813,CZ020,Středočeský kraj,https://data.mpsv.cz/od/soubory/ciselniky/obce.json,2026-08-21
obec,Obec/513458,CZ020,Středočeský kraj,https://data.mpsv.cz/od/soubory/ciselniky/obce.json,2026-08-21
obec,Obec/539830,CZ020,Středočeský kraj,https://data.mpsv.cz/od/soubory/ciselniky/obce.json,2026-08-21
obec,Obec/539848,CZ020,Středočeský kraj,https://data.mpsv.cz/od/soubory/ciselniky/obce.json,2026-08-21
obec,Obec/539856,CZ020,Středočeský kraj,https://data.mpsv.cz/od/soubory/ciselniky/obce.json,2026-08-21
obec,Obec/571288,CZ020,Středočeský kraj,https://data.mpsv.cz/od/soubory/ciselniky/obce.json,2026-08-21
obec,Obec/539872,CZ020,Středočeský kraj,https://data.mpsv.cz/od/soubory/ciselniky/obce.json,2026-08-21
obec,Obec/539881,CZ020,Středočeský kraj,https://data.mpsv.cz/od/soubory/ciselniky/obce.json,2026-08-21
obec,Obec/539902,CZ020,Středočeský kraj,https://data.mpsv.cz/od/soubory/ciselniky/obce.json,2026-08-21
obec,Obec/529672,CZ020,Středočeský kraj,https://data.mpsv.cz/od/soubory/ciselniky/obce.json,2026-08-21
obec,Obec/564559,CZ020,Středočeský kraj,https://data.mpsv.cz/od/soubory/ciselniky/obce.json,2026-08-21
obec,Obec/539953,CZ020,Středočeský kraj,https://data.mpsv.cz/od/soubory/ciselniky/obce.json,2026-08-21
obec,Obec/539970,CZ020,Středočeský kraj,https://data.mpsv.cz/od/soubory/ciselniky/obce.json,2026-08-21
obec,Obec/539988,CZ020,Středočeský kraj,https://data.mpsv.cz/od/soubory/ciselniky/obce.json,2026-08-21
obec,Obec/540013,CZ020,Středočeský kraj,https://data.mpsv.cz/od/soubory/ciselniky/obce.json,2026-08-21
obec,Obec/540021,CZ020,Středočeský kraj,https://data.mpsv.cz/od/soubory/ciselniky/obce.json,2026-08-21
obec,Obec/564664,CZ020,Středočeský kraj,https://data.mpsv.cz/od/soubory/ciselniky/obce.json,2026-08-21
obec,Obec/564419,CZ020,Středočeský kraj,https://data.mpsv.cz/od/soubory/ciselniky/obce.json,2026-08-21
obec,Obec/540072,CZ020,Středočeský kraj,https://data.mpsv.cz/od/soubory/ciselniky/obce.json,2026-08-21
obec,Obec/540081,CZ020,Středočeský kraj,https://data.mpsv.cz/od/soubory/ciselniky/obce.json,2026-08-21
obec,Obec/540099,CZ020,Středočeský kraj,https://data.mpsv.cz/od/soubory/ciselniky/obce.json,2026-08-21
obec,Obec/513504,CZ020,Středočeský kraj,https://data.mpsv.cz/od/soubory/ciselniky/obce.json,2026-08-21
obec,Obec/540111,CZ020,Středočeský kraj,https://data.mpsv.cz/od/soubory/ciselniky/obce.json,2026-08-21
obec,Obec/540129,CZ020,Středočeský kraj,https://data.mpsv.cz/od/soubory/ciselniky/obce.json,2026-08-21
obec,Obec/599298,CZ020,Středočeský kraj,https://data.mpsv.cz/od/soubory/ciselniky/obce.json,2026-08-21
obec,Obec/540145,CZ020,Středočeský kraj,https://data.mpsv.cz/od/soubory/ciselniky/obce.json,2026-08-21
obec,Obec/540153,CZ020,Středočeský kraj,https://data.mpsv.cz/od/soubory/ciselniky/obce.json,2026-08-21
obec,Obec/540170,CZ020,Středočeský kraj,https://data.mpsv.cz/od/soubory/ciselniky/obce.json,2026-08-21
obec,Obec/540188,CZ020,Středočeský kraj,https://data.mpsv.cz/od/soubory/ciselniky/obce.json,2026-08-21
obec,Obec/598381,CZ020,Středočeský kraj,https://data.mpsv.cz/od/soubory/ciselniky/obce.json,2026-08-21
obec,Obec/540218,CZ020,Středočeský kraj,https://data.mpsv.cz/od/soubory/ciselniky/obce.json,2026-08-21
obec,Obec/564508,CZ020,Středočeský kraj,https://data.mpsv.cz/od/soubory/ciselniky/obce.json,2026-08-21
obec,Obec/598402,CZ020,Středočeský kraj,https://data.mpsv.cz/od/soubory/ciselniky/obce.json,2026-08-21
obec,Obec/540242,CZ020,Středočeský kraj,https://data.mpsv.cz/od/soubory/ciselniky/obce.json,2026-08-21
obec,Obec/564605,CZ020,Středočeský kraj,https://data.mpsv.cz/od/soubory/ciselniky/obce.json,2026-08-21
obec,Obec/564257,CZ020,Středočeský kraj,https://data.mpsv.cz/od/soubory/ciselniky/obce.json,2026-08-21
obec,Obec/540285,CZ020,Středočeský kraj,https://data.mpsv.cz/od/soubory/ciselniky/obce.json,2026-08-21
obec,Obec/513580,CZ020,Středočeský kraj,https://data.mpsv.cz/od/soubory/ciselniky/obce.json,2026-08-21
obec,Obec/540315,CZ020,Středočeský kraj,https://data.mpsv.cz/od/soubory/ciselniky/obce.json,2026-08-21
obec,Obec/540323,CZ020,Středočeský kraj,https://data.mpsv.cz/od/soubory/ciselniky/obce.json,2026-08-21
obec,Obec/564249,CZ020,Středočeský kraj,https://data.mpsv.cz/od/soubory/ciselniky/obce.json,2026-08-21
obec,Obec/540358,CZ020,Středočeský kraj,https://data.mpsv.cz/od/soubory/ciselniky/obce.json,2026-08-21
obec,Obec/540374,CZ020,Středočeský kraj,https://data.mpsv.cz/od/soubory/ciselniky/obce.json,2026-08-21
obec,Obec/540391,CZ020,Středočeský kraj,https://data.mpsv.cz/od/soubory/ciselniky/obce.json,2026-08-21
obec,Obec/540404,CZ020,Středočeský kraj,https://data.mpsv.cz/od/soubory/ciselniky/obce.json,2026-08-21
obec,Obec/540439,CZ020,Středočeský kraj,https://data.mpsv.cz/od/soubory/ciselniky/obce.json,2026-08-21
obec,Obec/540447,CZ020,Středočeský kraj,https://data.mpsv.cz/od/soubory/ciselniky/obce.json,2026-08-21
obec,Obec/598461,CZ020,Středočeský kraj,https://data.mpsv.cz/od/soubory/ciselniky/obce.json,2026-08-21
obec,Obec/599204,CZ020,Středočeský kraj,https://data.mpsv.cz/od/soubory/ciselniky/obce.json,2026-08-21
obec,Obec/540498,CZ020,Středočeský kraj,https://data.mpsv.cz/od/soubory/ciselniky/obce.json,2026-08-21
obec,Obec/513555,CZ020,Středočeský kraj,https://data.mpsv.cz/od/soubory/ciselniky/obce.json,2026-08-21
obec,Obec/529681,CZ020,Středočeský kraj,https://data.mpsv.cz/od/soubory/ciselniky/obce.json,2026-08-21
obec,Obec/540536,CZ020,Středočeský kraj,https://data.mpsv.cz/od/soubory/ciselniky/obce.json,2026-08-21
obec,Obec/540552,CZ020,Středočeský kraj,https://data.mpsv.cz/od/soubory/ciselniky/obce.json,2026-08-21
obec,Obec/540579,CZ020,Středočeský kraj,https://data.mpsv.cz/od/soubory/ciselniky/obce.json,2026-08-21
obec,Obec/540587,CZ020,Středočeský kraj,https://data.mpsv.cz/od/soubory/ciselniky/obce.json,2026-08-21
obec,Obec/540625,CZ020,Středočeský kraj,https://data.mpsv.cz/od/soubory/ciselniky/obce.json,2026-08-21
obec,Obec/564346,CZ020,Středočeský kraj,https://data.mpsv.cz/od/soubory/ciselniky/obce.json,2026-08-21
obec,Obec/513521,CZ020,Středočeský kraj,https://data.mpsv.cz/od/soubory/ciselniky/obce.json,2026-08-21
obec,Obec/598411,CZ020,Středočeský kraj,https://data.mpsv.cz/od/soubory/ciselniky/obce.json,2026-08-21
obec,Obec/540714,CZ020,Středočeský kraj,https://data.mpsv.cz/od/soubory/ciselniky/obce.json,2026-08-21
obec,Obec/540749,CZ020,Středočeský kraj,https://data.mpsv.cz/od/soubory/ciselniky/obce.json,2026-08-21
obec,Obec/540757,CZ020,Středočeský kraj,https://data.mpsv.cz/od/soubory/ciselniky/obce.json,2026-08-21
obec,Obec/599751,CZ020,Středočeský kraj,https://data.mpsv.cz/od/soubory/ciselniky/obce.json,2026-08-21
obec,Obec/540781,CZ020,Středočeský kraj,https://data.mpsv.cz/od/soubory/ciselniky/obce.json,2026-08-21
obec,Obec/540790,CZ020,Středočeský kraj,https://data.mpsv.cz/od/soubory/ciselniky/obce.json,2026-08-21
obec,Obec/564478,CZ020,Středočeský kraj,https://data.mpsv.cz/od/soubory/ciselniky/obce.json,2026-08-21
obec,Obec/540811,CZ020,Středočeský kraj,https://data.mpsv.cz/od/soubory/ciselniky/obce.json,2026-08-21
obec,Obec/540820,CZ020,Středočeský kraj,https://data.mpsv.cz/od/soubory/ciselniky/obce.json,2026-08-21
obec,Obec/540846,CZ020,Středočeský kraj,https://data.mpsv.cz/od/soubory/ciselniky/obce.json,2026-08-21
obec,Obec/564524,CZ020,Středočeský kraj,https://data.mpsv.cz/od/soubory/ciselniky/obce.json,2026-08-21
obec,Obec/564222,CZ020,Středočeský kraj,https://data.mpsv.cz/od/soubory/ciselniky/obce.json,2026-08-21
obec,Obec/540889,CZ020,Středočeský kraj,https://data.mpsv.cz/od/soubory/ciselniky/obce.json,2026-08-21
obec,Obec/540897,CZ020,Středočeský kraj,https://data.mpsv.cz/od/soubory/ciselniky/obce.json,2026-08-21
obec,Obec/540901,CZ020,Středočeský kraj,https://data.mpsv.cz/od/soubory/ciselniky/obce.json,2026-08-21
obec,Obec/513571,CZ020,Středočeský kraj,https://data.mpsv.cz/od/soubory/ciselniky/obce.json,2026-08-21
obec,Obec/540935,CZ020,Středočeský kraj,https://data.mpsv.cz/od/soubory/ciselniky/obce.json,2026-08-21
obec,Obec/540943,CZ020,Středočeský kraj,https://data.mpsv.cz/od/soubory/ciselniky/obce.json,2026-08-21
obec,Obec/540951,CZ020,Středočeský kraj,https://data.mpsv.cz/od/soubory/ciselniky/obce.json,2026-08-21
obec,Obec/540960,CZ020,Středočeský kraj,https://data.mpsv.cz/od/soubory/ciselniky/obce.json,2026-08-21
obec,Obec/598470,CZ020,Středočeský kraj,https://data.mpsv.cz/od/soubory/ciselniky/obce.json,2026-08-21
obec,Obec/598372,CZ020,Středočeský kraj,https://data.mpsv.cz/od/soubory/ciselniky/obce.json,2026-08-21
obec,Obec/541010,CZ020,Středočeský kraj,https://data.mpsv.cz/od/soubory/ciselniky/obce.json,2026-08-21
obec,Obec/541028,CZ020,Středočeský kraj,https://data.mpsv.cz/od/soubory/ciselniky/obce.json,2026-08-21
obec,Obec/541044,CZ020,Středočeský kraj,https://data.mpsv.cz/od/soubory/ciselniky/obce.json,2026-08-21
obec,Obec/541052,CZ020,Středočeský kraj,https://data.mpsv.cz/od/soubory/ciselniky/obce.json,2026-08-21
obec,Obec/564214,CZ020,Středočeský kraj,https://data.mpsv.cz/od/soubory/ciselniky/obce.json,2026-08-21
obec,Obec/541087,CZ020,Středočeský kraj,https://data.mpsv.cz/od/soubory/ciselniky/obce.json,2026-08-21
obec,Obec/564486,CZ020,Středočeský kraj,https://data.mpsv.cz/od/soubory/ciselniky/obce.json,2026-08-21
obec,Obec/541133,CZ020,Středočeský kraj,https://data.mpsv.cz/od/soubory/ciselniky/obce.json,2026-08-21
obec,Obec/539911,CZ020,Středočeský kraj,https://data.mpsv.cz/od/soubory/ciselniky/obce.json,2026-08-21
obec,Obec/513547,CZ020,Středočeský kraj,https://data.mpsv.cz/od/soubory/ciselniky/obce.json,2026-08-21
obec,Obec/564389,CZ020,Středočeský kraj,https://data.mpsv.cz/od/soubory/ciselniky/obce.json,2026-08-21
obec,Obec/598488,CZ020,Středočeský kraj,https://data.mpsv.cz/od/soubory/ciselniky/obce.json,2026-08-21
obec,Obec/541206,CZ020,Středočeský kraj,https://data.mpsv.cz/od/soubory/ciselniky/obce.json,2026-08-21
obec,Obec/541231,CZ020,Středočeský kraj,https://data.mpsv.cz/od/soubory/ciselniky/obce.json,2026-08-21
obec,Obec/541257,CZ020,Středočeský kraj,https://data.mpsv.cz/od/soubory/ciselniky/obce.json,2026-08-21
obec,Obec/541273,CZ020,Středočeský kraj,https://data.mpsv.cz/od/soubory/ciselniky/obce.json,2026-08-21
obec,Obec/541281,CZ020,Středočeský kraj,https://data.mpsv.cz/od/soubory/ciselniky/obce.json,2026-08-21
obec,Obec/530573,CZ020,Středočeský kraj,https://data.mpsv.cz/od/soubory/ciselniky/obce.json,2026-08-21
obec,Obec/564630,CZ020,Středočeský kraj,https://data.mpsv.cz/od/soubory/ciselniky/obce.json,2026-08-21
obec,Obec/541311,CZ020,Středočeský kraj,https://data.mpsv.cz/od/soubory/ciselniky/obce.json,2026-08-21
obec,Obec/541320,CZ020,Středočeský kraj,https://data.mpsv.cz/od/soubory/ciselniky/obce.json,2026-08-21
obec,Obec/541338,CZ020,Středočeský kraj,https://data.mpsv.cz/od/soubory/ciselniky/obce.json,2026-08-21
obec,Obec/564583,CZ020,Středočeský kraj,https://data.mpsv.cz/od/soubory/ciselniky/obce.json,2026-08-21
obec,Obec/541371,CZ020,Středočeský kraj,https://data.mpsv.cz/od/soubory/ciselniky/obce.json,2026-08-21
obec,Obec/541389,CZ020,Středočeský kraj,https://data.mpsv.cz/od/soubory/ciselniky/obce.json,2026-08-21
obec,Obec/541397,CZ020,Středočeský kraj,https://data.mpsv.cz/od/soubory/ciselniky/obce.json,2026-08-21
obec,Obec/564273,CZ020,Středočeský kraj,https://data.mpsv.cz/od/soubory/ciselniky/obce.json,2026-08-21
obec,Obec/541419,CZ020,Středočeský kraj,https://data.mpsv.cz/od/soubory/ciselniky/obce.json,2026-08-21
obec,Obec/529664,CZ020,Středočeský kraj,https://data.mpsv.cz/od/soubory/ciselniky/obce.json,2026-08-21
obec,Obec/541427,CZ020,Středočeský kraj,https://data.mpsv.cz/od/soubory/ciselniky/obce.json,2026-08-21
obec,Obec/598429,CZ020,Středočeský kraj,https://data.mpsv.cz/od/soubory/ciselniky/obce.json,2026-08-21
obec,Obec/541451,CZ020,Středočeský kraj,https://data.mpsv.cz/od/soubory/ciselniky/obce.json,2026-08-21
obec,Obec/598330,CZ020,Středočeský kraj,https://data.mpsv.cz/od/soubory/ciselniky/obce.json,2026-08-21
obec,Obec/513539,CZ020,Středočeský kraj,https://data.mpsv.cz/od/soubory/ciselniky/obce.json,2026-08-21
obec,Obec/541508,CZ020,Středočeský kraj,https://data.mpsv.cz/od/soubory/ciselniky/obce.json,2026-08-21
obec,Obec/541516,CZ020,Středočeský kraj,https://data.mpsv.cz/od/soubory/ciselniky/obce.json,2026-08-21
obec,Obec/541524,CZ020,Středočeský kraj,https://data.mpsv.cz/od/soubory/ciselniky/obce.json,2026-08-21
obec,Obec/541541,CZ020,Středočeský kraj,https://data.mpsv.cz/od/soubory/ciselniky/obce.json,2026-08-21
obec,Obec/564362,CZ020,Středočeský kraj,https://data.mpsv.cz/od/soubory/ciselniky/obce.json,2026-08-21
obec,Obec/541567,CZ020,Středočeský kraj,https://data.mpsv.cz/od/soubory/ciselniky/obce.json,2026-08-21
obec,Obec/598437,CZ020,Středočeský kraj,https://data.mpsv.cz/od/soubory/ciselniky/obce.json,2026-08-21
obec,Obec/541583,CZ020,Středočeský kraj,https://data.mpsv.cz/od/soubory/ciselniky/obce.json,2026-08-21
obec,Obec/541591,CZ020,Středočeský kraj,https://data.mpsv.cz/od/soubory/ciselniky/obce.json,2026-08-21
obec,Obec/541613,CZ020,Středočeský kraj,https://data.mpsv.cz/od/soubory/ciselniky/obce.json,2026-08-21
obec,Obec/564320,CZ020,Středočeský kraj,https://data.mpsv.cz/od/soubory/ciselniky/obce.json,2026-08-21
obec,Obec/513512,CZ020,Středočeský kraj,https://data.mpsv.cz/od/soubory/ciselniky/obce.json,2026-08-21
obec,Obec/564338,CZ020,Středočeský kraj,https://data.mpsv.cz/od/soubory/ciselniky/obce.json,2026-08-21
obec,Obec/565423,CZ020,Středočeský kraj,https://data.mpsv.cz/od/soubory/ciselniky/obce.json,2026-08-21
obec,Obec/541672,CZ020,Středočeský kraj,https://data.mpsv.cz/od/soubory/ciselniky/obce.json,2026-08-21
obec,Obec/565041,CZ020,Středočeský kraj,https://data.mpsv.cz/od/soubory/ciselniky/obce.json,2026-08-21
obec,Obec/541699,CZ020,Středočeský kraj,https://data.mpsv.cz/od/soubory/ciselniky/obce.json,2026-08-21
obec,Obec/565181,CZ020,Středočeský kraj,https://data.mpsv.cz/od/soubory/ciselniky/obce.json,2026-08-21
obec,Obec/529711,CZ020,Středočeský kraj,https://data.mpsv.cz/od/soubory/ciselniky/obce.json,2026-08-21
obec,Obec/541729,CZ020,Středočeský kraj,https://data.mpsv.cz/od/soubory/ciselniky/obce.json,2026-08-21
obec,Obec/541737,CZ020,Středočeský kraj,https://data.mpsv.cz/od/soubory/ciselniky/obce.json,2026-08-21
obec,Obec/565202,CZ020,Středočeský kraj,https://data.mpsv.cz/od/soubory/ciselniky/obce.json,2026-08-21
obec,Obec/541761,CZ020,Středočeský kraj,https://data.mpsv.cz/od/soubory/ciselniky/obce.json,2026-08-21
obec,Obec/541770,CZ020,Středočeský kraj,https://data.mpsv.cz/od/soubory/ciselniky/obce.json,2026-08-21
obec,Obec/565334,CZ020,Středočeský kraj,https://data.mpsv.cz/od/soubory/ciselniky/obce.json,2026-08-21
obec,Obec/541818,CZ020,Středočeský kraj,https://data.mpsv.cz/od/soubory/ciselniky/obce.json,2026-08-21
obec,Obec/565270,CZ020,Středočeský kraj,https://data.mpsv.cz/od/soubory/ciselniky/obce.json,2026-08-21
obec,Obec/541834,CZ020,Středočeský kraj,https://data.mpsv.cz/od/soubory/ciselniky/obce.json,2026-08-21
obec,Obec/565440,CZ020,Středočeský kraj,https://data.mpsv.cz/od/soubory/ciselniky/obce.json,2026-08-21
obec,Obec/565288,CZ020,Středočeský kraj,https://data.mpsv.cz/od/soubory/ciselniky/obce.json,2026-08-21
obec,Obec/541877,CZ020,Středočeský kraj,https://data.mpsv.cz/od/soubory/ciselniky/obce.json,2026-08-21
obec,Obec/565199,CZ020,Středočeský kraj,https://data.mpsv.cz/od/soubory/ciselniky/obce.json,2026-08-21
obec,Obec/541893,CZ020,Středočeský kraj,https://data.mpsv.cz/od/soubory/ciselniky/obce.json,2026-08-21
obec,Obec/541907,CZ020,Středočeský kraj,https://data.mpsv.cz/od/soubory/ciselniky/obce.json,2026-08-21
obec,Obec/565385,CZ020,Středočeský kraj,https://data.mpsv.cz/od/soubory/ciselniky/obce.json,2026-08-21
obec,Obec/565351,CZ020,Středočeský kraj,https://data.mpsv.cz/od/soubory/ciselniky/obce.json,2026-08-21
obec,Obec/565369,CZ020,Středočeský kraj,https://data.mpsv.cz/od/soubory/ciselniky/obce.json,2026-08-21
obec,Obec/541940,CZ020,Středočeský kraj,https://data.mpsv.cz/od/soubory/ciselniky/obce.json,2026-08-21
obec,Obec/598500,CZ020,Středočeský kraj,https://data.mpsv.cz/od/soubory/ciselniky/obce.json,2026-08-21
obec,Obec/541966,CZ020,Středočeský kraj,https://data.mpsv.cz/od/soubory/ciselniky/obce.json,2026-08-21
obec,Obec/541974,CZ020,Středočeský kraj,https://data.mpsv.cz/od/soubory/ciselniky/obce.json,2026-08-21
obec,Obec/541982,CZ020,Středočeský kraj,https://data.mpsv.cz/od/soubory/ciselniky/obce.json,2026-08-21
obec,Obec/542008,CZ020,Středočeský kraj,https://data.mpsv.cz/od/soubory/ciselniky/obce.json,2026-08-21
obec,Obec/542016,CZ020,Středočeský kraj,https://data.mpsv.cz/od/soubory/ciselniky/obce.json,2026-08-21
obec,Obec/542032,CZ020,Středočeský kraj,https://data.mpsv.cz/od/soubory/ciselniky/obce.json,2026-08-21
obec,Obec/542041,CZ020,Středočeský kraj,https://data.mpsv.cz/od/soubory/ciselniky/obce.json,2026-08-21
obec,Obec/565377,CZ020,Středočeský kraj,https://data.mpsv.cz/od/soubory/ciselniky/obce.json,2026-08-21
obec,Obec/542067,CZ020,Středočeský kraj,https://data.mpsv.cz/od/soubory/ciselniky/obce.json,2026-08-21
obec,Obec/542075,CZ020,Středočeský kraj,https://data.mpsv.cz/od/soubory/ciselniky/obce.json,2026-08-21
obec,Obec/565466,CZ020,Středočeský kraj,https://data.mpsv.cz/od/soubory/ciselniky/obce.json,2026-08-21
obec,Obec/542105,CZ020,Středočeský kraj,https://data.mpsv.cz/od/soubory/ciselniky/obce.json,2026-08-21
obec,Obec/542113,CZ020,Středočeský kraj,https://data.mpsv.cz/od/soubory/ciselniky/obce.json,2026-08-21
obec,Obec/542121,CZ020,Středočeský kraj,https://data.mpsv.cz/od/soubory/ciselniky/obce.json,2026-08-21
obec,Obec/542130,CZ020,Středočeský kraj,https://data.mpsv.cz/od/soubory/ciselniky/obce.json,2026-08-21
obec,Obec/598585,CZ020,Středočeský kraj,https://data.mpsv.cz/od/soubory/ciselniky/obce.json,2026-08-21
obec,Obec/542164,CZ020,Středočeský kraj,https://data.mpsv.cz/od/soubory/ciselniky/obce.json,2026-08-21
obec,Obec/542181,CZ020,Středočeský kraj,https://data.mpsv.cz/od/soubory/ciselniky/obce.json,2026-08-21
obec,Obec/542199,CZ020,Středočeský kraj,https://data.mpsv.cz/od/soubory/ciselniky/obce.json,2026-08-21
obec,Obec/542202,CZ020,Středočeský kraj,https://data.mpsv.cz/od/soubory/ciselniky/obce.json,2026-08-21
obec,Obec/542211,CZ020,Středočeský kraj,https://data.mpsv.cz/od/soubory/ciselniky/obce.json,2026-08-21
obec,Obec/544248,CZ020,Středočeský kraj,https://data.mpsv.cz/od/soubory/ciselniky/obce.json,2026-08-21
obec,Obec/542229,CZ020,Středočeský kraj,https://data.mpsv.cz/od/soubory/ciselniky/obce.json,2026-08-21
obec,Obec/542237,CZ020,Středočeský kraj,https://data.mpsv.cz/od/soubory/ciselniky/obce.json,2026-08-21
obec,Obec/598577,CZ020,Středočeský kraj,https://data.mpsv.cz/od/soubory/ciselniky/obce.json,2026-08-21
obec,Obec/542253,CZ020,Středočeský kraj,https://data.mpsv.cz/od/soubory/ciselniky/obce.json,2026-08-21
obec,Obec/565261,CZ020,Středočeský kraj,https://data.mpsv.cz/od/soubory/ciselniky/obce.json,2026-08-21
obec,Obec/542270,CZ020,Středočeský kraj,https://data.mpsv.cz/od/soubory/ciselniky/obce.json,2026-08-21
obec,Obec/542288,CZ020,Středočeský kraj,https://data.mpsv.cz/od/soubory/ciselniky/obce.json,2026-08-21
obec,Obec/599760,CZ020,Středočeský kraj,https://data.mpsv.cz/od/soubory/ciselniky/obce.json,2026-08-21
obec,Obec/541656,CZ020,Středočeský kraj,https://data.mpsv.cz/od/soubory/ciselniky/obce.json,2026-08-21
obec,Obec/598526,CZ020,Středočeský kraj,https://data.mpsv.cz/od/soubory/ciselniky/obce.json,2026-08-21
obec,Obec/542326,CZ020,Středočeský kraj,https://data.mpsv.cz/od/soubory/ciselniky/obce.json,2026-08-21
obec,Obec/542334,CZ020,Středočeský kraj,https://data.mpsv.cz/od/soubory/ciselniky/obce.json,2026-08-21
obec,Obec/565504,CZ020,Středočeský kraj,https://data.mpsv.cz/od/soubory/ciselniky/obce.json,2026-08-21
obec,Obec/542351,CZ020,Středočeský kraj,https://data.mpsv.cz/od/soubory/ciselniky/obce.json,2026-08-21
obec,Obec/542369,CZ020,Středočeský kraj,https://data.mpsv.cz/od/soubory/ciselniky/obce.json,2026-08-21
obec,Obec/542377,CZ020,Středočeský kraj,https://data.mpsv.cz/od/soubory/ciselniky/obce.json,2026-08-21
obec,Obec/542385,CZ020,Středočeský kraj,https://data.mpsv.cz/od/soubory/ciselniky/obce.json,2026-08-21
obec,Obec/542415,CZ020,Středočeský kraj,https://data.mpsv.cz/od/soubory/ciselniky/obce.json,2026-08-21
obec,Obec/565407,CZ020,Středočeský kraj,https://data.mpsv.cz/od/soubory/ciselniky/obce.json,2026-08-21
obec,Obec/542431,CZ020,Středočeský kraj,https://data.mpsv.cz/od/soubory/ciselniky/obce.json,2026-08-21
obec,Obec/542458,CZ020,Středočeský kraj,https://data.mpsv.cz/od/soubory/ciselniky/obce.json,2026-08-21
obec,Obec/542466,CZ020,Středočeský kraj,https://data.mpsv.cz/od/soubory/ciselniky/obce.json,2026-08-21
obec,Obec/542474,CZ020,Středočeský kraj,https://data.mpsv.cz/od/soubory/ciselniky/obce.json,2026-08-21
obec,Obec/598496,CZ020,Středočeský kraj,https://data.mpsv.cz/od/soubory/ciselniky/obce.json,2026-08-21
obec,Obec/565326,CZ020,Středočeský kraj,https://data.mpsv.cz/od/soubory/ciselniky/obce.json,2026-08-21
obec,Obec/542504,CZ020,Středočeský kraj,https://data.mpsv.cz/od/soubory/ciselniky/obce.json,2026-08-21
obec,Obec/542512,CZ020,Středočeský kraj,https://data.mpsv.cz/od/soubory/ciselniky/obce.json,2026-08-21
obec,Obec/565512,CZ020,Středočeský kraj,https://data.mpsv.cz/od/soubory/ciselniky/obce.json,2026-08-21
obec,Obec/542563,CZ020,Středočeský kraj,https://data.mpsv.cz/od/soubory/ciselniky/obce.json,2026-08-21
obec,Obec/529699,CZ020,Středočeský kraj,https://data.mpsv.cz/od/soubory/ciselniky/obce.json,2026-08-21
obec,Obec/565130,CZ020,Středočeský kraj,https://data.mpsv.cz/od/soubory/ciselniky/obce.json,2026-08-21
obec,Obec/542598,CZ020,Středočeský kraj,https://data.mpsv.cz/od/soubory/ciselniky/obce.json,2026-08-21
obec,Obec/542601,CZ020,Středočeský kraj,https://data.mpsv.cz/od/soubory/ciselniky/obce.json,2026-08-21
obec,Obec/542610,CZ020,Středočeský kraj,https://data.mpsv.cz/od/soubory/ciselniky/obce.json,2026-08-21
obec,Obec/598518,CZ020,Středočeský kraj,https://data.mpsv.cz/od/soubory/ciselniky/obce.json,2026-08-21
obec,Obec/535826,CZ031,Jihočeský kraj,https://data.mpsv.cz/od/soubory/ciselniky/obce.json,2026-08-21
obec,Obec/536156,CZ031,Jihočeský kraj,https://data.mpsv.cz/od/soubory/ciselniky/obce.json,2026-08-21
obec,Obec/544272,CZ031,Jihočeský kraj,https://data.mpsv.cz/od/soubory/ciselniky/obce.json,2026-08-21
obec,Obec/544281,CZ031,Jihočeský kraj,https://data.mpsv.cz/od/soubory/ciselniky/obce.json,2026-08-21
obec,Obec/535681,CZ031,Jihočeský kraj,https://data.mpsv.cz/od/soubory/ciselniky/obce.json,2026-08-21
obec,Obec/544299,CZ031,Jihočeský kraj,https://data.mpsv.cz/od/soubory/ciselniky/obce.json,2026-08-21
obec,Obec/535401,CZ031,Jihočeský kraj,https://data.mpsv.cz/od/soubory/ciselniky/obce.json,2026-08-21
obec,Obec/551490,CZ031,Jihočeský kraj,https://data.mpsv.cz/od/soubory/ciselniky/obce.json,2026-08-21
obec,Obec/536059,CZ031,Jihočeský kraj,https://data.mpsv.cz/od/soubory/ciselniky/obce.json,2026-08-21
obec,Obec/535541,CZ031,Jihočeský kraj,https://data.mpsv.cz/od/soubory/ciselniky/obce.json,2026-08-21
obec,Obec/544329,CZ031,Jihočeský kraj,https://data.mpsv.cz/od/soubory/ciselniky/obce.json,2026-08-21
obec,Obec/598976,CZ031,Jihočeský kraj,https://data.mpsv.cz/od/soubory/ciselniky/obce.json,2026-08-21
obec,Obec/544256,CZ031,Jihočeský kraj,https://data.mpsv.cz/od/soubory/ciselniky/obce.json,2026-08-21
obec,Obec/551503,CZ031,Jihočeský kraj,https://data.mpsv.cz/od/soubory/ciselniky/obce.json,2026-08-21
obec,Obec/535249,CZ031,Jihočeský kraj,https://data.mpsv.cz/od/soubory/ciselniky/obce.json,2026-08-21
obec,Obec/544361,CZ031,Jihočeský kraj,https://data.mpsv.cz/od/soubory/ciselniky/obce.json,2026-08-21
obec,Obec/535206,CZ031,Jihočeský kraj,https://data.mpsv.cz/od/soubory/ciselniky/obce.json,2026-08-21
obec,Obec/536199,CZ031,Jihočeský kraj,https://data.mpsv.cz/od/soubory/ciselniky/obce.json,2026-08-21
obec,Obec/544388,CZ031,Jihočeský kraj,https://data.mpsv.cz/od/soubory/ciselniky/obce.json,2026-08-21
obec,Obec/535664,CZ031,Jihočeský kraj,https://data.mpsv.cz/od/soubory/ciselniky/obce.json,2026-08-21
obec,Obec/544400,CZ031,Jihočeský kraj,https://data.mpsv.cz/od/soubory/ciselniky/obce.json,2026-08-21
obec,Obec/535958,CZ031,Jihočeský kraj,https://data.mpsv.cz/od/soubory/ciselniky/obce.json,2026-08-21
obec,Obec/549371,CZ031,Jihočeský kraj,https://data.mpsv.cz/od/soubory/ciselniky/obce.json,2026-08-21
obec,Obec/544426,CZ031,Jihočeský kraj,https://data.mpsv.cz/od/soubory/ciselniky/obce.json,2026-08-21
obec,Obec/535788,CZ031,Jihočeský kraj,https://data.mpsv.cz/od/soubory/ciselniky/obce.json,2026-08-21
obec,Obec/544442,CZ031,Jihočeský kraj,https://data.mpsv.cz/od/soubory/ciselniky/obce.json,2026-08-21
obec,Obec/544451,CZ031,Jihočeský kraj,https://data.mpsv.cz/od/soubory/ciselniky/obce.json,2026-08-21
obec,Obec/535575,CZ031,Jihočeský kraj,https://data.mpsv.cz/od/soubory/ciselniky/obce.json,2026-08-21
obec,Obec/536075,CZ031,Jihočeský kraj,https://data.mpsv.cz/od/soubory/ciselniky/obce.json,2026-08-21
obec,Obec/598593,CZ031,Jihočeský kraj,https://data.mpsv.cz/od/soubory/ciselniky/obce.json,2026-08-21
obec,Obec/535851,CZ031,Jihočeský kraj,https://data.mpsv.cz/od/soubory/ciselniky/obce.json,2026-08-21
obec,Obec/598607,CZ031,Jihočeský kraj,https://data.mpsv.cz/od/soubory/ciselniky/obce.json,2026-08-21
obec,Obec/544485,CZ031,Jihočeský kraj,https://data.mpsv.cz/od/soubory/ciselniky/obce.json,2026-08-21
obec,Obec/544493,CZ031,Jihočeský kraj,https://data.mpsv.cz/od/soubory/ciselniky/obce.json,2026-08-21
obec,Obec/536105,CZ031,Jihočeský kraj,https://data.mpsv.cz/od/soubory/ciselniky/obce.json,2026-08-21
obec,Obec/544515,CZ031,Jihočeský kraj,https://data.mpsv.cz/od/soubory/ciselniky/obce.json,2026-08-21
obec,Obec/544523,CZ031,Jihočeský kraj,https://data.mpsv.cz/od/soubory/ciselniky/obce.json,2026-08-21
obec,Obec/535524,CZ031,Jihočeský kraj,https://data.mpsv.cz/od/soubory/ciselniky/obce.json,2026-08-21
obec,Obec/535460,CZ031,Jihočeský kraj,https://data.mpsv.cz/od/soubory/ciselniky/obce.json,2026-08-21
obec,Obec/544540,CZ031,Jihočeský kraj,https://data.mpsv.cz/od/soubory/ciselniky/obce.json,2026-08-21
obec,Obec/544558,CZ031,Jihočeský kraj,https://data.mpsv.cz/od/soubory/ciselniky/obce.json,2026-08-21
obec,Obec/535753,CZ031,Jihočeský kraj,https://data.mpsv.cz/od/soubory/ciselniky/obce.json,2026-08-21
obec,Obec/535613,CZ031,Jihočeský kraj,https://data.mpsv.cz/od/soubory/ciselniky/obce.json,2026-08-21
obec,Obec/535907,CZ031,Jihočeský kraj,https://data.mpsv.cz/od/soubory/ciselniky/obce.json,2026-08-21
obec,Obec/544591,CZ031,Jihočeský kraj,https://data.mpsv.cz/od/soubory/ciselniky/obce.json,2026-08-21
obec,Obec/544612,CZ031,Jihočeský kraj,https://data.mpsv.cz/od/soubory/ciselniky/obce.json,2026-08-21
obec,Obec/544639,CZ031,Jihočeský kraj,https://data.mpsv.cz/od/soubory/ciselniky/obce.json,2026-08-21
obec,Obec/535761,CZ031,Jihočeský kraj,https://data.mpsv.cz/od/soubory/ciselniky/obce.json,2026-08-21
obec,Obec/535982,CZ031,Jihočeský kraj,https://data.mpsv.cz/od/soubory/ciselniky/obce.json,2026-08-21
obec,Obec/544663,CZ031,Jihočeský kraj,https://data.mpsv.cz/od/soubory/ciselniky/obce.json,2026-08-21
obec,Obec/535877,CZ031,Jihočeský kraj,https://data.mpsv.cz/od/soubory/ciselniky/obce.json,2026-08-21
obec,Obec/529729,CZ031,Jihočeský kraj,https://data.mpsv.cz/od/soubory/ciselniky/obce.json,2026-08-21
obec,Obec/544736,CZ031,Jihočeský kraj,https://data.mpsv.cz/od/soubory/ciselniky/obce.json,2026-08-21
obec,Obec/544744,CZ031,Jihočeský kraj,https://data.mpsv.cz/od/soubory/ciselniky/obce.json,2026-08-21
obec,Obec/535800,CZ031,Jihočeský kraj,https://data.mpsv.cz/od/soubory/ciselniky/obce.json,2026-08-21
obec,Obec/544761,CZ031,Jihočeský kraj,https://data.mpsv.cz/od/soubory/ciselniky/obce.json,2026-08-21
obec,Obec/544779,CZ031,Jihočeský kraj,https://data.mpsv.cz/od/soubory/ciselniky/obce.json,2026-08-21
obec,Obec/544795,CZ031,Jihočeský kraj,https://data.mpsv.cz/od/soubory/ciselniky/obce.json,2026-08-21
obec,Obec/544809,CZ031,Jihočeský kraj,https://data.mpsv.cz/od/soubory/ciselniky/obce.json,2026-08-21
obec,Obec/535940,CZ031,Jihočeský kraj,https://data.mpsv.cz/od/soubory/ciselniky/obce.json,2026-08-21
obec,Obec/544817,CZ031,Jihočeský kraj,https://data.mpsv.cz/od/soubory/ciselniky/obce.json,2026-08-21
obec,Obec/598615,CZ031,Jihočeský kraj,https://data.mpsv.cz/od/soubory/ciselniky/obce.json,2026-08-21
obec,Obec/535842,CZ031,Jihočeský kraj,https://data.mpsv.cz/od/soubory/ciselniky/obce.json,2026-08-21
obec,Obec/535281,CZ031,Jihočeský kraj,https://data.mpsv.cz/od/soubory/ciselniky/obce.json,2026-08-21
obec,Obec/535371,CZ031,Jihočeský kraj,https://data.mpsv.cz/od/soubory/ciselniky/obce.json,2026-08-21
obec,Obec/544825,CZ031,Jihočeský kraj,https://data.mpsv.cz/od/soubory/ciselniky/obce.json,2026-08-21
obec,Obec/535435,CZ031,Jihočeský kraj,https://data.mpsv.cz/od/soubory/ciselniky/obce.json,2026-08-21
obec,Obec/535648,CZ031,Jihočeský kraj,https://data.mpsv.cz/od/soubory/ciselniky/obce.json,2026-08-21
obec,Obec/544868,CZ031,Jihočeský kraj,https://data.mpsv.cz/od/soubory/ciselniky/obce.json,2026-08-21
obec,Obec/544884,CZ031,Jihočeský kraj,https://data.mpsv.cz/od/soubory/ciselniky/obce.json,2026-08-21
obec,Obec/544892,CZ031,Jihočeský kraj,https://data.mpsv.cz/od/soubory/ciselniky/obce.json,2026-08-21
obec,Obec/535231,CZ031,Jihočeský kraj,https://data.mpsv.cz/od/soubory/ciselniky/obce.json,2026-08-21
obec,Obec/535699,CZ031,Jihočeský kraj,https://data.mpsv.cz/od/soubory/ciselniky/obce.json,2026-08-21
obec,Obec/535991,CZ031,Jihočeský kraj,https://data.mpsv.cz/od/soubory/ciselniky/obce.json,2026-08-21
obec,Obec/535176,CZ031,Jihočeský kraj,https://data.mpsv.cz/od/soubory/ciselniky/obce.json,2026-08-21
obec,Obec/535346,CZ031,Jihočeský kraj,https://data.mpsv.cz/od/soubory/ciselniky/obce.json,2026-08-21
obec,Obec/544965,CZ031,Jihočeský kraj,https://data.mpsv.cz/od/soubory/ciselniky/obce.json,2026-08-21
obec,Obec/544973,CZ031,Jihočeský kraj,https://data.mpsv.cz/od/soubory/ciselniky/obce.json,2026-08-21
obec,Obec/544981,CZ031,Jihočeský kraj,https://data.mpsv.cz/od/soubory/ciselniky/obce.json,2026-08-21
obec,Obec/545007,CZ031,Jihočeský kraj,https://data.mpsv.cz/od/soubory/ciselniky/obce.json,2026-08-21
obec,Obec/545015,CZ031,Jihočeský kraj,https://data.mpsv.cz/od/soubory/ciselniky/obce.json,2026-08-21
obec,Obec/545023,CZ031,Jihočeský kraj,https://data.mpsv.cz/od/soubory/ciselniky/obce.json,2026-08-21
obec,Obec/545066,CZ031,Jihočeský kraj,https://data.mpsv.cz/od/soubory/ciselniky/obce.json,2026-08-21
obec,Obec/545074,CZ031,Jihočeský kraj,https://data.mpsv.cz/od/soubory/ciselniky/obce.json,2026-08-21
obec,Obec/545082,CZ031,Jihočeský kraj,https://data.mpsv.cz/od/soubory/ciselniky/obce.json,2026-08-21
obec,Obec/536032,CZ031,Jihočeský kraj,https://data.mpsv.cz/od/soubory/ciselniky/obce.json,2026-08-21
obec,Obec/545091,CZ031,Jihočeský kraj,https://data.mpsv.cz/od/soubory/ciselniky/obce.json,2026-08-21
obec,Obec/545104,CZ031,Jihočeský kraj,https://data.mpsv.cz/od/soubory/ciselniky/obce.json,2026-08-21
obec,Obec/545121,CZ031,Jihočeský kraj,https://data.mpsv.cz/od/soubory/ciselniky/obce.json,2026-08-21
obec,Obec/545139,CZ031,Jihočeský kraj,https://data.mpsv.cz/od/soubory/ciselniky/obce.json,2026-08-21
obec,Obec/545155,CZ031,Jihočeský kraj,https://data.mpsv.cz/od/soubory/ciselniky/obce.json,2026-08-21
obec,Obec/545171,CZ031,Jihočeský kraj,https://data.mpsv.cz/od/soubory/ciselniky/obce.json,2026-08-21
obec,Obec/545201,CZ031,Jihočeský kraj,https://data.mpsv.cz/od/soubory/ciselniky/obce.json,2026-08-21
obec,Obec/535494,CZ031,Jihočeský kraj,https://data.mpsv.cz/od/soubory/ciselniky/obce.json,2026-08-21
obec,Obec/545228,CZ031,Jihočeský kraj,https://data.mpsv.cz/od/soubory/ciselniky/obce.json,2026-08-21
obec,Obec/535737,CZ031,Jihočeský kraj,https://data.mpsv.cz/od/soubory/ciselniky/obce.json,2026-08-21
obec,Obec/535893,CZ031,Jihočeský kraj,https://data.mpsv.cz/od/soubory/ciselniky/obce.json,2026-08-21
obec,Obec/535915,CZ031,Jihočeský kraj,https://data.mpsv.cz/od/soubory/ciselniky/obce.json,2026-08-21
obec,Obec/545261,CZ031,Jihočeský kraj,https://data.mpsv.cz/od/soubory/ciselniky/obce.json,2026-08-21
obec,Obec/535796,CZ031,Jihočeský kraj,https://data.mpsv.cz/od/soubory/ciselniky/obce.json,2026-08-21
obec,Obec/545287,CZ031,Jihočeský kraj,https://data.mpsv.cz/od/soubory/ciselniky/obce.json,2026-08-21
obec,Obec/545317,CZ031,Jihočeský kraj,https://data.mpsv.cz/od/soubory/ciselniky/obce.json,2026-08-21
obec,Obec/536016,CZ031,Jihočeský kraj,https://data.mpsv.cz/od/soubory/ciselniky/obce.json,2026-08-21
obec,Obec/599778,CZ031,Jihočeský kraj,https://data.mpsv.cz/od/soubory/ciselniky/obce.json,2026-08-21
obec,Obec/545341,CZ031,Jihočeský kraj,https://data.mpsv.cz/od/soubory/ciselniky/obce.json,2026-08-21
obec,Obec/535591,CZ031,Jihočeský kraj,https://data.mpsv.cz/od/soubory/ciselniky/obce.json,2026-08-21
obec,Obec/545368,CZ031,Jihočeský kraj,https://data.mpsv.cz/od/soubory/ciselniky/obce.json,2026-08-21
obec,Obec/545376,CZ031,Jihočeský kraj,https://data.mpsv.cz/od/soubory/ciselniky/obce.json,2026-08-21
obec,Obec/545384,CZ031,Jihočeský kraj,https://data.mpsv.cz/od/soubory/ciselniky/obce.json,2026-08-21
obec,Obec/545406,CZ031,Jihočeský kraj,https://data.mpsv.cz/od/soubory/ciselniky/obce.json,2026-08-21
obec,Obec/545414,CZ031,Jihočeský kraj,https://data.mpsv.cz/od/soubory/ciselniky/obce.json,2026-08-21
obec,Obec/536253,CZ031,Jihočeský kraj,https://data.mpsv.cz/od/soubory/ciselniky/obce.json,2026-08-21
obec,Obec/545422,CZ031,Jihočeský kraj,https://data.mpsv.cz/od/soubory/ciselniky/obce.json,2026-08-21
obec,Obec/545431,CZ031,Jihočeský kraj,https://data.mpsv.cz/od/soubory/ciselniky/obce.json,2026-08-21
obec,Obec/545449,CZ031,Jihočeský kraj,https://data.mpsv.cz/od/soubory/ciselniky/obce.json,2026-08-21
obec,Obec/545457,CZ031,Jihočeský kraj,https://data.mpsv.cz/od/soubory/ciselniky/obce.json,2026-08-21
obec,Obec/545392,CZ031,Jihočeský kraj,https://data.mpsv.cz/od/soubory/ciselniky/obce.json,2026-08-21
obec,Obec/545465,CZ031,Jihočeský kraj,https://data.mpsv.cz/od/soubory/ciselniky/obce.json,2026-08-21
obec,Obec/545473,CZ031,Jihočeský kraj,https://data.mpsv.cz/od/soubory/ciselniky/obce.json,2026-08-21
obec,Obec/545481,CZ031,Jihočeský kraj,https://data.mpsv.cz/od/soubory/ciselniky/obce.json,2026-08-21
obec,Obec/545490,CZ031,Jihočeský kraj,https://data.mpsv.cz/od/soubory/ciselniky/obce.json,2026-08-21
obec,Obec/545503,CZ031,Jihočeský kraj,https://data.mpsv.cz/od/soubory/ciselniky/obce.json,2026-08-21
obec,Obec/545511,CZ031,Jihočeský kraj,https://data.mpsv.cz/od/soubory/ciselniky/obce.json,2026-08-21
obec,Obec/545520,CZ031,Jihočeský kraj,https://data.mpsv.cz/od/soubory/ciselniky/obce.json,2026-08-21
obec,Obec/536229,CZ031,Jihočeský kraj,https://data.mpsv.cz/od/soubory/ciselniky/obce.json,2026-08-21
obec,Obec/545546,CZ031,Jihočeský kraj,https://data.mpsv.cz/od/soubory/ciselniky/obce.json,2026-08-21
obec,Obec/545554,CZ031,Jihočeský kraj,https://data.mpsv.cz/od/soubory/ciselniky/obce.json,2026-08-21
obec,Obec/545562,CZ031,Jihočeský kraj,https://data.mpsv.cz/od/soubory/ciselniky/obce.json,2026-08-21
obec,Obec/545571,CZ031,Jihočeský kraj,https://data.mpsv.cz/od/soubory/ciselniky/obce.json,2026-08-21
obec,Obec/545597,CZ031,Jihočeský kraj,https://data.mpsv.cz/od/soubory/ciselniky/obce.json,2026-08-21
obec,Obec/545601,CZ031,Jihočeský kraj,https://data.mpsv.cz/od/soubory/ciselniky/obce.json,2026-08-21
obec,Obec/545619,CZ031,Jihočeský kraj,https://data.mpsv.cz/od/soubory/ciselniky/obce.json,2026-08-21
obec,Obec/536296,CZ031,Jihočeský kraj,https://data.mpsv.cz/od/soubory/ciselniky/obce.json,2026-08-21
obec,Obec/545627,CZ031,Jihočeský kraj,https://data.mpsv.cz/od/soubory/ciselniky/obce.json,2026-08-21
obec,Obec/598623,CZ031,Jihočeský kraj,https://data.mpsv.cz/od/soubory/ciselniky/obce.json,2026-08-21
obec,Obec/545643,CZ031,Jihočeský kraj,https://data.mpsv.cz/od/soubory/ciselniky/obce.json,2026-08-21
obec,Obec/513661,CZ031,Jihočeský kraj,https://data.mpsv.cz/od/soubory/ciselniky/obce.json,2026-08-21
obec,Obec/545660,CZ031,Jihočeský kraj,https://data.mpsv.cz/od/soubory/ciselniky/obce.json,2026-08-21
obec,Obec/545694,CZ031,Jihočeský kraj,https://data.mpsv.cz/od/soubory/ciselniky/obce.json,2026-08-21
obec,Obec/500194,CZ031,Jihočeský kraj,https://data.mpsv.cz/od/soubory/ciselniky/obce.json,2026-08-21
obec,Obec/545716,CZ031,Jihočeský kraj,https://data.mpsv.cz/od/soubory/ciselniky/obce.json,2026-08-21
obec,Obec/545724,CZ031,Jihočeský kraj,https://data.mpsv.cz/od/soubory/ciselniky/obce.json,2026-08-21
obec,Obec/545732,CZ031,Jihočeský kraj,https://data.mpsv.cz/od/soubory/ciselniky/obce.json,2026-08-21
obec,Obec/545767,CZ031,Jihočeský kraj,https://data.mpsv.cz/od/soubory/ciselniky/obce.json,2026-08-21
obec,Obec/545775,CZ031,Jihočeský kraj,https://data.mpsv.cz/od/soubory/ciselniky/obce.json,2026-08-21
obec,Obec/545805,CZ031,Jihočeský kraj,https://data.mpsv.cz/od/soubory/ciselniky/obce.json,2026-08-21
obec,Obec/536245,CZ031,Jihočeský kraj,https://data.mpsv.cz/od/soubory/ciselniky/obce.json,2026-08-21
obec,Obec/551538,CZ031,Jihočeský kraj,https://data.mpsv.cz/od/soubory/ciselniky/obce.json,2026-08-21
obec,Obec/545813,CZ031,Jihočeský kraj,https://data.mpsv.cz/od/soubory/ciselniky/obce.json,2026-08-21
obec,Obec/545821,CZ031,Jihočeský kraj,https://data.mpsv.cz/od/soubory/ciselniky/obce.json,2026-08-21
obec,Obec/545830,CZ031,Jihočeský kraj,https://data.mpsv.cz/od/soubory/ciselniky/obce.json,2026-08-21
obec,Obec/536300,CZ031,Jihočeský kraj,https://data.mpsv.cz/od/soubory/ciselniky/obce.json,2026-08-21
obec,Obec/545848,CZ031,Jihočeský kraj,https://data.mpsv.cz/od/soubory/ciselniky/obce.json,2026-08-21
obec,Obec/545864,CZ031,Jihočeský kraj,https://data.mpsv.cz/od/soubory/ciselniky/obce.json,2026-08-21
obec,Obec/545872,CZ031,Jihočeský kraj,https://data.mpsv.cz/od/soubory/ciselniky/obce.json,2026-08-21
obec,Obec/536237,CZ031,Jihočeský kraj,https://data.mpsv.cz/od/soubory/ciselniky/obce.json,2026-08-21
obec,Obec/562726,CZ031,Jihočeský kraj,https://data.mpsv.cz/od/soubory/ciselniky/obce.json,2026-08-21
obec,Obec/562548,CZ031,Jihočeský kraj,https://data.mpsv.cz/od/soubory/ciselniky/obce.json,2026-08-21
obec,Obec/561053,CZ031,Jihočeský kraj,https://data.mpsv.cz/od/soubory/ciselniky/obce.json,2026-08-21
obec,Obec/561711,CZ031,Jihočeský kraj,https://data.mpsv.cz/od/soubory/ciselniky/obce.json,2026-08-21
obec,Obec/562742,CZ031,Jihočeský kraj,https://data.mpsv.cz/od/soubory/ciselniky/obce.json,2026-08-21
obec,Obec/507733,CZ031,Jihočeský kraj,https://data.mpsv.cz/od/soubory/ciselniky/obce.json,2026-08-21
obec,Obec/546020,CZ031,Jihočeský kraj,https://data.mpsv.cz/od/soubory/ciselniky/obce.json,2026-08-21
obec,Obec/546038,CZ031,Jihočeský kraj,https://data.mpsv.cz/od/soubory/ciselniky/obce.json,2026-08-21
obec,Obec/509191,CZ031,Jihočeský kraj,https://data.mpsv.cz/od/soubory/ciselniky/obce.json,2026-08-21
obec,Obec/546054,CZ031,Jihočeský kraj,https://data.mpsv.cz/od/soubory/ciselniky/obce.json,2026-08-21
obec,Obec/509116,CZ031,Jihočeský kraj,https://data.mpsv.cz/od/soubory/ciselniky/obce.json,2026-08-21
obec,Obec/546089,CZ031,Jihočeský kraj,https://data.mpsv.cz/od/soubory/ciselniky/obce.json,2026-08-21
obec,Obec/546097,CZ031,Jihočeský kraj,https://data.mpsv.cz/od/soubory/ciselniky/obce.json,2026-08-21
obec,Obec/546101,CZ031,Jihočeský kraj,https://data.mpsv.cz/od/soubory/ciselniky/obce.json,2026-08-21
obec,Obec/561703,CZ031,Jihočeský kraj,https://data.mpsv.cz/od/soubory/ciselniky/obce.json,2026-08-21
obec,Obec/546127,CZ031,Jihočeský kraj,https://data.mpsv.cz/od/soubory/ciselniky/obce.json,2026-08-21
obec,Obec/546143,CZ031,Jihočeský kraj,https://data.mpsv.cz/od/soubory/ciselniky/obce.json,2026-08-21
obec,Obec/546151,CZ031,Jihočeský kraj,https://data.mpsv.cz/od/soubory/ciselniky/obce.json,2026-08-21
obec,Obec/529753,CZ031,Jihočeský kraj,https://data.mpsv.cz/od/soubory/ciselniky/obce.json,2026-08-21
obec,Obec/562416,CZ031,Jihočeský kraj,https://data.mpsv.cz/od/soubory/ciselniky/obce.json,2026-08-21
obec,Obec/562467,CZ031,Jihočeský kraj,https://data.mpsv.cz/od/soubory/ciselniky/obce.json,2026-08-21
obec,Obec/562602,CZ031,Jihočeský kraj,https://data.mpsv.cz/od/soubory/ciselniky/obce.json,2026-08-21
obec,Obec/562840,CZ031,Jihočeský kraj,https://data.mpsv.cz/od/soubory/ciselniky/obce.json,2026-08-21
obec,Obec/507610,CZ031,Jihočeský kraj,https://data.mpsv.cz/od/soubory/ciselniky/obce.json,2026-08-21
obec,Obec/560987,CZ031,Jihočeský kraj,https://data.mpsv.cz/od/soubory/ciselniky/obce.json,2026-08-21
obec,Obec/562815,CZ031,Jihočeský kraj,https://data.mpsv.cz/od/soubory/ciselniky/obce.json,2026-08-21
obec,Obec/509141,CZ031,Jihočeský kraj,https://data.mpsv.cz/od/soubory/ciselniky/obce.json,2026-08-21
obec,Obec/562637,CZ031,Jihočeský kraj,https://data.mpsv.cz/od/soubory/ciselniky/obce.json,2026-08-21
obec,Obec/562696,CZ031,Jihočeský kraj,https://data.mpsv.cz/od/soubory/ciselniky/obce.json,2026-08-21
obec,Obec/562807,CZ031,Jihočeský kraj,https://data.mpsv.cz/od/soubory/ciselniky/obce.json,2026-08-21
obec,Obec/562386,CZ031,Jihočeský kraj,https://data.mpsv.cz/od/soubory/ciselniky/obce.json,2026-08-21
obec,Obec/546291,CZ031,Jihočeský kraj,https://data.mpsv.cz/od/soubory/ciselniky/obce.json,2026-08-21
obec,Obec/546305,CZ031,Jihočeský kraj,https://data.mpsv.cz/od/soubory/ciselniky/obce.json,2026-08-21
obec,Obec/598658,CZ031,Jihočeský kraj,https://data.mpsv.cz/od/soubory/ciselniky/obce.json,2026-08-21
obec,Obec/562785,CZ031,Jihočeský kraj,https://data.mpsv.cz/od/soubory/ciselniky/obce.json,2026-08-21
obec,Obec/546364,CZ031,Jihočeský kraj,https://data.mpsv.cz/od/soubory/ciselniky/obce.json,2026-08-21
obec,Obec/546381,CZ031,Jihočeský kraj,https://data.mpsv.cz/od/soubory/ciselniky/obce.json,2026-08-21
obec,Obec/561061,CZ031,Jihočeský kraj,https://data.mpsv.cz/od/soubory/ciselniky/obce.json,2026-08-21
obec,Obec/562319,CZ031,Jihočeský kraj,https://data.mpsv.cz/od/soubory/ciselniky/obce.json,2026-08-21
obec,Obec/546402,CZ031,Jihočeský kraj,https://data.mpsv.cz/od/soubory/ciselniky/obce.json,2026-08-21
obec,Obec/562831,CZ031,Jihočeský kraj,https://data.mpsv.cz/od/soubory/ciselniky/obce.json,2026-08-21
obec,Obec/546445,CZ031,Jihočeský kraj,https://data.mpsv.cz/od/soubory/ciselniky/obce.json,2026-08-21
obec,Obec/546461,CZ031,Jihočeský kraj,https://data.mpsv.cz/od/soubory/ciselniky/obce.json,2026-08-21
obec,Obec/546500,CZ031,Jihočeský kraj,https://data.mpsv.cz/od/soubory/ciselniky/obce.json,2026-08-21
obec,Obec/562769,CZ031,Jihočeský kraj,https://data.mpsv.cz/od/soubory/ciselniky/obce.json,2026-08-21
obec,Obec/545881,CZ031,Jihočeský kraj,https://data.mpsv.cz/od/soubory/ciselniky/obce.json,2026-08-21
obec,Obec/562491,CZ031,Jihočeský kraj,https://data.mpsv.cz/od/soubory/ciselniky/obce.json,2026-08-21
obec,Obec/598631,CZ031,Jihočeský kraj,https://data.mpsv.cz/od/soubory/ciselniky/obce.json,2026-08-21
obec,Obec/546542,CZ031,Jihočeský kraj,https://data.mpsv.cz/od/soubory/ciselniky/obce.json,2026-08-21
obec,Obec/562688,CZ031,Jihočeský kraj,https://data.mpsv.cz/od/soubory/ciselniky/obce.json,2026-08-21
obec,Obec/509108,CZ031,Jihočeský kraj,https://data.mpsv.cz/od/soubory/ciselniky/obce.json,2026-08-21
obec,Obec/508357,CZ031,Jihočeský kraj,https://data.mpsv.cz/od/soubory/ciselniky/obce.json,2026-08-21
obec,Obec/546615,CZ031,Jihočeský kraj,https://data.mpsv.cz/od/soubory/ciselniky/obce.json,2026-08-21
obec,Obec/546623,CZ031,Jihočeský kraj,https://data.mpsv.cz/od/soubory/ciselniky/obce.json,2026-08-21
obec,Obec/546666,CZ031,Jihočeský kraj,https://data.mpsv.cz/od/soubory/ciselniky/obce.json,2026-08-21
obec,Obec/546674,CZ031,Jihočeský kraj,https://data.mpsv.cz/od/soubory/ciselniky/obce.json,2026-08-21
obec,Obec/508501,CZ031,Jihočeský kraj,https://data.mpsv.cz/od/soubory/ciselniky/obce.json,2026-08-21
obec,Obec/546712,CZ031,Jihočeský kraj,https://data.mpsv.cz/od/soubory/ciselniky/obce.json,2026-08-21
obec,Obec/546798,CZ031,Jihočeský kraj,https://data.mpsv.cz/od/soubory/ciselniky/obce.json,2026-08-21
obec,Obec/562734,CZ031,Jihočeský kraj,https://data.mpsv.cz/od/soubory/ciselniky/obce.json,2026-08-21
obec,Obec/546801,CZ031,Jihočeský kraj,https://data.mpsv.cz/od/soubory/ciselniky/obce.json,2026-08-21
obec,Obec/562360,CZ031,Jihočeský kraj,https://data.mpsv.cz/od/soubory/ciselniky/obce.json,2026-08-21
obec,Obec/546844,CZ031,Jihočeský kraj,https://data.mpsv.cz/od/soubory/ciselniky/obce.json,2026-08-21
obec,Obec/562475,CZ031,Jihočeský kraj,https://data.mpsv.cz/od/soubory/ciselniky/obce.json,2026-08-21
obec,Obec/507717,CZ031,Jihočeský kraj,https://data.mpsv.cz/od/soubory/ciselniky/obce.json,2026-08-21
obec,Obec/546917,CZ031,Jihočeský kraj,https://data.mpsv.cz/od/soubory/ciselniky/obce.json,2026-08-21
obec,Obec/561070,CZ031,Jihočeský kraj,https://data.mpsv.cz/od/soubory/ciselniky/obce.json,2026-08-21
obec,Obec/509078,CZ031,Jihočeský kraj,https://data.mpsv.cz/od/soubory/ciselniky/obce.json,2026-08-21
obec,Obec/507628,CZ031,Jihočeský kraj,https://data.mpsv.cz/od/soubory/ciselniky/obce.json,2026-08-21
obec,Obec/546968,CZ031,Jihočeský kraj,https://data.mpsv.cz/od/soubory/ciselniky/obce.json,2026-08-21
obec,Obec/562459,CZ031,Jihočeský kraj,https://data.mpsv.cz/od/soubory/ciselniky/obce.json,2026-08-21
obec,Obec/562670,CZ031,Jihočeský kraj,https://data.mpsv.cz/od/soubory/ciselniky/obce.json,2026-08-21
obec,Obec/562653,CZ031,Jihočeský kraj,https://data.mpsv.cz/od/soubory/ciselniky/obce.json,2026-08-21
obec,Obec/546992,CZ031,Jihočeský kraj,https://data.mpsv.cz/od/soubory/ciselniky/obce.json,2026-08-21
obec,Obec/561088,CZ031,Jihočeský kraj,https://data.mpsv.cz/od/soubory/ciselniky/obce.json,2026-08-21
obec,Obec/547069,CZ031,Jihočeský kraj,https://data.mpsv.cz/od/soubory/ciselniky/obce.json,2026-08-21
obec,Obec/507784,CZ031,Jihočeský kraj,https://data.mpsv.cz/od/soubory/ciselniky/obce.json,2026-08-21
obec,Obec/547085,CZ031,Jihočeský kraj,https://data.mpsv.cz/od/soubory/ciselniky/obce.json,2026-08-21
obec,Obec/508004,CZ031,Jihočeský kraj,https://data.mpsv.cz/od/soubory/ciselniky/obce.json,2026-08-21
obec,Obec/560995,CZ031,Jihočeský kraj,https://data.mpsv.cz/od/soubory/ciselniky/obce.json,2026-08-21
obec,Obec/547166,CZ031,Jihočeský kraj,https://data.mpsv.cz/od/soubory/ciselniky/obce.json,2026-08-21
obec,Obec/561045,CZ031,Jihočeský kraj,https://data.mpsv.cz/od/soubory/ciselniky/obce.json,2026-08-21
obec,Obec/562378,CZ031,Jihočeský kraj,https://data.mpsv.cz/od/soubory/ciselniky/obce.json,2026-08-21
obec,Obec/547204,CZ031,Jihočeský kraj,https://data.mpsv.cz/od/soubory/ciselniky/obce.json,2026-08-21
obec,Obec/547212,CZ031,Jihočeský kraj,https://data.mpsv.cz/od/soubory/ciselniky/obce.json,2026-08-21
obec,Obec/547221,CZ031,Jihočeský kraj,https://data.mpsv.cz/od/soubory/ciselniky/obce.json,2026-08-21
obec,Obec/547239,CZ031,Jihočeský kraj,https://data.mpsv.cz/od/soubory/ciselniky/obce.json,2026-08-21
obec,Obec/547247,CZ031,Jihočeský kraj,https://data.mpsv.cz/od/soubory/ciselniky/obce.json,2026-08-21
obec,Obec/508152,CZ031,Jihočeský kraj,https://data.mpsv.cz/od/soubory/ciselniky/obce.json,2026-08-21
obec,Obec/547263,CZ031,Jihočeský kraj,https://data.mpsv.cz/od/soubory/ciselniky/obce.json,2026-08-21
obec,Obec/547280,CZ031,Jihočeský kraj,https://data.mpsv.cz/od/soubory/ciselniky/obce.json,2026-08-21
obec,Obec/561029,CZ031,Jihočeský kraj,https://data.mpsv.cz/od/soubory/ciselniky/obce.json,2026-08-21
obec,Obec/562327,CZ031,Jihočeský kraj,https://data.mpsv.cz/od/soubory/ciselniky/obce.json,2026-08-21
obec,Obec/547336,CZ031,Jihočeský kraj,https://data.mpsv.cz/od/soubory/ciselniky/obce.json,2026-08-21
obec,Obec/507644,CZ031,Jihočeský kraj,https://data.mpsv.cz/od/soubory/ciselniky/obce.json,2026-08-21
obec,Obec/562599,CZ031,Jihočeský kraj,https://data.mpsv.cz/od/soubory/ciselniky/obce.json,2026-08-21
obec,Obec/561037,CZ031,Jihočeský kraj,https://data.mpsv.cz/od/soubory/ciselniky/obce.json,2026-08-21
obec,Obec/507652,CZ031,Jihočeský kraj,https://data.mpsv.cz/od/soubory/ciselniky/obce.json,2026-08-21
obec,Obec/598640,CZ031,Jihočeský kraj,https://data.mpsv.cz/od/soubory/ciselniky/obce.json,2026-08-21
obec,Obec/547441,CZ031,Jihočeský kraj,https://data.mpsv.cz/od/soubory/ciselniky/obce.json,2026-08-21
obec,Obec/562629,CZ031,Jihočeský kraj,https://data.mpsv.cz/od/soubory/ciselniky/obce.json,2026-08-21
obec,Obec/508683,CZ031,Jihočeský kraj,https://data.mpsv.cz/od/soubory/ciselniky/obce.json,2026-08-21
obec,Obec/507695,CZ031,Jihočeský kraj,https://data.mpsv.cz/od/soubory/ciselniky/obce.json,2026-08-21
obec,Obec/547468,CZ031,Jihočeský kraj,https://data.mpsv.cz/od/soubory/ciselniky/obce.json,2026-08-21
obec,Obec/529761,CZ031,Jihočeský kraj,https://data.mpsv.cz/od/soubory/ciselniky/obce.json,2026-08-21
obec,Obec/562424,CZ031,Jihočeský kraj,https://data.mpsv.cz/od/soubory/ciselniky/obce.json,2026-08-21
obec,Obec/509388,CZ063,Kraj Vysočina,https://data.mpsv.cz/od/soubory/ciselniky/obce.json,2026-08-21
obec,Obec/561118,CZ063,Kraj Vysočina,https://data.mpsv.cz/od/soubory/ciselniky/obce.json,2026-08-21
obec,Obec/561126,CZ063,Kraj Vysočina,https://data.mpsv.cz/od/soubory/ciselniky/obce.json,2026-08-21
obec,Obec/547549,CZ063,Kraj Vysočina,https://data.mpsv.cz/od/soubory/ciselniky/obce.json,2026-08-21
obec,Obec/561240,CZ063,Kraj Vysočina,https://data.mpsv.cz/od/soubory/ciselniky/obce.json,2026-08-21
obec,Obec/509418,CZ063,Kraj Vysočina,https://data.mpsv.cz/od/soubory/ciselniky/obce.json,2026-08-21
obec,Obec/547581,CZ063,Kraj Vysočina,https://data.mpsv.cz/od/soubory/ciselniky/obce.json,2026-08-21
obec,Obec/547603,CZ063,Kraj Vysočina,https://data.mpsv.cz/od/soubory/ciselniky/obce.json,2026-08-21
obec,Obec/547638,CZ063,Kraj Vysočina,https://data.mpsv.cz/od/soubory/ciselniky/obce.json,2026-08-21
obec,Obec/561312,CZ063,Kraj Vysočina,https://data.mpsv.cz/od/soubory/ciselniky/obce.json,2026-08-21
obec,Obec/561801,CZ063,Kraj Vysočina,https://data.mpsv.cz/od/soubory/ciselniky/obce.json,2026-08-21
obec,Obec/547662,CZ063,Kraj Vysočina,https://data.mpsv.cz/od/soubory/ciselniky/obce.json,2026-08-21
obec,Obec/547689,CZ063,Kraj Vysočina,https://data.mpsv.cz/od/soubory/ciselniky/obce.json,2026-08-21
obec,Obec/547719,CZ063,Kraj Vysočina,https://data.mpsv.cz/od/soubory/ciselniky/obce.json,2026-08-21
obec,Obec/547735,CZ063,Kraj Vysočina,https://data.mpsv.cz/od/soubory/ciselniky/obce.json,2026-08-21
obec,Obec/529826,CZ063,Kraj Vysočina,https://data.mpsv.cz/od/soubory/ciselniky/obce.json,2026-08-21
obec,Obec/561142,CZ063,Kraj Vysočina,https://data.mpsv.cz/od/soubory/ciselniky/obce.json,2026-08-21
obec,Obec/547760,CZ063,Kraj Vysočina,https://data.mpsv.cz/od/soubory/ciselniky/obce.json,2026-08-21
obec,Obec/547778,CZ063,Kraj Vysočina,https://data.mpsv.cz/od/soubory/ciselniky/obce.json,2026-08-21
obec,Obec/598704,CZ063,Kraj Vysočina,https://data.mpsv.cz/od/soubory/ciselniky/obce.json,2026-08-21
obec,Obec/561924,CZ063,Kraj Vysočina,https://data.mpsv.cz/od/soubory/ciselniky/obce.json,2026-08-21
obec,Obec/561932,CZ063,Kraj Vysočina,https://data.mpsv.cz/od/soubory/ciselniky/obce.json,2026-08-21
obec,Obec/561762,CZ063,Kraj Vysočina,https://data.mpsv.cz/od/soubory/ciselniky/obce.json,2026-08-21
obec,Obec/551546,CZ063,Kraj Vysočina,https://data.mpsv.cz/od/soubory/ciselniky/obce.json,2026-08-21
obec,Obec/529869,CZ063,Kraj Vysočina,https://data.mpsv.cz/od/soubory/ciselniky/obce.json,2026-08-21
obec,Obec/561754,CZ063,Kraj Vysočina,https://data.mpsv.cz/od/soubory/ciselniky/obce.json,2026-08-21
obec,Obec/547883,CZ063,Kraj Vysočina,https://data.mpsv.cz/od/soubory/ciselniky/obce.json,2026-08-21
obec,Obec/561096,CZ063,Kraj Vysočina,https://data.mpsv.cz/od/soubory/ciselniky/obce.json,2026-08-21
obec,Obec/547913,CZ063,Kraj Vysočina,https://data.mpsv.cz/od/soubory/ciselniky/obce.json,2026-08-21
obec,Obec/551589,CZ063,Kraj Vysočina,https://data.mpsv.cz/od/soubory/ciselniky/obce.json,2026-08-21
obec,Obec/547930,CZ063,Kraj Vysočina,https://data.mpsv.cz/od/soubory/ciselniky/obce.json,2026-08-21
obec,Obec/547948,CZ063,Kraj Vysočina,https://data.mpsv.cz/od/soubory/ciselniky/obce.json,2026-08-21
obec,Obec/547956,CZ063,Kraj Vysočina,https://data.mpsv.cz/od/soubory/ciselniky/obce.json,2026-08-21
obec,Obec/547999,CZ063,Kraj Vysočina,https://data.mpsv.cz/od/soubory/ciselniky/obce.json,2026-08-21
obec,Obec/561339,CZ063,Kraj Vysočina,https://data.mpsv.cz/od/soubory/ciselniky/obce.json,2026-08-21
obec,Obec/561321,CZ063,Kraj Vysočina,https://data.mpsv.cz/od/soubory/ciselniky/obce.json,2026-08-21
obec,Obec/561461,CZ063,Kraj Vysočina,https://data.mpsv.cz/od/soubory/ciselniky/obce.json,2026-08-21
obec,Obec/548073,CZ063,Kraj Vysočina,https://data.mpsv.cz/od/soubory/ciselniky/obce.json,2026-08-21
obec,Obec/548081,CZ063,Kraj Vysočina,https://data.mpsv.cz/od/soubory/ciselniky/obce.json,2026-08-21
obec,Obec/548090,CZ063,Kraj Vysočina,https://data.mpsv.cz/od/soubory/ciselniky/obce.json,2026-08-21
obec,Obec/548103,CZ063,Kraj Vysočina,https://data.mpsv.cz/od/soubory/ciselniky/obce.json,2026-08-21
obec,Obec/548111,CZ063,Kraj Vysočina,https://data.mpsv.cz/od/soubory/ciselniky/obce.json,2026-08-21
obec,Obec/548120,CZ063,Kraj Vysočina,https://data.mpsv.cz/od/soubory/ciselniky/obce.json,2026-08-21
obec,Obec/548146,CZ063,Kraj Vysočina,https://data.mpsv.cz/od/soubory/ciselniky/obce.json,2026-08-21
obec,Obec/598712,CZ063,Kraj Vysočina,https://data.mpsv.cz/od/soubory/ciselniky/obce.json,2026-08-21
obec,Obec/548162,CZ063,Kraj Vysočina,https://data.mpsv.cz/od/soubory/ciselniky/obce.json,2026-08-21
obec,Obec/548171,CZ063,Kraj Vysočina,https://data.mpsv.cz/od/soubory/ciselniky/obce.json,2026-08-21
obec,Obec/561371,CZ063,Kraj Vysočina,https://data.mpsv.cz/od/soubory/ciselniky/obce.json,2026-08-21
obec,Obec/548201,CZ063,Kraj Vysočina,https://data.mpsv.cz/od/soubory/ciselniky/obce.json,2026-08-21
obec,Obec/548219,CZ063,Kraj Vysočina,https://data.mpsv.cz/od/soubory/ciselniky/obce.json,2026-08-21
obec,Obec/548227,CZ063,Kraj Vysočina,https://data.mpsv.cz/od/soubory/ciselniky/obce.json,2026-08-21
obec,Obec/548235,CZ063,Kraj Vysočina,https://data.mpsv.cz/od/soubory/ciselniky/obce.json,2026-08-21
obec,Obec/562041,CZ063,Kraj Vysočina,https://data.mpsv.cz/od/soubory/ciselniky/obce.json,2026-08-21
obec,Obec/561282,CZ063,Kraj Vysočina,https://data.mpsv.cz/od/soubory/ciselniky/obce.json,2026-08-21
obec,Obec/598721,CZ063,Kraj Vysočina,https://data.mpsv.cz/od/soubory/ciselniky/obce.json,2026-08-21
obec,Obec/561100,CZ063,Kraj Vysočina,https://data.mpsv.cz/od/soubory/ciselniky/obce.json,2026-08-21
obec,Obec/561266,CZ063,Kraj Vysočina,https://data.mpsv.cz/od/soubory/ciselniky/obce.json,2026-08-21
obec,Obec/548332,CZ063,Kraj Vysočina,https://data.mpsv.cz/od/soubory/ciselniky/obce.json,2026-08-21
obec,Obec/561347,CZ063,Kraj Vysočina,https://data.mpsv.cz/od/soubory/ciselniky/obce.json,2026-08-21
obec,Obec/548367,CZ063,Kraj Vysočina,https://data.mpsv.cz/od/soubory/ciselniky/obce.json,2026-08-21
obec,Obec/529834,CZ063,Kraj Vysočina,https://data.mpsv.cz/od/soubory/ciselniky/obce.json,2026-08-21
obec,Obec/548383,CZ063,Kraj Vysočina,https://data.mpsv.cz/od/soubory/ciselniky/obce.json,2026-08-21
obec,Obec/548391,CZ063,Kraj Vysočina,https://data.mpsv.cz/od/soubory/ciselniky/obce.json,2026-08-21
obec,Obec/548405,CZ063,Kraj Vysočina,https://data.mpsv.cz/od/soubory/ciselniky/obce.json,2026-08-21
obec,Obec/561819,CZ063,Kraj Vysočina,https://data.mpsv.cz/od/soubory/ciselniky/obce.json,2026-08-21
obec,Obec/561177,CZ063,Kraj Vysočina,https://data.mpsv.cz/od/soubory/ciselniky/obce.json,2026-08-21
obec,Obec/548456,CZ063,Kraj Vysočina,https://data.mpsv.cz/od/soubory/ciselniky/obce.json,2026-08-21
obec,Obec/548464,CZ063,Kraj Vysočina,https://data.mpsv.cz/od/soubory/ciselniky/obce.json,2026-08-21
obec,Obec/548472,CZ063,Kraj Vysočina,https://data.mpsv.cz/od/soubory/ciselniky/obce.json,2026-08-21
obec,Obec/561967,CZ063,Kraj Vysočina,https://data.mpsv.cz/od/soubory/ciselniky/obce.json,2026-08-21
obec,Obec/537691,CZ063,Kraj Vysočina,https://data.mpsv.cz/od/soubory/ciselniky/obce.json,2026-08-21
obec,Obec/548502,CZ063,Kraj Vysočina,https://data.mpsv.cz/od/soubory/ciselniky/obce.json,2026-08-21
obec,Obec/548511,CZ063,Kraj Vysočina,https://data.mpsv.cz/od/soubory/ciselniky/obce.json,2026-08-21
obec,Obec/561916,CZ063,Kraj Vysočina,https://data.mpsv.cz/od/soubory/ciselniky/obce.json,2026-08-21
obec,Obec/547492,CZ063,Kraj Vysočina,https://data.mpsv.cz/od/soubory/ciselniky/obce.json,2026-08-21
obec,Obec/548545,CZ063,Kraj Vysočina,https://data.mpsv.cz/od/soubory/ciselniky/obce.json,2026-08-21
obec,Obec/548561,CZ063,Kraj Vysočina,https://data.mpsv.cz/od/soubory/ciselniky/obce.json,2026-08-21
obec,Obec/561436,CZ063,Kraj Vysočina,https://data.mpsv.cz/od/soubory/ciselniky/obce.json,2026-08-21
obec,Obec/548600,CZ063,Kraj Vysočina,https://data.mpsv.cz/od/soubory/ciselniky/obce.json,2026-08-21
obec,Obec/537829,CZ063,Kraj Vysočina,https://data.mpsv.cz/od/soubory/ciselniky/obce.json,2026-08-21
obec,Obec/561941,CZ063,Kraj Vysočina,https://data.mpsv.cz/od/soubory/ciselniky/obce.json,2026-08-21
obec,Obec/598755,CZ063,Kraj Vysočina,https://data.mpsv.cz/od/soubory/ciselniky/obce.json,2026-08-21
obec,Obec/561789,CZ063,Kraj Vysočina,https://data.mpsv.cz/od/soubory/ciselniky/obce.json,2026-08-21
obec,Obec/561274,CZ063,Kraj Vysočina,https://data.mpsv.cz/od/soubory/ciselniky/obce.json,2026-08-21
obec,Obec/562009,CZ063,Kraj Vysočina,https://data.mpsv.cz/od/soubory/ciselniky/obce.json,2026-08-21
obec,Obec/548715,CZ063,Kraj Vysočina,https://data.mpsv.cz/od/soubory/ciselniky/obce.json,2026-08-21
obec,Obec/548731,CZ063,Kraj Vysočina,https://data.mpsv.cz/od/soubory/ciselniky/obce.json,2026-08-21
obec,Obec/548740,CZ063,Kraj Vysočina,https://data.mpsv.cz/od/soubory/ciselniky/obce.json,2026-08-21
obec,Obec/548766,CZ063,Kraj Vysočina,https://data.mpsv.cz/od/soubory/ciselniky/obce.json,2026-08-21
obec,Obec/548774,CZ063,Kraj Vysočina,https://data.mpsv.cz/od/soubory/ciselniky/obce.json,2026-08-21
obec,Obec/561843,CZ063,Kraj Vysočina,https://data.mpsv.cz/od/soubory/ciselniky/obce.json,2026-08-21
obec,Obec/561452,CZ063,Kraj Vysočina,https://data.mpsv.cz/od/soubory/ciselniky/obce.json,2026-08-21
obec,Obec/537594,CZ063,Kraj Vysočina,https://data.mpsv.cz/od/soubory/ciselniky/obce.json,2026-08-21
obec,Obec/561487,CZ063,Kraj Vysočina,https://data.mpsv.cz/od/soubory/ciselniky/obce.json,2026-08-21
obec,Obec/598763,CZ063,Kraj Vysočina,https://data.mpsv.cz/od/soubory/ciselniky/obce.json,2026-08-21
obec,Obec/598771,CZ063,Kraj Vysočina,https://data.mpsv.cz/od/soubory/ciselniky/obce.json,2026-08-21
obec,Obec/561355,CZ063,Kraj Vysočina,https://data.mpsv.cz/od/soubory/ciselniky/obce.json,2026-08-21
obec,Obec/548936,CZ063,Kraj Vysočina,https://data.mpsv.cz/od/soubory/ciselniky/obce.json,2026-08-21
obec,Obec/537608,CZ063,Kraj Vysočina,https://data.mpsv.cz/od/soubory/ciselniky/obce.json,2026-08-21
obec,Obec/548987,CZ063,Kraj Vysočina,https://data.mpsv.cz/od/soubory/ciselniky/obce.json,2026-08-21
obec,Obec/562033,CZ063,Kraj Vysočina,https://data.mpsv.cz/od/soubory/ciselniky/obce.json,2026-08-21
obec,Obec/537730,CZ063,Kraj Vysočina,https://data.mpsv.cz/od/soubory/ciselniky/obce.json,2026-08-21
obec,Obec/549002,CZ063,Kraj Vysočina,https://data.mpsv.cz/od/soubory/ciselniky/obce.json,2026-08-21
obec,Obec/549011,CZ063,Kraj Vysočina,https://data.mpsv.cz/od/soubory/ciselniky/obce.json,2026-08-21
obec,Obec/549045,CZ063,Kraj Vysočina,https://data.mpsv.cz/od/soubory/ciselniky/obce.json,2026-08-21
obec,Obec/549053,CZ063,Kraj Vysočina,https://data.mpsv.cz/od/soubory/ciselniky/obce.json,2026-08-21
obec,Obec/549061,CZ063,Kraj Vysočina,https://data.mpsv.cz/od/soubory/ciselniky/obce.json,2026-08-21
obec,Obec/549126,CZ063,Kraj Vysočina,https://data.mpsv.cz/od/soubory/ciselniky/obce.json,2026-08-21
obec,Obec/599239,CZ063,Kraj Vysočina,https://data.mpsv.cz/od/soubory/ciselniky/obce.json,2026-08-21
obec,Obec/549134,CZ063,Kraj Vysočina,https://data.mpsv.cz/od/soubory/ciselniky/obce.json,2026-08-21
obec,Obec/549142,CZ063,Kraj Vysočina,https://data.mpsv.cz/od/soubory/ciselniky/obce.json,2026-08-21
obec,Obec/561771,CZ063,Kraj Vysočina,https://data.mpsv.cz/od/soubory/ciselniky/obce.json,2026-08-21
obec,Obec/561797,CZ063,Kraj Vysočina,https://data.mpsv.cz/od/soubory/ciselniky/obce.json,2026-08-21
obec,Obec/549177,CZ063,Kraj Vysočina,https://data.mpsv.cz/od/soubory/ciselniky/obce.json,2026-08-21
obec,Obec/561975,CZ063,Kraj Vysočina,https://data.mpsv.cz/od/soubory/ciselniky/obce.json,2026-08-21
obec,Obec/561363,CZ063,Kraj Vysočina,https://data.mpsv.cz/od/soubory/ciselniky/obce.json,2026-08-21
obec,Obec/598666,CZ063,Kraj Vysočina,https://data.mpsv.cz/od/soubory/ciselniky/obce.json,2026-08-21
obec,Obec/549215,CZ063,Kraj Vysočina,https://data.mpsv.cz/od/soubory/ciselniky/obce.json,2026-08-21
obec,Obec/561908,CZ063,Kraj Vysočina,https://data.mpsv.cz/od/soubory/ciselniky/obce.json,2026-08-21
obec,Obec/549231,CZ063,Kraj Vysočina,https://data.mpsv.cz/od/soubory/ciselniky/obce.json,2026-08-21
obec,Obec/549258,CZ031,Jihočeský kraj,https://data.mpsv.cz/od/soubory/ciselniky/obce.json,2026-08-21
obec,Obec/549266,CZ031,Jihočeský kraj,https://data.mpsv.cz/od/soubory/ciselniky/obce.json,2026-08-21
obec,Obec/598780,CZ031,Jihočeský kraj,https://data.mpsv.cz/od/soubory/ciselniky/obce.json,2026-08-21
obec,Obec/562122,CZ031,Jihočeský kraj,https://data.mpsv.cz/od/soubory/ciselniky/obce.json,2026-08-21
obec,Obec/549291,CZ031,Jihočeský kraj,https://data.mpsv.cz/od/soubory/ciselniky/obce.json,2026-08-21
obec,Obec/549304,CZ031,Jihočeský kraj,https://data.mpsv.cz/od/soubory/ciselniky/obce.json,2026-08-21
obec,Obec/549321,CZ031,Jihočeský kraj,https://data.mpsv.cz/od/soubory/ciselniky/obce.json,2026-08-21
obec,Obec/549339,CZ031,Jihočeský kraj,https://data.mpsv.cz/od/soubory/ciselniky/obce.json,2026-08-21
obec,Obec/549347,CZ031,Jihočeský kraj,https://data.mpsv.cz/od/soubory/ciselniky/obce.json,2026-08-21
obec,Obec/549363,CZ031,Jihočeský kraj,https://data.mpsv.cz/od/soubory/ciselniky/obce.json,2026-08-21
obec,Obec/562301,CZ031,Jihočeský kraj,https://data.mpsv.cz/od/soubory/ciselniky/obce.json,2026-08-21
obec,Obec/549380,CZ031,Jihočeský kraj,https://data.mpsv.cz/od/soubory/ciselniky/obce.json,2026-08-21
obec,Obec/549398,CZ031,Jihočeský kraj,https://data.mpsv.cz/od/soubory/ciselniky/obce.json,2026-08-21
obec,Obec/561525,CZ031,Jihočeský kraj,https://data.mpsv.cz/od/soubory/ciselniky/obce.json,2026-08-21
obec,Obec/549410,CZ031,Jihočeský kraj,https://data.mpsv.cz/od/soubory/ciselniky/obce.json,2026-08-21
obec,Obec/549428,CZ031,Jihočeský kraj,https://data.mpsv.cz/od/soubory/ciselniky/obce.json,2026-08-21
obec,Obec/549452,CZ031,Jihočeský kraj,https://data.mpsv.cz/od/soubory/ciselniky/obce.json,2026-08-21
obec,Obec/549479,CZ031,Jihočeský kraj,https://data.mpsv.cz/od/soubory/ciselniky/obce.json,2026-08-21
obec,Obec/562084,CZ031,Jihočeský kraj,https://data.mpsv.cz/od/soubory/ciselniky/obce.json,2026-08-21
obec,Obec/549487,CZ031,Jihočeský kraj,https://data.mpsv.cz/od/soubory/ciselniky/obce.json,2026-08-21
obec,Obec/549495,CZ031,Jihočeský kraj,https://data.mpsv.cz/od/soubory/ciselniky/obce.json,2026-08-21
obec,Obec/549509,CZ031,Jihočeský kraj,https://data.mpsv.cz/od/soubory/ciselniky/obce.json,2026-08-21
obec,Obec/549517,CZ031,Jihočeský kraj,https://data.mpsv.cz/od/soubory/ciselniky/obce.json,2026-08-21
obec,Obec/561550,CZ031,Jihočeský kraj,https://data.mpsv.cz/od/soubory/ciselniky/obce.json,2026-08-21
obec,Obec/549525,CZ031,Jihočeský kraj,https://data.mpsv.cz/od/soubory/ciselniky/obce.json,2026-08-21
obec,Obec/562181,CZ031,Jihočeský kraj,https://data.mpsv.cz/od/soubory/ciselniky/obce.json,2026-08-21
obec,Obec/509752,CZ031,Jihočeský kraj,https://data.mpsv.cz/od/soubory/ciselniky/obce.json,2026-08-21
obec,Obec/549541,CZ031,Jihočeský kraj,https://data.mpsv.cz/od/soubory/ciselniky/obce.json,2026-08-21
obec,Obec/598801,CZ031,Jihočeský kraj,https://data.mpsv.cz/od/soubory/ciselniky/obce.json,2026-08-21
obec,Obec/549568,CZ031,Jihočeský kraj,https://data.mpsv.cz/od/soubory/ciselniky/obce.json,2026-08-21
obec,Obec/549576,CZ031,Jihočeský kraj,https://data.mpsv.cz/od/soubory/ciselniky/obce.json,2026-08-21
obec,Obec/562149,CZ031,Jihočeský kraj,https://data.mpsv.cz/od/soubory/ciselniky/obce.json,2026-08-21
obec,Obec/549584,CZ031,Jihočeský kraj,https://data.mpsv.cz/od/soubory/ciselniky/obce.json,2026-08-21
obec,Obec/549592,CZ031,Jihočeský kraj,https://data.mpsv.cz/od/soubory/ciselniky/obce.json,2026-08-21
obec,Obec/549606,CZ031,Jihočeský kraj,https://data.mpsv.cz/od/soubory/ciselniky/obce.json,2026-08-21
obec,Obec/549614,CZ031,Jihočeský kraj,https://data.mpsv.cz/od/soubory/ciselniky/obce.json,2026-08-21
obec,Obec/562157,CZ031,Jihočeský kraj,https://data.mpsv.cz/od/soubory/ciselniky/obce.json,2026-08-21
obec,Obec/549657,CZ031,Jihočeský kraj,https://data.mpsv.cz/od/soubory/ciselniky/obce.json,2026-08-21
obec,Obec/529877,CZ031,Jihočeský kraj,https://data.mpsv.cz/od/soubory/ciselniky/obce.json,2026-08-21
obec,Obec/562190,CZ031,Jihočeský kraj,https://data.mpsv.cz/od/soubory/ciselniky/obce.json,2026-08-21
obec,Obec/549681,CZ031,Jihočeský kraj,https://data.mpsv.cz/od/soubory/ciselniky/obce.json,2026-08-21
obec,Obec/598828,CZ031,Jihočeský kraj,https://data.mpsv.cz/od/soubory/ciselniky/obce.json,2026-08-21
obec,Obec/549703,CZ031,Jihočeský kraj,https://data.mpsv.cz/od/soubory/ciselniky/obce.json,2026-08-21
obec,Obec/549711,CZ031,Jihočeský kraj,https://data.mpsv.cz/od/soubory/ciselniky/obce.json,2026-08-21
obec,Obec/562254,CZ031,Jihočeský kraj,https://data.mpsv.cz/od/soubory/ciselniky/obce.json,2026-08-21
obec,Obec/549240,CZ031,Jihočeský kraj,https://data.mpsv.cz/od/soubory/ciselniky/obce.json,2026-08-21
obec,Obec/549754,CZ031,Jihočeský kraj,https://data.mpsv.cz/od/soubory/ciselniky/obce.json,2026-08-21
obec,Obec/561509,CZ031,Jihočeský kraj,https://data.mpsv.cz/od/soubory/ciselniky/obce.json,2026-08-21
obec,Obec/549771,CZ031,Jihočeský kraj,https://data.mpsv.cz/od/soubory/ciselniky/obce.json,2026-08-21
obec,Obec/561517,CZ031,Jihočeský kraj,https://data.mpsv.cz/od/soubory/ciselniky/obce.json,2026-08-21
obec,Obec/509621,CZ031,Jihočeský kraj,https://data.mpsv.cz/od/soubory/ciselniky/obce.json,2026-08-21
obec,Obec/549797,CZ031,Jihočeský kraj,https://data.mpsv.cz/od/soubory/ciselniky/obce.json,2026-08-21
obec,Obec/549801,CZ031,Jihočeský kraj,https://data.mpsv.cz/od/soubory/ciselniky/obce.json,2026-08-21
obec,Obec/562068,CZ031,Jihočeský kraj,https://data.mpsv.cz/od/soubory/ciselniky/obce.json,2026-08-21
obec,Obec/549827,CZ031,Jihočeský kraj,https://data.mpsv.cz/od/soubory/ciselniky/obce.json,2026-08-21
obec,Obec/549843,CZ031,Jihočeský kraj,https://data.mpsv.cz/od/soubory/ciselniky/obce.json,2026-08-21
obec,Obec/549851,CZ031,Jihočeský kraj,https://data.mpsv.cz/od/soubory/ciselniky/obce.json,2026-08-21
obec,Obec/549860,CZ031,Jihočeský kraj,https://data.mpsv.cz/od/soubory/ciselniky/obce.json,2026-08-21
obec,Obec/549878,CZ031,Jihočeský kraj,https://data.mpsv.cz/od/soubory/ciselniky/obce.json,2026-08-21
obec,Obec/529885,CZ031,Jihočeský kraj,https://data.mpsv.cz/od/soubory/ciselniky/obce.json,2026-08-21
obec,Obec/549932,CZ031,Jihočeský kraj,https://data.mpsv.cz/od/soubory/ciselniky/obce.json,2026-08-21
obec,Obec/562271,CZ031,Jihočeský kraj,https://data.mpsv.cz/od/soubory/ciselniky/obce.json,2026-08-21
obec,Obec/562211,CZ031,Jihočeský kraj,https://data.mpsv.cz/od/soubory/ciselniky/obce.json,2026-08-21
obec,Obec/549975,CZ031,Jihočeský kraj,https://data.mpsv.cz/od/soubory/ciselniky/obce.json,2026-08-21
obec,Obec/598844,CZ031,Jihočeský kraj,https://data.mpsv.cz/od/soubory/ciselniky/obce.json,2026-08-21
obec,Obec/598852,CZ031,Jihočeský kraj,https://data.mpsv.cz/od/soubory/ciselniky/obce.json,2026-08-21
obec,Obec/562289,CZ031,Jihočeský kraj,https://data.mpsv.cz/od/soubory/ciselniky/obce.json,2026-08-21
obec,Obec/549991,CZ031,Jihočeský kraj,https://data.mpsv.cz/od/soubory/ciselniky/obce.json,2026-08-21
obec,Obec/550001,CZ031,Jihočeský kraj,https://data.mpsv.cz/od/soubory/ciselniky/obce.json,2026-08-21
obec,Obec/550027,CZ031,Jihočeský kraj,https://data.mpsv.cz/od/soubory/ciselniky/obce.json,2026-08-21
obec,Obec/550035,CZ031,Jihočeský kraj,https://data.mpsv.cz/od/soubory/ciselniky/obce.json,2026-08-21
obec,Obec/550043,CZ031,Jihočeský kraj,https://data.mpsv.cz/od/soubory/ciselniky/obce.json,2026-08-21
obec,Obec/550060,CZ031,Jihočeský kraj,https://data.mpsv.cz/od/soubory/ciselniky/obce.json,2026-08-21
obec,Obec/562165,CZ031,Jihočeský kraj,https://data.mpsv.cz/od/soubory/ciselniky/obce.json,2026-08-21
obec,Obec/598861,CZ031,Jihočeský kraj,https://data.mpsv.cz/od/soubory/ciselniky/obce.json,2026-08-21
obec,Obec/537241,CZ031,Jihočeský kraj,https://data.mpsv.cz/od/soubory/ciselniky/obce.json,2026-08-21
obec,Obec/550116,CZ031,Jihočeský kraj,https://data.mpsv.cz/od/soubory/ciselniky/obce.json,2026-08-21
obec,Obec/537527,CZ031,Jihočeský kraj,https://data.mpsv.cz/od/soubory/ciselniky/obce.json,2026-08-21
obec,Obec/545902,CZ031,Jihočeský kraj,https://data.mpsv.cz/od/soubory/ciselniky/obce.json,2026-08-21
obec,Obec/550124,CZ031,Jihočeský kraj,https://data.mpsv.cz/od/soubory/ciselniky/obce.json,2026-08-21
obec,Obec/561576,CZ031,Jihočeský kraj,https://data.mpsv.cz/od/soubory/ciselniky/obce.json,2026-08-21
obec,Obec/537519,CZ031,Jihočeský kraj,https://data.mpsv.cz/od/soubory/ciselniky/obce.json,2026-08-21
obec,Obec/550159,CZ031,Jihočeský kraj,https://data.mpsv.cz/od/soubory/ciselniky/obce.json,2026-08-21
obec,Obec/550167,CZ031,Jihočeský kraj,https://data.mpsv.cz/od/soubory/ciselniky/obce.json,2026-08-21
obec,Obec/537187,CZ031,Jihočeský kraj,https://data.mpsv.cz/od/soubory/ciselniky/obce.json,2026-08-21
obec,Obec/550183,CZ031,Jihočeský kraj,https://data.mpsv.cz/od/soubory/ciselniky/obce.json,2026-08-21
obec,Obec/537144,CZ031,Jihočeský kraj,https://data.mpsv.cz/od/soubory/ciselniky/obce.json,2026-08-21
obec,Obec/550205,CZ031,Jihočeský kraj,https://data.mpsv.cz/od/soubory/ciselniky/obce.json,2026-08-21
obec,Obec/550221,CZ031,Jihočeský kraj,https://data.mpsv.cz/od/soubory/ciselniky/obce.json,2026-08-21
obec,Obec/550230,CZ031,Jihočeský kraj,https://data.mpsv.cz/od/soubory/ciselniky/obce.json,2026-08-21
obec,Obec/550248,CZ031,Jihočeský kraj,https://data.mpsv.cz/od/soubory/ciselniky/obce.json,2026-08-21
obec,Obec/550264,CZ031,Jihočeský kraj,https://data.mpsv.cz/od/soubory/ciselniky/obce.json,2026-08-21
obec,Obec/537420,CZ031,Jihočeský kraj,https://data.mpsv.cz/od/soubory/ciselniky/obce.json,2026-08-21
obec,Obec/537136,CZ031,Jihočeský kraj,https://data.mpsv.cz/od/soubory/ciselniky/obce.json,2026-08-21
obec,Obec/561673,CZ031,Jihočeský kraj,https://data.mpsv.cz/od/soubory/ciselniky/obce.json,2026-08-21
obec,Obec/550329,CZ031,Jihočeský kraj,https://data.mpsv.cz/od/soubory/ciselniky/obce.json,2026-08-21
obec,Obec/563978,CZ031,Jihočeský kraj,https://data.mpsv.cz/od/soubory/ciselniky/obce.json,2026-08-21
obec,Obec/550337,CZ031,Jihočeský kraj,https://data.mpsv.cz/od/soubory/ciselniky/obce.json,2026-08-21
obec,Obec/550345,CZ031,Jihočeský kraj,https://data.mpsv.cz/od/soubory/ciselniky/obce.json,2026-08-21
obec,Obec/561649,CZ031,Jihočeský kraj,https://data.mpsv.cz/od/soubory/ciselniky/obce.json,2026-08-21
obec,Obec/550353,CZ031,Jihočeský kraj,https://data.mpsv.cz/od/soubory/ciselniky/obce.json,2026-08-21
obec,Obec/550361,CZ031,Jihočeský kraj,https://data.mpsv.cz/od/soubory/ciselniky/obce.json,2026-08-21
obec,Obec/537071,CZ031,Jihočeský kraj,https://data.mpsv.cz/od/soubory/ciselniky/obce.json,2026-08-21
obec,Obec/537322,CZ031,Jihočeský kraj,https://data.mpsv.cz/od/soubory/ciselniky/obce.json,2026-08-21
obec,Obec/537381,CZ031,Jihočeský kraj,https://data.mpsv.cz/od/soubory/ciselniky/obce.json,2026-08-21
obec,Obec/550418,CZ031,Jihočeský kraj,https://data.mpsv.cz/od/soubory/ciselniky/obce.json,2026-08-21
obec,Obec/550426,CZ031,Jihočeský kraj,https://data.mpsv.cz/od/soubory/ciselniky/obce.json,2026-08-21
obec,Obec/550434,CZ031,Jihočeský kraj,https://data.mpsv.cz/od/soubory/ciselniky/obce.json,2026-08-21
obec,Obec/550396,CZ031,Jihočeský kraj,https://data.mpsv.cz/od/soubory/ciselniky/obce.json,2026-08-21
obec,Obec/550442,CZ031,Jihočeský kraj,https://data.mpsv.cz/od/soubory/ciselniky/obce.json,2026-08-21
obec,Obec/529893,CZ031,Jihočeský kraj,https://data.mpsv.cz/od/soubory/ciselniky/obce.json,2026-08-21
obec,Obec/550451,CZ031,Jihočeský kraj,https://data.mpsv.cz/od/soubory/ciselniky/obce.json,2026-08-21
obec,Obec/561568,CZ031,Jihočeský kraj,https://data.mpsv.cz/od/soubory/ciselniky/obce.json,2026-08-21
obec,Obec/537365,CZ031,Jihočeský kraj,https://data.mpsv.cz/od/soubory/ciselniky/obce.json,2026-08-21
obec,Obec/537543,CZ031,Jihočeský kraj,https://data.mpsv.cz/od/soubory/ciselniky/obce.json,2026-08-21
obec,Obec/550094,CZ031,Jihočeský kraj,https://data.mpsv.cz/od/soubory/ciselniky/obce.json,2026-08-21
obec,Obec/550485,CZ031,Jihočeský kraj,https://data.mpsv.cz/od/soubory/ciselniky/obce.json,2026-08-21
obec,Obec/550515,CZ031,Jihočeský kraj,https://data.mpsv.cz/od/soubory/ciselniky/obce.json,2026-08-21
obec,Obec/550523,CZ031,Jihočeský kraj,https://data.mpsv.cz/od/soubory/ciselniky/obce.json,2026-08-21
obec,Obec/550531,CZ031,Jihočeský kraj,https://data.mpsv.cz/od/soubory/ciselniky/obce.json,2026-08-21
obec,Obec/550540,CZ031,Jihočeský kraj,https://data.mpsv.cz/od/soubory/ciselniky/obce.json,2026-08-21
obec,Obec/550558,CZ031,Jihočeský kraj,https://data.mpsv.cz/od/soubory/ciselniky/obce.json,2026-08-21
obec,Obec/550574,CZ031,Jihočeský kraj,https://data.mpsv.cz/od/soubory/ciselniky/obce.json,2026-08-21
obec,Obec/550582,CZ031,Jihočeský kraj,https://data.mpsv.cz/od/soubory/ciselniky/obce.json,2026-08-21
obec,Obec/550604,CZ031,Jihočeský kraj,https://data.mpsv.cz/od/soubory/ciselniky/obce.json,2026-08-21
obec,Obec/537535,CZ031,Jihočeský kraj,https://data.mpsv.cz/od/soubory/ciselniky/obce.json,2026-08-21
obec,Obec/550621,CZ031,Jihočeský kraj,https://data.mpsv.cz/od/soubory/ciselniky/obce.json,2026-08-21
obec,Obec/550647,CZ031,Jihočeský kraj,https://data.mpsv.cz/od/soubory/ciselniky/obce.json,2026-08-21
obec,Obec/550655,CZ031,Jihočeský kraj,https://data.mpsv.cz/od/soubory/ciselniky/obce.json,2026-08-21
obec,Obec/550663,CZ031,Jihočeský kraj,https://data.mpsv.cz/od/soubory/ciselniky/obce.json,2026-08-21
obec,Obec/550671,CZ031,Jihočeský kraj,https://data.mpsv.cz/od/soubory/ciselniky/obce.json,2026-08-21
obec,Obec/529915,CZ031,Jihočeský kraj,https://data.mpsv.cz/od/soubory/ciselniky/obce.json,2026-08-21
obec,Obec/550680,CZ031,Jihočeský kraj,https://data.mpsv.cz/od/soubory/ciselniky/obce.json,2026-08-21
obec,Obec/537195,CZ031,Jihočeský kraj,https://data.mpsv.cz/od/soubory/ciselniky/obce.json,2026-08-21
obec,Obec/550698,CZ031,Jihočeský kraj,https://data.mpsv.cz/od/soubory/ciselniky/obce.json,2026-08-21
obec,Obec/550701,CZ031,Jihočeský kraj,https://data.mpsv.cz/od/soubory/ciselniky/obce.json,2026-08-21
obec,Obec/550728,CZ031,Jihočeský kraj,https://data.mpsv.cz/od/soubory/ciselniky/obce.json,2026-08-21
obec,Obec/529923,CZ031,Jihočeský kraj,https://data.mpsv.cz/od/soubory/ciselniky/obce.json,2026-08-21
obec,Obec/550761,CZ031,Jihočeský kraj,https://data.mpsv.cz/od/soubory/ciselniky/obce.json,2026-08-21
obec,Obec/537209,CZ031,Jihočeský kraj,https://data.mpsv.cz/od/soubory/ciselniky/obce.json,2026-08-21
obec,Obec/550809,CZ031,Jihočeský kraj,https://data.mpsv.cz/od/soubory/ciselniky/obce.json,2026-08-21
obec,Obec/550817,CZ031,Jihočeský kraj,https://data.mpsv.cz/od/soubory/ciselniky/obce.json,2026-08-21
obec,Obec/598895,CZ031,Jihočeský kraj,https://data.mpsv.cz/od/soubory/ciselniky/obce.json,2026-08-21
obec,Obec/550833,CZ031,Jihočeský kraj,https://data.mpsv.cz/od/soubory/ciselniky/obce.json,2026-08-21
obec,Obec/550850,CZ031,Jihočeský kraj,https://data.mpsv.cz/od/soubory/ciselniky/obce.json,2026-08-21
obec,Obec/537063,CZ031,Jihočeský kraj,https://data.mpsv.cz/od/soubory/ciselniky/obce.json,2026-08-21
obec,Obec/530018,CZ031,Jihočeský kraj,https://data.mpsv.cz/od/soubory/ciselniky/obce.json,2026-08-21
obec,Obec/560171,CZ031,Jihočeský kraj,https://data.mpsv.cz/od/soubory/ciselniky/obce.json,2026-08-21
obec,Obec/529966,CZ031,Jihočeský kraj,https://data.mpsv.cz/od/soubory/ciselniky/obce.json,2026-08-21
obec,Obec/550906,CZ031,Jihočeský kraj,https://data.mpsv.cz/od/soubory/ciselniky/obce.json,2026-08-21
obec,Obec/510068,CZ031,Jihočeský kraj,https://data.mpsv.cz/od/soubory/ciselniky/obce.json,2026-08-21
obec,Obec/550922,CZ031,Jihočeský kraj,https://data.mpsv.cz/od/soubory/ciselniky/obce.json,2026-08-21
obec,Obec/550949,CZ031,Jihočeský kraj,https://data.mpsv.cz/od/soubory/ciselniky/obce.json,2026-08-21
obec,Obec/550957,CZ031,Jihočeský kraj,https://data.mpsv.cz/od/soubory/ciselniky/obce.json,2026-08-21
obec,Obec/550965,CZ031,Jihočeský kraj,https://data.mpsv.cz/od/soubory/ciselniky/obce.json,2026-08-21
obec,Obec/550981,CZ031,Jihočeský kraj,https://data.mpsv.cz/od/soubory/ciselniky/obce.json,2026-08-21
obec,Obec/551015,CZ031,Jihočeský kraj,https://data.mpsv.cz/od/soubory/ciselniky/obce.json,2026-08-21
obec,Obec/560219,CZ031,Jihočeský kraj,https://data.mpsv.cz/od/soubory/ciselniky/obce.json,2026-08-21
obec,Obec/551023,CZ031,Jihočeský kraj,https://data.mpsv.cz/od/soubory/ciselniky/obce.json,2026-08-21
obec,Obec/560243,CZ031,Jihočeský kraj,https://data.mpsv.cz/od/soubory/ciselniky/obce.json,2026-08-21
obec,Obec/551040,CZ031,Jihočeský kraj,https://data.mpsv.cz/od/soubory/ciselniky/obce.json,2026-08-21
obec,Obec/551597,CZ031,Jihočeský kraj,https://data.mpsv.cz/od/soubory/ciselniky/obce.json,2026-08-21
obec,Obec/561690,CZ031,Jihočeský kraj,https://data.mpsv.cz/od/soubory/ciselniky/obce.json,2026-08-21
obec,Obec/536628,CZ031,Jihočeský kraj,https://data.mpsv.cz/od/soubory/ciselniky/obce.json,2026-08-21
obec,Obec/536881,CZ031,Jihočeský kraj,https://data.mpsv.cz/od/soubory/ciselniky/obce.json,2026-08-21
obec,Obec/536369,CZ031,Jihočeský kraj,https://data.mpsv.cz/od/soubory/ciselniky/obce.json,2026-08-21
obec,Obec/551104,CZ031,Jihočeský kraj,https://data.mpsv.cz/od/soubory/ciselniky/obce.json,2026-08-21
obec,Obec/551121,CZ031,Jihočeský kraj,https://data.mpsv.cz/od/soubory/ciselniky/obce.json,2026-08-21
obec,Obec/551139,CZ031,Jihočeský kraj,https://data.mpsv.cz/od/soubory/ciselniky/obce.json,2026-08-21
obec,Obec/529982,CZ031,Jihočeský kraj,https://data.mpsv.cz/od/soubory/ciselniky/obce.json,2026-08-21
obec,Obec/536903,CZ031,Jihočeský kraj,https://data.mpsv.cz/od/soubory/ciselniky/obce.json,2026-08-21
obec,Obec/551155,CZ031,Jihočeský kraj,https://data.mpsv.cz/od/soubory/ciselniky/obce.json,2026-08-21
obec,Obec/551163,CZ031,Jihočeský kraj,https://data.mpsv.cz/od/soubory/ciselniky/obce.json,2026-08-21
obec,Obec/551180,CZ031,Jihočeský kraj,https://data.mpsv.cz/od/soubory/ciselniky/obce.json,2026-08-21
obec,Obec/536946,CZ031,Jihočeský kraj,https://data.mpsv.cz/od/soubory/ciselniky/obce.json,2026-08-21
obec,Obec/551201,CZ031,Jihočeský kraj,https://data.mpsv.cz/od/soubory/ciselniky/obce.json,2026-08-21
obec,Obec/560405,CZ031,Jihočeský kraj,https://data.mpsv.cz/od/soubory/ciselniky/obce.json,2026-08-21
obec,Obec/536601,CZ031,Jihočeský kraj,https://data.mpsv.cz/od/soubory/ciselniky/obce.json,2026-08-21
obec,Obec/536342,CZ031,Jihočeský kraj,https://data.mpsv.cz/od/soubory/ciselniky/obce.json,2026-08-21
obec,Obec/551261,CZ031,Jihočeský kraj,https://data.mpsv.cz/od/soubory/ciselniky/obce.json,2026-08-21
obec,Obec/536806,CZ031,Jihočeský kraj,https://data.mpsv.cz/od/soubory/ciselniky/obce.json,2026-08-21
obec,Obec/536954,CZ031,Jihočeský kraj,https://data.mpsv.cz/od/soubory/ciselniky/obce.json,2026-08-21
obec,Obec/536555,CZ031,Jihočeský kraj,https://data.mpsv.cz/od/soubory/ciselniky/obce.json,2026-08-21
obec,Obec/560391,CZ031,Jihočeský kraj,https://data.mpsv.cz/od/soubory/ciselniky/obce.json,2026-08-21
obec,Obec/536750,CZ031,Jihočeský kraj,https://data.mpsv.cz/od/soubory/ciselniky/obce.json,2026-08-21
obec,Obec/598950,CZ031,Jihočeský kraj,https://data.mpsv.cz/od/soubory/ciselniky/obce.json,2026-08-21
obec,Obec/560197,CZ031,Jihočeský kraj,https://data.mpsv.cz/od/soubory/ciselniky/obce.json,2026-08-21
obec,Obec/551333,CZ031,Jihočeský kraj,https://data.mpsv.cz/od/soubory/ciselniky/obce.json,2026-08-21
obec,Obec/536831,CZ031,Jihočeský kraj,https://data.mpsv.cz/od/soubory/ciselniky/obce.json,2026-08-21
obec,Obec/551341,CZ031,Jihočeský kraj,https://data.mpsv.cz/od/soubory/ciselniky/obce.json,2026-08-21
obec,Obec/551350,CZ031,Jihočeský kraj,https://data.mpsv.cz/od/soubory/ciselniky/obce.json,2026-08-21
obec,Obec/536822,CZ031,Jihočeský kraj,https://data.mpsv.cz/od/soubory/ciselniky/obce.json,2026-08-21
obec,Obec/536466,CZ031,Jihočeský kraj,https://data.mpsv.cz/od/soubory/ciselniky/obce.json,2026-08-21
obec,Obec/551384,CZ031,Jihočeský kraj,https://data.mpsv.cz/od/soubory/ciselniky/obce.json,2026-08-21
obec,Obec/551392,CZ031,Jihočeský kraj,https://data.mpsv.cz/od/soubory/ciselniky/obce.json,2026-08-21
obec,Obec/536415,CZ031,Jihočeský kraj,https://data.mpsv.cz/od/soubory/ciselniky/obce.json,2026-08-21
obec,Obec/536539,CZ031,Jihočeský kraj,https://data.mpsv.cz/od/soubory/ciselniky/obce.json,2026-08-21
obec,Obec/551414,CZ031,Jihočeský kraj,https://data.mpsv.cz/od/soubory/ciselniky/obce.json,2026-08-21
obec,Obec/536563,CZ031,Jihočeský kraj,https://data.mpsv.cz/od/soubory/ciselniky/obce.json,2026-08-21
obec,Obec/560278,CZ031,Jihočeský kraj,https://data.mpsv.cz/od/soubory/ciselniky/obce.json,2026-08-21
obec,Obec/551473,CZ031,Jihočeský kraj,https://data.mpsv.cz/od/soubory/ciselniky/obce.json,2026-08-21
obec,Obec/536644,CZ031,Jihočeský kraj,https://data.mpsv.cz/od/soubory/ciselniky/obce.json,2026-08-21
obec,Obec/536474,CZ031,Jihočeský kraj,https://data.mpsv.cz/od/soubory/ciselniky/obce.json,2026-08-21
obec,Obec/536725,CZ031,Jihočeský kraj,https://data.mpsv.cz/od/soubory/ciselniky/obce.json,2026-08-21
obec,Obec/551520,CZ031,Jihočeský kraj,https://data.mpsv.cz/od/soubory/ciselniky/obce.json,2026-08-21
obec,Obec/536962,CZ031,Jihočeský kraj,https://data.mpsv.cz/od/soubory/ciselniky/obce.json,2026-08-21
obec,Obec/560201,CZ031,Jihočeský kraj,https://data.mpsv.cz/od/soubory/ciselniky/obce.json,2026-08-21
obec,Obec/551554,CZ031,Jihočeský kraj,https://data.mpsv.cz/od/soubory/ciselniky/obce.json,2026-08-21
obec,Obec/551562,CZ031,Jihočeský kraj,https://data.mpsv.cz/od/soubory/ciselniky/obce.json,2026-08-21
obec,Obec/551571,CZ031,Jihočeský kraj,https://data.mpsv.cz/od/soubory/ciselniky/obce.json,2026-08-21
obec,Obec/598887,CZ031,Jihočeský kraj,https://data.mpsv.cz/od/soubory/ciselniky/obce.json,2026-08-21
obec,Obec/536911,CZ031,Jihočeský kraj,https://data.mpsv.cz/od/soubory/ciselniky/obce.json,2026-08-21
obec,Obec/551619,CZ031,Jihočeský kraj,https://data.mpsv.cz/od/soubory/ciselniky/obce.json,2026-08-21
obec,Obec/551627,CZ031,Jihočeský kraj,https://data.mpsv.cz/od/soubory/ciselniky/obce.json,2026-08-21
obec,Obec/536792,CZ031,Jihočeský kraj,https://data.mpsv.cz/od/soubory/ciselniky/obce.json,2026-08-21
obec,Obec/551635,CZ031,Jihočeský kraj,https://data.mpsv.cz/od/soubory/ciselniky/obce.json,2026-08-21
obec,Obec/536547,CZ031,Jihočeský kraj,https://data.mpsv.cz/od/soubory/ciselniky/obce.json,2026-08-21
obec,Obec/551643,CZ031,Jihočeský kraj,https://data.mpsv.cz/od/soubory/ciselniky/obce.json,2026-08-21
obec,Obec/536423,CZ031,Jihočeský kraj,https://data.mpsv.cz/od/soubory/ciselniky/obce.json,2026-08-21
obec,Obec/551660,CZ031,Jihočeský kraj,https://data.mpsv.cz/od/soubory/ciselniky/obce.json,2026-08-21
obec,Obec/551678,CZ031,Jihočeský kraj,https://data.mpsv.cz/od/soubory/ciselniky/obce.json,2026-08-21
obec,Obec/536865,CZ031,Jihočeský kraj,https://data.mpsv.cz/od/soubory/ciselniky/obce.json,2026-08-21
obec,Obec/536849,CZ031,Jihočeský kraj,https://data.mpsv.cz/od/soubory/ciselniky/obce.json,2026-08-21
obec,Obec/551716,CZ031,Jihočeský kraj,https://data.mpsv.cz/od/soubory/ciselniky/obce.json,2026-08-21
obec,Obec/598909,CZ031,Jihočeský kraj,https://data.mpsv.cz/od/soubory/ciselniky/obce.json,2026-08-21
obec,Obec/551741,CZ031,Jihočeský kraj,https://data.mpsv.cz/od/soubory/ciselniky/obce.json,2026-08-21
obec,Obec/536776,CZ031,Jihočeský kraj,https://data.mpsv.cz/od/soubory/ciselniky/obce.json,2026-08-21
obec,Obec/551759,CZ031,Jihočeský kraj,https://data.mpsv.cz/od/soubory/ciselniky/obce.json,2026-08-21
obec,Obec/530034,CZ031,Jihočeský kraj,https://data.mpsv.cz/od/soubory/ciselniky/obce.json,2026-08-21
obec,Obec/550787,CZ031,Jihočeský kraj,https://data.mpsv.cz/od/soubory/ciselniky/obce.json,2026-08-21
obec,Obec/551775,CZ031,Jihočeský kraj,https://data.mpsv.cz/od/soubory/ciselniky/obce.json,2026-08-21
obec,Obec/536784,CZ031,Jihočeský kraj,https://data.mpsv.cz/od/soubory/ciselniky/obce.json,2026-08-21
obec,Obec/551791,CZ031,Jihočeský kraj,https://data.mpsv.cz/od/soubory/ciselniky/obce.json,2026-08-21
obec,Obec/551830,CZ031,Jihočeský kraj,https://data.mpsv.cz/od/soubory/ciselniky/obce.json,2026-08-21
obec,Obec/536920,CZ031,Jihočeský kraj,https://data.mpsv.cz/od/soubory/ciselniky/obce.json,2026-08-21
obec,Obec/551856,CZ031,Jihočeský kraj,https://data.mpsv.cz/od/soubory/ciselniky/obce.json,2026-08-21
obec,Obec/536598,CZ031,Jihočeský kraj,https://data.mpsv.cz/od/soubory/ciselniky/obce.json,2026-08-21
obec,Obec/536512,CZ031,Jihočeský kraj,https://data.mpsv.cz/od/soubory/ciselniky/obce.json,2026-08-21
obec,Obec/551899,CZ031,Jihočeský kraj,https://data.mpsv.cz/od/soubory/ciselniky/obce.json,2026-08-21
obec,Obec/536679,CZ031,Jihočeský kraj,https://data.mpsv.cz/od/soubory/ciselniky/obce.json,2026-08-21
obec,Obec/536695,CZ031,Jihočeský kraj,https://data.mpsv.cz/od/soubory/ciselniky/obce.json,2026-08-21
obec,Obec/563951,CZ031,Jihočeský kraj,https://data.mpsv.cz/od/soubory/ciselniky/obce.json,2026-08-21
obec,Obec/551937,CZ031,Jihočeský kraj,https://data.mpsv.cz/od/soubory/ciselniky/obce.json,2026-08-21
obec,Obec/536890,CZ031,Jihočeský kraj,https://data.mpsv.cz/od/soubory/ciselniky/obce.json,2026-08-21
obec,Obec/536504,CZ031,Jihočeský kraj,https://data.mpsv.cz/od/soubory/ciselniky/obce.json,2026-08-21
obec,Obec/536741,CZ031,Jihočeský kraj,https://data.mpsv.cz/od/soubory/ciselniky/obce.json,2026-08-21
obec,Obec/551953,CZ031,Jihočeský kraj,https://data.mpsv.cz/od/soubory/ciselniky/obce.json,2026-08-21
obec,Obec/551961,CZ031,Jihočeský kraj,https://data.mpsv.cz/od/soubory/ciselniky/obce.json,2026-08-21
obec,Obec/551970,CZ031,Jihočeský kraj,https://data.mpsv.cz/od/soubory/ciselniky/obce.json,2026-08-21
obec,Obec/551988,CZ031,Jihočeský kraj,https://data.mpsv.cz/od/soubory/ciselniky/obce.json,2026-08-21
obec,Obec/536482,CZ031,Jihočeský kraj,https://data.mpsv.cz/od/soubory/ciselniky/obce.json,2026-08-21
obec,Obec/536873,CZ031,Jihočeský kraj,https://data.mpsv.cz/od/soubory/ciselniky/obce.json,2026-08-21
obec,Obec/563251,CZ031,Jihočeský kraj,https://data.mpsv.cz/od/soubory/ciselniky/obce.json,2026-08-21
obec,Obec/563366,CZ031,Jihočeský kraj,https://data.mpsv.cz/od/soubory/ciselniky/obce.json,2026-08-21
obec,Obec/552054,CZ031,Jihočeský kraj,https://data.mpsv.cz/od/soubory/ciselniky/obce.json,2026-08-21
obec,Obec/560448,CZ031,Jihočeský kraj,https://data.mpsv.cz/od/soubory/ciselniky/obce.json,2026-08-21
obec,Obec/552097,CZ031,Jihočeský kraj,https://data.mpsv.cz/od/soubory/ciselniky/obce.json,2026-08-21
obec,Obec/552101,CZ031,Jihočeský kraj,https://data.mpsv.cz/od/soubory/ciselniky/obce.json,2026-08-21
obec,Obec/552127,CZ031,Jihočeský kraj,https://data.mpsv.cz/od/soubory/ciselniky/obce.json,2026-08-21
obec,Obec/552135,CZ031,Jihočeský kraj,https://data.mpsv.cz/od/soubory/ciselniky/obce.json,2026-08-21
obec,Obec/552143,CZ031,Jihočeský kraj,https://data.mpsv.cz/od/soubory/ciselniky/obce.json,2026-08-21
obec,Obec/563722,CZ031,Jihočeský kraj,https://data.mpsv.cz/od/soubory/ciselniky/obce.json,2026-08-21
obec,Obec/552208,CZ031,Jihočeský kraj,https://data.mpsv.cz/od/soubory/ciselniky/obce.json,2026-08-21
obec,Obec/563650,CZ031,Jihočeský kraj,https://data.mpsv.cz/od/soubory/ciselniky/obce.json,2026-08-21
obec,Obec/552224,CZ031,Jihočeský kraj,https://data.mpsv.cz/od/soubory/ciselniky/obce.json,2026-08-21
obec,Obec/552241,CZ031,Jihočeský kraj,https://data.mpsv.cz/od/soubory/ciselniky/obce.json,2026-08-21
obec,Obec/560529,CZ031,Jihočeský kraj,https://data.mpsv.cz/od/soubory/ciselniky/obce.json,2026-08-21
obec,Obec/563765,CZ031,Jihočeský kraj,https://data.mpsv.cz/od/soubory/ciselniky/obce.json,2026-08-21
obec,Obec/552275,CZ031,Jihočeský kraj,https://data.mpsv.cz/od/soubory/ciselniky/obce.json,2026-08-21
obec,Obec/552283,CZ031,Jihočeský kraj,https://data.mpsv.cz/od/soubory/ciselniky/obce.json,2026-08-21
obec,Obec/552291,CZ031,Jihočeský kraj,https://data.mpsv.cz/od/soubory/ciselniky/obce.json,2026-08-21
obec,Obec/563307,CZ031,Jihočeský kraj,https://data.mpsv.cz/od/soubory/ciselniky/obce.json,2026-08-21
obec,Obec/563625,CZ031,Jihočeský kraj,https://data.mpsv.cz/od/soubory/ciselniky/obce.json,2026-08-21
obec,Obec/560481,CZ031,Jihočeský kraj,https://data.mpsv.cz/od/soubory/ciselniky/obce.json,2026-08-21
obec,Obec/552321,CZ031,Jihočeský kraj,https://data.mpsv.cz/od/soubory/ciselniky/obce.json,2026-08-21
obec,Obec/598992,CZ031,Jihočeský kraj,https://data.mpsv.cz/od/soubory/ciselniky/obce.json,2026-08-21
obec,Obec/562904,CZ031,Jihočeský kraj,https://data.mpsv.cz/od/soubory/ciselniky/obce.json,2026-08-21
obec,Obec/552453,CZ031,Jihočeský kraj,https://data.mpsv.cz/od/soubory/ciselniky/obce.json,2026-08-21
obec,Obec/552461,CZ031,Jihočeský kraj,https://data.mpsv.cz/od/soubory/ciselniky/obce.json,2026-08-21
obec,Obec/552470,CZ031,Jihočeský kraj,https://data.mpsv.cz/od/soubory/ciselniky/obce.json,2026-08-21
obec,Obec/563145,CZ031,Jihočeský kraj,https://data.mpsv.cz/od/soubory/ciselniky/obce.json,2026-08-21
obec,Obec/552496,CZ031,Jihočeský kraj,https://data.mpsv.cz/od/soubory/ciselniky/obce.json,2026-08-21
obec,Obec/562963,CZ031,Jihočeský kraj,https://data.mpsv.cz/od/soubory/ciselniky/obce.json,2026-08-21
obec,Obec/552534,CZ031,Jihočeský kraj,https://data.mpsv.cz/od/soubory/ciselniky/obce.json,2026-08-21
obec,Obec/530042,CZ031,Jihočeský kraj,https://data.mpsv.cz/od/soubory/ciselniky/obce.json,2026-08-21
obec,Obec/563986,CZ031,Jihočeský kraj,https://data.mpsv.cz/od/soubory/ciselniky/obce.json,2026-08-21
obec,Obec/599280,CZ031,Jihočeský kraj,https://data.mpsv.cz/od/soubory/ciselniky/obce.json,2026-08-21
obec,Obec/552585,CZ031,Jihočeský kraj,https://data.mpsv.cz/od/soubory/ciselniky/obce.json,2026-08-21
obec,Obec/562955,CZ031,Jihočeský kraj,https://data.mpsv.cz/od/soubory/ciselniky/obce.json,2026-08-21
obec,Obec/560634,CZ031,Jihočeský kraj,https://data.mpsv.cz/od/soubory/ciselniky/obce.json,2026-08-21
obec,Obec/563030,CZ031,Jihočeský kraj,https://data.mpsv.cz/od/soubory/ciselniky/obce.json,2026-08-21
obec,Obec/563544,CZ031,Jihočeský kraj,https://data.mpsv.cz/od/soubory/ciselniky/obce.json,2026-08-21
obec,Obec/563587,CZ031,Jihočeský kraj,https://data.mpsv.cz/od/soubory/ciselniky/obce.json,2026-08-21
obec,Obec/552666,CZ031,Jihočeský kraj,https://data.mpsv.cz/od/soubory/ciselniky/obce.json,2026-08-21
obec,Obec/562866,CZ031,Jihočeský kraj,https://data.mpsv.cz/od/soubory/ciselniky/obce.json,2026-08-21
obec,Obec/563234,CZ031,Jihočeský kraj,https://data.mpsv.cz/od/soubory/ciselniky/obce.json,2026-08-21
obec,Obec/599255,CZ031,Jihočeský kraj,https://data.mpsv.cz/od/soubory/ciselniky/obce.json,2026-08-21
obec,Obec/552704,CZ031,Jihočeský kraj,https://data.mpsv.cz/od/soubory/ciselniky/obce.json,2026-08-21
obec,Obec/552712,CZ031,Jihočeský kraj,https://data.mpsv.cz/od/soubory/ciselniky/obce.json,2026-08-21
obec,Obec/552721,CZ031,Jihočeský kraj,https://data.mpsv.cz/od/soubory/ciselniky/obce.json,2026-08-21
obec,Obec/549631,CZ031,Jihočeský kraj,https://data.mpsv.cz/od/soubory/ciselniky/obce.json,2026-08-21
obec,Obec/559016,CZ031,Jihočeský kraj,https://data.mpsv.cz/od/soubory/ciselniky/obce.json,2026-08-21
obec,Obec/552747,CZ031,Jihočeský kraj,https://data.mpsv.cz/od/soubory/ciselniky/obce.json,2026-08-21
obec,Obec/552763,CZ031,Jihočeský kraj,https://data.mpsv.cz/od/soubory/ciselniky/obce.json,2026-08-21
obec,Obec/563455,CZ031,Jihočeský kraj,https://data.mpsv.cz/od/soubory/ciselniky/obce.json,2026-08-21
obec,Obec/552798,CZ031,Jihočeský kraj,https://data.mpsv.cz/od/soubory/ciselniky/obce.json,2026-08-21
obec,Obec/552801,CZ031,Jihočeský kraj,https://data.mpsv.cz/od/soubory/ciselniky/obce.json,2026-08-21
obec,Obec/552828,CZ031,Jihočeský kraj,https://data.mpsv.cz/od/soubory/ciselniky/obce.json,2026-08-21
obec,Obec/560553,CZ031,Jihočeský kraj,https://data.mpsv.cz/od/soubory/ciselniky/obce.json,2026-08-21
obec,Obec/552852,CZ031,Jihočeský kraj,https://data.mpsv.cz/od/soubory/ciselniky/obce.json,2026-08-21
obec,Obec/552861,CZ031,Jihočeský kraj,https://data.mpsv.cz/od/soubory/ciselniky/obce.json,2026-08-21
obec,Obec/552895,CZ031,Jihočeský kraj,https://data.mpsv.cz/od/soubory/ciselniky/obce.json,2026-08-21
obec,Obec/563374,CZ031,Jihočeský kraj,https://data.mpsv.cz/od/soubory/ciselniky/obce.json,2026-08-21
obec,Obec/552917,CZ031,Jihočeský kraj,https://data.mpsv.cz/od/soubory/ciselniky/obce.json,2026-08-21
obec,Obec/552925,CZ031,Jihočeský kraj,https://data.mpsv.cz/od/soubory/ciselniky/obce.json,2026-08-21
obec,Obec/563196,CZ031,Jihočeský kraj,https://data.mpsv.cz/od/soubory/ciselniky/obce.json,2026-08-21
obec,Obec/552933,CZ031,Jihočeský kraj,https://data.mpsv.cz/od/soubory/ciselniky/obce.json,2026-08-21
obec,Obec/552941,CZ031,Jihočeský kraj,https://data.mpsv.cz/od/soubory/ciselniky/obce.json,2026-08-21
obec,Obec/552976,CZ031,Jihočeský kraj,https://data.mpsv.cz/od/soubory/ciselniky/obce.json,2026-08-21
obec,Obec/552992,CZ031,Jihočeský kraj,https://data.mpsv.cz/od/soubory/ciselniky/obce.json,2026-08-21
obec,Obec/560626,CZ031,Jihočeský kraj,https://data.mpsv.cz/od/soubory/ciselniky/obce.json,2026-08-21
obec,Obec/553018,CZ031,Jihočeský kraj,https://data.mpsv.cz/od/soubory/ciselniky/obce.json,2026-08-21
obec,Obec/560511,CZ031,Jihočeský kraj,https://data.mpsv.cz/od/soubory/ciselniky/obce.json,2026-08-21
obec,Obec/553034,CZ031,Jihočeský kraj,https://data.mpsv.cz/od/soubory/ciselniky/obce.json,2026-08-21
obec,Obec/599115,CZ031,Jihočeský kraj,https://data.mpsv.cz/od/soubory/ciselniky/obce.json,2026-08-21
obec,Obec/599263,CZ031,Jihočeský kraj,https://data.mpsv.cz/od/soubory/ciselniky/obce.json,2026-08-21
obec,Obec/553069,CZ031,Jihočeský kraj,https://data.mpsv.cz/od/soubory/ciselniky/obce.json,2026-08-21
obec,Obec/553077,CZ031,Jihočeský kraj,https://data.mpsv.cz/od/soubory/ciselniky/obce.json,2026-08-21
obec,Obec/553085,CZ031,Jihočeský kraj,https://data.mpsv.cz/od/soubory/ciselniky/obce.json,2026-08-21
obec,Obec/560669,CZ031,Jihočeský kraj,https://data.mpsv.cz/od/soubory/ciselniky/obce.json,2026-08-21
obec,Obec/599026,CZ031,Jihočeský kraj,https://data.mpsv.cz/od/soubory/ciselniky/obce.json,2026-08-21
obec,Obec/599042,CZ031,Jihočeský kraj,https://data.mpsv.cz/od/soubory/ciselniky/obce.json,2026-08-21
obec,Obec/553123,CZ031,Jihočeský kraj,https://data.mpsv.cz/od/soubory/ciselniky/obce.json,2026-08-21
obec,Obec/553131,CZ031,Jihočeský kraj,https://data.mpsv.cz/od/soubory/ciselniky/obce.json,2026-08-21
obec,Obec/553140,CZ031,Jihočeský kraj,https://data.mpsv.cz/od/soubory/ciselniky/obce.json,2026-08-21
obec,Obec/553166,CZ031,Jihočeský kraj,https://data.mpsv.cz/od/soubory/ciselniky/obce.json,2026-08-21
obec,Obec/553174,CZ031,Jihočeský kraj,https://data.mpsv.cz/od/soubory/ciselniky/obce.json,2026-08-21
obec,Obec/553182,CZ031,Jihočeský kraj,https://data.mpsv.cz/od/soubory/ciselniky/obce.json,2026-08-21
obec,Obec/563170,CZ031,Jihočeský kraj,https://data.mpsv.cz/od/soubory/ciselniky/obce.json,2026-08-21
obec,Obec/553204,CZ031,Jihočeský kraj,https://data.mpsv.cz/od/soubory/ciselniky/obce.json,2026-08-21
obec,Obec/552046,CZ031,Jihočeský kraj,https://data.mpsv.cz/od/soubory/ciselniky/obce.json,2026-08-21
obec,Obec/563153,CZ031,Jihočeský kraj,https://data.mpsv.cz/od/soubory/ciselniky/obce.json,2026-08-21
obec,Obec/553239,CZ031,Jihočeský kraj,https://data.mpsv.cz/od/soubory/ciselniky/obce.json,2026-08-21
obec,Obec/551601,CZ031,Jihočeský kraj,https://data.mpsv.cz/od/soubory/ciselniky/obce.json,2026-08-21
obec,Obec/599123,CZ031,Jihočeský kraj,https://data.mpsv.cz/od/soubory/ciselniky/obce.json,2026-08-21
obec,Obec/553255,CZ031,Jihočeský kraj,https://data.mpsv.cz/od/soubory/ciselniky/obce.json,2026-08-21
obec,Obec/553263,CZ031,Jihočeský kraj,https://data.mpsv.cz/od/soubory/ciselniky/obce.json,2026-08-21
obec,Obec/553271,CZ031,Jihočeský kraj,https://data.mpsv.cz/od/soubory/ciselniky/obce.json,2026-08-21
obec,Obec/553280,CZ031,Jihočeský kraj,https://data.mpsv.cz/od/soubory/ciselniky/obce.json,2026-08-21
obec,Obec/553298,CZ031,Jihočeský kraj,https://data.mpsv.cz/od/soubory/ciselniky/obce.json,2026-08-21
obec,Obec/563447,CZ031,Jihočeský kraj,https://data.mpsv.cz/od/soubory/ciselniky/obce.json,2026-08-21
obec,Obec/553310,CZ031,Jihočeský kraj,https://data.mpsv.cz/od/soubory/ciselniky/obce.json,2026-08-21
obec,Obec/553328,CZ031,Jihočeský kraj,https://data.mpsv.cz/od/soubory/ciselniky/obce.json,2026-08-21
obec,Obec/563927,CZ031,Jihočeský kraj,https://data.mpsv.cz/od/soubory/ciselniky/obce.json,2026-08-21
obec,Obec/599000,CZ031,Jihočeský kraj,https://data.mpsv.cz/od/soubory/ciselniky/obce.json,2026-08-21
obec,Obec/553361,CZ031,Jihočeský kraj,https://data.mpsv.cz/od/soubory/ciselniky/obce.json,2026-08-21
obec,Obec/599034,CZ031,Jihočeský kraj,https://data.mpsv.cz/od/soubory/ciselniky/obce.json,2026-08-21
obec,Obec/560430,CZ031,Jihočeský kraj,https://data.mpsv.cz/od/soubory/ciselniky/obce.json,2026-08-21
obec,Obec/599271,CZ031,Jihočeský kraj,https://data.mpsv.cz/od/soubory/ciselniky/obce.json,2026-08-21
obec,Obec/553409,CZ031,Jihočeský kraj,https://data.mpsv.cz/od/soubory/ciselniky/obce.json,2026-08-21
obec,Obec/553417,CZ031,Jihočeský kraj,https://data.mpsv.cz/od/soubory/ciselniky/obce.json,2026-08-21
obec,Obec/563897,CZ031,Jihočeský kraj,https://data.mpsv.cz/od/soubory/ciselniky/obce.json,2026-08-21
obec,Obec/553433,CZ032,Plzeňský kraj,https://data.mpsv.cz/od/soubory/ciselniky/obce.json,2026-08-21
obec,Obec/553441,CZ032,Plzeňský kraj,https://data.mpsv.cz/od/soubory/ciselniky/obce.json,2026-08-21
obec,Obec/553450,CZ032,Plzeňský kraj,https://data.mpsv.cz/od/soubory/ciselniky/obce.json,2026-08-21
obec,Obec/566136,CZ032,Plzeňský kraj,https://data.mpsv.cz/od/soubory/ciselniky/obce.json,2026-08-21
obec,Obec/553514,CZ032,Plzeňský kraj,https://data.mpsv.cz/od/soubory/ciselniky/obce.json,2026-08-21
obec,Obec/553549,CZ032,Plzeňský kraj,https://data.mpsv.cz/od/soubory/ciselniky/obce.json,2026-08-21
obec,Obec/553557,CZ032,Plzeňský kraj,https://data.mpsv.cz/od/soubory/ciselniky/obce.json,2026-08-21
obec,Obec/553425,CZ032,Plzeňský kraj,https://data.mpsv.cz/od/soubory/ciselniky/obce.json,2026-08-21
obec,Obec/553573,CZ032,Plzeňský kraj,https://data.mpsv.cz/od/soubory/ciselniky/obce.json,2026-08-21
obec,Obec/553581,CZ032,Plzeňský kraj,https://data.mpsv.cz/od/soubory/ciselniky/obce.json,2026-08-21
obec,Obec/553620,CZ032,Plzeňský kraj,https://data.mpsv.cz/od/soubory/ciselniky/obce.json,2026-08-21
obec,Obec/566641,CZ032,Plzeňský kraj,https://data.mpsv.cz/od/soubory/ciselniky/obce.json,2026-08-21
obec,Obec/566276,CZ032,Plzeňský kraj,https://data.mpsv.cz/od/soubory/ciselniky/obce.json,2026-08-21
obec,Obec/553671,CZ032,Plzeňský kraj,https://data.mpsv.cz/od/soubory/ciselniky/obce.json,2026-08-21
obec,Obec/553689,CZ032,Plzeňský kraj,https://data.mpsv.cz/od/soubory/ciselniky/obce.json,2026-08-21
obec,Obec/566179,CZ032,Plzeňský kraj,https://data.mpsv.cz/od/soubory/ciselniky/obce.json,2026-08-21
obec,Obec/566331,CZ032,Plzeňský kraj,https://data.mpsv.cz/od/soubory/ciselniky/obce.json,2026-08-21
obec,Obec/553727,CZ032,Plzeňský kraj,https://data.mpsv.cz/od/soubory/ciselniky/obce.json,2026-08-21
obec,Obec/553735,CZ032,Plzeňský kraj,https://data.mpsv.cz/od/soubory/ciselniky/obce.json,2026-08-21
obec,Obec/553743,CZ032,Plzeňský kraj,https://data.mpsv.cz/od/soubory/ciselniky/obce.json,2026-08-21
obec,Obec/553751,CZ032,Plzeňský kraj,https://data.mpsv.cz/od/soubory/ciselniky/obce.json,2026-08-21
obec,Obec/566144,CZ032,Plzeňský kraj,https://data.mpsv.cz/od/soubory/ciselniky/obce.json,2026-08-21
obec,Obec/553778,CZ032,Plzeňský kraj,https://data.mpsv.cz/od/soubory/ciselniky/obce.json,2026-08-21
obec,Obec/553786,CZ032,Plzeňský kraj,https://data.mpsv.cz/od/soubory/ciselniky/obce.json,2026-08-21
obec,Obec/553794,CZ032,Plzeňský kraj,https://data.mpsv.cz/od/soubory/ciselniky/obce.json,2026-08-21
obec,Obec/553816,CZ032,Plzeňský kraj,https://data.mpsv.cz/od/soubory/ciselniky/obce.json,2026-08-21
obec,Obec/553824,CZ032,Plzeňský kraj,https://data.mpsv.cz/od/soubory/ciselniky/obce.json,2026-08-21
obec,Obec/553832,CZ032,Plzeňský kraj,https://data.mpsv.cz/od/soubory/ciselniky/obce.json,2026-08-21
obec,Obec/553859,CZ032,Plzeňský kraj,https://data.mpsv.cz/od/soubory/ciselniky/obce.json,2026-08-21
obec,Obec/553867,CZ032,Plzeňský kraj,https://data.mpsv.cz/od/soubory/ciselniky/obce.json,2026-08-21
obec,Obec/553891,CZ032,Plzeňský kraj,https://data.mpsv.cz/od/soubory/ciselniky/obce.json,2026-08-21
obec,Obec/553913,CZ032,Plzeňský kraj,https://data.mpsv.cz/od/soubory/ciselniky/obce.json,2026-08-21
obec,Obec/553921,CZ032,Plzeňský kraj,https://data.mpsv.cz/od/soubory/ciselniky/obce.json,2026-08-21
obec,Obec/553930,CZ032,Plzeňský kraj,https://data.mpsv.cz/od/soubory/ciselniky/obce.json,2026-08-21
obec,Obec/553948,CZ032,Plzeňský kraj,https://data.mpsv.cz/od/soubory/ciselniky/obce.json,2026-08-21
obec,Obec/553956,CZ032,Plzeňský kraj,https://data.mpsv.cz/od/soubory/ciselniky/obce.json,2026-08-21
obec,Obec/566292,CZ032,Plzeňský kraj,https://data.mpsv.cz/od/soubory/ciselniky/obce.json,2026-08-21
obec,Obec/599174,CZ032,Plzeňský kraj,https://data.mpsv.cz/od/soubory/ciselniky/obce.json,2026-08-21
obec,Obec/553981,CZ032,Plzeňský kraj,https://data.mpsv.cz/od/soubory/ciselniky/obce.json,2026-08-21
obec,Obec/553999,CZ032,Plzeňský kraj,https://data.mpsv.cz/od/soubory/ciselniky/obce.json,2026-08-21
obec,Obec/554006,CZ032,Plzeňský kraj,https://data.mpsv.cz/od/soubory/ciselniky/obce.json,2026-08-21
obec,Obec/599166,CZ032,Plzeňský kraj,https://data.mpsv.cz/od/soubory/ciselniky/obce.json,2026-08-21
obec,Obec/554031,CZ032,Plzeňský kraj,https://data.mpsv.cz/od/soubory/ciselniky/obce.json,2026-08-21
obec,Obec/599131,CZ032,Plzeňský kraj,https://data.mpsv.cz/od/soubory/ciselniky/obce.json,2026-08-21
obec,Obec/554057,CZ032,Plzeňský kraj,https://data.mpsv.cz/od/soubory/ciselniky/obce.json,2026-08-21
obec,Obec/554073,CZ032,Plzeňský kraj,https://data.mpsv.cz/od/soubory/ciselniky/obce.json,2026-08-21
obec,Obec/566209,CZ032,Plzeňský kraj,https://data.mpsv.cz/od/soubory/ciselniky/obce.json,2026-08-21
obec,Obec/599182,CZ032,Plzeňský kraj,https://data.mpsv.cz/od/soubory/ciselniky/obce.json,2026-08-21
obec,Obec/554081,CZ032,Plzeňský kraj,https://data.mpsv.cz/od/soubory/ciselniky/obce.json,2026-08-21
obec,Obec/554090,CZ032,Plzeňský kraj,https://data.mpsv.cz/od/soubory/ciselniky/obce.json,2026-08-21
obec,Obec/566373,CZ032,Plzeňský kraj,https://data.mpsv.cz/od/soubory/ciselniky/obce.json,2026-08-21
obec,Obec/554111,CZ032,Plzeňský kraj,https://data.mpsv.cz/od/soubory/ciselniky/obce.json,2026-08-21
obec,Obec/554120,CZ032,Plzeňský kraj,https://data.mpsv.cz/od/soubory/ciselniky/obce.json,2026-08-21
obec,Obec/566365,CZ032,Plzeňský kraj,https://data.mpsv.cz/od/soubory/ciselniky/obce.json,2026-08-21
obec,Obec/554138,CZ032,Plzeňský kraj,https://data.mpsv.cz/od/soubory/ciselniky/obce.json,2026-08-21
obec,Obec/554154,CZ032,Plzeňský kraj,https://data.mpsv.cz/od/soubory/ciselniky/obce.json,2026-08-21
obec,Obec/554189,CZ032,Plzeňský kraj,https://data.mpsv.cz/od/soubory/ciselniky/obce.json,2026-08-21
obec,Obec/554201,CZ032,Plzeňský kraj,https://data.mpsv.cz/od/soubory/ciselniky/obce.json,2026-08-21
obec,Obec/554251,CZ032,Plzeňský kraj,https://data.mpsv.cz/od/soubory/ciselniky/obce.json,2026-08-21
obec,Obec/554260,CZ032,Plzeňský kraj,https://data.mpsv.cz/od/soubory/ciselniky/obce.json,2026-08-21
obec,Obec/554278,CZ032,Plzeňský kraj,https://data.mpsv.cz/od/soubory/ciselniky/obce.json,2026-08-21
obec,Obec/554294,CZ032,Plzeňský kraj,https://data.mpsv.cz/od/soubory/ciselniky/obce.json,2026-08-21
obec,Obec/554316,CZ032,Plzeňský kraj,https://data.mpsv.cz/od/soubory/ciselniky/obce.json,2026-08-21
obec,Obec/554341,CZ032,Plzeňský kraj,https://data.mpsv.cz/od/soubory/ciselniky/obce.json,2026-08-21
obec,Obec/554359,CZ032,Plzeňský kraj,https://data.mpsv.cz/od/soubory/ciselniky/obce.json,2026-08-21
obec,Obec/566161,CZ032,Plzeňský kraj,https://data.mpsv.cz/od/soubory/ciselniky/obce.json,2026-08-21
obec,Obec/554383,CZ032,Plzeňský kraj,https://data.mpsv.cz/od/soubory/ciselniky/obce.json,2026-08-21
obec,Obec/554391,CZ032,Plzeňský kraj,https://data.mpsv.cz/od/soubory/ciselniky/obce.json,2026-08-21
obec,Obec/554405,CZ032,Plzeňský kraj,https://data.mpsv.cz/od/soubory/ciselniky/obce.json,2026-08-21
obec,Obec/554413,CZ032,Plzeňský kraj,https://data.mpsv.cz/od/soubory/ciselniky/obce.json,2026-08-21
obec,Obec/554421,CZ032,Plzeňský kraj,https://data.mpsv.cz/od/soubory/ciselniky/obce.json,2026-08-21
obec,Obec/566250,CZ032,Plzeňský kraj,https://data.mpsv.cz/od/soubory/ciselniky/obce.json,2026-08-21
obec,Obec/554448,CZ032,Plzeňský kraj,https://data.mpsv.cz/od/soubory/ciselniky/obce.json,2026-08-21
obec,Obec/554456,CZ032,Plzeňský kraj,https://data.mpsv.cz/od/soubory/ciselniky/obce.json,2026-08-21
obec,Obec/554464,CZ032,Plzeňský kraj,https://data.mpsv.cz/od/soubory/ciselniky/obce.json,2026-08-21
obec,Obec/554472,CZ032,Plzeňský kraj,https://data.mpsv.cz/od/soubory/ciselniky/obce.json,2026-08-21
obec,Obec/554499,CZ041,Karlovarský kraj,https://data.mpsv.cz/od/soubory/ciselniky/obce.json,2026-08-21
obec,Obec/554502,CZ041,Karlovarský kraj,https://data.mpsv.cz/od/soubory/ciselniky/obce.json,2026-08-21
obec,Obec/554511,CZ041,Karlovarský kraj,https://data.mpsv.cz/od/soubory/ciselniky/obce.json,2026-08-21
obec,Obec/554529,CZ041,Karlovarský kraj,https://data.mpsv.cz/od/soubory/ciselniky/obce.json,2026-08-21
obec,Obec/554545,CZ041,Karlovarský kraj,https://data.mpsv.cz/od/soubory/ciselniky/obce.json,2026-08-21
obec,Obec/554553,CZ041,Karlovarský kraj,https://data.mpsv.cz/od/soubory/ciselniky/obce.json,2026-08-21
obec,Obec/554481,CZ041,Karlovarský kraj,https://data.mpsv.cz/od/soubory/ciselniky/obce.json,2026-08-21
obec,Obec/538795,CZ041,Karlovarský kraj,https://data.mpsv.cz/od/soubory/ciselniky/obce.json,2026-08-21
obec,Obec/554596,CZ041,Karlovarský kraj,https://data.mpsv.cz/od/soubory/ciselniky/obce.json,2026-08-21
obec,Obec/554600,CZ041,Karlovarský kraj,https://data.mpsv.cz/od/soubory/ciselniky/obce.json,2026-08-21
obec,Obec/554618,CZ041,Karlovarský kraj,https://data.mpsv.cz/od/soubory/ciselniky/obce.json,2026-08-21
obec,Obec/554626,CZ041,Karlovarský kraj,https://data.mpsv.cz/od/soubory/ciselniky/obce.json,2026-08-21
obec,Obec/554634,CZ041,Karlovarský kraj,https://data.mpsv.cz/od/soubory/ciselniky/obce.json,2026-08-21
obec,Obec/554642,CZ041,Karlovarský kraj,https://data.mpsv.cz/od/soubory/ciselniky/obce.json,2026-08-21
obec,Obec/554651,CZ041,Karlovarský kraj,https://data.mpsv.cz/od/soubory/ciselniky/obce.json,2026-08-21
obec,Obec/538906,CZ041,Karlovarský kraj,https://data.mpsv.cz/od/soubory/ciselniky/obce.json,2026-08-21
obec,Obec/554677,CZ041,Karlovarský kraj,https://data.mpsv.cz/od/soubory/ciselniky/obce.json,2026-08-21
obec,Obec/554693,CZ041,Karlovarský kraj,https://data.mpsv.cz/od/soubory/ciselniky/obce.json,2026-08-21
obec,Obec/554707,CZ041,Karlovarský kraj,https://data.mpsv.cz/od/soubory/ciselniky/obce.json,2026-08-21
obec,Obec/539554,CZ041,Karlovarský kraj,https://data.mpsv.cz/od/soubory/ciselniky/obce.json,2026-08-21
obec,Obec/538922,CZ041,Karlovarský kraj,https://data.mpsv.cz/od/soubory/ciselniky/obce.json,2026-08-21
obec,Obec/539473,CZ041,Karlovarský kraj,https://data.mpsv.cz/od/soubory/ciselniky/obce.json,2026-08-21
obec,Obec/554740,CZ041,Karlovarský kraj,https://data.mpsv.cz/od/soubory/ciselniky/obce.json,2026-08-21
obec,Obec/538817,CZ041,Karlovarský kraj,https://data.mpsv.cz/od/soubory/ciselniky/obce.json,2026-08-21
obec,Obec/538868,CZ041,Karlovarský kraj,https://data.mpsv.cz/od/soubory/ciselniky/obce.json,2026-08-21
obec,Obec/577979,CZ041,Karlovarský kraj,https://data.mpsv.cz/od/soubory/ciselniky/obce.json,2026-08-21
obec,Obec/539538,CZ041,Karlovarský kraj,https://data.mpsv.cz/od/soubory/ciselniky/obce.json,2026-08-21
obec,Obec/554812,CZ041,Karlovarský kraj,https://data.mpsv.cz/od/soubory/ciselniky/obce.json,2026-08-21
obec,Obec/539112,CZ041,Karlovarský kraj,https://data.mpsv.cz/od/soubory/ciselniky/obce.json,2026-08-21
obec,Obec/555631,CZ041,Karlovarský kraj,https://data.mpsv.cz/od/soubory/ciselniky/obce.json,2026-08-21
obec,Obec/554855,CZ041,Karlovarský kraj,https://data.mpsv.cz/od/soubory/ciselniky/obce.json,2026-08-21
obec,Obec/539023,CZ041,Karlovarský kraj,https://data.mpsv.cz/od/soubory/ciselniky/obce.json,2026-08-21
obec,Obec/554880,CZ041,Karlovarský kraj,https://data.mpsv.cz/od/soubory/ciselniky/obce.json,2026-08-21
obec,Obec/539619,CZ041,Karlovarský kraj,https://data.mpsv.cz/od/soubory/ciselniky/obce.json,2026-08-21
obec,Obec/539481,CZ041,Karlovarský kraj,https://data.mpsv.cz/od/soubory/ciselniky/obce.json,2026-08-21
obec,Obec/539279,CZ041,Karlovarský kraj,https://data.mpsv.cz/od/soubory/ciselniky/obce.json,2026-08-21
obec,Obec/578002,CZ041,Karlovarský kraj,https://data.mpsv.cz/od/soubory/ciselniky/obce.json,2026-08-21
obec,Obec/539376,CZ041,Karlovarský kraj,https://data.mpsv.cz/od/soubory/ciselniky/obce.json,2026-08-21
obec,Obec/539074,CZ041,Karlovarský kraj,https://data.mpsv.cz/od/soubory/ciselniky/obce.json,2026-08-21
obec,Obec/539431,CZ041,Karlovarský kraj,https://data.mpsv.cz/od/soubory/ciselniky/obce.json,2026-08-21
obec,Obec/554979,CZ041,Karlovarský kraj,https://data.mpsv.cz/od/soubory/ciselniky/obce.json,2026-08-21
obec,Obec/538001,CZ041,Karlovarský kraj,https://data.mpsv.cz/od/soubory/ciselniky/obce.json,2026-08-21
obec,Obec/554995,CZ041,Karlovarský kraj,https://data.mpsv.cz/od/soubory/ciselniky/obce.json,2026-08-21
obec,Obec/555029,CZ041,Karlovarský kraj,https://data.mpsv.cz/od/soubory/ciselniky/obce.json,2026-08-21
obec,Obec/506486,CZ041,Karlovarský kraj,https://data.mpsv.cz/od/soubory/ciselniky/obce.json,2026-08-21
obec,Obec/555045,CZ041,Karlovarský kraj,https://data.mpsv.cz/od/soubory/ciselniky/obce.json,2026-08-21
obec,Obec/500101,CZ041,Karlovarský kraj,https://data.mpsv.cz/od/soubory/ciselniky/obce.json,2026-08-21
obec,Obec/537870,CZ041,Karlovarský kraj,https://data.mpsv.cz/od/soubory/ciselniky/obce.json,2026-08-21
obec,Obec/538019,CZ041,Karlovarský kraj,https://data.mpsv.cz/od/soubory/ciselniky/obce.json,2026-08-21
obec,Obec/506621,CZ041,Karlovarský kraj,https://data.mpsv.cz/od/soubory/ciselniky/obce.json,2026-08-21
obec,Obec/537918,CZ041,Karlovarský kraj,https://data.mpsv.cz/od/soubory/ciselniky/obce.json,2026-08-21
obec,Obec/538116,CZ041,Karlovarský kraj,https://data.mpsv.cz/od/soubory/ciselniky/obce.json,2026-08-21
obec,Obec/500127,CZ041,Karlovarský kraj,https://data.mpsv.cz/od/soubory/ciselniky/obce.json,2026-08-21
obec,Obec/538159,CZ041,Karlovarský kraj,https://data.mpsv.cz/od/soubory/ciselniky/obce.json,2026-08-21
obec,Obec/555169,CZ041,Karlovarský kraj,https://data.mpsv.cz/od/soubory/ciselniky/obce.json,2026-08-21
obec,Obec/551651,CZ041,Karlovarský kraj,https://data.mpsv.cz/od/soubory/ciselniky/obce.json,2026-08-21
obec,Obec/555177,CZ041,Karlovarský kraj,https://data.mpsv.cz/od/soubory/ciselniky/obce.json,2026-08-21
obec,Obec/555185,CZ041,Karlovarský kraj,https://data.mpsv.cz/od/soubory/ciselniky/obce.json,2026-08-21
obec,Obec/578011,CZ041,Karlovarský kraj,https://data.mpsv.cz/od/soubory/ciselniky/obce.json,2026-08-21
obec,Obec/555207,CZ041,Karlovarský kraj,https://data.mpsv.cz/od/soubory/ciselniky/obce.json,2026-08-21
obec,Obec/555215,CZ041,Karlovarský kraj,https://data.mpsv.cz/od/soubory/ciselniky/obce.json,2026-08-21
obec,Obec/537926,CZ041,Karlovarský kraj,https://data.mpsv.cz/od/soubory/ciselniky/obce.json,2026-08-21
obec,Obec/554961,CZ041,Karlovarský kraj,https://data.mpsv.cz/od/soubory/ciselniky/obce.json,2026-08-21
obec,Obec/555258,CZ041,Karlovarský kraj,https://data.mpsv.cz/od/soubory/ciselniky/obce.json,2026-08-21
obec,Obec/555304,CZ041,Karlovarský kraj,https://data.mpsv.cz/od/soubory/ciselniky/obce.json,2026-08-21
obec,Obec/578045,CZ041,Karlovarský kraj,https://data.mpsv.cz/od/soubory/ciselniky/obce.json,2026-08-21
obec,Obec/555347,CZ041,Karlovarský kraj,https://data.mpsv.cz/od/soubory/ciselniky/obce.json,2026-08-21
obec,Obec/555363,CZ041,Karlovarský kraj,https://data.mpsv.cz/od/soubory/ciselniky/obce.json,2026-08-21
obec,Obec/537934,CZ041,Karlovarský kraj,https://data.mpsv.cz/od/soubory/ciselniky/obce.json,2026-08-21
obec,Obec/555380,CZ041,Karlovarský kraj,https://data.mpsv.cz/od/soubory/ciselniky/obce.json,2026-08-21
obec,Obec/555398,CZ041,Karlovarský kraj,https://data.mpsv.cz/od/soubory/ciselniky/obce.json,2026-08-21
obec,Obec/506494,CZ041,Karlovarský kraj,https://data.mpsv.cz/od/soubory/ciselniky/obce.json,2026-08-21
obec,Obec/555428,CZ041,Karlovarský kraj,https://data.mpsv.cz/od/soubory/ciselniky/obce.json,2026-08-21
obec,Obec/537969,CZ041,Karlovarský kraj,https://data.mpsv.cz/od/soubory/ciselniky/obce.json,2026-08-21
obec,Obec/555444,CZ041,Karlovarský kraj,https://data.mpsv.cz/od/soubory/ciselniky/obce.json,2026-08-21
obec,Obec/555452,CZ041,Karlovarský kraj,https://data.mpsv.cz/od/soubory/ciselniky/obce.json,2026-08-21
obec,Obec/556947,CZ041,Karlovarský kraj,https://data.mpsv.cz/od/soubory/ciselniky/obce.json,2026-08-21
obec,Obec/555479,CZ041,Karlovarský kraj,https://data.mpsv.cz/od/soubory/ciselniky/obce.json,2026-08-21
obec,Obec/555525,CZ041,Karlovarský kraj,https://data.mpsv.cz/od/soubory/ciselniky/obce.json,2026-08-21
obec,Obec/555533,CZ041,Karlovarský kraj,https://data.mpsv.cz/od/soubory/ciselniky/obce.json,2026-08-21
obec,Obec/538027,CZ041,Karlovarský kraj,https://data.mpsv.cz/od/soubory/ciselniky/obce.json,2026-08-21
obec,Obec/555550,CZ041,Karlovarský kraj,https://data.mpsv.cz/od/soubory/ciselniky/obce.json,2026-08-21
obec,Obec/555584,CZ041,Karlovarský kraj,https://data.mpsv.cz/od/soubory/ciselniky/obce.json,2026-08-21
obec,Obec/555592,CZ041,Karlovarský kraj,https://data.mpsv.cz/od/soubory/ciselniky/obce.json,2026-08-21
obec,Obec/555614,CZ041,Karlovarský kraj,https://data.mpsv.cz/od/soubory/ciselniky/obce.json,2026-08-21
obec,Obec/555622,CZ041,Karlovarský kraj,https://data.mpsv.cz/od/soubory/ciselniky/obce.json,2026-08-21
obec,Obec/537845,CZ041,Karlovarský kraj,https://data.mpsv.cz/od/soubory/ciselniky/obce.json,2026-08-21
obec,Obec/555657,CZ041,Karlovarský kraj,https://data.mpsv.cz/od/soubory/ciselniky/obce.json,2026-08-21
obec,Obec/555681,CZ041,Karlovarský kraj,https://data.mpsv.cz/od/soubory/ciselniky/obce.json,2026-08-21
obec,Obec/555690,CZ041,Karlovarský kraj,https://data.mpsv.cz/od/soubory/ciselniky/obce.json,2026-08-21
obec,Obec/555703,CZ041,Karlovarský kraj,https://data.mpsv.cz/od/soubory/ciselniky/obce.json,2026-08-21
obec,Obec/555711,CZ041,Karlovarský kraj,https://data.mpsv.cz/od/soubory/ciselniky/obce.json,2026-08-21
obec,Obec/555738,CZ041,Karlovarský kraj,https://data.mpsv.cz/od/soubory/ciselniky/obce.json,2026-08-21
obec,Obec/566675,CZ041,Karlovarský kraj,https://data.mpsv.cz/od/soubory/ciselniky/obce.json,2026-08-21
obec,Obec/578029,CZ041,Karlovarský kraj,https://data.mpsv.cz/od/soubory/ciselniky/obce.json,2026-08-21
obec,Obec/555762,CZ041,Karlovarský kraj,https://data.mpsv.cz/od/soubory/ciselniky/obce.json,2026-08-21
obec,Obec/541842,CZ032,Plzeňský kraj,https://data.mpsv.cz/od/soubory/ciselniky/obce.json,2026-08-21
obec,Obec/555797,CZ032,Plzeňský kraj,https://data.mpsv.cz/od/soubory/ciselniky/obce.json,2026-08-21
obec,Obec/555801,CZ032,Plzeňský kraj,https://data.mpsv.cz/od/soubory/ciselniky/obce.json,2026-08-21
obec,Obec/578088,CZ032,Plzeňský kraj,https://data.mpsv.cz/od/soubory/ciselniky/obce.json,2026-08-21
obec,Obec/555835,CZ032,Plzeňský kraj,https://data.mpsv.cz/od/soubory/ciselniky/obce.json,2026-08-21
obec,Obec/541923,CZ032,Plzeňský kraj,https://data.mpsv.cz/od/soubory/ciselniky/obce.json,2026-08-21
obec,Obec/555894,CZ032,Plzeňský kraj,https://data.mpsv.cz/od/soubory/ciselniky/obce.json,2026-08-21
obec,Obec/530085,CZ032,Plzeňský kraj,https://data.mpsv.cz/od/soubory/ciselniky/obce.json,2026-08-21
obec,Obec/555941,CZ032,Plzeňský kraj,https://data.mpsv.cz/od/soubory/ciselniky/obce.json,2026-08-21
obec,Obec/553531,CZ032,Plzeňský kraj,https://data.mpsv.cz/od/soubory/ciselniky/obce.json,2026-08-21
obec,Obec/542172,CZ032,Plzeňský kraj,https://data.mpsv.cz/od/soubory/ciselniky/obce.json,2026-08-21
obec,Obec/542024,CZ032,Plzeňský kraj,https://data.mpsv.cz/od/soubory/ciselniky/obce.json,2026-08-21
obec,Obec/578495,CZ032,Plzeňský kraj,https://data.mpsv.cz/od/soubory/ciselniky/obce.json,2026-08-21
obec,Obec/556041,CZ032,Plzeňský kraj,https://data.mpsv.cz/od/soubory/ciselniky/obce.json,2026-08-21
obec,Obec/556068,CZ032,Plzeňský kraj,https://data.mpsv.cz/od/soubory/ciselniky/obce.json,2026-08-21
obec,Obec/556076,CZ032,Plzeňský kraj,https://data.mpsv.cz/od/soubory/ciselniky/obce.json,2026-08-21
obec,Obec/530123,CZ032,Plzeňský kraj,https://data.mpsv.cz/od/soubory/ciselniky/obce.json,2026-08-21
obec,Obec/556106,CZ032,Plzeňský kraj,https://data.mpsv.cz/od/soubory/ciselniky/obce.json,2026-08-21
obec,Obec/578517,CZ032,Plzeňský kraj,https://data.mpsv.cz/od/soubory/ciselniky/obce.json,2026-08-21
obec,Obec/566683,CZ032,Plzeňský kraj,https://data.mpsv.cz/od/soubory/ciselniky/obce.json,2026-08-21
obec,Obec/578525,CZ032,Plzeňský kraj,https://data.mpsv.cz/od/soubory/ciselniky/obce.json,2026-08-21
obec,Obec/578240,CZ032,Plzeňský kraj,https://data.mpsv.cz/od/soubory/ciselniky/obce.json,2026-08-21
obec,Obec/556181,CZ032,Plzeňský kraj,https://data.mpsv.cz/od/soubory/ciselniky/obce.json,2026-08-21
obec,Obec/541796,CZ032,Plzeňský kraj,https://data.mpsv.cz/od/soubory/ciselniky/obce.json,2026-08-21
obec,Obec/556203,CZ032,Plzeňský kraj,https://data.mpsv.cz/od/soubory/ciselniky/obce.json,2026-08-21
obec,Obec/542083,CZ032,Plzeňský kraj,https://data.mpsv.cz/od/soubory/ciselniky/obce.json,2026-08-21
obec,Obec/556254,CZ032,Plzeňský kraj,https://data.mpsv.cz/od/soubory/ciselniky/obce.json,2026-08-21
obec,Obec/542091,CZ032,Plzeňský kraj,https://data.mpsv.cz/od/soubory/ciselniky/obce.json,2026-08-21
obec,Obec/556301,CZ032,Plzeňský kraj,https://data.mpsv.cz/od/soubory/ciselniky/obce.json,2026-08-21
obec,Obec/556319,CZ032,Plzeňský kraj,https://data.mpsv.cz/od/soubory/ciselniky/obce.json,2026-08-21
obec,Obec/556335,CZ032,Plzeňský kraj,https://data.mpsv.cz/od/soubory/ciselniky/obce.json,2026-08-21
obec,Obec/556343,CZ032,Plzeňský kraj,https://data.mpsv.cz/od/soubory/ciselniky/obce.json,2026-08-21
obec,Obec/556378,CZ032,Plzeňský kraj,https://data.mpsv.cz/od/soubory/ciselniky/obce.json,2026-08-21
obec,Obec/556386,CZ032,Plzeňský kraj,https://data.mpsv.cz/od/soubory/ciselniky/obce.json,2026-08-21
obec,Obec/556394,CZ032,Plzeňský kraj,https://data.mpsv.cz/od/soubory/ciselniky/obce.json,2026-08-21
obec,Obec/541869,CZ032,Plzeňský kraj,https://data.mpsv.cz/od/soubory/ciselniky/obce.json,2026-08-21
obec,Obec/541753,CZ032,Plzeňský kraj,https://data.mpsv.cz/od/soubory/ciselniky/obce.json,2026-08-21
obec,Obec/556432,CZ032,Plzeňský kraj,https://data.mpsv.cz/od/soubory/ciselniky/obce.json,2026-08-21
obec,Obec/541826,CZ032,Plzeňský kraj,https://data.mpsv.cz/od/soubory/ciselniky/obce.json,2026-08-21
obec,Obec/555771,CZ032,Plzeňský kraj,https://data.mpsv.cz/od/soubory/ciselniky/obce.json,2026-08-21
obec,Obec/541851,CZ032,Plzeňský kraj,https://data.mpsv.cz/od/soubory/ciselniky/obce.json,2026-08-21
obec,Obec/556467,CZ032,Plzeňský kraj,https://data.mpsv.cz/od/soubory/ciselniky/obce.json,2026-08-21
obec,Obec/578177,CZ032,Plzeňský kraj,https://data.mpsv.cz/od/soubory/ciselniky/obce.json,2026-08-21
obec,Obec/556505,CZ032,Plzeňský kraj,https://data.mpsv.cz/od/soubory/ciselniky/obce.json,2026-08-21
obec,Obec/541931,CZ032,Plzeňský kraj,https://data.mpsv.cz/od/soubory/ciselniky/obce.json,2026-08-21
obec,Obec/578070,CZ032,Plzeňský kraj,https://data.mpsv.cz/od/soubory/ciselniky/obce.json,2026-08-21
obec,Obec/556629,CZ032,Plzeňský kraj,https://data.mpsv.cz/od/soubory/ciselniky/obce.json,2026-08-21
obec,Obec/578410,CZ032,Plzeňský kraj,https://data.mpsv.cz/od/soubory/ciselniky/obce.json,2026-08-21
obec,Obec/556637,CZ032,Plzeňský kraj,https://data.mpsv.cz/od/soubory/ciselniky/obce.json,2026-08-21
obec,Obec/578461,CZ032,Plzeňský kraj,https://data.mpsv.cz/od/soubory/ciselniky/obce.json,2026-08-21
obec,Obec/542059,CZ032,Plzeňský kraj,https://data.mpsv.cz/od/soubory/ciselniky/obce.json,2026-08-21
obec,Obec/542148,CZ032,Plzeňský kraj,https://data.mpsv.cz/od/soubory/ciselniky/obce.json,2026-08-21
obec,Obec/556718,CZ032,Plzeňský kraj,https://data.mpsv.cz/od/soubory/ciselniky/obce.json,2026-08-21
obec,Obec/556726,CZ032,Plzeňský kraj,https://data.mpsv.cz/od/soubory/ciselniky/obce.json,2026-08-21
obec,Obec/556734,CZ032,Plzeňský kraj,https://data.mpsv.cz/od/soubory/ciselniky/obce.json,2026-08-21
obec,Obec/541745,CZ032,Plzeňský kraj,https://data.mpsv.cz/od/soubory/ciselniky/obce.json,2026-08-21
obec,Obec/556751,CZ032,Plzeňský kraj,https://data.mpsv.cz/od/soubory/ciselniky/obce.json,2026-08-21
obec,Obec/578223,CZ032,Plzeňský kraj,https://data.mpsv.cz/od/soubory/ciselniky/obce.json,2026-08-21
obec,Obec/578533,CZ032,Plzeňský kraj,https://data.mpsv.cz/od/soubory/ciselniky/obce.json,2026-08-21
obec,Obec/556815,CZ032,Plzeňský kraj,https://data.mpsv.cz/od/soubory/ciselniky/obce.json,2026-08-21
obec,Obec/556831,CZ032,Plzeňský kraj,https://data.mpsv.cz/od/soubory/ciselniky/obce.json,2026-08-21
obec,Obec/541915,CZ032,Plzeňský kraj,https://data.mpsv.cz/od/soubory/ciselniky/obce.json,2026-08-21
obec,Obec/541958,CZ032,Plzeňský kraj,https://data.mpsv.cz/od/soubory/ciselniky/obce.json,2026-08-21
obec,Obec/578061,CZ032,Plzeňský kraj,https://data.mpsv.cz/od/soubory/ciselniky/obce.json,2026-08-21
obec,Obec/556912,CZ032,Plzeňský kraj,https://data.mpsv.cz/od/soubory/ciselniky/obce.json,2026-08-21
obec,Obec/556921,CZ032,Plzeňský kraj,https://data.mpsv.cz/od/soubory/ciselniky/obce.json,2026-08-21
obec,Obec/556955,CZ032,Plzeňský kraj,https://data.mpsv.cz/od/soubory/ciselniky/obce.json,2026-08-21
obec,Obec/551686,CZ032,Plzeňský kraj,https://data.mpsv.cz/od/soubory/ciselniky/obce.json,2026-08-21
obec,Obec/541788,CZ032,Plzeňský kraj,https://data.mpsv.cz/od/soubory/ciselniky/obce.json,2026-08-21
obec,Obec/556084,CZ032,Plzeňský kraj,https://data.mpsv.cz/od/soubory/ciselniky/obce.json,2026-08-21
obec,Obec/557005,CZ032,Plzeňský kraj,https://data.mpsv.cz/od/soubory/ciselniky/obce.json,2026-08-21
obec,Obec/557013,CZ032,Plzeňský kraj,https://data.mpsv.cz/od/soubory/ciselniky/obce.json,2026-08-21
obec,Obec/557021,CZ032,Plzeňský kraj,https://data.mpsv.cz/od/soubory/ciselniky/obce.json,2026-08-21
obec,Obec/578436,CZ032,Plzeňský kraj,https://data.mpsv.cz/od/soubory/ciselniky/obce.json,2026-08-21
obec,Obec/557099,CZ032,Plzeňský kraj,https://data.mpsv.cz/od/soubory/ciselniky/obce.json,2026-08-21
obec,Obec/557111,CZ032,Plzeňský kraj,https://data.mpsv.cz/od/soubory/ciselniky/obce.json,2026-08-21
obec,Obec/557129,CZ032,Plzeňský kraj,https://data.mpsv.cz/od/soubory/ciselniky/obce.json,2026-08-21
obec,Obec/557137,CZ032,Plzeňský kraj,https://data.mpsv.cz/od/soubory/ciselniky/obce.json,2026-08-21
obec,Obec/557153,CZ032,Plzeňský kraj,https://data.mpsv.cz/od/soubory/ciselniky/obce.json,2026-08-21
obec,Obec/557161,CZ032,Plzeňský kraj,https://data.mpsv.cz/od/soubory/ciselniky/obce.json,2026-08-21
obec,Obec/557200,CZ032,Plzeňský kraj,https://data.mpsv.cz/od/soubory/ciselniky/obce.json,2026-08-21
obec,Obec/553522,CZ032,Plzeňský kraj,https://data.mpsv.cz/od/soubory/ciselniky/obce.json,2026-08-21
obec,Obec/541885,CZ032,Plzeňský kraj,https://data.mpsv.cz/od/soubory/ciselniky/obce.json,2026-08-21
obec,Obec/578321,CZ032,Plzeňský kraj,https://data.mpsv.cz/od/soubory/ciselniky/obce.json,2026-08-21
obec,Obec/557366,CZ032,Plzeňský kraj,https://data.mpsv.cz/od/soubory/ciselniky/obce.json,2026-08-21
obec,Obec/557374,CZ032,Plzeňský kraj,https://data.mpsv.cz/od/soubory/ciselniky/obce.json,2026-08-21
obec,Obec/557382,CZ032,Plzeňský kraj,https://data.mpsv.cz/od/soubory/ciselniky/obce.json,2026-08-21
obec,Obec/557455,CZ032,Plzeňský kraj,https://data.mpsv.cz/od/soubory/ciselniky/obce.json,2026-08-21
obec,Obec/566055,CZ032,Plzeňský kraj,https://data.mpsv.cz/od/soubory/ciselniky/obce.json,2026-08-21
obec,Obec/557463,CZ032,Plzeňský kraj,https://data.mpsv.cz/od/soubory/ciselniky/obce.json,2026-08-21
obec,Obec/578312,CZ032,Plzeňský kraj,https://data.mpsv.cz/od/soubory/ciselniky/obce.json,2026-08-21
obec,Obec/557528,CZ032,Plzeňský kraj,https://data.mpsv.cz/od/soubory/ciselniky/obce.json,2026-08-21
obec,Obec/557536,CZ032,Plzeňský kraj,https://data.mpsv.cz/od/soubory/ciselniky/obce.json,2026-08-21
obec,Obec/557544,CZ032,Plzeňský kraj,https://data.mpsv.cz/od/soubory/ciselniky/obce.json,2026-08-21
obec,Obec/558851,CZ032,Plzeňský kraj,https://data.mpsv.cz/od/soubory/ciselniky/obce.json,2026-08-21
obec,Obec/558966,CZ032,Plzeňský kraj,https://data.mpsv.cz/od/soubory/ciselniky/obce.json,2026-08-21
obec,Obec/557846,CZ032,Plzeňský kraj,https://data.mpsv.cz/od/soubory/ciselniky/obce.json,2026-08-21
obec,Obec/559130,CZ032,Plzeňský kraj,https://data.mpsv.cz/od/soubory/ciselniky/obce.json,2026-08-21
obec,Obec/540561,CZ032,Plzeňský kraj,https://data.mpsv.cz/od/soubory/ciselniky/obce.json,2026-08-21
obec,Obec/578606,CZ032,Plzeňský kraj,https://data.mpsv.cz/od/soubory/ciselniky/obce.json,2026-08-21
obec,Obec/558001,CZ032,Plzeňský kraj,https://data.mpsv.cz/od/soubory/ciselniky/obce.json,2026-08-21
obec,Obec/540641,CZ032,Plzeňský kraj,https://data.mpsv.cz/od/soubory/ciselniky/obce.json,2026-08-21
obec,Obec/553590,CZ032,Plzeňský kraj,https://data.mpsv.cz/od/soubory/ciselniky/obce.json,2026-08-21
obec,Obec/558141,CZ032,Plzeňský kraj,https://data.mpsv.cz/od/soubory/ciselniky/obce.json,2026-08-21
obec,Obec/554791,CZ032,Plzeňský kraj,https://data.mpsv.cz/od/soubory/ciselniky/obce.json,2026-08-21
obec,Obec/558371,CZ032,Plzeňský kraj,https://data.mpsv.cz/od/soubory/ciselniky/obce.json,2026-08-21
obec,Obec/558427,CZ032,Plzeňský kraj,https://data.mpsv.cz/od/soubory/ciselniky/obce.json,2026-08-21
obec,Obec/539741,CZ032,Plzeňský kraj,https://data.mpsv.cz/od/soubory/ciselniky/obce.json,2026-08-21
obec,Obec/558460,CZ032,Plzeňský kraj,https://data.mpsv.cz/od/soubory/ciselniky/obce.json,2026-08-21
obec,Obec/557587,CZ032,Plzeňský kraj,https://data.mpsv.cz/od/soubory/ciselniky/obce.json,2026-08-21
obec,Obec/540463,CZ032,Plzeňský kraj,https://data.mpsv.cz/od/soubory/ciselniky/obce.json,2026-08-21
obec,Obec/566705,CZ032,Plzeňský kraj,https://data.mpsv.cz/od/soubory/ciselniky/obce.json,2026-08-21
obec,Obec/542156,CZ032,Plzeňský kraj,https://data.mpsv.cz/od/soubory/ciselniky/obce.json,2026-08-21
obec,Obec/546372,CZ032,Plzeňský kraj,https://data.mpsv.cz/od/soubory/ciselniky/obce.json,2026-08-21
obec,Obec/553506,CZ032,Plzeňský kraj,https://data.mpsv.cz/od/soubory/ciselniky/obce.json,2026-08-21
obec,Obec/566080,CZ032,Plzeňský kraj,https://data.mpsv.cz/od/soubory/ciselniky/obce.json,2026-08-21
obec,Obec/566098,CZ032,Plzeňský kraj,https://data.mpsv.cz/od/soubory/ciselniky/obce.json,2026-08-21
obec,Obec/557641,CZ032,Plzeňský kraj,https://data.mpsv.cz/od/soubory/ciselniky/obce.json,2026-08-21
obec,Obec/557650,CZ032,Plzeňský kraj,https://data.mpsv.cz/od/soubory/ciselniky/obce.json,2026-08-21
obec,Obec/578568,CZ032,Plzeňský kraj,https://data.mpsv.cz/od/soubory/ciselniky/obce.json,2026-08-21
obec,Obec/557668,CZ032,Plzeňský kraj,https://data.mpsv.cz/od/soubory/ciselniky/obce.json,2026-08-21
obec,Obec/557676,CZ032,Plzeňský kraj,https://data.mpsv.cz/od/soubory/ciselniky/obce.json,2026-08-21
obec,Obec/539945,CZ032,Plzeňský kraj,https://data.mpsv.cz/od/soubory/ciselniky/obce.json,2026-08-21
obec,Obec/557684,CZ032,Plzeňský kraj,https://data.mpsv.cz/od/soubory/ciselniky/obce.json,2026-08-21
obec,Obec/540251,CZ032,Plzeňský kraj,https://data.mpsv.cz/od/soubory/ciselniky/obce.json,2026-08-21
obec,Obec/553654,CZ032,Plzeňský kraj,https://data.mpsv.cz/od/soubory/ciselniky/obce.json,2026-08-21
obec,Obec/540668,CZ032,Plzeňský kraj,https://data.mpsv.cz/od/soubory/ciselniky/obce.json,2026-08-21
obec,Obec/553662,CZ032,Plzeňský kraj,https://data.mpsv.cz/od/soubory/ciselniky/obce.json,2026-08-21
obec,Obec/539821,CZ032,Plzeňský kraj,https://data.mpsv.cz/od/soubory/ciselniky/obce.json,2026-08-21
obec,Obec/557722,CZ032,Plzeňský kraj,https://data.mpsv.cz/od/soubory/ciselniky/obce.json,2026-08-21
obec,Obec/557731,CZ032,Plzeňský kraj,https://data.mpsv.cz/od/soubory/ciselniky/obce.json,2026-08-21
obec,Obec/557749,CZ032,Plzeňský kraj,https://data.mpsv.cz/od/soubory/ciselniky/obce.json,2026-08-21
obec,Obec/557773,CZ032,Plzeňský kraj,https://data.mpsv.cz/od/soubory/ciselniky/obce.json,2026-08-21
obec,Obec/557781,CZ032,Plzeňský kraj,https://data.mpsv.cz/od/soubory/ciselniky/obce.json,2026-08-21
obec,Obec/540307,CZ032,Plzeňský kraj,https://data.mpsv.cz/od/soubory/ciselniky/obce.json,2026-08-21
obec,Obec/557803,CZ032,Plzeňský kraj,https://data.mpsv.cz/od/soubory/ciselniky/obce.json,2026-08-21
obec,Obec/557838,CZ032,Plzeňský kraj,https://data.mpsv.cz/od/soubory/ciselniky/obce.json,2026-08-21
obec,Obec/578541,CZ032,Plzeňský kraj,https://data.mpsv.cz/od/soubory/ciselniky/obce.json,2026-08-21
obec,Obec/557862,CZ032,Plzeňský kraj,https://data.mpsv.cz/od/soubory/ciselniky/obce.json,2026-08-21
obec,Obec/557871,CZ032,Plzeňský kraj,https://data.mpsv.cz/od/soubory/ciselniky/obce.json,2026-08-21
obec,Obec/557897,CZ032,Plzeňský kraj,https://data.mpsv.cz/od/soubory/ciselniky/obce.json,2026-08-21
obec,Obec/540633,CZ032,Plzeňský kraj,https://data.mpsv.cz/od/soubory/ciselniky/obce.json,2026-08-21
obec,Obec/540200,CZ032,Plzeňský kraj,https://data.mpsv.cz/od/soubory/ciselniky/obce.json,2026-08-21
obec,Obec/557943,CZ032,Plzeňský kraj,https://data.mpsv.cz/od/soubory/ciselniky/obce.json,2026-08-21
obec,Obec/553841,CZ032,Plzeňský kraj,https://data.mpsv.cz/od/soubory/ciselniky/obce.json,2026-08-21
obec,Obec/557951,CZ032,Plzeňský kraj,https://data.mpsv.cz/od/soubory/ciselniky/obce.json,2026-08-21
obec,Obec/540064,CZ032,Plzeňský kraj,https://data.mpsv.cz/od/soubory/ciselniky/obce.json,2026-08-21
obec,Obec/540617,CZ032,Plzeňský kraj,https://data.mpsv.cz/od/soubory/ciselniky/obce.json,2026-08-21
obec,Obec/558010,CZ032,Plzeňský kraj,https://data.mpsv.cz/od/soubory/ciselniky/obce.json,2026-08-21
obec,Obec/558028,CZ032,Plzeňský kraj,https://data.mpsv.cz/od/soubory/ciselniky/obce.json,2026-08-21
obec,Obec/539716,CZ032,Plzeňský kraj,https://data.mpsv.cz/od/soubory/ciselniky/obce.json,2026-08-21
obec,Obec/558044,CZ032,Plzeňský kraj,https://data.mpsv.cz/od/soubory/ciselniky/obce.json,2026-08-21
obec,Obec/558052,CZ032,Plzeňský kraj,https://data.mpsv.cz/od/soubory/ciselniky/obce.json,2026-08-21
obec,Obec/530140,CZ032,Plzeňský kraj,https://data.mpsv.cz/od/soubory/ciselniky/obce.json,2026-08-21
obec,Obec/546399,CZ032,Plzeňský kraj,https://data.mpsv.cz/od/soubory/ciselniky/obce.json,2026-08-21
obec,Obec/558061,CZ032,Plzeňský kraj,https://data.mpsv.cz/od/soubory/ciselniky/obce.json,2026-08-21
obec,Obec/558079,CZ032,Plzeňský kraj,https://data.mpsv.cz/od/soubory/ciselniky/obce.json,2026-08-21
obec,Obec/540340,CZ032,Plzeňský kraj,https://data.mpsv.cz/od/soubory/ciselniky/obce.json,2026-08-21
obec,Obec/558095,CZ032,Plzeňský kraj,https://data.mpsv.cz/od/soubory/ciselniky/obce.json,2026-08-21
obec,Obec/558109,CZ032,Plzeňský kraj,https://data.mpsv.cz/od/soubory/ciselniky/obce.json,2026-08-21
obec,Obec/558117,CZ032,Plzeňský kraj,https://data.mpsv.cz/od/soubory/ciselniky/obce.json,2026-08-21
obec,Obec/554022,CZ032,Plzeňský kraj,https://data.mpsv.cz/od/soubory/ciselniky/obce.json,2026-08-21
obec,Obec/558125,CZ032,Plzeňský kraj,https://data.mpsv.cz/od/soubory/ciselniky/obce.json,2026-08-21
obec,Obec/542296,CZ032,Plzeňský kraj,https://data.mpsv.cz/od/soubory/ciselniky/obce.json,2026-08-21
obec,Obec/540102,CZ032,Plzeňský kraj,https://data.mpsv.cz/od/soubory/ciselniky/obce.json,2026-08-21
obec,Obec/540269,CZ032,Plzeňský kraj,https://data.mpsv.cz/od/soubory/ciselniky/obce.json,2026-08-21
obec,Obec/558176,CZ032,Plzeňský kraj,https://data.mpsv.cz/od/soubory/ciselniky/obce.json,2026-08-21
obec,Obec/539783,CZ032,Plzeňský kraj,https://data.mpsv.cz/od/soubory/ciselniky/obce.json,2026-08-21
obec,Obec/558184,CZ032,Plzeňský kraj,https://data.mpsv.cz/od/soubory/ciselniky/obce.json,2026-08-21
obec,Obec/540293,CZ032,Plzeňský kraj,https://data.mpsv.cz/od/soubory/ciselniky/obce.json,2026-08-21
obec,Obec/553565,CZ032,Plzeňský kraj,https://data.mpsv.cz/od/soubory/ciselniky/obce.json,2026-08-21
obec,Obec/558231,CZ032,Plzeňský kraj,https://data.mpsv.cz/od/soubory/ciselniky/obce.json,2026-08-21
obec,Obec/540412,CZ032,Plzeňský kraj,https://data.mpsv.cz/od/soubory/ciselniky/obce.json,2026-08-21
obec,Obec/530131,CZ032,Plzeňský kraj,https://data.mpsv.cz/od/soubory/ciselniky/obce.json,2026-08-21
obec,Obec/558249,CZ032,Plzeňský kraj,https://data.mpsv.cz/od/soubory/ciselniky/obce.json,2026-08-21
obec,Obec/558257,CZ032,Plzeňský kraj,https://data.mpsv.cz/od/soubory/ciselniky/obce.json,2026-08-21
obec,Obec/558265,CZ032,Plzeňský kraj,https://data.mpsv.cz/od/soubory/ciselniky/obce.json,2026-08-21
obec,Obec/540421,CZ032,Plzeňský kraj,https://data.mpsv.cz/od/soubory/ciselniky/obce.json,2026-08-21
obec,Obec/558290,CZ032,Plzeňský kraj,https://data.mpsv.cz/od/soubory/ciselniky/obce.json,2026-08-21
obec,Obec/558303,CZ032,Plzeňský kraj,https://data.mpsv.cz/od/soubory/ciselniky/obce.json,2026-08-21
obec,Obec/558311,CZ032,Plzeňský kraj,https://data.mpsv.cz/od/soubory/ciselniky/obce.json,2026-08-21
obec,Obec/540692,CZ032,Plzeňský kraj,https://data.mpsv.cz/od/soubory/ciselniky/obce.json,2026-08-21
obec,Obec/539937,CZ032,Plzeňský kraj,https://data.mpsv.cz/od/soubory/ciselniky/obce.json,2026-08-21
obec,Obec/558346,CZ032,Plzeňský kraj,https://data.mpsv.cz/od/soubory/ciselniky/obce.json,2026-08-21
obec,Obec/558362,CZ032,Plzeňský kraj,https://data.mpsv.cz/od/soubory/ciselniky/obce.json,2026-08-21
obec,Obec/540676,CZ032,Plzeňský kraj,https://data.mpsv.cz/od/soubory/ciselniky/obce.json,2026-08-21
obec,Obec/558389,CZ032,Plzeňský kraj,https://data.mpsv.cz/od/soubory/ciselniky/obce.json,2026-08-21
obec,Obec/540056,CZ032,Plzeňský kraj,https://data.mpsv.cz/od/soubory/ciselniky/obce.json,2026-08-21
obec,Obec/558401,CZ032,Plzeňský kraj,https://data.mpsv.cz/od/soubory/ciselniky/obce.json,2026-08-21
obec,Obec/558435,CZ032,Plzeňský kraj,https://data.mpsv.cz/od/soubory/ciselniky/obce.json,2026-08-21
obec,Obec/566101,CZ032,Plzeňský kraj,https://data.mpsv.cz/od/soubory/ciselniky/obce.json,2026-08-21
obec,Obec/578614,CZ032,Plzeňský kraj,https://data.mpsv.cz/od/soubory/ciselniky/obce.json,2026-08-21
obec,Obec/578592,CZ032,Plzeňský kraj,https://data.mpsv.cz/od/soubory/ciselniky/obce.json,2026-08-21
obec,Obec/539929,CZ032,Plzeňský kraj,https://data.mpsv.cz/od/soubory/ciselniky/obce.json,2026-08-21
obec,Obec/540528,CZ032,Plzeňský kraj,https://data.mpsv.cz/od/soubory/ciselniky/obce.json,2026-08-21
obec,Obec/558486,CZ032,Plzeňský kraj,https://data.mpsv.cz/od/soubory/ciselniky/obce.json,2026-08-21
obec,Obec/558494,CZ032,Plzeňský kraj,https://data.mpsv.cz/od/soubory/ciselniky/obce.json,2026-08-21
obec,Obec/566691,CZ032,Plzeňský kraj,https://data.mpsv.cz/od/soubory/ciselniky/obce.json,2026-08-21
obec,Obec/540706,CZ032,Plzeňský kraj,https://data.mpsv.cz/od/soubory/ciselniky/obce.json,2026-08-21
obec,Obec/558559,CZ032,Plzeňský kraj,https://data.mpsv.cz/od/soubory/ciselniky/obce.json,2026-08-21
obec,Obec/558567,CZ032,Plzeňský kraj,https://data.mpsv.cz/od/soubory/ciselniky/obce.json,2026-08-21
obec,Obec/566071,CZ032,Plzeňský kraj,https://data.mpsv.cz/od/soubory/ciselniky/obce.json,2026-08-21
obec,Obec/558583,CZ032,Plzeňský kraj,https://data.mpsv.cz/od/soubory/ciselniky/obce.json,2026-08-21
obec,Obec/558591,CZ032,Plzeňský kraj,https://data.mpsv.cz/od/soubory/ciselniky/obce.json,2026-08-21
obec,Obec/530182,CZ032,Plzeňský kraj,https://data.mpsv.cz/od/soubory/ciselniky/obce.json,2026-08-21
obec,Obec/558605,CZ032,Plzeňský kraj,https://data.mpsv.cz/od/soubory/ciselniky/obce.json,2026-08-21
obec,Obec/558630,CZ032,Plzeňský kraj,https://data.mpsv.cz/od/soubory/ciselniky/obce.json,2026-08-21
obec,Obec/540137,CZ032,Plzeňský kraj,https://data.mpsv.cz/od/soubory/ciselniky/obce.json,2026-08-21
obec,Obec/566756,CZ032,Plzeňský kraj,https://data.mpsv.cz/od/soubory/ciselniky/obce.json,2026-08-21
obec,Obec/558656,CZ032,Plzeňský kraj,https://data.mpsv.cz/od/soubory/ciselniky/obce.json,2026-08-21
obec,Obec/530239,CZ032,Plzeňský kraj,https://data.mpsv.cz/od/soubory/ciselniky/obce.json,2026-08-21
obec,Obec/558672,CZ032,Plzeňský kraj,https://data.mpsv.cz/od/soubory/ciselniky/obce.json,2026-08-21
obec,Obec/566764,CZ032,Plzeňský kraj,https://data.mpsv.cz/od/soubory/ciselniky/obce.json,2026-08-21
obec,Obec/566471,CZ032,Plzeňský kraj,https://data.mpsv.cz/od/soubory/ciselniky/obce.json,2026-08-21
obec,Obec/566489,CZ032,Plzeňský kraj,https://data.mpsv.cz/od/soubory/ciselniky/obce.json,2026-08-21
obec,Obec/558699,CZ032,Plzeňský kraj,https://data.mpsv.cz/od/soubory/ciselniky/obce.json,2026-08-21
obec,Obec/558711,CZ032,Plzeňský kraj,https://data.mpsv.cz/od/soubory/ciselniky/obce.json,2026-08-21
obec,Obec/566632,CZ032,Plzeňský kraj,https://data.mpsv.cz/od/soubory/ciselniky/obce.json,2026-08-21
obec,Obec/530328,CZ032,Plzeňský kraj,https://data.mpsv.cz/od/soubory/ciselniky/obce.json,2026-08-21
obec,Obec/558745,CZ032,Plzeňský kraj,https://data.mpsv.cz/od/soubory/ciselniky/obce.json,2026-08-21
obec,Obec/558770,CZ032,Plzeňský kraj,https://data.mpsv.cz/od/soubory/ciselniky/obce.json,2026-08-21
obec,Obec/558788,CZ032,Plzeňský kraj,https://data.mpsv.cz/od/soubory/ciselniky/obce.json,2026-08-21
obec,Obec/558796,CZ032,Plzeňský kraj,https://data.mpsv.cz/od/soubory/ciselniky/obce.json,2026-08-21
obec,Obec/558800,CZ032,Plzeňský kraj,https://data.mpsv.cz/od/soubory/ciselniky/obce.json,2026-08-21
obec,Obec/578665,CZ032,Plzeňský kraj,https://data.mpsv.cz/od/soubory/ciselniky/obce.json,2026-08-21
obec,Obec/558834,CZ032,Plzeňský kraj,https://data.mpsv.cz/od/soubory/ciselniky/obce.json,2026-08-21
obec,Obec/558869,CZ032,Plzeňský kraj,https://data.mpsv.cz/od/soubory/ciselniky/obce.json,2026-08-21
obec,Obec/566390,CZ032,Plzeňský kraj,https://data.mpsv.cz/od/soubory/ciselniky/obce.json,2026-08-21
obec,Obec/530221,CZ032,Plzeňský kraj,https://data.mpsv.cz/od/soubory/ciselniky/obce.json,2026-08-21
obec,Obec/566730,CZ032,Plzeňský kraj,https://data.mpsv.cz/od/soubory/ciselniky/obce.json,2026-08-21
obec,Obec/558877,CZ032,Plzeňský kraj,https://data.mpsv.cz/od/soubory/ciselniky/obce.json,2026-08-21
obec,Obec/558885,CZ032,Plzeňský kraj,https://data.mpsv.cz/od/soubory/ciselniky/obce.json,2026-08-21
obec,Obec/558915,CZ032,Plzeňský kraj,https://data.mpsv.cz/od/soubory/ciselniky/obce.json,2026-08-21
obec,Obec/558931,CZ032,Plzeňský kraj,https://data.mpsv.cz/od/soubory/ciselniky/obce.json,2026-08-21
obec,Obec/558940,CZ032,Plzeňský kraj,https://data.mpsv.cz/od/soubory/ciselniky/obce.json,2026-08-21
obec,Obec/558974,CZ032,Plzeňský kraj,https://data.mpsv.cz/od/soubory/ciselniky/obce.json,2026-08-21
obec,Obec/558982,CZ032,Plzeňský kraj,https://data.mpsv.cz/od/soubory/ciselniky/obce.json,2026-08-21
obec,Obec/558991,CZ032,Plzeňský kraj,https://data.mpsv.cz/od/soubory/ciselniky/obce.json,2026-08-21
obec,Obec/559008,CZ032,Plzeňský kraj,https://data.mpsv.cz/od/soubory/ciselniky/obce.json,2026-08-21
obec,Obec/538183,CZ032,Plzeňský kraj,https://data.mpsv.cz/od/soubory/ciselniky/obce.json,2026-08-21
obec,Obec/578771,CZ032,Plzeňský kraj,https://data.mpsv.cz/od/soubory/ciselniky/obce.json,2026-08-21
obec,Obec/559024,CZ032,Plzeňský kraj,https://data.mpsv.cz/od/soubory/ciselniky/obce.json,2026-08-21
obec,Obec/559032,CZ032,Plzeňský kraj,https://data.mpsv.cz/od/soubory/ciselniky/obce.json,2026-08-21
obec,Obec/559041,CZ032,Plzeňský kraj,https://data.mpsv.cz/od/soubory/ciselniky/obce.json,2026-08-21
obec,Obec/559059,CZ032,Plzeňský kraj,https://data.mpsv.cz/od/soubory/ciselniky/obce.json,2026-08-21
obec,Obec/559067,CZ032,Plzeňský kraj,https://data.mpsv.cz/od/soubory/ciselniky/obce.json,2026-08-21
obec,Obec/559075,CZ032,Plzeňský kraj,https://data.mpsv.cz/od/soubory/ciselniky/obce.json,2026-08-21
obec,Obec/559083,CZ032,Plzeňský kraj,https://data.mpsv.cz/od/soubory/ciselniky/obce.json,2026-08-21
obec,Obec/559091,CZ032,Plzeňský kraj,https://data.mpsv.cz/od/soubory/ciselniky/obce.json,2026-08-21
obec,Obec/559105,CZ032,Plzeňský kraj,https://data.mpsv.cz/od/soubory/ciselniky/obce.json,2026-08-21
obec,Obec/559121,CZ032,Plzeňský kraj,https://data.mpsv.cz/od/soubory/ciselniky/obce.json,2026-08-21
obec,Obec/559148,CZ032,Plzeňský kraj,https://data.mpsv.cz/od/soubory/ciselniky/obce.json,2026-08-21
obec,Obec/559164,CZ032,Plzeňský kraj,https://data.mpsv.cz/od/soubory/ciselniky/obce.json,2026-08-21
obec,Obec/559172,CZ032,Plzeňský kraj,https://data.mpsv.cz/od/soubory/ciselniky/obce.json,2026-08-21
obec,Obec/566420,CZ032,Plzeňský kraj,https://data.mpsv.cz/od/soubory/ciselniky/obce.json,2026-08-21
obec,Obec/566462,CZ032,Plzeňský kraj,https://data.mpsv.cz/od/soubory/ciselniky/obce.json,2026-08-21
obec,Obec/566446,CZ032,Plzeňský kraj,https://data.mpsv.cz/od/soubory/ciselniky/obce.json,2026-08-21
obec,Obec/559202,CZ032,Plzeňský kraj,https://data.mpsv.cz/od/soubory/ciselniky/obce.json,2026-08-21
obec,Obec/559211,CZ032,Plzeňský kraj,https://data.mpsv.cz/od/soubory/ciselniky/obce.json,2026-08-21
obec,Obec/559237,CZ032,Plzeňský kraj,https://data.mpsv.cz/od/soubory/ciselniky/obce.json,2026-08-21
obec,Obec/559245,CZ032,Plzeňský kraj,https://data.mpsv.cz/od/soubory/ciselniky/obce.json,2026-08-21
obec,Obec/566543,CZ032,Plzeňský kraj,https://data.mpsv.cz/od/soubory/ciselniky/obce.json,2026-08-21
obec,Obec/559253,CZ032,Plzeňský kraj,https://data.mpsv.cz/od/soubory/ciselniky/obce.json,2026-08-21
obec,Obec/559261,CZ032,Plzeňský kraj,https://data.mpsv.cz/od/soubory/ciselniky/obce.json,2026-08-21
obec,Obec/559270,CZ032,Plzeňský kraj,https://data.mpsv.cz/od/soubory/ciselniky/obce.json,2026-08-21
obec,Obec/559288,CZ032,Plzeňský kraj,https://data.mpsv.cz/od/soubory/ciselniky/obce.json,2026-08-21
obec,Obec/559300,CZ032,Plzeňský kraj,https://data.mpsv.cz/od/soubory/ciselniky/obce.json,2026-08-21
obec,Obec/559318,CZ032,Plzeňský kraj,https://data.mpsv.cz/od/soubory/ciselniky/obce.json,2026-08-21
obec,Obec/559326,CZ032,Plzeňský kraj,https://data.mpsv.cz/od/soubory/ciselniky/obce.json,2026-08-21
obec,Obec/566781,CZ032,Plzeňský kraj,https://data.mpsv.cz/od/soubory/ciselniky/obce.json,2026-08-21
obec,Obec/559334,CZ032,Plzeňský kraj,https://data.mpsv.cz/od/soubory/ciselniky/obce.json,2026-08-21
obec,Obec/530336,CZ032,Plzeňský kraj,https://data.mpsv.cz/od/soubory/ciselniky/obce.json,2026-08-21
obec,Obec/559351,CZ032,Plzeňský kraj,https://data.mpsv.cz/od/soubory/ciselniky/obce.json,2026-08-21
obec,Obec/559369,CZ032,Plzeňský kraj,https://data.mpsv.cz/od/soubory/ciselniky/obce.json,2026-08-21
obec,Obec/559377,CZ032,Plzeňský kraj,https://data.mpsv.cz/od/soubory/ciselniky/obce.json,2026-08-21
obec,Obec/530247,CZ032,Plzeňský kraj,https://data.mpsv.cz/od/soubory/ciselniky/obce.json,2026-08-21
obec,Obec/559393,CZ032,Plzeňský kraj,https://data.mpsv.cz/od/soubory/ciselniky/obce.json,2026-08-21
obec,Obec/567086,CZ032,Plzeňský kraj,https://data.mpsv.cz/od/soubory/ciselniky/obce.json,2026-08-21
obec,Obec/559423,CZ032,Plzeňský kraj,https://data.mpsv.cz/od/soubory/ciselniky/obce.json,2026-08-21
obec,Obec/559431,CZ032,Plzeňský kraj,https://data.mpsv.cz/od/soubory/ciselniky/obce.json,2026-08-21
obec,Obec/530271,CZ032,Plzeňský kraj,https://data.mpsv.cz/od/soubory/ciselniky/obce.json,2026-08-21
obec,Obec/566748,CZ032,Plzeňský kraj,https://data.mpsv.cz/od/soubory/ciselniky/obce.json,2026-08-21
obec,Obec/553603,CZ032,Plzeňský kraj,https://data.mpsv.cz/od/soubory/ciselniky/obce.json,2026-08-21
obec,Obec/578797,CZ032,Plzeňský kraj,https://data.mpsv.cz/od/soubory/ciselniky/obce.json,2026-08-21
obec,Obec/578983,CZ032,Plzeňský kraj,https://data.mpsv.cz/od/soubory/ciselniky/obce.json,2026-08-21
obec,Obec/559482,CZ032,Plzeňský kraj,https://data.mpsv.cz/od/soubory/ciselniky/obce.json,2026-08-21
obec,Obec/559491,CZ032,Plzeňský kraj,https://data.mpsv.cz/od/soubory/ciselniky/obce.json,2026-08-21
obec,Obec/559504,CZ032,Plzeňský kraj,https://data.mpsv.cz/od/soubory/ciselniky/obce.json,2026-08-21
obec,Obec/559521,CZ032,Plzeňský kraj,https://data.mpsv.cz/od/soubory/ciselniky/obce.json,2026-08-21
obec,Obec/546411,CZ032,Plzeňský kraj,https://data.mpsv.cz/od/soubory/ciselniky/obce.json,2026-08-21
obec,Obec/566594,CZ032,Plzeňský kraj,https://data.mpsv.cz/od/soubory/ciselniky/obce.json,2026-08-21
obec,Obec/559555,CZ032,Plzeňský kraj,https://data.mpsv.cz/od/soubory/ciselniky/obce.json,2026-08-21
obec,Obec/559563,CZ032,Plzeňský kraj,https://data.mpsv.cz/od/soubory/ciselniky/obce.json,2026-08-21
obec,Obec/559571,CZ032,Plzeňský kraj,https://data.mpsv.cz/od/soubory/ciselniky/obce.json,2026-08-21
obec,Obec/559580,CZ032,Plzeňský kraj,https://data.mpsv.cz/od/soubory/ciselniky/obce.json,2026-08-21
obec,Obec/578924,CZ032,Plzeňský kraj,https://data.mpsv.cz/od/soubory/ciselniky/obce.json,2026-08-21
obec,Obec/559601,CZ032,Plzeňský kraj,https://data.mpsv.cz/od/soubory/ciselniky/obce.json,2026-08-21
obec,Obec/566497,CZ032,Plzeňský kraj,https://data.mpsv.cz/od/soubory/ciselniky/obce.json,2026-08-21
obec,Obec/559628,CZ032,Plzeňský kraj,https://data.mpsv.cz/od/soubory/ciselniky/obce.json,2026-08-21
obec,Obec/566969,CZ032,Plzeňský kraj,https://data.mpsv.cz/od/soubory/ciselniky/obce.json,2026-08-21
obec,Obec/530280,CZ032,Plzeňský kraj,https://data.mpsv.cz/od/soubory/ciselniky/obce.json,2026-08-21
obec,Obec/578827,CZ032,Plzeňský kraj,https://data.mpsv.cz/od/soubory/ciselniky/obce.json,2026-08-21
obec,Obec/559661,CZ032,Plzeňský kraj,https://data.mpsv.cz/od/soubory/ciselniky/obce.json,2026-08-21
obec,Obec/559679,CZ032,Plzeňský kraj,https://data.mpsv.cz/od/soubory/ciselniky/obce.json,2026-08-21
obec,Obec/559695,CZ032,Plzeňský kraj,https://data.mpsv.cz/od/soubory/ciselniky/obce.json,2026-08-21
obec,Obec/559709,CZ032,Plzeňský kraj,https://data.mpsv.cz/od/soubory/ciselniky/obce.json,2026-08-21
obec,Obec/541095,CZ032,Plzeňský kraj,https://data.mpsv.cz/od/soubory/ciselniky/obce.json,2026-08-21
obec,Obec/559725,CZ032,Plzeňský kraj,https://data.mpsv.cz/od/soubory/ciselniky/obce.json,2026-08-21
obec,Obec/559733,CZ032,Plzeňský kraj,https://data.mpsv.cz/od/soubory/ciselniky/obce.json,2026-08-21
obec,Obec/559741,CZ032,Plzeňský kraj,https://data.mpsv.cz/od/soubory/ciselniky/obce.json,2026-08-21
obec,Obec/559750,CZ032,Plzeňský kraj,https://data.mpsv.cz/od/soubory/ciselniky/obce.json,2026-08-21
obec,Obec/559768,CZ032,Plzeňský kraj,https://data.mpsv.cz/od/soubory/ciselniky/obce.json,2026-08-21
obec,Obec/540927,CZ032,Plzeňský kraj,https://data.mpsv.cz/od/soubory/ciselniky/obce.json,2026-08-21
obec,Obec/559776,CZ032,Plzeňský kraj,https://data.mpsv.cz/od/soubory/ciselniky/obce.json,2026-08-21
obec,Obec/530379,CZ032,Plzeňský kraj,https://data.mpsv.cz/od/soubory/ciselniky/obce.json,2026-08-21
obec,Obec/559792,CZ032,Plzeňský kraj,https://data.mpsv.cz/od/soubory/ciselniky/obce.json,2026-08-21
obec,Obec/559806,CZ032,Plzeňský kraj,https://data.mpsv.cz/od/soubory/ciselniky/obce.json,2026-08-21
obec,Obec/559814,CZ032,Plzeňský kraj,https://data.mpsv.cz/od/soubory/ciselniky/obce.json,2026-08-21
obec,Obec/559822,CZ032,Plzeňský kraj,https://data.mpsv.cz/od/soubory/ciselniky/obce.json,2026-08-21
obec,Obec/541001,CZ032,Plzeňský kraj,https://data.mpsv.cz/od/soubory/ciselniky/obce.json,2026-08-21
obec,Obec/559849,CZ032,Plzeňský kraj,https://data.mpsv.cz/od/soubory/ciselniky/obce.json,2026-08-21
obec,Obec/559857,CZ032,Plzeňský kraj,https://data.mpsv.cz/od/soubory/ciselniky/obce.json,2026-08-21
obec,Obec/540803,CZ032,Plzeňský kraj,https://data.mpsv.cz/od/soubory/ciselniky/obce.json,2026-08-21
obec,Obec/541141,CZ032,Plzeňský kraj,https://data.mpsv.cz/od/soubory/ciselniky/obce.json,2026-08-21
obec,Obec/579017,CZ032,Plzeňský kraj,https://data.mpsv.cz/od/soubory/ciselniky/obce.json,2026-08-21
obec,Obec/566811,CZ032,Plzeňský kraj,https://data.mpsv.cz/od/soubory/ciselniky/obce.json,2026-08-21
obec,Obec/541150,CZ032,Plzeňský kraj,https://data.mpsv.cz/od/soubory/ciselniky/obce.json,2026-08-21
obec,Obec/559903,CZ032,Plzeňský kraj,https://data.mpsv.cz/od/soubory/ciselniky/obce.json,2026-08-21
obec,Obec/530361,CZ032,Plzeňský kraj,https://data.mpsv.cz/od/soubory/ciselniky/obce.json,2026-08-21
obec,Obec/559911,CZ032,Plzeňský kraj,https://data.mpsv.cz/od/soubory/ciselniky/obce.json,2026-08-21
obec,Obec/559920,CZ032,Plzeňský kraj,https://data.mpsv.cz/od/soubory/ciselniky/obce.json,2026-08-21
obec,Obec/579033,CZ032,Plzeňský kraj,https://data.mpsv.cz/od/soubory/ciselniky/obce.json,2026-08-21
obec,Obec/567001,CZ032,Plzeňský kraj,https://data.mpsv.cz/od/soubory/ciselniky/obce.json,2026-08-21
obec,Obec/559946,CZ032,Plzeňský kraj,https://data.mpsv.cz/od/soubory/ciselniky/obce.json,2026-08-21
obec,Obec/559954,CZ032,Plzeňský kraj,https://data.mpsv.cz/od/soubory/ciselniky/obce.json,2026-08-21
obec,Obec/559962,CZ032,Plzeňský kraj,https://data.mpsv.cz/od/soubory/ciselniky/obce.json,2026-08-21
obec,Obec/553611,CZ032,Plzeňský kraj,https://data.mpsv.cz/od/soubory/ciselniky/obce.json,2026-08-21
obec,Obec/579009,CZ032,Plzeňský kraj,https://data.mpsv.cz/od/soubory/ciselniky/obce.json,2026-08-21
obec,Obec/579084,CZ032,Plzeňský kraj,https://data.mpsv.cz/od/soubory/ciselniky/obce.json,2026-08-21
obec,Obec/559997,CZ032,Plzeňský kraj,https://data.mpsv.cz/od/soubory/ciselniky/obce.json,2026-08-21
obec,Obec/560006,CZ032,Plzeňský kraj,https://data.mpsv.cz/od/soubory/ciselniky/obce.json,2026-08-21
obec,Obec/560014,CZ032,Plzeňský kraj,https://data.mpsv.cz/od/soubory/ciselniky/obce.json,2026-08-21
obec,Obec/566837,CZ032,Plzeňský kraj,https://data.mpsv.cz/od/soubory/ciselniky/obce.json,2026-08-21
obec,Obec/541192,CZ032,Plzeňský kraj,https://data.mpsv.cz/od/soubory/ciselniky/obce.json,2026-08-21
obec,Obec/560057,CZ032,Plzeňský kraj,https://data.mpsv.cz/od/soubory/ciselniky/obce.json,2026-08-21
obec,Obec/566993,CZ032,Plzeňský kraj,https://data.mpsv.cz/od/soubory/ciselniky/obce.json,2026-08-21
obec,Obec/566861,CZ032,Plzeňský kraj,https://data.mpsv.cz/od/soubory/ciselniky/obce.json,2026-08-21
obec,Obec/560081,CZ032,Plzeňský kraj,https://data.mpsv.cz/od/soubory/ciselniky/obce.json,2026-08-21
obec,Obec/579131,CZ032,Plzeňský kraj,https://data.mpsv.cz/od/soubory/ciselniky/obce.json,2026-08-21
obec,Obec/560111,CZ032,Plzeňský kraj,https://data.mpsv.cz/od/soubory/ciselniky/obce.json,2026-08-21
obec,Obec/560120,CZ032,Plzeňský kraj,https://data.mpsv.cz/od/soubory/ciselniky/obce.json,2026-08-21
obec,Obec/566942,CZ032,Plzeňský kraj,https://data.mpsv.cz/od/soubory/ciselniky/obce.json,2026-08-21
obec,Obec/559717,CZ032,Plzeňský kraj,https://data.mpsv.cz/od/soubory/ciselniky/obce.json,2026-08-21
obec,Obec/560146,CZ032,Plzeňský kraj,https://data.mpsv.cz/od/soubory/ciselniky/obce.json,2026-08-21
obec,Obec/546488,CZ032,Plzeňský kraj,https://data.mpsv.cz/od/soubory/ciselniky/obce.json,2026-08-21
obec,Obec/566845,CZ032,Plzeňský kraj,https://data.mpsv.cz/od/soubory/ciselniky/obce.json,2026-08-21
obec,Obec/506664,CZ032,Plzeňský kraj,https://data.mpsv.cz/od/soubory/ciselniky/obce.json,2026-08-21
obec,Obec/540722,CZ032,Plzeňský kraj,https://data.mpsv.cz/od/soubory/ciselniky/obce.json,2026-08-21
obec,Obec/560162,CZ032,Plzeňský kraj,https://data.mpsv.cz/od/soubory/ciselniky/obce.json,2026-08-21
obec,Obec/541176,CZ032,Plzeňský kraj,https://data.mpsv.cz/od/soubory/ciselniky/obce.json,2026-08-21
obec,Obec/579343,CZ032,Plzeňský kraj,https://data.mpsv.cz/od/soubory/ciselniky/obce.json,2026-08-21
obec,Obec/560189,CZ032,Plzeňský kraj,https://data.mpsv.cz/od/soubory/ciselniky/obce.json,2026-08-21
obec,Obec/566802,CZ032,Plzeňský kraj,https://data.mpsv.cz/od/soubory/ciselniky/obce.json,2026-08-21
obec,Obec/546526,CZ032,Plzeňský kraj,https://data.mpsv.cz/od/soubory/ciselniky/obce.json,2026-08-21
obec,Obec/579246,CZ032,Plzeňský kraj,https://data.mpsv.cz/od/soubory/ciselniky/obce.json,2026-08-21
obec,Obec/546534,CZ032,Plzeňský kraj,https://data.mpsv.cz/od/soubory/ciselniky/obce.json,2026-08-21
obec,Obec/546551,CZ032,Plzeňský kraj,https://data.mpsv.cz/od/soubory/ciselniky/obce.json,2026-08-21
obec,Obec/560227,CZ032,Plzeňský kraj,https://data.mpsv.cz/od/soubory/ciselniky/obce.json,2026-08-21
obec,Obec/560235,CZ032,Plzeňský kraj,https://data.mpsv.cz/od/soubory/ciselniky/obce.json,2026-08-21
obec,Obec/579289,CZ032,Plzeňský kraj,https://data.mpsv.cz/od/soubory/ciselniky/obce.json,2026-08-21
obec,Obec/560251,CZ032,Plzeňský kraj,https://data.mpsv.cz/od/soubory/ciselniky/obce.json,2026-08-21
obec,Obec/566799,CZ032,Plzeňský kraj,https://data.mpsv.cz/od/soubory/ciselniky/obce.json,2026-08-21
obec,Obec/560260,CZ032,Plzeňský kraj,https://data.mpsv.cz/od/soubory/ciselniky/obce.json,2026-08-21
obec,Obec/541061,CZ032,Plzeňský kraj,https://data.mpsv.cz/od/soubory/ciselniky/obce.json,2026-08-21
obec,Obec/560294,CZ041,Karlovarský kraj,https://data.mpsv.cz/od/soubory/ciselniky/obce.json,2026-08-21
obec,Obec/560308,CZ041,Karlovarský kraj,https://data.mpsv.cz/od/soubory/ciselniky/obce.json,2026-08-21
obec,Obec/560316,CZ041,Karlovarský kraj,https://data.mpsv.cz/od/soubory/ciselniky/obce.json,2026-08-21
obec,Obec/560324,CZ041,Karlovarský kraj,https://data.mpsv.cz/od/soubory/ciselniky/obce.json,2026-08-21
obec,Obec/560332,CZ041,Karlovarský kraj,https://data.mpsv.cz/od/soubory/ciselniky/obce.json,2026-08-21
obec,Obec/560341,CZ041,Karlovarský kraj,https://data.mpsv.cz/od/soubory/ciselniky/obce.json,2026-08-21
obec,Obec/538591,CZ041,Karlovarský kraj,https://data.mpsv.cz/od/soubory/ciselniky/obce.json,2026-08-21
obec,Obec/560359,CZ041,Karlovarský kraj,https://data.mpsv.cz/od/soubory/ciselniky/obce.json,2026-08-21
obec,Obec/560367,CZ041,Karlovarský kraj,https://data.mpsv.cz/od/soubory/ciselniky/obce.json,2026-08-21
obec,Obec/560375,CZ041,Karlovarský kraj,https://data.mpsv.cz/od/soubory/ciselniky/obce.json,2026-08-21
obec,Obec/560383,CZ041,Karlovarský kraj,https://data.mpsv.cz/od/soubory/ciselniky/obce.json,2026-08-21
obec,Obec/560413,CZ041,Karlovarský kraj,https://data.mpsv.cz/od/soubory/ciselniky/obce.json,2026-08-21
obec,Obec/511587,CZ041,Karlovarský kraj,https://data.mpsv.cz/od/soubory/ciselniky/obce.json,2026-08-21
obec,Obec/560421,CZ041,Karlovarský kraj,https://data.mpsv.cz/od/soubory/ciselniky/obce.json,2026-08-21
obec,Obec/560456,CZ041,Karlovarský kraj,https://data.mpsv.cz/od/soubory/ciselniky/obce.json,2026-08-21
obec,Obec/560464,CZ041,Karlovarský kraj,https://data.mpsv.cz/od/soubory/ciselniky/obce.json,2026-08-21
obec,Obec/560472,CZ041,Karlovarský kraj,https://data.mpsv.cz/od/soubory/ciselniky/obce.json,2026-08-21
obec,Obec/538337,CZ041,Karlovarský kraj,https://data.mpsv.cz/od/soubory/ciselniky/obce.json,2026-08-21
obec,Obec/560499,CZ041,Karlovarský kraj,https://data.mpsv.cz/od/soubory/ciselniky/obce.json,2026-08-21
obec,Obec/560502,CZ041,Karlovarský kraj,https://data.mpsv.cz/od/soubory/ciselniky/obce.json,2026-08-21
obec,Obec/560537,CZ041,Karlovarský kraj,https://data.mpsv.cz/od/soubory/ciselniky/obce.json,2026-08-21
obec,Obec/560545,CZ041,Karlovarský kraj,https://data.mpsv.cz/od/soubory/ciselniky/obce.json,2026-08-21
obec,Obec/560561,CZ041,Karlovarský kraj,https://data.mpsv.cz/od/soubory/ciselniky/obce.json,2026-08-21
obec,Obec/560570,CZ041,Karlovarský kraj,https://data.mpsv.cz/od/soubory/ciselniky/obce.json,2026-08-21
obec,Obec/560588,CZ041,Karlovarský kraj,https://data.mpsv.cz/od/soubory/ciselniky/obce.json,2026-08-21
obec,Obec/560596,CZ041,Karlovarský kraj,https://data.mpsv.cz/od/soubory/ciselniky/obce.json,2026-08-21
obec,Obec/560600,CZ041,Karlovarský kraj,https://data.mpsv.cz/od/soubory/ciselniky/obce.json,2026-08-21
obec,Obec/560618,CZ041,Karlovarský kraj,https://data.mpsv.cz/od/soubory/ciselniky/obce.json,2026-08-21
obec,Obec/560286,CZ041,Karlovarský kraj,https://data.mpsv.cz/od/soubory/ciselniky/obce.json,2026-08-21
obec,Obec/560642,CZ041,Karlovarský kraj,https://data.mpsv.cz/od/soubory/ciselniky/obce.json,2026-08-21
obec,Obec/560651,CZ041,Karlovarský kraj,https://data.mpsv.cz/od/soubory/ciselniky/obce.json,2026-08-21
obec,Obec/538434,CZ041,Karlovarský kraj,https://data.mpsv.cz/od/soubory/ciselniky/obce.json,2026-08-21
obec,Obec/538396,CZ041,Karlovarský kraj,https://data.mpsv.cz/od/soubory/ciselniky/obce.json,2026-08-21
obec,Obec/560677,CZ041,Karlovarský kraj,https://data.mpsv.cz/od/soubory/ciselniky/obce.json,2026-08-21
obec,Obec/538663,CZ041,Karlovarský kraj,https://data.mpsv.cz/od/soubory/ciselniky/obce.json,2026-08-21
obec,Obec/579360,CZ041,Karlovarský kraj,https://data.mpsv.cz/od/soubory/ciselniky/obce.json,2026-08-21
obec,Obec/560685,CZ041,Karlovarský kraj,https://data.mpsv.cz/od/soubory/ciselniky/obce.json,2026-08-21
obec,Obec/560707,CZ041,Karlovarský kraj,https://data.mpsv.cz/od/soubory/ciselniky/obce.json,2026-08-21
obec,Obec/560723,CZ032,Plzeňský kraj,https://data.mpsv.cz/od/soubory/ciselniky/obce.json,2026-08-21
obec,Obec/560740,CZ032,Plzeňský kraj,https://data.mpsv.cz/od/soubory/ciselniky/obce.json,2026-08-21
obec,Obec/560758,CZ032,Plzeňský kraj,https://data.mpsv.cz/od/soubory/ciselniky/obce.json,2026-08-21
obec,Obec/541605,CZ032,Plzeňský kraj,https://data.mpsv.cz/od/soubory/ciselniky/obce.json,2026-08-21
obec,Obec/541401,CZ032,Plzeňský kraj,https://data.mpsv.cz/od/soubory/ciselniky/obce.json,2026-08-21
obec,Obec/560782,CZ032,Plzeňský kraj,https://data.mpsv.cz/od/soubory/ciselniky/obce.json,2026-08-21
obec,Obec/579459,CZ032,Plzeňský kraj,https://data.mpsv.cz/od/soubory/ciselniky/obce.json,2026-08-21
obec,Obec/560804,CZ032,Plzeňský kraj,https://data.mpsv.cz/od/soubory/ciselniky/obce.json,2026-08-21
obec,Obec/560812,CZ032,Plzeňský kraj,https://data.mpsv.cz/od/soubory/ciselniky/obce.json,2026-08-21
obec,Obec/560839,CZ032,Plzeňský kraj,https://data.mpsv.cz/od/soubory/ciselniky/obce.json,2026-08-21
obec,Obec/560855,CZ032,Plzeňský kraj,https://data.mpsv.cz/od/soubory/ciselniky/obce.json,2026-08-21
obec,Obec/560863,CZ032,Plzeňský kraj,https://data.mpsv.cz/od/soubory/ciselniky/obce.json,2026-08-21
obec,Obec/541290,CZ032,Plzeňský kraj,https://data.mpsv.cz/od/soubory/ciselniky/obce.json,2026-08-21
obec,Obec/560898,CZ032,Plzeňský kraj,https://data.mpsv.cz/od/soubory/ciselniky/obce.json,2026-08-21
obec,Obec/560901,CZ032,Plzeňský kraj,https://data.mpsv.cz/od/soubory/ciselniky/obce.json,2026-08-21
obec,Obec/560910,CZ032,Plzeňský kraj,https://data.mpsv.cz/od/soubory/ciselniky/obce.json,2026-08-21
obec,Obec/560928,CZ032,Plzeňský kraj,https://data.mpsv.cz/od/soubory/ciselniky/obce.json,2026-08-21
obec,Obec/541559,CZ032,Plzeňský kraj,https://data.mpsv.cz/od/soubory/ciselniky/obce.json,2026-08-21
obec,Obec/541494,CZ032,Plzeňský kraj,https://data.mpsv.cz/od/soubory/ciselniky/obce.json,2026-08-21
obec,Obec/560952,CZ032,Plzeňský kraj,https://data.mpsv.cz/od/soubory/ciselniky/obce.json,2026-08-21
obec,Obec/503916,CZ032,Plzeňský kraj,https://data.mpsv.cz/od/soubory/ciselniky/obce.json,2026-08-21
obec,Obec/560979,CZ032,Plzeňský kraj,https://data.mpsv.cz/od/soubory/ciselniky/obce.json,2026-08-21
obec,Obec/561002,CZ032,Plzeňský kraj,https://data.mpsv.cz/od/soubory/ciselniky/obce.json,2026-08-21
obec,Obec/561011,CZ032,Plzeňský kraj,https://data.mpsv.cz/od/soubory/ciselniky/obce.json,2026-08-21
obec,Obec/541702,CZ032,Plzeňský kraj,https://data.mpsv.cz/od/soubory/ciselniky/obce.json,2026-08-21
obec,Obec/541532,CZ032,Plzeňský kraj,https://data.mpsv.cz/od/soubory/ciselniky/obce.json,2026-08-21
obec,Obec/541443,CZ032,Plzeňský kraj,https://data.mpsv.cz/od/soubory/ciselniky/obce.json,2026-08-21
obec,Obec/566888,CZ032,Plzeňský kraj,https://data.mpsv.cz/od/soubory/ciselniky/obce.json,2026-08-21
obec,Obec/541681,CZ032,Plzeňský kraj,https://data.mpsv.cz/od/soubory/ciselniky/obce.json,2026-08-21
obec,Obec/561134,CZ032,Plzeňský kraj,https://data.mpsv.cz/od/soubory/ciselniky/obce.json,2026-08-21
obec,Obec/541486,CZ032,Plzeňský kraj,https://data.mpsv.cz/od/soubory/ciselniky/obce.json,2026-08-21
obec,Obec/561151,CZ032,Plzeňský kraj,https://data.mpsv.cz/od/soubory/ciselniky/obce.json,2026-08-21
obec,Obec/561169,CZ032,Plzeňský kraj,https://data.mpsv.cz/od/soubory/ciselniky/obce.json,2026-08-21
obec,Obec/579467,CZ032,Plzeňský kraj,https://data.mpsv.cz/od/soubory/ciselniky/obce.json,2026-08-21
obec,Obec/561185,CZ032,Plzeňský kraj,https://data.mpsv.cz/od/soubory/ciselniky/obce.json,2026-08-21
obec,Obec/561193,CZ032,Plzeňský kraj,https://data.mpsv.cz/od/soubory/ciselniky/obce.json,2026-08-21
obec,Obec/561207,CZ032,Plzeňský kraj,https://data.mpsv.cz/od/soubory/ciselniky/obce.json,2026-08-21
obec,Obec/561215,CZ032,Plzeňský kraj,https://data.mpsv.cz/od/soubory/ciselniky/obce.json,2026-08-21
obec,Obec/561223,CZ032,Plzeňský kraj,https://data.mpsv.cz/od/soubory/ciselniky/obce.json,2026-08-21
obec,Obec/561231,CZ032,Plzeňský kraj,https://data.mpsv.cz/od/soubory/ciselniky/obce.json,2026-08-21
obec,Obec/561258,CZ032,Plzeňský kraj,https://data.mpsv.cz/od/soubory/ciselniky/obce.json,2026-08-21
obec,Obec/557081,CZ032,Plzeňský kraj,https://data.mpsv.cz/od/soubory/ciselniky/obce.json,2026-08-21
obec,Obec/560715,CZ032,Plzeňský kraj,https://data.mpsv.cz/od/soubory/ciselniky/obce.json,2026-08-21
obec,Obec/541621,CZ032,Plzeňský kraj,https://data.mpsv.cz/od/soubory/ciselniky/obce.json,2026-08-21
obec,Obec/561291,CZ032,Plzeňský kraj,https://data.mpsv.cz/od/soubory/ciselniky/obce.json,2026-08-21
obec,Obec/561304,CZ032,Plzeňský kraj,https://data.mpsv.cz/od/soubory/ciselniky/obce.json,2026-08-21
obec,Obec/541435,CZ032,Plzeňský kraj,https://data.mpsv.cz/od/soubory/ciselniky/obce.json,2026-08-21
obec,Obec/579491,CZ032,Plzeňský kraj,https://data.mpsv.cz/od/soubory/ciselniky/obce.json,2026-08-21
obec,Obec/541362,CZ032,Plzeňský kraj,https://data.mpsv.cz/od/soubory/ciselniky/obce.json,2026-08-21
obec,Obec/541664,CZ032,Plzeňský kraj,https://data.mpsv.cz/od/soubory/ciselniky/obce.json,2026-08-21
obec,Obec/541460,CZ032,Plzeňský kraj,https://data.mpsv.cz/od/soubory/ciselniky/obce.json,2026-08-21
obec,Obec/561398,CZ051,Liberecký kraj,https://data.mpsv.cz/od/soubory/ciselniky/obce.json,2026-08-21
obec,Obec/561401,CZ051,Liberecký kraj,https://data.mpsv.cz/od/soubory/ciselniky/obce.json,2026-08-21
obec,Obec/561410,CZ051,Liberecký kraj,https://data.mpsv.cz/od/soubory/ciselniky/obce.json,2026-08-21
obec,Obec/561428,CZ051,Liberecký kraj,https://data.mpsv.cz/od/soubory/ciselniky/obce.json,2026-08-21
obec,Obec/561444,CZ051,Liberecký kraj,https://data.mpsv.cz/od/soubory/ciselniky/obce.json,2026-08-21
obec,Obec/561479,CZ051,Liberecký kraj,https://data.mpsv.cz/od/soubory/ciselniky/obce.json,2026-08-21
obec,Obec/561380,CZ051,Liberecký kraj,https://data.mpsv.cz/od/soubory/ciselniky/obce.json,2026-08-21
obec,Obec/561495,CZ051,Liberecký kraj,https://data.mpsv.cz/od/soubory/ciselniky/obce.json,2026-08-21
obec,Obec/561533,CZ051,Liberecký kraj,https://data.mpsv.cz/od/soubory/ciselniky/obce.json,2026-08-21
obec,Obec/561541,CZ051,Liberecký kraj,https://data.mpsv.cz/od/soubory/ciselniky/obce.json,2026-08-21
obec,Obec/544337,CZ051,Liberecký kraj,https://data.mpsv.cz/od/soubory/ciselniky/obce.json,2026-08-21
obec,Obec/561584,CZ051,Liberecký kraj,https://data.mpsv.cz/od/soubory/ciselniky/obce.json,2026-08-21
obec,Obec/561592,CZ051,Liberecký kraj,https://data.mpsv.cz/od/soubory/ciselniky/obce.json,2026-08-21
obec,Obec/561606,CZ051,Liberecký kraj,https://data.mpsv.cz/od/soubory/ciselniky/obce.json,2026-08-21
obec,Obec/561614,CZ051,Liberecký kraj,https://data.mpsv.cz/od/soubory/ciselniky/obce.json,2026-08-21
obec,Obec/561622,CZ051,Liberecký kraj,https://data.mpsv.cz/od/soubory/ciselniky/obce.json,2026-08-21
obec,Obec/561665,CZ051,Liberecký kraj,https://data.mpsv.cz/od/soubory/ciselniky/obce.json,2026-08-21
obec,Obec/561681,CZ051,Liberecký kraj,https://data.mpsv.cz/od/soubory/ciselniky/obce.json,2026-08-21
obec,Obec/546232,CZ051,Liberecký kraj,https://data.mpsv.cz/od/soubory/ciselniky/obce.json,2026-08-21
obec,Obec/561720,CZ051,Liberecký kraj,https://data.mpsv.cz/od/soubory/ciselniky/obce.json,2026-08-21
obec,Obec/561738,CZ051,Liberecký kraj,https://data.mpsv.cz/od/soubory/ciselniky/obce.json,2026-08-21
obec,Obec/561746,CZ051,Liberecký kraj,https://data.mpsv.cz/od/soubory/ciselniky/obce.json,2026-08-21
obec,Obec/546259,CZ051,Liberecký kraj,https://data.mpsv.cz/od/soubory/ciselniky/obce.json,2026-08-21
obec,Obec/514161,CZ051,Liberecký kraj,https://data.mpsv.cz/od/soubory/ciselniky/obce.json,2026-08-21
obec,Obec/561827,CZ051,Liberecký kraj,https://data.mpsv.cz/od/soubory/ciselniky/obce.json,2026-08-21
obec,Obec/561835,CZ051,Liberecký kraj,https://data.mpsv.cz/od/soubory/ciselniky/obce.json,2026-08-21
obec,Obec/561851,CZ051,Liberecký kraj,https://data.mpsv.cz/od/soubory/ciselniky/obce.json,2026-08-21
obec,Obec/561860,CZ051,Liberecký kraj,https://data.mpsv.cz/od/soubory/ciselniky/obce.json,2026-08-21
obec,Obec/561878,CZ051,Liberecký kraj,https://data.mpsv.cz/od/soubory/ciselniky/obce.json,2026-08-21
obec,Obec/561886,CZ051,Liberecký kraj,https://data.mpsv.cz/od/soubory/ciselniky/obce.json,2026-08-21
obec,Obec/561894,CZ051,Liberecký kraj,https://data.mpsv.cz/od/soubory/ciselniky/obce.json,2026-08-21
obec,Obec/514276,CZ051,Liberecký kraj,https://data.mpsv.cz/od/soubory/ciselniky/obce.json,2026-08-21
obec,Obec/561959,CZ051,Liberecký kraj,https://data.mpsv.cz/od/soubory/ciselniky/obce.json,2026-08-21
obec,Obec/561983,CZ051,Liberecký kraj,https://data.mpsv.cz/od/soubory/ciselniky/obce.json,2026-08-21
obec,Obec/561991,CZ051,Liberecký kraj,https://data.mpsv.cz/od/soubory/ciselniky/obce.json,2026-08-21
obec,Obec/530387,CZ051,Liberecký kraj,https://data.mpsv.cz/od/soubory/ciselniky/obce.json,2026-08-21
obec,Obec/562017,CZ051,Liberecký kraj,https://data.mpsv.cz/od/soubory/ciselniky/obce.json,2026-08-21
obec,Obec/562025,CZ051,Liberecký kraj,https://data.mpsv.cz/od/soubory/ciselniky/obce.json,2026-08-21
obec,Obec/513890,CZ051,Liberecký kraj,https://data.mpsv.cz/od/soubory/ciselniky/obce.json,2026-08-21
obec,Obec/562050,CZ051,Liberecký kraj,https://data.mpsv.cz/od/soubory/ciselniky/obce.json,2026-08-21
obec,Obec/546275,CZ051,Liberecký kraj,https://data.mpsv.cz/od/soubory/ciselniky/obce.json,2026-08-21
obec,Obec/562076,CZ051,Liberecký kraj,https://data.mpsv.cz/od/soubory/ciselniky/obce.json,2026-08-21
obec,Obec/562092,CZ051,Liberecký kraj,https://data.mpsv.cz/od/soubory/ciselniky/obce.json,2026-08-21
obec,Obec/562106,CZ051,Liberecký kraj,https://data.mpsv.cz/od/soubory/ciselniky/obce.json,2026-08-21
obec,Obec/562114,CZ051,Liberecký kraj,https://data.mpsv.cz/od/soubory/ciselniky/obce.json,2026-08-21
obec,Obec/546283,CZ051,Liberecký kraj,https://data.mpsv.cz/od/soubory/ciselniky/obce.json,2026-08-21
obec,Obec/562131,CZ051,Liberecký kraj,https://data.mpsv.cz/od/soubory/ciselniky/obce.json,2026-08-21
obec,Obec/553638,CZ051,Liberecký kraj,https://data.mpsv.cz/od/soubory/ciselniky/obce.json,2026-08-21
obec,Obec/546267,CZ051,Liberecký kraj,https://data.mpsv.cz/od/soubory/ciselniky/obce.json,2026-08-21
obec,Obec/562173,CZ051,Liberecký kraj,https://data.mpsv.cz/od/soubory/ciselniky/obce.json,2026-08-21
obec,Obec/562203,CZ051,Liberecký kraj,https://data.mpsv.cz/od/soubory/ciselniky/obce.json,2026-08-21
obec,Obec/562220,CZ051,Liberecký kraj,https://data.mpsv.cz/od/soubory/ciselniky/obce.json,2026-08-21
obec,Obec/562238,CZ051,Liberecký kraj,https://data.mpsv.cz/od/soubory/ciselniky/obce.json,2026-08-21
obec,Obec/562246,CZ051,Liberecký kraj,https://data.mpsv.cz/od/soubory/ciselniky/obce.json,2026-08-21
obec,Obec/562262,CZ051,Liberecký kraj,https://data.mpsv.cz/od/soubory/ciselniky/obce.json,2026-08-21
obec,Obec/562297,CZ051,Liberecký kraj,https://data.mpsv.cz/od/soubory/ciselniky/obce.json,2026-08-21
obec,Obec/514195,CZ051,Liberecký kraj,https://data.mpsv.cz/od/soubory/ciselniky/obce.json,2026-08-21
obec,Obec/562343,CZ042,Ústecký kraj,https://data.mpsv.cz/od/soubory/ciselniky/obce.json,2026-08-21
obec,Obec/562351,CZ042,Ústecký kraj,https://data.mpsv.cz/od/soubory/ciselniky/obce.json,2026-08-21
obec,Obec/544647,CZ042,Ústecký kraj,https://data.mpsv.cz/od/soubory/ciselniky/obce.json,2026-08-21
obec,Obec/562394,CZ042,Ústecký kraj,https://data.mpsv.cz/od/soubory/ciselniky/obce.json,2026-08-21
obec,Obec/562335,CZ042,Ústecký kraj,https://data.mpsv.cz/od/soubory/ciselniky/obce.json,2026-08-21
obec,Obec/562408,CZ042,Ústecký kraj,https://data.mpsv.cz/od/soubory/ciselniky/obce.json,2026-08-21
obec,Obec/545783,CZ042,Ústecký kraj,https://data.mpsv.cz/od/soubory/ciselniky/obce.json,2026-08-21
obec,Obec/545856,CZ042,Ústecký kraj,https://data.mpsv.cz/od/soubory/ciselniky/obce.json,2026-08-21
obec,Obec/562432,CZ042,Ústecký kraj,https://data.mpsv.cz/od/soubory/ciselniky/obce.json,2026-08-21
obec,Obec/562441,CZ042,Ústecký kraj,https://data.mpsv.cz/od/soubory/ciselniky/obce.json,2026-08-21
obec,Obec/530417,CZ042,Ústecký kraj,https://data.mpsv.cz/od/soubory/ciselniky/obce.json,2026-08-21
obec,Obec/545899,CZ042,Ústecký kraj,https://data.mpsv.cz/od/soubory/ciselniky/obce.json,2026-08-21
obec,Obec/562483,CZ042,Ústecký kraj,https://data.mpsv.cz/od/soubory/ciselniky/obce.json,2026-08-21
obec,Obec/545929,CZ042,Ústecký kraj,https://data.mpsv.cz/od/soubory/ciselniky/obce.json,2026-08-21
obec,Obec/562505,CZ042,Ústecký kraj,https://data.mpsv.cz/od/soubory/ciselniky/obce.json,2026-08-21
obec,Obec/562513,CZ042,Ústecký kraj,https://data.mpsv.cz/od/soubory/ciselniky/obce.json,2026-08-21
obec,Obec/562521,CZ042,Ústecký kraj,https://data.mpsv.cz/od/soubory/ciselniky/obce.json,2026-08-21
obec,Obec/562530,CZ042,Ústecký kraj,https://data.mpsv.cz/od/soubory/ciselniky/obce.json,2026-08-21
obec,Obec/544680,CZ042,Ústecký kraj,https://data.mpsv.cz/od/soubory/ciselniky/obce.json,2026-08-21
obec,Obec/530395,CZ042,Ústecký kraj,https://data.mpsv.cz/od/soubory/ciselniky/obce.json,2026-08-21
obec,Obec/562556,CZ042,Ústecký kraj,https://data.mpsv.cz/od/soubory/ciselniky/obce.json,2026-08-21
obec,Obec/562564,CZ042,Ústecký kraj,https://data.mpsv.cz/od/soubory/ciselniky/obce.json,2026-08-21
obec,Obec/562572,CZ042,Ústecký kraj,https://data.mpsv.cz/od/soubory/ciselniky/obce.json,2026-08-21
obec,Obec/562581,CZ042,Ústecký kraj,https://data.mpsv.cz/od/soubory/ciselniky/obce.json,2026-08-21
obec,Obec/546453,CZ042,Ústecký kraj,https://data.mpsv.cz/od/soubory/ciselniky/obce.json,2026-08-21
obec,Obec/562611,CZ042,Ústecký kraj,https://data.mpsv.cz/od/soubory/ciselniky/obce.json,2026-08-21
obec,Obec/546330,CZ042,Ústecký kraj,https://data.mpsv.cz/od/soubory/ciselniky/obce.json,2026-08-21
obec,Obec/562645,CZ042,Ústecký kraj,https://data.mpsv.cz/od/soubory/ciselniky/obce.json,2026-08-21
obec,Obec/544701,CZ042,Ústecký kraj,https://data.mpsv.cz/od/soubory/ciselniky/obce.json,2026-08-21
obec,Obec/562661,CZ042,Ústecký kraj,https://data.mpsv.cz/od/soubory/ciselniky/obce.json,2026-08-21
obec,Obec/545708,CZ042,Ústecký kraj,https://data.mpsv.cz/od/soubory/ciselniky/obce.json,2026-08-21
obec,Obec/546496,CZ042,Ústecký kraj,https://data.mpsv.cz/od/soubory/ciselniky/obce.json,2026-08-21
obec,Obec/562700,CZ042,Ústecký kraj,https://data.mpsv.cz/od/soubory/ciselniky/obce.json,2026-08-21
obec,Obec/562718,CZ042,Ústecký kraj,https://data.mpsv.cz/od/soubory/ciselniky/obce.json,2026-08-21
obec,Obec/545678,CZ042,Ústecký kraj,https://data.mpsv.cz/od/soubory/ciselniky/obce.json,2026-08-21
obec,Obec/545791,CZ042,Ústecký kraj,https://data.mpsv.cz/od/soubory/ciselniky/obce.json,2026-08-21
obec,Obec/562751,CZ042,Ústecký kraj,https://data.mpsv.cz/od/soubory/ciselniky/obce.json,2026-08-21
obec,Obec/562777,CZ042,Ústecký kraj,https://data.mpsv.cz/od/soubory/ciselniky/obce.json,2026-08-21
obec,Obec/566900,CZ042,Ústecký kraj,https://data.mpsv.cz/od/soubory/ciselniky/obce.json,2026-08-21
obec,Obec/562793,CZ042,Ústecký kraj,https://data.mpsv.cz/od/soubory/ciselniky/obce.json,2026-08-21
obec,Obec/546348,CZ042,Ústecký kraj,https://data.mpsv.cz/od/soubory/ciselniky/obce.json,2026-08-21
obec,Obec/562823,CZ042,Ústecký kraj,https://data.mpsv.cz/od/soubory/ciselniky/obce.json,2026-08-21
obec,Obec/545538,CZ042,Ústecký kraj,https://data.mpsv.cz/od/soubory/ciselniky/obce.json,2026-08-21
obec,Obec/562858,CZ042,Ústecký kraj,https://data.mpsv.cz/od/soubory/ciselniky/obce.json,2026-08-21
obec,Obec/555193,CZ042,Ústecký kraj,https://data.mpsv.cz/od/soubory/ciselniky/obce.json,2026-08-21
obec,Obec/562874,CZ042,Ústecký kraj,https://data.mpsv.cz/od/soubory/ciselniky/obce.json,2026-08-21
obec,Obec/562882,CZ042,Ústecký kraj,https://data.mpsv.cz/od/soubory/ciselniky/obce.json,2026-08-21
obec,Obec/562891,CZ042,Ústecký kraj,https://data.mpsv.cz/od/soubory/ciselniky/obce.json,2026-08-21
obec,Obec/562912,CZ042,Ústecký kraj,https://data.mpsv.cz/od/soubory/ciselniky/obce.json,2026-08-21
obec,Obec/562921,CZ042,Ústecký kraj,https://data.mpsv.cz/od/soubory/ciselniky/obce.json,2026-08-21
obec,Obec/562939,CZ042,Ústecký kraj,https://data.mpsv.cz/od/soubory/ciselniky/obce.json,2026-08-21
obec,Obec/562947,CZ042,Ústecký kraj,https://data.mpsv.cz/od/soubory/ciselniky/obce.json,2026-08-21
obec,Obec/562980,CZ042,Ústecký kraj,https://data.mpsv.cz/od/soubory/ciselniky/obce.json,2026-08-21
obec,Obec/562998,CZ042,Ústecký kraj,https://data.mpsv.cz/od/soubory/ciselniky/obce.json,2026-08-21
obec,Obec/563005,CZ042,Ústecký kraj,https://data.mpsv.cz/od/soubory/ciselniky/obce.json,2026-08-21
obec,Obec/563013,CZ042,Ústecký kraj,https://data.mpsv.cz/od/soubory/ciselniky/obce.json,2026-08-21
obec,Obec/563021,CZ042,Ústecký kraj,https://data.mpsv.cz/od/soubory/ciselniky/obce.json,2026-08-21
obec,Obec/563048,CZ042,Ústecký kraj,https://data.mpsv.cz/od/soubory/ciselniky/obce.json,2026-08-21
obec,Obec/563056,CZ042,Ústecký kraj,https://data.mpsv.cz/od/soubory/ciselniky/obce.json,2026-08-21
obec,Obec/563064,CZ042,Ústecký kraj,https://data.mpsv.cz/od/soubory/ciselniky/obce.json,2026-08-21
obec,Obec/563072,CZ042,Ústecký kraj,https://data.mpsv.cz/od/soubory/ciselniky/obce.json,2026-08-21
obec,Obec/563081,CZ042,Ústecký kraj,https://data.mpsv.cz/od/soubory/ciselniky/obce.json,2026-08-21
obec,Obec/562971,CZ042,Ústecký kraj,https://data.mpsv.cz/od/soubory/ciselniky/obce.json,2026-08-21
obec,Obec/563099,CZ042,Ústecký kraj,https://data.mpsv.cz/od/soubory/ciselniky/obce.json,2026-08-21
obec,Obec/563102,CZ042,Ústecký kraj,https://data.mpsv.cz/od/soubory/ciselniky/obce.json,2026-08-21
obec,Obec/563111,CZ042,Ústecký kraj,https://data.mpsv.cz/od/soubory/ciselniky/obce.json,2026-08-21
obec,Obec/563129,CZ042,Ústecký kraj,https://data.mpsv.cz/od/soubory/ciselniky/obce.json,2026-08-21
obec,Obec/563137,CZ042,Ústecký kraj,https://data.mpsv.cz/od/soubory/ciselniky/obce.json,2026-08-21
obec,Obec/563315,CZ042,Ústecký kraj,https://data.mpsv.cz/od/soubory/ciselniky/obce.json,2026-08-21
obec,Obec/563161,CZ042,Ústecký kraj,https://data.mpsv.cz/od/soubory/ciselniky/obce.json,2026-08-21
obec,Obec/563188,CZ042,Ústecký kraj,https://data.mpsv.cz/od/soubory/ciselniky/obce.json,2026-08-21
obec,Obec/546518,CZ042,Ústecký kraj,https://data.mpsv.cz/od/soubory/ciselniky/obce.json,2026-08-21
obec,Obec/563200,CZ042,Ústecký kraj,https://data.mpsv.cz/od/soubory/ciselniky/obce.json,2026-08-21
obec,Obec/563218,CZ042,Ústecký kraj,https://data.mpsv.cz/od/soubory/ciselniky/obce.json,2026-08-21
obec,Obec/563226,CZ042,Ústecký kraj,https://data.mpsv.cz/od/soubory/ciselniky/obce.json,2026-08-21
obec,Obec/563242,CZ042,Ústecký kraj,https://data.mpsv.cz/od/soubory/ciselniky/obce.json,2026-08-21
obec,Obec/546160,CZ042,Ústecký kraj,https://data.mpsv.cz/od/soubory/ciselniky/obce.json,2026-08-21
obec,Obec/563269,CZ042,Ústecký kraj,https://data.mpsv.cz/od/soubory/ciselniky/obce.json,2026-08-21
obec,Obec/563277,CZ042,Ústecký kraj,https://data.mpsv.cz/od/soubory/ciselniky/obce.json,2026-08-21
obec,Obec/563285,CZ042,Ústecký kraj,https://data.mpsv.cz/od/soubory/ciselniky/obce.json,2026-08-21
obec,Obec/546062,CZ042,Ústecký kraj,https://data.mpsv.cz/od/soubory/ciselniky/obce.json,2026-08-21
obec,Obec/563293,CZ042,Ústecký kraj,https://data.mpsv.cz/od/soubory/ciselniky/obce.json,2026-08-21
obec,Obec/546071,CZ042,Ústecký kraj,https://data.mpsv.cz/od/soubory/ciselniky/obce.json,2026-08-21
obec,Obec/563323,CZ042,Ústecký kraj,https://data.mpsv.cz/od/soubory/ciselniky/obce.json,2026-08-21
obec,Obec/563331,CZ042,Ústecký kraj,https://data.mpsv.cz/od/soubory/ciselniky/obce.json,2026-08-21
obec,Obec/563340,CZ042,Ústecký kraj,https://data.mpsv.cz/od/soubory/ciselniky/obce.json,2026-08-21
obec,Obec/563358,CZ042,Ústecký kraj,https://data.mpsv.cz/od/soubory/ciselniky/obce.json,2026-08-21
obec,Obec/563382,CZ042,Ústecký kraj,https://data.mpsv.cz/od/soubory/ciselniky/obce.json,2026-08-21
obec,Obec/563404,CZ042,Ústecký kraj,https://data.mpsv.cz/od/soubory/ciselniky/obce.json,2026-08-21
obec,Obec/563412,CZ042,Ústecký kraj,https://data.mpsv.cz/od/soubory/ciselniky/obce.json,2026-08-21
obec,Obec/563439,CZ042,Ústecký kraj,https://data.mpsv.cz/od/soubory/ciselniky/obce.json,2026-08-21
obec,Obec/563463,CZ042,Ústecký kraj,https://data.mpsv.cz/od/soubory/ciselniky/obce.json,2026-08-21
obec,Obec/563471,CZ042,Ústecký kraj,https://data.mpsv.cz/od/soubory/ciselniky/obce.json,2026-08-21
obec,Obec/563480,CZ042,Ústecký kraj,https://data.mpsv.cz/od/soubory/ciselniky/obce.json,2026-08-21
obec,Obec/563498,CZ042,Ústecký kraj,https://data.mpsv.cz/od/soubory/ciselniky/obce.json,2026-08-21
obec,Obec/563501,CZ042,Ústecký kraj,https://data.mpsv.cz/od/soubory/ciselniky/obce.json,2026-08-21
obec,Obec/563528,CZ051,Liberecký kraj,https://data.mpsv.cz/od/soubory/ciselniky/obce.json,2026-08-21
obec,Obec/563536,CZ051,Liberecký kraj,https://data.mpsv.cz/od/soubory/ciselniky/obce.json,2026-08-21
obec,Obec/530425,CZ051,Liberecký kraj,https://data.mpsv.cz/od/soubory/ciselniky/obce.json,2026-08-21
obec,Obec/563552,CZ051,Liberecký kraj,https://data.mpsv.cz/od/soubory/ciselniky/obce.json,2026-08-21
obec,Obec/563561,CZ051,Liberecký kraj,https://data.mpsv.cz/od/soubory/ciselniky/obce.json,2026-08-21
obec,Obec/563579,CZ051,Liberecký kraj,https://data.mpsv.cz/od/soubory/ciselniky/obce.json,2026-08-21
obec,Obec/577081,CZ051,Liberecký kraj,https://data.mpsv.cz/od/soubory/ciselniky/obce.json,2026-08-21
obec,Obec/563510,CZ051,Liberecký kraj,https://data.mpsv.cz/od/soubory/ciselniky/obce.json,2026-08-21
obec,Obec/563595,CZ051,Liberecký kraj,https://data.mpsv.cz/od/soubory/ciselniky/obce.json,2026-08-21
obec,Obec/563609,CZ051,Liberecký kraj,https://data.mpsv.cz/od/soubory/ciselniky/obce.json,2026-08-21
obec,Obec/563617,CZ051,Liberecký kraj,https://data.mpsv.cz/od/soubory/ciselniky/obce.json,2026-08-21
obec,Obec/546585,CZ051,Liberecký kraj,https://data.mpsv.cz/od/soubory/ciselniky/obce.json,2026-08-21
obec,Obec/563633,CZ051,Liberecký kraj,https://data.mpsv.cz/od/soubory/ciselniky/obce.json,2026-08-21
obec,Obec/563641,CZ051,Liberecký kraj,https://data.mpsv.cz/od/soubory/ciselniky/obce.json,2026-08-21
obec,Obec/563668,CZ051,Liberecký kraj,https://data.mpsv.cz/od/soubory/ciselniky/obce.json,2026-08-21
obec,Obec/563676,CZ051,Liberecký kraj,https://data.mpsv.cz/od/soubory/ciselniky/obce.json,2026-08-21
obec,Obec/563684,CZ051,Liberecký kraj,https://data.mpsv.cz/od/soubory/ciselniky/obce.json,2026-08-21
obec,Obec/563692,CZ051,Liberecký kraj,https://data.mpsv.cz/od/soubory/ciselniky/obce.json,2026-08-21
obec,Obec/563706,CZ051,Liberecký kraj,https://data.mpsv.cz/od/soubory/ciselniky/obce.json,2026-08-21
obec,Obec/563714,CZ051,Liberecký kraj,https://data.mpsv.cz/od/soubory/ciselniky/obce.json,2026-08-21
obec,Obec/563731,CZ051,Liberecký kraj,https://data.mpsv.cz/od/soubory/ciselniky/obce.json,2026-08-21
obec,Obec/563749,CZ051,Liberecký kraj,https://data.mpsv.cz/od/soubory/ciselniky/obce.json,2026-08-21
obec,Obec/563757,CZ051,Liberecký kraj,https://data.mpsv.cz/od/soubory/ciselniky/obce.json,2026-08-21
obec,Obec/546577,CZ051,Liberecký kraj,https://data.mpsv.cz/od/soubory/ciselniky/obce.json,2026-08-21
obec,Obec/563773,CZ051,Liberecký kraj,https://data.mpsv.cz/od/soubory/ciselniky/obce.json,2026-08-21
obec,Obec/563781,CZ051,Liberecký kraj,https://data.mpsv.cz/od/soubory/ciselniky/obce.json,2026-08-21
obec,Obec/563790,CZ051,Liberecký kraj,https://data.mpsv.cz/od/soubory/ciselniky/obce.json,2026-08-21
obec,Obec/563803,CZ051,Liberecký kraj,https://data.mpsv.cz/od/soubory/ciselniky/obce.json,2026-08-21
obec,Obec/563811,CZ051,Liberecký kraj,https://data.mpsv.cz/od/soubory/ciselniky/obce.json,2026-08-21
obec,Obec/563820,CZ051,Liberecký kraj,https://data.mpsv.cz/od/soubory/ciselniky/obce.json,2026-08-21
obec,Obec/563838,CZ051,Liberecký kraj,https://data.mpsv.cz/od/soubory/ciselniky/obce.json,2026-08-21
obec,Obec/563846,CZ051,Liberecký kraj,https://data.mpsv.cz/od/soubory/ciselniky/obce.json,2026-08-21
obec,Obec/563854,CZ051,Liberecký kraj,https://data.mpsv.cz/od/soubory/ciselniky/obce.json,2026-08-21
obec,Obec/563862,CZ051,Liberecký kraj,https://data.mpsv.cz/od/soubory/ciselniky/obce.json,2026-08-21
obec,Obec/563871,CZ051,Liberecký kraj,https://data.mpsv.cz/od/soubory/ciselniky/obce.json,2026-08-21
obec,Obec/563901,CZ051,Liberecký kraj,https://data.mpsv.cz/od/soubory/ciselniky/obce.json,2026-08-21
obec,Obec/563919,CZ051,Liberecký kraj,https://data.mpsv.cz/od/soubory/ciselniky/obce.json,2026-08-21
obec,Obec/546631,CZ051,Liberecký kraj,https://data.mpsv.cz/od/soubory/ciselniky/obce.json,2026-08-21
obec,Obec/563935,CZ051,Liberecký kraj,https://data.mpsv.cz/od/soubory/ciselniky/obce.json,2026-08-21
obec,Obec/563943,CZ051,Liberecký kraj,https://data.mpsv.cz/od/soubory/ciselniky/obce.json,2026-08-21
obec,Obec/545996,CZ051,Liberecký kraj,https://data.mpsv.cz/od/soubory/ciselniky/obce.json,2026-08-21
obec,Obec/563960,CZ051,Liberecký kraj,https://data.mpsv.cz/od/soubory/ciselniky/obce.json,2026-08-21
obec,Obec/544531,CZ051,Liberecký kraj,https://data.mpsv.cz/od/soubory/ciselniky/obce.json,2026-08-21
obec,Obec/546607,CZ051,Liberecký kraj,https://data.mpsv.cz/od/soubory/ciselniky/obce.json,2026-08-21
obec,Obec/530468,CZ051,Liberecký kraj,https://data.mpsv.cz/od/soubory/ciselniky/obce.json,2026-08-21
obec,Obec/563994,CZ051,Liberecký kraj,https://data.mpsv.cz/od/soubory/ciselniky/obce.json,2026-08-21
obec,Obec/564028,CZ051,Liberecký kraj,https://data.mpsv.cz/od/soubory/ciselniky/obce.json,2026-08-21
obec,Obec/564036,CZ051,Liberecký kraj,https://data.mpsv.cz/od/soubory/ciselniky/obce.json,2026-08-21
obec,Obec/564044,CZ051,Liberecký kraj,https://data.mpsv.cz/od/soubory/ciselniky/obce.json,2026-08-21
obec,Obec/544353,CZ051,Liberecký kraj,https://data.mpsv.cz/od/soubory/ciselniky/obce.json,2026-08-21
obec,Obec/564052,CZ051,Liberecký kraj,https://data.mpsv.cz/od/soubory/ciselniky/obce.json,2026-08-21
obec,Obec/564061,CZ051,Liberecký kraj,https://data.mpsv.cz/od/soubory/ciselniky/obce.json,2026-08-21
obec,Obec/564079,CZ051,Liberecký kraj,https://data.mpsv.cz/od/soubory/ciselniky/obce.json,2026-08-21
obec,Obec/564095,CZ051,Liberecký kraj,https://data.mpsv.cz/od/soubory/ciselniky/obce.json,2026-08-21
obec,Obec/564109,CZ051,Liberecký kraj,https://data.mpsv.cz/od/soubory/ciselniky/obce.json,2026-08-21
obec,Obec/564117,CZ051,Liberecký kraj,https://data.mpsv.cz/od/soubory/ciselniky/obce.json,2026-08-21
obec,Obec/561631,CZ051,Liberecký kraj,https://data.mpsv.cz/od/soubory/ciselniky/obce.json,2026-08-21
obec,Obec/561657,CZ051,Liberecký kraj,https://data.mpsv.cz/od/soubory/ciselniky/obce.json,2026-08-21
obec,Obec/546658,CZ051,Liberecký kraj,https://data.mpsv.cz/od/soubory/ciselniky/obce.json,2026-08-21
obec,Obec/530484,CZ051,Liberecký kraj,https://data.mpsv.cz/od/soubory/ciselniky/obce.json,2026-08-21
obec,Obec/564133,CZ051,Liberecký kraj,https://data.mpsv.cz/od/soubory/ciselniky/obce.json,2026-08-21
obec,Obec/564141,CZ051,Liberecký kraj,https://data.mpsv.cz/od/soubory/ciselniky/obce.json,2026-08-21
obec,Obec/564168,CZ051,Liberecký kraj,https://data.mpsv.cz/od/soubory/ciselniky/obce.json,2026-08-21
obec,Obec/564176,CZ051,Liberecký kraj,https://data.mpsv.cz/od/soubory/ciselniky/obce.json,2026-08-21
obec,Obec/564184,CZ051,Liberecký kraj,https://data.mpsv.cz/od/soubory/ciselniky/obce.json,2026-08-21
obec,Obec/530433,CZ051,Liberecký kraj,https://data.mpsv.cz/od/soubory/ciselniky/obce.json,2026-08-21
obec,Obec/564206,CZ051,Liberecký kraj,https://data.mpsv.cz/od/soubory/ciselniky/obce.json,2026-08-21
obec,Obec/545937,CZ051,Liberecký kraj,https://data.mpsv.cz/od/soubory/ciselniky/obce.json,2026-08-21
obec,Obec/563889,CZ051,Liberecký kraj,https://data.mpsv.cz/od/soubory/ciselniky/obce.json,2026-08-21
obec,Obec/564231,CZ051,Liberecký kraj,https://data.mpsv.cz/od/soubory/ciselniky/obce.json,2026-08-21
obec,Obec/546593,CZ051,Liberecký kraj,https://data.mpsv.cz/od/soubory/ciselniky/obce.json,2026-08-21
obec,Obec/564265,CZ051,Liberecký kraj,https://data.mpsv.cz/od/soubory/ciselniky/obce.json,2026-08-21
obec,Obec/564281,CZ051,Liberecký kraj,https://data.mpsv.cz/od/soubory/ciselniky/obce.json,2026-08-21
obec,Obec/564290,CZ051,Liberecký kraj,https://data.mpsv.cz/od/soubory/ciselniky/obce.json,2026-08-21
obec,Obec/545953,CZ051,Liberecký kraj,https://data.mpsv.cz/od/soubory/ciselniky/obce.json,2026-08-21
obec,Obec/564303,CZ051,Liberecký kraj,https://data.mpsv.cz/od/soubory/ciselniky/obce.json,2026-08-21
obec,Obec/564311,CZ051,Liberecký kraj,https://data.mpsv.cz/od/soubory/ciselniky/obce.json,2026-08-21
obec,Obec/544345,CZ051,Liberecký kraj,https://data.mpsv.cz/od/soubory/ciselniky/obce.json,2026-08-21
obec,Obec/564354,CZ051,Liberecký kraj,https://data.mpsv.cz/od/soubory/ciselniky/obce.json,2026-08-21
obec,Obec/544582,CZ051,Liberecký kraj,https://data.mpsv.cz/od/soubory/ciselniky/obce.json,2026-08-21
obec,Obec/564371,CZ051,Liberecký kraj,https://data.mpsv.cz/od/soubory/ciselniky/obce.json,2026-08-21
obec,Obec/564397,CZ051,Liberecký kraj,https://data.mpsv.cz/od/soubory/ciselniky/obce.json,2026-08-21
obec,Obec/564401,CZ051,Liberecký kraj,https://data.mpsv.cz/od/soubory/ciselniky/obce.json,2026-08-21
obec,Obec/544477,CZ051,Liberecký kraj,https://data.mpsv.cz/od/soubory/ciselniky/obce.json,2026-08-21
obec,Obec/564427,CZ051,Liberecký kraj,https://data.mpsv.cz/od/soubory/ciselniky/obce.json,2026-08-21
obec,Obec/564435,CZ051,Liberecký kraj,https://data.mpsv.cz/od/soubory/ciselniky/obce.json,2026-08-21
obec,Obec/564443,CZ051,Liberecký kraj,https://data.mpsv.cz/od/soubory/ciselniky/obce.json,2026-08-21
obec,Obec/564451,CZ051,Liberecký kraj,https://data.mpsv.cz/od/soubory/ciselniky/obce.json,2026-08-21
obec,Obec/564460,CZ051,Liberecký kraj,https://data.mpsv.cz/od/soubory/ciselniky/obce.json,2026-08-21
obec,Obec/564494,CZ051,Liberecký kraj,https://data.mpsv.cz/od/soubory/ciselniky/obce.json,2026-08-21
obec,Obec/564516,CZ051,Liberecký kraj,https://data.mpsv.cz/od/soubory/ciselniky/obce.json,2026-08-21
obec,Obec/564532,CZ051,Liberecký kraj,https://data.mpsv.cz/od/soubory/ciselniky/obce.json,2026-08-21
obec,Obec/564541,CZ051,Liberecký kraj,https://data.mpsv.cz/od/soubory/ciselniky/obce.json,2026-08-21
obec,Obec/544604,CZ051,Liberecký kraj,https://data.mpsv.cz/od/soubory/ciselniky/obce.json,2026-08-21
obec,Obec/564575,CZ042,Ústecký kraj,https://data.mpsv.cz/od/soubory/ciselniky/obce.json,2026-08-21
obec,Obec/564591,CZ042,Ústecký kraj,https://data.mpsv.cz/od/soubory/ciselniky/obce.json,2026-08-21
obec,Obec/564613,CZ042,Ústecký kraj,https://data.mpsv.cz/od/soubory/ciselniky/obce.json,2026-08-21
obec,Obec/564621,CZ042,Ústecký kraj,https://data.mpsv.cz/od/soubory/ciselniky/obce.json,2026-08-21
obec,Obec/546755,CZ042,Ústecký kraj,https://data.mpsv.cz/od/soubory/ciselniky/obce.json,2026-08-21
obec,Obec/564648,CZ042,Ústecký kraj,https://data.mpsv.cz/od/soubory/ciselniky/obce.json,2026-08-21
obec,Obec/564656,CZ042,Ústecký kraj,https://data.mpsv.cz/od/soubory/ciselniky/obce.json,2026-08-21
obec,Obec/546780,CZ042,Ústecký kraj,https://data.mpsv.cz/od/soubory/ciselniky/obce.json,2026-08-21
obec,Obec/564672,CZ042,Ústecký kraj,https://data.mpsv.cz/od/soubory/ciselniky/obce.json,2026-08-21
obec,Obec/546852,CZ042,Ústecký kraj,https://data.mpsv.cz/od/soubory/ciselniky/obce.json,2026-08-21
obec,Obec/564699,CZ042,Ústecký kraj,https://data.mpsv.cz/od/soubory/ciselniky/obce.json,2026-08-21
obec,Obec/542423,CZ042,Ústecký kraj,https://data.mpsv.cz/od/soubory/ciselniky/obce.json,2026-08-21
obec,Obec/564711,CZ042,Ústecký kraj,https://data.mpsv.cz/od/soubory/ciselniky/obce.json,2026-08-21
obec,Obec/564729,CZ042,Ústecký kraj,https://data.mpsv.cz/od/soubory/ciselniky/obce.json,2026-08-21
obec,Obec/564737,CZ042,Ústecký kraj,https://data.mpsv.cz/od/soubory/ciselniky/obce.json,2026-08-21
obec,Obec/564745,CZ042,Ústecký kraj,https://data.mpsv.cz/od/soubory/ciselniky/obce.json,2026-08-21
obec,Obec/564753,CZ042,Ústecký kraj,https://data.mpsv.cz/od/soubory/ciselniky/obce.json,2026-08-21
obec,Obec/553646,CZ042,Ústecký kraj,https://data.mpsv.cz/od/soubory/ciselniky/obce.json,2026-08-21
obec,Obec/564770,CZ042,Ústecký kraj,https://data.mpsv.cz/od/soubory/ciselniky/obce.json,2026-08-21
obec,Obec/564818,CZ042,Ústecký kraj,https://data.mpsv.cz/od/soubory/ciselniky/obce.json,2026-08-21
obec,Obec/564834,CZ042,Ústecký kraj,https://data.mpsv.cz/od/soubory/ciselniky/obce.json,2026-08-21
obec,Obec/564842,CZ042,Ústecký kraj,https://data.mpsv.cz/od/soubory/ciselniky/obce.json,2026-08-21
obec,Obec/564851,CZ042,Ústecký kraj,https://data.mpsv.cz/od/soubory/ciselniky/obce.json,2026-08-21
obec,Obec/546763,CZ042,Ústecký kraj,https://data.mpsv.cz/od/soubory/ciselniky/obce.json,2026-08-21
obec,Obec/564877,CZ042,Ústecký kraj,https://data.mpsv.cz/od/soubory/ciselniky/obce.json,2026-08-21
obec,Obec/564893,CZ042,Ústecký kraj,https://data.mpsv.cz/od/soubory/ciselniky/obce.json,2026-08-21
obec,Obec/564923,CZ042,Ústecký kraj,https://data.mpsv.cz/od/soubory/ciselniky/obce.json,2026-08-21
obec,Obec/564931,CZ042,Ústecký kraj,https://data.mpsv.cz/od/soubory/ciselniky/obce.json,2026-08-21
obec,Obec/564940,CZ042,Ústecký kraj,https://data.mpsv.cz/od/soubory/ciselniky/obce.json,2026-08-21
obec,Obec/564958,CZ042,Ústecký kraj,https://data.mpsv.cz/od/soubory/ciselniky/obce.json,2026-08-21
obec,Obec/564966,CZ042,Ústecký kraj,https://data.mpsv.cz/od/soubory/ciselniky/obce.json,2026-08-21
obec,Obec/546810,CZ042,Ústecký kraj,https://data.mpsv.cz/od/soubory/ciselniky/obce.json,2026-08-21
obec,Obec/505528,CZ042,Ústecký kraj,https://data.mpsv.cz/od/soubory/ciselniky/obce.json,2026-08-21
obec,Obec/546771,CZ042,Ústecký kraj,https://data.mpsv.cz/od/soubory/ciselniky/obce.json,2026-08-21
obec,Obec/565016,CZ042,Ústecký kraj,https://data.mpsv.cz/od/soubory/ciselniky/obce.json,2026-08-21
obec,Obec/565024,CZ042,Ústecký kraj,https://data.mpsv.cz/od/soubory/ciselniky/obce.json,2026-08-21
obec,Obec/565032,CZ042,Ústecký kraj,https://data.mpsv.cz/od/soubory/ciselniky/obce.json,2026-08-21
obec,Obec/565059,CZ042,Ústecký kraj,https://data.mpsv.cz/od/soubory/ciselniky/obce.json,2026-08-21
obec,Obec/565067,CZ042,Ústecký kraj,https://data.mpsv.cz/od/soubory/ciselniky/obce.json,2026-08-21
obec,Obec/565075,CZ042,Ústecký kraj,https://data.mpsv.cz/od/soubory/ciselniky/obce.json,2026-08-21
obec,Obec/565083,CZ042,Ústecký kraj,https://data.mpsv.cz/od/soubory/ciselniky/obce.json,2026-08-21
obec,Obec/565091,CZ042,Ústecký kraj,https://data.mpsv.cz/od/soubory/ciselniky/obce.json,2026-08-21
obec,Obec/565105,CZ042,Ústecký kraj,https://data.mpsv.cz/od/soubory/ciselniky/obce.json,2026-08-21
obec,Obec/565113,CZ042,Ústecký kraj,https://data.mpsv.cz/od/soubory/ciselniky/obce.json,2026-08-21
obec,Obec/565121,CZ042,Ústecký kraj,https://data.mpsv.cz/od/soubory/ciselniky/obce.json,2026-08-21
obec,Obec/565148,CZ042,Ústecký kraj,https://data.mpsv.cz/od/soubory/ciselniky/obce.json,2026-08-21
obec,Obec/565156,CZ042,Ústecký kraj,https://data.mpsv.cz/od/soubory/ciselniky/obce.json,2026-08-21
obec,Obec/565164,CZ042,Ústecký kraj,https://data.mpsv.cz/od/soubory/ciselniky/obce.json,2026-08-21
obec,Obec/565172,CZ042,Ústecký kraj,https://data.mpsv.cz/od/soubory/ciselniky/obce.json,2026-08-21
obec,Obec/564567,CZ042,Ústecký kraj,https://data.mpsv.cz/od/soubory/ciselniky/obce.json,2026-08-21
obec,Obec/546691,CZ042,Ústecký kraj,https://data.mpsv.cz/od/soubory/ciselniky/obce.json,2026-08-21
obec,Obec/565211,CZ042,Ústecký kraj,https://data.mpsv.cz/od/soubory/ciselniky/obce.json,2026-08-21
obec,Obec/565229,CZ042,Ústecký kraj,https://data.mpsv.cz/od/soubory/ciselniky/obce.json,2026-08-21
obec,Obec/565237,CZ042,Ústecký kraj,https://data.mpsv.cz/od/soubory/ciselniky/obce.json,2026-08-21
obec,Obec/565245,CZ042,Ústecký kraj,https://data.mpsv.cz/od/soubory/ciselniky/obce.json,2026-08-21
obec,Obec/542491,CZ042,Ústecký kraj,https://data.mpsv.cz/od/soubory/ciselniky/obce.json,2026-08-21
obec,Obec/565253,CZ042,Ústecký kraj,https://data.mpsv.cz/od/soubory/ciselniky/obce.json,2026-08-21
obec,Obec/542521,CZ042,Ústecký kraj,https://data.mpsv.cz/od/soubory/ciselniky/obce.json,2026-08-21
obec,Obec/530506,CZ042,Ústecký kraj,https://data.mpsv.cz/od/soubory/ciselniky/obce.json,2026-08-21
obec,Obec/565296,CZ042,Ústecký kraj,https://data.mpsv.cz/od/soubory/ciselniky/obce.json,2026-08-21
obec,Obec/565300,CZ042,Ústecký kraj,https://data.mpsv.cz/od/soubory/ciselniky/obce.json,2026-08-21
obec,Obec/565318,CZ042,Ústecký kraj,https://data.mpsv.cz/od/soubory/ciselniky/obce.json,2026-08-21
obec,Obec/565342,CZ042,Ústecký kraj,https://data.mpsv.cz/od/soubory/ciselniky/obce.json,2026-08-21
obec,Obec/542440,CZ042,Ústecký kraj,https://data.mpsv.cz/od/soubory/ciselniky/obce.json,2026-08-21
obec,Obec/542539,CZ042,Ústecký kraj,https://data.mpsv.cz/od/soubory/ciselniky/obce.json,2026-08-21
obec,Obec/565393,CZ042,Ústecký kraj,https://data.mpsv.cz/od/soubory/ciselniky/obce.json,2026-08-21
obec,Obec/565415,CZ042,Ústecký kraj,https://data.mpsv.cz/od/soubory/ciselniky/obce.json,2026-08-21
obec,Obec/565431,CZ042,Ústecký kraj,https://data.mpsv.cz/od/soubory/ciselniky/obce.json,2026-08-21
obec,Obec/565458,CZ042,Ústecký kraj,https://data.mpsv.cz/od/soubory/ciselniky/obce.json,2026-08-21
obec,Obec/565474,CZ042,Ústecký kraj,https://data.mpsv.cz/od/soubory/ciselniky/obce.json,2026-08-21
obec,Obec/565482,CZ042,Ústecký kraj,https://data.mpsv.cz/od/soubory/ciselniky/obce.json,2026-08-21
obec,Obec/565491,CZ042,Ústecký kraj,https://data.mpsv.cz/od/soubory/ciselniky/obce.json,2026-08-21
obec,Obec/565521,CZ042,Ústecký kraj,https://data.mpsv.cz/od/soubory/ciselniky/obce.json,2026-08-21
obec,Obec/565547,CZ042,Ústecký kraj,https://data.mpsv.cz/od/soubory/ciselniky/obce.json,2026-08-21
obec,Obec/565555,CZ042,Ústecký kraj,https://data.mpsv.cz/od/soubory/ciselniky/obce.json,2026-08-21
obec,Obec/546721,CZ042,Ústecký kraj,https://data.mpsv.cz/od/soubory/ciselniky/obce.json,2026-08-21
obec,Obec/565598,CZ042,Ústecký kraj,https://data.mpsv.cz/od/soubory/ciselniky/obce.json,2026-08-21
obec,Obec/565601,CZ042,Ústecký kraj,https://data.mpsv.cz/od/soubory/ciselniky/obce.json,2026-08-21
obec,Obec/565610,CZ042,Ústecký kraj,https://data.mpsv.cz/od/soubory/ciselniky/obce.json,2026-08-21
obec,Obec/546828,CZ042,Ústecký kraj,https://data.mpsv.cz/od/soubory/ciselniky/obce.json,2026-08-21
obec,Obec/565679,CZ042,Ústecký kraj,https://data.mpsv.cz/od/soubory/ciselniky/obce.json,2026-08-21
obec,Obec/565695,CZ042,Ústecký kraj,https://data.mpsv.cz/od/soubory/ciselniky/obce.json,2026-08-21
obec,Obec/565709,CZ042,Ústecký kraj,https://data.mpsv.cz/od/soubory/ciselniky/obce.json,2026-08-21
obec,Obec/565717,CZ042,Ústecký kraj,https://data.mpsv.cz/od/soubory/ciselniky/obce.json,2026-08-21
obec,Obec/565741,CZ042,Ústecký kraj,https://data.mpsv.cz/od/soubory/ciselniky/obce.json,2026-08-21
obec,Obec/542407,CZ042,Ústecký kraj,https://data.mpsv.cz/od/soubory/ciselniky/obce.json,2026-08-21
obec,Obec/565768,CZ042,Ústecký kraj,https://data.mpsv.cz/od/soubory/ciselniky/obce.json,2026-08-21
obec,Obec/565776,CZ042,Ústecký kraj,https://data.mpsv.cz/od/soubory/ciselniky/obce.json,2026-08-21
obec,Obec/565792,CZ042,Ústecký kraj,https://data.mpsv.cz/od/soubory/ciselniky/obce.json,2026-08-21
obec,Obec/565806,CZ042,Ústecký kraj,https://data.mpsv.cz/od/soubory/ciselniky/obce.json,2026-08-21
obec,Obec/565814,CZ042,Ústecký kraj,https://data.mpsv.cz/od/soubory/ciselniky/obce.json,2026-08-21
obec,Obec/565831,CZ042,Ústecký kraj,https://data.mpsv.cz/od/soubory/ciselniky/obce.json,2026-08-21
obec,Obec/565849,CZ042,Ústecký kraj,https://data.mpsv.cz/od/soubory/ciselniky/obce.json,2026-08-21
obec,Obec/565857,CZ042,Ústecký kraj,https://data.mpsv.cz/od/soubory/ciselniky/obce.json,2026-08-21
obec,Obec/565865,CZ042,Ústecký kraj,https://data.mpsv.cz/od/soubory/ciselniky/obce.json,2026-08-21
obec,Obec/565873,CZ042,Ústecký kraj,https://data.mpsv.cz/od/soubory/ciselniky/obce.json,2026-08-21
obec,Obec/565881,CZ042,Ústecký kraj,https://data.mpsv.cz/od/soubory/ciselniky/obce.json,2026-08-21
obec,Obec/565890,CZ042,Ústecký kraj,https://data.mpsv.cz/od/soubory/ciselniky/obce.json,2026-08-21
obec,Obec/565903,CZ042,Ústecký kraj,https://data.mpsv.cz/od/soubory/ciselniky/obce.json,2026-08-21
obec,Obec/565911,CZ042,Ústecký kraj,https://data.mpsv.cz/od/soubory/ciselniky/obce.json,2026-08-21
obec,Obec/542482,CZ042,Ústecký kraj,https://data.mpsv.cz/od/soubory/ciselniky/obce.json,2026-08-21
obec,Obec/565938,CZ042,Ústecký kraj,https://data.mpsv.cz/od/soubory/ciselniky/obce.json,2026-08-21
obec,Obec/565946,CZ042,Ústecký kraj,https://data.mpsv.cz/od/soubory/ciselniky/obce.json,2026-08-21
obec,Obec/565954,CZ042,Ústecký kraj,https://data.mpsv.cz/od/soubory/ciselniky/obce.json,2026-08-21
obec,Obec/565962,CZ042,Ústecký kraj,https://data.mpsv.cz/od/soubory/ciselniky/obce.json,2026-08-21
obec,Obec/565997,CZ042,Ústecký kraj,https://data.mpsv.cz/od/soubory/ciselniky/obce.json,2026-08-21
obec,Obec/566004,CZ042,Ústecký kraj,https://data.mpsv.cz/od/soubory/ciselniky/obce.json,2026-08-21
obec,Obec/566012,CZ042,Ústecký kraj,https://data.mpsv.cz/od/soubory/ciselniky/obce.json,2026-08-21
obec,Obec/566021,CZ042,Ústecký kraj,https://data.mpsv.cz/od/soubory/ciselniky/obce.json,2026-08-21
obec,Obec/542547,CZ042,Ústecký kraj,https://data.mpsv.cz/od/soubory/ciselniky/obce.json,2026-08-21
obec,Obec/546895,CZ042,Ústecký kraj,https://data.mpsv.cz/od/soubory/ciselniky/obce.json,2026-08-21
obec,Obec/566063,CZ042,Ústecký kraj,https://data.mpsv.cz/od/soubory/ciselniky/obce.json,2026-08-21
obec,Obec/542571,CZ042,Ústecký kraj,https://data.mpsv.cz/od/soubory/ciselniky/obce.json,2026-08-21
obec,Obec/530581,CZ042,Ústecký kraj,https://data.mpsv.cz/od/soubory/ciselniky/obce.json,2026-08-21
obec,Obec/542628,CZ042,Ústecký kraj,https://data.mpsv.cz/od/soubory/ciselniky/obce.json,2026-08-21
obec,Obec/566128,CZ042,Ústecký kraj,https://data.mpsv.cz/od/soubory/ciselniky/obce.json,2026-08-21
obec,Obec/546861,CZ042,Ústecký kraj,https://data.mpsv.cz/od/soubory/ciselniky/obce.json,2026-08-21
obec,Obec/566152,CZ042,Ústecký kraj,https://data.mpsv.cz/od/soubory/ciselniky/obce.json,2026-08-21
obec,Obec/566187,CZ042,Ústecký kraj,https://data.mpsv.cz/od/soubory/ciselniky/obce.json,2026-08-21
obec,Obec/566195,CZ042,Ústecký kraj,https://data.mpsv.cz/od/soubory/ciselniky/obce.json,2026-08-21
obec,Obec/566217,CZ042,Ústecký kraj,https://data.mpsv.cz/od/soubory/ciselniky/obce.json,2026-08-21
obec,Obec/566233,CZ042,Ústecký kraj,https://data.mpsv.cz/od/soubory/ciselniky/obce.json,2026-08-21
obec,Obec/566241,CZ042,Ústecký kraj,https://data.mpsv.cz/od/soubory/ciselniky/obce.json,2026-08-21
obec,Obec/546429,CZ042,Ústecký kraj,https://data.mpsv.cz/od/soubory/ciselniky/obce.json,2026-08-21
obec,Obec/546011,CZ042,Ústecký kraj,https://data.mpsv.cz/od/soubory/ciselniky/obce.json,2026-08-21
obec,Obec/566284,CZ042,Ústecký kraj,https://data.mpsv.cz/od/soubory/ciselniky/obce.json,2026-08-21
obec,Obec/530557,CZ042,Ústecký kraj,https://data.mpsv.cz/od/soubory/ciselniky/obce.json,2026-08-21
obec,Obec/566306,CZ042,Ústecký kraj,https://data.mpsv.cz/od/soubory/ciselniky/obce.json,2026-08-21
obec,Obec/566314,CZ042,Ústecký kraj,https://data.mpsv.cz/od/soubory/ciselniky/obce.json,2026-08-21
obec,Obec/566322,CZ042,Ústecký kraj,https://data.mpsv.cz/od/soubory/ciselniky/obce.json,2026-08-21
obec,Obec/566349,CZ042,Ústecký kraj,https://data.mpsv.cz/od/soubory/ciselniky/obce.json,2026-08-21
obec,Obec/566357,CZ042,Ústecký kraj,https://data.mpsv.cz/od/soubory/ciselniky/obce.json,2026-08-21
obec,Obec/530590,CZ042,Ústecký kraj,https://data.mpsv.cz/od/soubory/ciselniky/obce.json,2026-08-21
obec,Obec/566381,CZ042,Ústecký kraj,https://data.mpsv.cz/od/soubory/ciselniky/obce.json,2026-08-21
obec,Obec/566403,CZ042,Ústecký kraj,https://data.mpsv.cz/od/soubory/ciselniky/obce.json,2026-08-21
obec,Obec/566411,CZ042,Ústecký kraj,https://data.mpsv.cz/od/soubory/ciselniky/obce.json,2026-08-21
obec,Obec/546879,CZ042,Ústecký kraj,https://data.mpsv.cz/od/soubory/ciselniky/obce.json,2026-08-21
obec,Obec/565971,CZ042,Ústecký kraj,https://data.mpsv.cz/od/soubory/ciselniky/obce.json,2026-08-21
obec,Obec/566438,CZ042,Ústecký kraj,https://data.mpsv.cz/od/soubory/ciselniky/obce.json,2026-08-21
obec,Obec/566454,CZ042,Ústecký kraj,https://data.mpsv.cz/od/soubory/ciselniky/obce.json,2026-08-21
obec,Obec/566501,CZ042,Ústecký kraj,https://data.mpsv.cz/od/soubory/ciselniky/obce.json,2026-08-21
obec,Obec/542636,CZ042,Ústecký kraj,https://data.mpsv.cz/od/soubory/ciselniky/obce.json,2026-08-21
obec,Obec/566519,CZ042,Ústecký kraj,https://data.mpsv.cz/od/soubory/ciselniky/obce.json,2026-08-21
obec,Obec/542580,CZ042,Ústecký kraj,https://data.mpsv.cz/od/soubory/ciselniky/obce.json,2026-08-21
obec,Obec/566527,CZ042,Ústecký kraj,https://data.mpsv.cz/od/soubory/ciselniky/obce.json,2026-08-21
obec,Obec/542555,CZ042,Ústecký kraj,https://data.mpsv.cz/od/soubory/ciselniky/obce.json,2026-08-21
obec,Obec/566535,CZ042,Ústecký kraj,https://data.mpsv.cz/od/soubory/ciselniky/obce.json,2026-08-21
obec,Obec/566551,CZ042,Ústecký kraj,https://data.mpsv.cz/od/soubory/ciselniky/obce.json,2026-08-21
obec,Obec/566560,CZ042,Ústecký kraj,https://data.mpsv.cz/od/soubory/ciselniky/obce.json,2026-08-21
obec,Obec/566578,CZ042,Ústecký kraj,https://data.mpsv.cz/od/soubory/ciselniky/obce.json,2026-08-21
obec,Obec/566586,CZ042,Ústecký kraj,https://data.mpsv.cz/od/soubory/ciselniky/obce.json,2026-08-21
obec,Obec/566608,CZ042,Ústecký kraj,https://data.mpsv.cz/od/soubory/ciselniky/obce.json,2026-08-21
obec,Obec/566616,CZ042,Ústecký kraj,https://data.mpsv.cz/od/soubory/ciselniky/obce.json,2026-08-21
obec,Obec/566624,CZ042,Ústecký kraj,https://data.mpsv.cz/od/soubory/ciselniky/obce.json,2026-08-21
obec,Obec/566659,CZ042,Ústecký kraj,https://data.mpsv.cz/od/soubory/ciselniky/obce.json,2026-08-21
obec,Obec/566667,CZ042,Ústecký kraj,https://data.mpsv.cz/od/soubory/ciselniky/obce.json,2026-08-21
obec,Obec/566713,CZ042,Ústecký kraj,https://data.mpsv.cz/od/soubory/ciselniky/obce.json,2026-08-21
obec,Obec/566721,CZ042,Ústecký kraj,https://data.mpsv.cz/od/soubory/ciselniky/obce.json,2026-08-21
obec,Obec/543128,CZ042,Ústecký kraj,https://data.mpsv.cz/od/soubory/ciselniky/obce.json,2026-08-21
obec,Obec/566829,CZ042,Ústecký kraj,https://data.mpsv.cz/od/soubory/ciselniky/obce.json,2026-08-21
obec,Obec/566853,CZ042,Ústecký kraj,https://data.mpsv.cz/od/soubory/ciselniky/obce.json,2026-08-21
obec,Obec/546178,CZ042,Ústecký kraj,https://data.mpsv.cz/od/soubory/ciselniky/obce.json,2026-08-21
obec,Obec/566870,CZ042,Ústecký kraj,https://data.mpsv.cz/od/soubory/ciselniky/obce.json,2026-08-21
obec,Obec/566896,CZ042,Ústecký kraj,https://data.mpsv.cz/od/soubory/ciselniky/obce.json,2026-08-21
obec,Obec/566918,CZ042,Ústecký kraj,https://data.mpsv.cz/od/soubory/ciselniky/obce.json,2026-08-21
obec,Obec/566926,CZ042,Ústecký kraj,https://data.mpsv.cz/od/soubory/ciselniky/obce.json,2026-08-21
obec,Obec/566934,CZ042,Ústecký kraj,https://data.mpsv.cz/od/soubory/ciselniky/obce.json,2026-08-21
obec,Obec/546887,CZ042,Ústecký kraj,https://data.mpsv.cz/od/soubory/ciselniky/obce.json,2026-08-21
obec,Obec/566951,CZ042,Ústecký kraj,https://data.mpsv.cz/od/soubory/ciselniky/obce.json,2026-08-21
obec,Obec/530603,CZ042,Ústecký kraj,https://data.mpsv.cz/od/soubory/ciselniky/obce.json,2026-08-21
obec,Obec/566977,CZ042,Ústecký kraj,https://data.mpsv.cz/od/soubory/ciselniky/obce.json,2026-08-21
obec,Obec/566985,CZ042,Ústecký kraj,https://data.mpsv.cz/od/soubory/ciselniky/obce.json,2026-08-21
obec,Obec/530565,CZ042,Ústecký kraj,https://data.mpsv.cz/od/soubory/ciselniky/obce.json,2026-08-21
obec,Obec/543012,CZ042,Ústecký kraj,https://data.mpsv.cz/od/soubory/ciselniky/obce.json,2026-08-21
obec,Obec/567019,CZ042,Ústecký kraj,https://data.mpsv.cz/od/soubory/ciselniky/obce.json,2026-08-21
obec,Obec/567043,CZ042,Ústecký kraj,https://data.mpsv.cz/od/soubory/ciselniky/obce.json,2026-08-21
obec,Obec/567051,CZ042,Ústecký kraj,https://data.mpsv.cz/od/soubory/ciselniky/obce.json,2026-08-21
obec,Obec/567060,CZ042,Ústecký kraj,https://data.mpsv.cz/od/soubory/ciselniky/obce.json,2026-08-21
obec,Obec/567078,CZ042,Ústecký kraj,https://data.mpsv.cz/od/soubory/ciselniky/obce.json,2026-08-21
obec,Obec/567108,CZ042,Ústecký kraj,https://data.mpsv.cz/od/soubory/ciselniky/obce.json,2026-08-21
obec,Obec/567141,CZ042,Ústecký kraj,https://data.mpsv.cz/od/soubory/ciselniky/obce.json,2026-08-21
obec,Obec/567167,CZ042,Ústecký kraj,https://data.mpsv.cz/od/soubory/ciselniky/obce.json,2026-08-21
obec,Obec/567175,CZ042,Ústecký kraj,https://data.mpsv.cz/od/soubory/ciselniky/obce.json,2026-08-21
obec,Obec/567191,CZ042,Ústecký kraj,https://data.mpsv.cz/od/soubory/ciselniky/obce.json,2026-08-21
obec,Obec/567221,CZ042,Ústecký kraj,https://data.mpsv.cz/od/soubory/ciselniky/obce.json,2026-08-21
obec,Obec/567248,CZ042,Ústecký kraj,https://data.mpsv.cz/od/soubory/ciselniky/obce.json,2026-08-21
obec,Obec/567256,CZ042,Ústecký kraj,https://data.mpsv.cz/od/soubory/ciselniky/obce.json,2026-08-21
obec,Obec/567264,CZ042,Ústecký kraj,https://data.mpsv.cz/od/soubory/ciselniky/obce.json,2026-08-21
obec,Obec/567272,CZ042,Ústecký kraj,https://data.mpsv.cz/od/soubory/ciselniky/obce.json,2026-08-21
obec,Obec/567281,CZ042,Ústecký kraj,https://data.mpsv.cz/od/soubory/ciselniky/obce.json,2026-08-21
obec,Obec/567299,CZ042,Ústecký kraj,https://data.mpsv.cz/od/soubory/ciselniky/obce.json,2026-08-21
obec,Obec/567302,CZ042,Ústecký kraj,https://data.mpsv.cz/od/soubory/ciselniky/obce.json,2026-08-21
obec,Obec/567311,CZ042,Ústecký kraj,https://data.mpsv.cz/od/soubory/ciselniky/obce.json,2026-08-21
obec,Obec/567027,CZ042,Ústecký kraj,https://data.mpsv.cz/od/soubory/ciselniky/obce.json,2026-08-21
obec,Obec/567329,CZ042,Ústecký kraj,https://data.mpsv.cz/od/soubory/ciselniky/obce.json,2026-08-21
obec,Obec/567337,CZ042,Ústecký kraj,https://data.mpsv.cz/od/soubory/ciselniky/obce.json,2026-08-21
obec,Obec/567345,CZ042,Ústecký kraj,https://data.mpsv.cz/od/soubory/ciselniky/obce.json,2026-08-21
obec,Obec/567353,CZ042,Ústecký kraj,https://data.mpsv.cz/od/soubory/ciselniky/obce.json,2026-08-21
obec,Obec/567361,CZ042,Ústecký kraj,https://data.mpsv.cz/od/soubory/ciselniky/obce.json,2026-08-21
obec,Obec/546437,CZ042,Ústecký kraj,https://data.mpsv.cz/od/soubory/ciselniky/obce.json,2026-08-21
obec,Obec/567426,CZ042,Ústecký kraj,https://data.mpsv.cz/od/soubory/ciselniky/obce.json,2026-08-21
obec,Obec/567451,CZ042,Ústecký kraj,https://data.mpsv.cz/od/soubory/ciselniky/obce.json,2026-08-21
obec,Obec/567469,CZ042,Ústecký kraj,https://data.mpsv.cz/od/soubory/ciselniky/obce.json,2026-08-21
obec,Obec/567477,CZ042,Ústecký kraj,https://data.mpsv.cz/od/soubory/ciselniky/obce.json,2026-08-21
obec,Obec/567485,CZ042,Ústecký kraj,https://data.mpsv.cz/od/soubory/ciselniky/obce.json,2026-08-21
obec,Obec/567507,CZ042,Ústecký kraj,https://data.mpsv.cz/od/soubory/ciselniky/obce.json,2026-08-21
obec,Obec/567515,CZ042,Ústecký kraj,https://data.mpsv.cz/od/soubory/ciselniky/obce.json,2026-08-21
obec,Obec/567523,CZ042,Ústecký kraj,https://data.mpsv.cz/od/soubory/ciselniky/obce.json,2026-08-21
obec,Obec/567531,CZ042,Ústecký kraj,https://data.mpsv.cz/od/soubory/ciselniky/obce.json,2026-08-21
obec,Obec/567558,CZ042,Ústecký kraj,https://data.mpsv.cz/od/soubory/ciselniky/obce.json,2026-08-21
obec,Obec/567566,CZ042,Ústecký kraj,https://data.mpsv.cz/od/soubory/ciselniky/obce.json,2026-08-21
obec,Obec/567582,CZ042,Ústecký kraj,https://data.mpsv.cz/od/soubory/ciselniky/obce.json,2026-08-21
obec,Obec/567604,CZ042,Ústecký kraj,https://data.mpsv.cz/od/soubory/ciselniky/obce.json,2026-08-21
obec,Obec/567612,CZ042,Ústecký kraj,https://data.mpsv.cz/od/soubory/ciselniky/obce.json,2026-08-21
obec,Obec/567621,CZ042,Ústecký kraj,https://data.mpsv.cz/od/soubory/ciselniky/obce.json,2026-08-21
obec,Obec/567639,CZ042,Ústecký kraj,https://data.mpsv.cz/od/soubory/ciselniky/obce.json,2026-08-21
obec,Obec/567647,CZ042,Ústecký kraj,https://data.mpsv.cz/od/soubory/ciselniky/obce.json,2026-08-21
obec,Obec/567655,CZ042,Ústecký kraj,https://data.mpsv.cz/od/soubory/ciselniky/obce.json,2026-08-21
obec,Obec/546909,CZ042,Ústecký kraj,https://data.mpsv.cz/od/soubory/ciselniky/obce.json,2026-08-21
obec,Obec/567698,CZ042,Ústecký kraj,https://data.mpsv.cz/od/soubory/ciselniky/obce.json,2026-08-21
obec,Obec/567701,CZ042,Ústecký kraj,https://data.mpsv.cz/od/soubory/ciselniky/obce.json,2026-08-21
obec,Obec/567710,CZ042,Ústecký kraj,https://data.mpsv.cz/od/soubory/ciselniky/obce.json,2026-08-21
obec,Obec/567728,CZ042,Ústecký kraj,https://data.mpsv.cz/od/soubory/ciselniky/obce.json,2026-08-21
obec,Obec/567752,CZ042,Ústecký kraj,https://data.mpsv.cz/od/soubory/ciselniky/obce.json,2026-08-21
obec,Obec/567761,CZ042,Ústecký kraj,https://data.mpsv.cz/od/soubory/ciselniky/obce.json,2026-08-21
obec,Obec/567779,CZ042,Ústecký kraj,https://data.mpsv.cz/od/soubory/ciselniky/obce.json,2026-08-21
obec,Obec/567787,CZ042,Ústecký kraj,https://data.mpsv.cz/od/soubory/ciselniky/obce.json,2026-08-21
obec,Obec/567809,CZ042,Ústecký kraj,https://data.mpsv.cz/od/soubory/ciselniky/obce.json,2026-08-21
obec,Obec/567833,CZ042,Ústecký kraj,https://data.mpsv.cz/od/soubory/ciselniky/obce.json,2026-08-21
obec,Obec/567841,CZ042,Ústecký kraj,https://data.mpsv.cz/od/soubory/ciselniky/obce.json,2026-08-21
obec,Obec/567442,CZ042,Ústecký kraj,https://data.mpsv.cz/od/soubory/ciselniky/obce.json,2026-08-21
obec,Obec/567850,CZ042,Ústecký kraj,https://data.mpsv.cz/od/soubory/ciselniky/obce.json,2026-08-21
obec,Obec/567868,CZ042,Ústecký kraj,https://data.mpsv.cz/od/soubory/ciselniky/obce.json,2026-08-21
obec,Obec/567876,CZ042,Ústecký kraj,https://data.mpsv.cz/od/soubory/ciselniky/obce.json,2026-08-21
obec,Obec/567884,CZ042,Ústecký kraj,https://data.mpsv.cz/od/soubory/ciselniky/obce.json,2026-08-21
obec,Obec/567931,CZ042,Ústecký kraj,https://data.mpsv.cz/od/soubory/ciselniky/obce.json,2026-08-21
obec,Obec/567957,CZ042,Ústecký kraj,https://data.mpsv.cz/od/soubory/ciselniky/obce.json,2026-08-21
obec,Obec/567973,CZ042,Ústecký kraj,https://data.mpsv.cz/od/soubory/ciselniky/obce.json,2026-08-21
obec,Obec/568007,CZ042,Ústecký kraj,https://data.mpsv.cz/od/soubory/ciselniky/obce.json,2026-08-21
obec,Obec/568015,CZ042,Ústecký kraj,https://data.mpsv.cz/od/soubory/ciselniky/obce.json,2026-08-21
obec,Obec/568023,CZ042,Ústecký kraj,https://data.mpsv.cz/od/soubory/ciselniky/obce.json,2026-08-21
obec,Obec/568058,CZ042,Ústecký kraj,https://data.mpsv.cz/od/soubory/ciselniky/obce.json,2026-08-21
obec,Obec/568091,CZ042,Ústecký kraj,https://data.mpsv.cz/od/soubory/ciselniky/obce.json,2026-08-21
obec,Obec/568104,CZ042,Ústecký kraj,https://data.mpsv.cz/od/soubory/ciselniky/obce.json,2026-08-21
obec,Obec/568147,CZ042,Ústecký kraj,https://data.mpsv.cz/od/soubory/ciselniky/obce.json,2026-08-21
obec,Obec/568155,CZ042,Ústecký kraj,https://data.mpsv.cz/od/soubory/ciselniky/obce.json,2026-08-21
obec,Obec/530620,CZ042,Ústecký kraj,https://data.mpsv.cz/od/soubory/ciselniky/obce.json,2026-08-21
obec,Obec/546186,CZ042,Ústecký kraj,https://data.mpsv.cz/od/soubory/ciselniky/obce.json,2026-08-21
obec,Obec/568201,CZ042,Ústecký kraj,https://data.mpsv.cz/od/soubory/ciselniky/obce.json,2026-08-21
obec,Obec/546925,CZ042,Ústecký kraj,https://data.mpsv.cz/od/soubory/ciselniky/obce.json,2026-08-21
obec,Obec/568287,CZ042,Ústecký kraj,https://data.mpsv.cz/od/soubory/ciselniky/obce.json,2026-08-21
obec,Obec/568295,CZ042,Ústecký kraj,https://data.mpsv.cz/od/soubory/ciselniky/obce.json,2026-08-21
obec,Obec/568309,CZ042,Ústecký kraj,https://data.mpsv.cz/od/soubory/ciselniky/obce.json,2026-08-21
obec,Obec/553697,CZ042,Ústecký kraj,https://data.mpsv.cz/od/soubory/ciselniky/obce.json,2026-08-21
obec,Obec/554804,CZ042,Ústecký kraj,https://data.mpsv.cz/od/soubory/ciselniky/obce.json,2026-08-21
obec,Obec/568350,CZ042,Ústecký kraj,https://data.mpsv.cz/od/soubory/ciselniky/obce.json,2026-08-21
obec,Obec/555223,CZ042,Ústecký kraj,https://data.mpsv.cz/od/soubory/ciselniky/obce.json,2026-08-21
obec,Obec/568384,CZ042,Ústecký kraj,https://data.mpsv.cz/od/soubory/ciselniky/obce.json,2026-08-21
obec,Obec/546194,CZ063,Kraj Vysočina,https://data.mpsv.cz/od/soubory/ciselniky/obce.json,2026-08-21
obec,Obec/548260,CZ063,Kraj Vysočina,https://data.mpsv.cz/od/soubory/ciselniky/obce.json,2026-08-21
obec,Obec/573566,CZ063,Kraj Vysočina,https://data.mpsv.cz/od/soubory/ciselniky/obce.json,2026-08-21
obec,Obec/548430,CZ063,Kraj Vysočina,https://data.mpsv.cz/od/soubory/ciselniky/obce.json,2026-08-21
obec,Obec/568457,CZ063,Kraj Vysočina,https://data.mpsv.cz/od/soubory/ciselniky/obce.json,2026-08-21
obec,Obec/573558,CZ063,Kraj Vysočina,https://data.mpsv.cz/od/soubory/ciselniky/obce.json,2026-08-21
obec,Obec/568465,CZ063,Kraj Vysočina,https://data.mpsv.cz/od/soubory/ciselniky/obce.json,2026-08-21
obec,Obec/548278,CZ063,Kraj Vysočina,https://data.mpsv.cz/od/soubory/ciselniky/obce.json,2026-08-21
obec,Obec/568490,CZ063,Kraj Vysočina,https://data.mpsv.cz/od/soubory/ciselniky/obce.json,2026-08-21
obec,Obec/548375,CZ063,Kraj Vysočina,https://data.mpsv.cz/od/soubory/ciselniky/obce.json,2026-08-21
obec,Obec/568503,CZ063,Kraj Vysočina,https://data.mpsv.cz/od/soubory/ciselniky/obce.json,2026-08-21
obec,Obec/568520,CZ063,Kraj Vysočina,https://data.mpsv.cz/od/soubory/ciselniky/obce.json,2026-08-21
obec,Obec/568538,CZ063,Kraj Vysočina,https://data.mpsv.cz/od/soubory/ciselniky/obce.json,2026-08-21
obec,Obec/568597,CZ063,Kraj Vysočina,https://data.mpsv.cz/od/soubory/ciselniky/obce.json,2026-08-21
obec,Obec/568601,CZ063,Kraj Vysočina,https://data.mpsv.cz/od/soubory/ciselniky/obce.json,2026-08-21
obec,Obec/548448,CZ063,Kraj Vysočina,https://data.mpsv.cz/od/soubory/ciselniky/obce.json,2026-08-21
obec,Obec/568619,CZ063,Kraj Vysočina,https://data.mpsv.cz/od/soubory/ciselniky/obce.json,2026-08-21
obec,Obec/568635,CZ063,Kraj Vysočina,https://data.mpsv.cz/od/soubory/ciselniky/obce.json,2026-08-21
obec,Obec/568651,CZ063,Kraj Vysočina,https://data.mpsv.cz/od/soubory/ciselniky/obce.json,2026-08-21
obec,Obec/568660,CZ063,Kraj Vysočina,https://data.mpsv.cz/od/soubory/ciselniky/obce.json,2026-08-21
obec,Obec/568414,CZ063,Kraj Vysočina,https://data.mpsv.cz/od/soubory/ciselniky/obce.json,2026-08-21
obec,Obec/568678,CZ063,Kraj Vysočina,https://data.mpsv.cz/od/soubory/ciselniky/obce.json,2026-08-21
obec,Obec/548596,CZ063,Kraj Vysočina,https://data.mpsv.cz/od/soubory/ciselniky/obce.json,2026-08-21
obec,Obec/568694,CZ063,Kraj Vysočina,https://data.mpsv.cz/od/soubory/ciselniky/obce.json,2026-08-21
obec,Obec/568708,CZ063,Kraj Vysočina,https://data.mpsv.cz/od/soubory/ciselniky/obce.json,2026-08-21
obec,Obec/548243,CZ063,Kraj Vysočina,https://data.mpsv.cz/od/soubory/ciselniky/obce.json,2026-08-21
obec,Obec/568724,CZ063,Kraj Vysočina,https://data.mpsv.cz/od/soubory/ciselniky/obce.json,2026-08-21
obec,Obec/530646,CZ063,Kraj Vysočina,https://data.mpsv.cz/od/soubory/ciselniky/obce.json,2026-08-21
obec,Obec/568759,CZ063,Kraj Vysočina,https://data.mpsv.cz/od/soubory/ciselniky/obce.json,2026-08-21
obec,Obec/568767,CZ063,Kraj Vysočina,https://data.mpsv.cz/od/soubory/ciselniky/obce.json,2026-08-21
obec,Obec/573574,CZ063,Kraj Vysočina,https://data.mpsv.cz/od/soubory/ciselniky/obce.json,2026-08-21
obec,Obec/568783,CZ063,Kraj Vysočina,https://data.mpsv.cz/od/soubory/ciselniky/obce.json,2026-08-21
obec,Obec/568805,CZ063,Kraj Vysočina,https://data.mpsv.cz/od/soubory/ciselniky/obce.json,2026-08-21
obec,Obec/548413,CZ063,Kraj Vysočina,https://data.mpsv.cz/od/soubory/ciselniky/obce.json,2026-08-21
obec,Obec/546216,CZ063,Kraj Vysočina,https://data.mpsv.cz/od/soubory/ciselniky/obce.json,2026-08-21
obec,Obec/568821,CZ063,Kraj Vysočina,https://data.mpsv.cz/od/soubory/ciselniky/obce.json,2026-08-21
obec,Obec/568848,CZ063,Kraj Vysočina,https://data.mpsv.cz/od/soubory/ciselniky/obce.json,2026-08-21
obec,Obec/568856,CZ063,Kraj Vysočina,https://data.mpsv.cz/od/soubory/ciselniky/obce.json,2026-08-21
obec,Obec/548286,CZ063,Kraj Vysočina,https://data.mpsv.cz/od/soubory/ciselniky/obce.json,2026-08-21
obec,Obec/548529,CZ063,Kraj Vysočina,https://data.mpsv.cz/od/soubory/ciselniky/obce.json,2026-08-21
obec,Obec/568881,CZ063,Kraj Vysočina,https://data.mpsv.cz/od/soubory/ciselniky/obce.json,2026-08-21
obec,Obec/548189,CZ063,Kraj Vysočina,https://data.mpsv.cz/od/soubory/ciselniky/obce.json,2026-08-21
obec,Obec/568899,CZ063,Kraj Vysočina,https://data.mpsv.cz/od/soubory/ciselniky/obce.json,2026-08-21
obec,Obec/568902,CZ063,Kraj Vysočina,https://data.mpsv.cz/od/soubory/ciselniky/obce.json,2026-08-21
obec,Obec/548618,CZ063,Kraj Vysočina,https://data.mpsv.cz/od/soubory/ciselniky/obce.json,2026-08-21
obec,Obec/568929,CZ063,Kraj Vysočina,https://data.mpsv.cz/od/soubory/ciselniky/obce.json,2026-08-21
obec,Obec/568937,CZ063,Kraj Vysočina,https://data.mpsv.cz/od/soubory/ciselniky/obce.json,2026-08-21
obec,Obec/568945,CZ063,Kraj Vysočina,https://data.mpsv.cz/od/soubory/ciselniky/obce.json,2026-08-21
obec,Obec/548570,CZ063,Kraj Vysočina,https://data.mpsv.cz/od/soubory/ciselniky/obce.json,2026-08-21
obec,Obec/568953,CZ063,Kraj Vysočina,https://data.mpsv.cz/od/soubory/ciselniky/obce.json,2026-08-21
obec,Obec/548308,CZ063,Kraj Vysočina,https://data.mpsv.cz/od/soubory/ciselniky/obce.json,2026-08-21
obec,Obec/568970,CZ063,Kraj Vysočina,https://data.mpsv.cz/od/soubory/ciselniky/obce.json,2026-08-21
obec,Obec/548481,CZ063,Kraj Vysočina,https://data.mpsv.cz/od/soubory/ciselniky/obce.json,2026-08-21
obec,Obec/568988,CZ063,Kraj Vysočina,https://data.mpsv.cz/od/soubory/ciselniky/obce.json,2026-08-21
obec,Obec/568996,CZ063,Kraj Vysočina,https://data.mpsv.cz/od/soubory/ciselniky/obce.json,2026-08-21
obec,Obec/569011,CZ063,Kraj Vysočina,https://data.mpsv.cz/od/soubory/ciselniky/obce.json,2026-08-21
obec,Obec/569020,CZ063,Kraj Vysočina,https://data.mpsv.cz/od/soubory/ciselniky/obce.json,2026-08-21
obec,Obec/569038,CZ063,Kraj Vysočina,https://data.mpsv.cz/od/soubory/ciselniky/obce.json,2026-08-21
obec,Obec/569046,CZ063,Kraj Vysočina,https://data.mpsv.cz/od/soubory/ciselniky/obce.json,2026-08-21
obec,Obec/569062,CZ063,Kraj Vysočina,https://data.mpsv.cz/od/soubory/ciselniky/obce.json,2026-08-21
obec,Obec/569071,CZ063,Kraj Vysočina,https://data.mpsv.cz/od/soubory/ciselniky/obce.json,2026-08-21
obec,Obec/569089,CZ063,Kraj Vysočina,https://data.mpsv.cz/od/soubory/ciselniky/obce.json,2026-08-21
obec,Obec/548316,CZ063,Kraj Vysočina,https://data.mpsv.cz/od/soubory/ciselniky/obce.json,2026-08-21
obec,Obec/569127,CZ063,Kraj Vysočina,https://data.mpsv.cz/od/soubory/ciselniky/obce.json,2026-08-21
obec,Obec/548197,CZ063,Kraj Vysočina,https://data.mpsv.cz/od/soubory/ciselniky/obce.json,2026-08-21
obec,Obec/569160,CZ063,Kraj Vysočina,https://data.mpsv.cz/od/soubory/ciselniky/obce.json,2026-08-21
obec,Obec/569151,CZ063,Kraj Vysočina,https://data.mpsv.cz/od/soubory/ciselniky/obce.json,2026-08-21
obec,Obec/555266,CZ063,Kraj Vysočina,https://data.mpsv.cz/od/soubory/ciselniky/obce.json,2026-08-21
obec,Obec/569186,CZ063,Kraj Vysočina,https://data.mpsv.cz/od/soubory/ciselniky/obce.json,2026-08-21
obec,Obec/548588,CZ063,Kraj Vysočina,https://data.mpsv.cz/od/soubory/ciselniky/obce.json,2026-08-21
obec,Obec/569208,CZ063,Kraj Vysočina,https://data.mpsv.cz/od/soubory/ciselniky/obce.json,2026-08-21
obec,Obec/569216,CZ063,Kraj Vysočina,https://data.mpsv.cz/od/soubory/ciselniky/obce.json,2026-08-21
obec,Obec/548359,CZ063,Kraj Vysočina,https://data.mpsv.cz/od/soubory/ciselniky/obce.json,2026-08-21
obec,Obec/569224,CZ063,Kraj Vysočina,https://data.mpsv.cz/od/soubory/ciselniky/obce.json,2026-08-21
obec,Obec/569232,CZ063,Kraj Vysočina,https://data.mpsv.cz/od/soubory/ciselniky/obce.json,2026-08-21
obec,Obec/569241,CZ063,Kraj Vysočina,https://data.mpsv.cz/od/soubory/ciselniky/obce.json,2026-08-21
obec,Obec/548634,CZ063,Kraj Vysočina,https://data.mpsv.cz/od/soubory/ciselniky/obce.json,2026-08-21
obec,Obec/548251,CZ063,Kraj Vysočina,https://data.mpsv.cz/od/soubory/ciselniky/obce.json,2026-08-21
obec,Obec/569291,CZ063,Kraj Vysočina,https://data.mpsv.cz/od/soubory/ciselniky/obce.json,2026-08-21
obec,Obec/573591,CZ063,Kraj Vysočina,https://data.mpsv.cz/od/soubory/ciselniky/obce.json,2026-08-21
obec,Obec/569313,CZ063,Kraj Vysočina,https://data.mpsv.cz/od/soubory/ciselniky/obce.json,2026-08-21
obec,Obec/569321,CZ063,Kraj Vysočina,https://data.mpsv.cz/od/soubory/ciselniky/obce.json,2026-08-21
obec,Obec/569348,CZ063,Kraj Vysočina,https://data.mpsv.cz/od/soubory/ciselniky/obce.json,2026-08-21
obec,Obec/569364,CZ063,Kraj Vysočina,https://data.mpsv.cz/od/soubory/ciselniky/obce.json,2026-08-21
obec,Obec/569399,CZ063,Kraj Vysočina,https://data.mpsv.cz/od/soubory/ciselniky/obce.json,2026-08-21
obec,Obec/569402,CZ063,Kraj Vysočina,https://data.mpsv.cz/od/soubory/ciselniky/obce.json,2026-08-21
obec,Obec/569411,CZ063,Kraj Vysočina,https://data.mpsv.cz/od/soubory/ciselniky/obce.json,2026-08-21
obec,Obec/569429,CZ063,Kraj Vysočina,https://data.mpsv.cz/od/soubory/ciselniky/obce.json,2026-08-21
obec,Obec/548421,CZ063,Kraj Vysočina,https://data.mpsv.cz/od/soubory/ciselniky/obce.json,2026-08-21
obec,Obec/548324,CZ063,Kraj Vysočina,https://data.mpsv.cz/od/soubory/ciselniky/obce.json,2026-08-21
obec,Obec/569461,CZ063,Kraj Vysočina,https://data.mpsv.cz/od/soubory/ciselniky/obce.json,2026-08-21
obec,Obec/569470,CZ063,Kraj Vysočina,https://data.mpsv.cz/od/soubory/ciselniky/obce.json,2026-08-21
obec,Obec/548553,CZ063,Kraj Vysočina,https://data.mpsv.cz/od/soubory/ciselniky/obce.json,2026-08-21
obec,Obec/569488,CZ063,Kraj Vysočina,https://data.mpsv.cz/od/soubory/ciselniky/obce.json,2026-08-21
obec,Obec/548341,CZ063,Kraj Vysočina,https://data.mpsv.cz/od/soubory/ciselniky/obce.json,2026-08-21
obec,Obec/548499,CZ063,Kraj Vysočina,https://data.mpsv.cz/od/soubory/ciselniky/obce.json,2026-08-21
obec,Obec/573604,CZ063,Kraj Vysočina,https://data.mpsv.cz/od/soubory/ciselniky/obce.json,2026-08-21
obec,Obec/569518,CZ063,Kraj Vysočina,https://data.mpsv.cz/od/soubory/ciselniky/obce.json,2026-08-21
obec,Obec/569534,CZ063,Kraj Vysočina,https://data.mpsv.cz/od/soubory/ciselniky/obce.json,2026-08-21
obec,Obec/569569,CZ063,Kraj Vysočina,https://data.mpsv.cz/od/soubory/ciselniky/obce.json,2026-08-21
obec,Obec/569585,CZ063,Kraj Vysočina,https://data.mpsv.cz/od/soubory/ciselniky/obce.json,2026-08-21
obec,Obec/569593,CZ063,Kraj Vysočina,https://data.mpsv.cz/od/soubory/ciselniky/obce.json,2026-08-21
obec,Obec/569615,CZ063,Kraj Vysočina,https://data.mpsv.cz/od/soubory/ciselniky/obce.json,2026-08-21
obec,Obec/569623,CZ063,Kraj Vysočina,https://data.mpsv.cz/od/soubory/ciselniky/obce.json,2026-08-21
obec,Obec/569640,CZ063,Kraj Vysočina,https://data.mpsv.cz/od/soubory/ciselniky/obce.json,2026-08-21
obec,Obec/548537,CZ063,Kraj Vysočina,https://data.mpsv.cz/od/soubory/ciselniky/obce.json,2026-08-21
obec,Obec/569658,CZ063,Kraj Vysočina,https://data.mpsv.cz/od/soubory/ciselniky/obce.json,2026-08-21
obec,Obec/569674,CZ063,Kraj Vysočina,https://data.mpsv.cz/od/soubory/ciselniky/obce.json,2026-08-21
obec,Obec/569682,CZ063,Kraj Vysočina,https://data.mpsv.cz/od/soubory/ciselniky/obce.json,2026-08-21
obec,Obec/569691,CZ063,Kraj Vysočina,https://data.mpsv.cz/od/soubory/ciselniky/obce.json,2026-08-21
obec,Obec/569704,CZ063,Kraj Vysočina,https://data.mpsv.cz/od/soubory/ciselniky/obce.json,2026-08-21
obec,Obec/569712,CZ063,Kraj Vysočina,https://data.mpsv.cz/od/soubory/ciselniky/obce.json,2026-08-21
obec,Obec/569721,CZ063,Kraj Vysočina,https://data.mpsv.cz/od/soubory/ciselniky/obce.json,2026-08-21
obec,Obec/573582,CZ063,Kraj Vysočina,https://data.mpsv.cz/od/soubory/ciselniky/obce.json,2026-08-21
obec,Obec/569739,CZ063,Kraj Vysočina,https://data.mpsv.cz/od/soubory/ciselniky/obce.json,2026-08-21
obec,Obec/530654,CZ063,Kraj Vysočina,https://data.mpsv.cz/od/soubory/ciselniky/obce.json,2026-08-21
obec,Obec/548626,CZ063,Kraj Vysočina,https://data.mpsv.cz/od/soubory/ciselniky/obce.json,2026-08-21
obec,Obec/530662,CZ063,Kraj Vysočina,https://data.mpsv.cz/od/soubory/ciselniky/obce.json,2026-08-21
obec,Obec/569780,CZ063,Kraj Vysočina,https://data.mpsv.cz/od/soubory/ciselniky/obce.json,2026-08-21
obec,Obec/569801,CZ063,Kraj Vysočina,https://data.mpsv.cz/od/soubory/ciselniky/obce.json,2026-08-21
obec,Obec/569828,CZ052,Královéhradecký kraj,https://data.mpsv.cz/od/soubory/ciselniky/obce.json,2026-08-21
obec,Obec/569836,CZ052,Královéhradecký kraj,https://data.mpsv.cz/od/soubory/ciselniky/obce.json,2026-08-21
obec,Obec/569852,CZ052,Královéhradecký kraj,https://data.mpsv.cz/od/soubory/ciselniky/obce.json,2026-08-21
obec,Obec/569861,CZ052,Královéhradecký kraj,https://data.mpsv.cz/od/soubory/ciselniky/obce.json,2026-08-21
obec,Obec/569879,CZ052,Královéhradecký kraj,https://data.mpsv.cz/od/soubory/ciselniky/obce.json,2026-08-21
obec,Obec/569887,CZ052,Královéhradecký kraj,https://data.mpsv.cz/od/soubory/ciselniky/obce.json,2026-08-21
obec,Obec/569917,CZ052,Královéhradecký kraj,https://data.mpsv.cz/od/soubory/ciselniky/obce.json,2026-08-21
obec,Obec/569925,CZ052,Královéhradecký kraj,https://data.mpsv.cz/od/soubory/ciselniky/obce.json,2026-08-21
obec,Obec/569933,CZ052,Královéhradecký kraj,https://data.mpsv.cz/od/soubory/ciselniky/obce.json,2026-08-21
obec,Obec/569941,CZ052,Královéhradecký kraj,https://data.mpsv.cz/od/soubory/ciselniky/obce.json,2026-08-21
obec,Obec/569968,CZ052,Královéhradecký kraj,https://data.mpsv.cz/od/soubory/ciselniky/obce.json,2026-08-21
obec,Obec/569976,CZ052,Královéhradecký kraj,https://data.mpsv.cz/od/soubory/ciselniky/obce.json,2026-08-21
obec,Obec/569984,CZ052,Královéhradecký kraj,https://data.mpsv.cz/od/soubory/ciselniky/obce.json,2026-08-21
obec,Obec/569992,CZ052,Královéhradecký kraj,https://data.mpsv.cz/od/soubory/ciselniky/obce.json,2026-08-21
obec,Obec/570001,CZ052,Královéhradecký kraj,https://data.mpsv.cz/od/soubory/ciselniky/obce.json,2026-08-21
obec,Obec/570010,CZ052,Královéhradecký kraj,https://data.mpsv.cz/od/soubory/ciselniky/obce.json,2026-08-21
obec,Obec/570028,CZ052,Královéhradecký kraj,https://data.mpsv.cz/od/soubory/ciselniky/obce.json,2026-08-21
obec,Obec/570044,CZ052,Královéhradecký kraj,https://data.mpsv.cz/od/soubory/ciselniky/obce.json,2026-08-21
obec,Obec/569810,CZ052,Královéhradecký kraj,https://data.mpsv.cz/od/soubory/ciselniky/obce.json,2026-08-21
obec,Obec/570052,CZ052,Královéhradecký kraj,https://data.mpsv.cz/od/soubory/ciselniky/obce.json,2026-08-21
obec,Obec/570087,CZ052,Královéhradecký kraj,https://data.mpsv.cz/od/soubory/ciselniky/obce.json,2026-08-21
obec,Obec/573621,CZ052,Královéhradecký kraj,https://data.mpsv.cz/od/soubory/ciselniky/obce.json,2026-08-21
obec,Obec/570109,CZ052,Královéhradecký kraj,https://data.mpsv.cz/od/soubory/ciselniky/obce.json,2026-08-21
obec,Obec/570125,CZ052,Královéhradecký kraj,https://data.mpsv.cz/od/soubory/ciselniky/obce.json,2026-08-21
obec,Obec/570133,CZ052,Královéhradecký kraj,https://data.mpsv.cz/od/soubory/ciselniky/obce.json,2026-08-21
obec,Obec/576352,CZ052,Královéhradecký kraj,https://data.mpsv.cz/od/soubory/ciselniky/obce.json,2026-08-21
obec,Obec/570150,CZ052,Královéhradecký kraj,https://data.mpsv.cz/od/soubory/ciselniky/obce.json,2026-08-21
obec,Obec/570168,CZ052,Královéhradecký kraj,https://data.mpsv.cz/od/soubory/ciselniky/obce.json,2026-08-21
obec,Obec/573710,CZ052,Královéhradecký kraj,https://data.mpsv.cz/od/soubory/ciselniky/obce.json,2026-08-21
obec,Obec/570176,CZ052,Královéhradecký kraj,https://data.mpsv.cz/od/soubory/ciselniky/obce.json,2026-08-21
obec,Obec/570184,CZ052,Královéhradecký kraj,https://data.mpsv.cz/od/soubory/ciselniky/obce.json,2026-08-21
obec,Obec/570192,CZ052,Královéhradecký kraj,https://data.mpsv.cz/od/soubory/ciselniky/obce.json,2026-08-21
obec,Obec/570206,CZ052,Královéhradecký kraj,https://data.mpsv.cz/od/soubory/ciselniky/obce.json,2026-08-21
obec,Obec/570214,CZ052,Královéhradecký kraj,https://data.mpsv.cz/od/soubory/ciselniky/obce.json,2026-08-21
obec,Obec/576433,CZ052,Královéhradecký kraj,https://data.mpsv.cz/od/soubory/ciselniky/obce.json,2026-08-21
obec,Obec/570222,CZ052,Královéhradecký kraj,https://data.mpsv.cz/od/soubory/ciselniky/obce.json,2026-08-21
obec,Obec/570231,CZ052,Královéhradecký kraj,https://data.mpsv.cz/od/soubory/ciselniky/obce.json,2026-08-21
obec,Obec/570249,CZ052,Královéhradecký kraj,https://data.mpsv.cz/od/soubory/ciselniky/obce.json,2026-08-21
obec,Obec/570257,CZ052,Královéhradecký kraj,https://data.mpsv.cz/od/soubory/ciselniky/obce.json,2026-08-21
obec,Obec/570265,CZ052,Královéhradecký kraj,https://data.mpsv.cz/od/soubory/ciselniky/obce.json,2026-08-21
obec,Obec/570273,CZ052,Královéhradecký kraj,https://data.mpsv.cz/od/soubory/ciselniky/obce.json,2026-08-21
obec,Obec/570290,CZ052,Královéhradecký kraj,https://data.mpsv.cz/od/soubory/ciselniky/obce.json,2026-08-21
obec,Obec/570303,CZ052,Královéhradecký kraj,https://data.mpsv.cz/od/soubory/ciselniky/obce.json,2026-08-21
obec,Obec/570311,CZ052,Královéhradecký kraj,https://data.mpsv.cz/od/soubory/ciselniky/obce.json,2026-08-21
obec,Obec/570320,CZ052,Královéhradecký kraj,https://data.mpsv.cz/od/soubory/ciselniky/obce.json,2026-08-21
obec,Obec/570354,CZ052,Královéhradecký kraj,https://data.mpsv.cz/od/soubory/ciselniky/obce.json,2026-08-21
obec,Obec/570362,CZ052,Královéhradecký kraj,https://data.mpsv.cz/od/soubory/ciselniky/obce.json,2026-08-21
obec,Obec/573779,CZ052,Královéhradecký kraj,https://data.mpsv.cz/od/soubory/ciselniky/obce.json,2026-08-21
obec,Obec/570397,CZ052,Královéhradecký kraj,https://data.mpsv.cz/od/soubory/ciselniky/obce.json,2026-08-21
obec,Obec/570401,CZ052,Královéhradecký kraj,https://data.mpsv.cz/od/soubory/ciselniky/obce.json,2026-08-21
obec,Obec/570419,CZ052,Královéhradecký kraj,https://data.mpsv.cz/od/soubory/ciselniky/obce.json,2026-08-21
obec,Obec/570427,CZ052,Královéhradecký kraj,https://data.mpsv.cz/od/soubory/ciselniky/obce.json,2026-08-21
obec,Obec/570435,CZ052,Královéhradecký kraj,https://data.mpsv.cz/od/soubory/ciselniky/obce.json,2026-08-21
obec,Obec/570443,CZ052,Královéhradecký kraj,https://data.mpsv.cz/od/soubory/ciselniky/obce.json,2026-08-21
obec,Obec/570451,CZ052,Královéhradecký kraj,https://data.mpsv.cz/od/soubory/ciselniky/obce.json,2026-08-21
obec,Obec/570478,CZ052,Královéhradecký kraj,https://data.mpsv.cz/od/soubory/ciselniky/obce.json,2026-08-21
obec,Obec/570494,CZ052,Královéhradecký kraj,https://data.mpsv.cz/od/soubory/ciselniky/obce.json,2026-08-21
obec,Obec/570508,CZ052,Královéhradecký kraj,https://data.mpsv.cz/od/soubory/ciselniky/obce.json,2026-08-21
obec,Obec/548065,CZ052,Královéhradecký kraj,https://data.mpsv.cz/od/soubory/ciselniky/obce.json,2026-08-21
obec,Obec/570516,CZ052,Královéhradecký kraj,https://data.mpsv.cz/od/soubory/ciselniky/obce.json,2026-08-21
obec,Obec/570524,CZ052,Královéhradecký kraj,https://data.mpsv.cz/od/soubory/ciselniky/obce.json,2026-08-21
obec,Obec/570532,CZ052,Královéhradecký kraj,https://data.mpsv.cz/od/soubory/ciselniky/obce.json,2026-08-21
obec,Obec/570541,CZ052,Královéhradecký kraj,https://data.mpsv.cz/od/soubory/ciselniky/obce.json,2026-08-21
obec,Obec/570567,CZ052,Královéhradecký kraj,https://data.mpsv.cz/od/soubory/ciselniky/obce.json,2026-08-21
obec,Obec/570575,CZ052,Královéhradecký kraj,https://data.mpsv.cz/od/soubory/ciselniky/obce.json,2026-08-21
obec,Obec/570648,CZ052,Královéhradecký kraj,https://data.mpsv.cz/od/soubory/ciselniky/obce.json,2026-08-21
obec,Obec/570656,CZ052,Královéhradecký kraj,https://data.mpsv.cz/od/soubory/ciselniky/obce.json,2026-08-21
obec,Obec/570672,CZ052,Královéhradecký kraj,https://data.mpsv.cz/od/soubory/ciselniky/obce.json,2026-08-21
obec,Obec/570681,CZ052,Královéhradecký kraj,https://data.mpsv.cz/od/soubory/ciselniky/obce.json,2026-08-21
obec,Obec/530671,CZ052,Královéhradecký kraj,https://data.mpsv.cz/od/soubory/ciselniky/obce.json,2026-08-21
obec,Obec/573531,CZ052,Královéhradecký kraj,https://data.mpsv.cz/od/soubory/ciselniky/obce.json,2026-08-21
obec,Obec/570702,CZ052,Královéhradecký kraj,https://data.mpsv.cz/od/soubory/ciselniky/obce.json,2026-08-21
obec,Obec/570711,CZ052,Královéhradecký kraj,https://data.mpsv.cz/od/soubory/ciselniky/obce.json,2026-08-21
obec,Obec/570729,CZ052,Královéhradecký kraj,https://data.mpsv.cz/od/soubory/ciselniky/obce.json,2026-08-21
obec,Obec/570745,CZ052,Královéhradecký kraj,https://data.mpsv.cz/od/soubory/ciselniky/obce.json,2026-08-21
obec,Obec/573191,CZ052,Královéhradecký kraj,https://data.mpsv.cz/od/soubory/ciselniky/obce.json,2026-08-21
obec,Obec/570796,CZ052,Královéhradecký kraj,https://data.mpsv.cz/od/soubory/ciselniky/obce.json,2026-08-21
obec,Obec/570800,CZ052,Královéhradecký kraj,https://data.mpsv.cz/od/soubory/ciselniky/obce.json,2026-08-21
obec,Obec/570834,CZ052,Královéhradecký kraj,https://data.mpsv.cz/od/soubory/ciselniky/obce.json,2026-08-21
obec,Obec/570851,CZ052,Královéhradecký kraj,https://data.mpsv.cz/od/soubory/ciselniky/obce.json,2026-08-21
obec,Obec/570869,CZ052,Královéhradecký kraj,https://data.mpsv.cz/od/soubory/ciselniky/obce.json,2026-08-21
obec,Obec/570877,CZ052,Královéhradecký kraj,https://data.mpsv.cz/od/soubory/ciselniky/obce.json,2026-08-21
obec,Obec/570885,CZ052,Královéhradecký kraj,https://data.mpsv.cz/od/soubory/ciselniky/obce.json,2026-08-21
obec,Obec/570907,CZ052,Královéhradecký kraj,https://data.mpsv.cz/od/soubory/ciselniky/obce.json,2026-08-21
obec,Obec/570915,CZ052,Královéhradecký kraj,https://data.mpsv.cz/od/soubory/ciselniky/obce.json,2026-08-21
obec,Obec/573132,CZ052,Královéhradecký kraj,https://data.mpsv.cz/od/soubory/ciselniky/obce.json,2026-08-21
obec,Obec/570931,CZ052,Královéhradecký kraj,https://data.mpsv.cz/od/soubory/ciselniky/obce.json,2026-08-21
obec,Obec/570958,CZ052,Královéhradecký kraj,https://data.mpsv.cz/od/soubory/ciselniky/obce.json,2026-08-21
obec,Obec/570966,CZ052,Královéhradecký kraj,https://data.mpsv.cz/od/soubory/ciselniky/obce.json,2026-08-21
obec,Obec/548154,CZ052,Královéhradecký kraj,https://data.mpsv.cz/od/soubory/ciselniky/obce.json,2026-08-21
obec,Obec/571008,CZ052,Královéhradecký kraj,https://data.mpsv.cz/od/soubory/ciselniky/obce.json,2026-08-21
obec,Obec/571016,CZ052,Královéhradecký kraj,https://data.mpsv.cz/od/soubory/ciselniky/obce.json,2026-08-21
obec,Obec/571024,CZ052,Královéhradecký kraj,https://data.mpsv.cz/od/soubory/ciselniky/obce.json,2026-08-21
obec,Obec/571041,CZ052,Královéhradecký kraj,https://data.mpsv.cz/od/soubory/ciselniky/obce.json,2026-08-21
obec,Obec/571059,CZ052,Královéhradecký kraj,https://data.mpsv.cz/od/soubory/ciselniky/obce.json,2026-08-21
obec,Obec/513717,CZ052,Královéhradecký kraj,https://data.mpsv.cz/od/soubory/ciselniky/obce.json,2026-08-21
obec,Obec/571083,CZ052,Královéhradecký kraj,https://data.mpsv.cz/od/soubory/ciselniky/obce.json,2026-08-21
obec,Obec/548057,CZ052,Královéhradecký kraj,https://data.mpsv.cz/od/soubory/ciselniky/obce.json,2026-08-21
obec,Obec/571091,CZ052,Královéhradecký kraj,https://data.mpsv.cz/od/soubory/ciselniky/obce.json,2026-08-21
obec,Obec/571105,CZ052,Královéhradecký kraj,https://data.mpsv.cz/od/soubory/ciselniky/obce.json,2026-08-21
obec,Obec/571113,CZ052,Královéhradecký kraj,https://data.mpsv.cz/od/soubory/ciselniky/obce.json,2026-08-21
obec,Obec/548677,CZ052,Královéhradecký kraj,https://data.mpsv.cz/od/soubory/ciselniky/obce.json,2026-08-21
obec,Obec/571130,CZ052,Královéhradecký kraj,https://data.mpsv.cz/od/soubory/ciselniky/obce.json,2026-08-21
obec,Obec/573744,CZ052,Královéhradecký kraj,https://data.mpsv.cz/od/soubory/ciselniky/obce.json,2026-08-21
obec,Obec/571181,CZ053,Pardubický kraj,https://data.mpsv.cz/od/soubory/ciselniky/obce.json,2026-08-21
obec,Obec/573949,CZ053,Pardubický kraj,https://data.mpsv.cz/od/soubory/ciselniky/obce.json,2026-08-21
obec,Obec/505005,CZ053,Pardubický kraj,https://data.mpsv.cz/od/soubory/ciselniky/obce.json,2026-08-21
obec,Obec/571202,CZ053,Pardubický kraj,https://data.mpsv.cz/od/soubory/ciselniky/obce.json,2026-08-21
obec,Obec/547867,CZ053,Pardubický kraj,https://data.mpsv.cz/od/soubory/ciselniky/obce.json,2026-08-21
obec,Obec/571229,CZ053,Pardubický kraj,https://data.mpsv.cz/od/soubory/ciselniky/obce.json,2026-08-21
obec,Obec/571237,CZ053,Pardubický kraj,https://data.mpsv.cz/od/soubory/ciselniky/obce.json,2026-08-21
obec,Obec/571245,CZ053,Pardubický kraj,https://data.mpsv.cz/od/soubory/ciselniky/obce.json,2026-08-21
obec,Obec/571253,CZ053,Pardubický kraj,https://data.mpsv.cz/od/soubory/ciselniky/obce.json,2026-08-21
obec,Obec/571270,CZ053,Pardubický kraj,https://data.mpsv.cz/od/soubory/ciselniky/obce.json,2026-08-21
obec,Obec/571296,CZ053,Pardubický kraj,https://data.mpsv.cz/od/soubory/ciselniky/obce.json,2026-08-21
obec,Obec/571300,CZ053,Pardubický kraj,https://data.mpsv.cz/od/soubory/ciselniky/obce.json,2026-08-21
obec,Obec/505030,CZ053,Pardubický kraj,https://data.mpsv.cz/od/soubory/ciselniky/obce.json,2026-08-21
obec,Obec/504301,CZ053,Pardubický kraj,https://data.mpsv.cz/od/soubory/ciselniky/obce.json,2026-08-21
obec,Obec/504955,CZ053,Pardubický kraj,https://data.mpsv.cz/od/soubory/ciselniky/obce.json,2026-08-21
obec,Obec/571377,CZ053,Pardubický kraj,https://data.mpsv.cz/od/soubory/ciselniky/obce.json,2026-08-21
obec,Obec/571385,CZ053,Pardubický kraj,https://data.mpsv.cz/od/soubory/ciselniky/obce.json,2026-08-21
obec,Obec/571393,CZ053,Pardubický kraj,https://data.mpsv.cz/od/soubory/ciselniky/obce.json,2026-08-21
obec,Obec/571407,CZ053,Pardubický kraj,https://data.mpsv.cz/od/soubory/ciselniky/obce.json,2026-08-21
obec,Obec/547794,CZ053,Pardubický kraj,https://data.mpsv.cz/od/soubory/ciselniky/obce.json,2026-08-21
obec,Obec/571440,CZ053,Pardubický kraj,https://data.mpsv.cz/od/soubory/ciselniky/obce.json,2026-08-21
obec,Obec/571458,CZ053,Pardubický kraj,https://data.mpsv.cz/od/soubory/ciselniky/obce.json,2026-08-21
obec,Obec/571466,CZ053,Pardubický kraj,https://data.mpsv.cz/od/soubory/ciselniky/obce.json,2026-08-21
obec,Obec/571474,CZ053,Pardubický kraj,https://data.mpsv.cz/od/soubory/ciselniky/obce.json,2026-08-21
obec,Obec/571482,CZ053,Pardubický kraj,https://data.mpsv.cz/od/soubory/ciselniky/obce.json,2026-08-21
obec,Obec/571491,CZ053,Pardubický kraj,https://data.mpsv.cz/od/soubory/ciselniky/obce.json,2026-08-21
obec,Obec/571504,CZ053,Pardubický kraj,https://data.mpsv.cz/od/soubory/ciselniky/obce.json,2026-08-21
obec,Obec/571539,CZ053,Pardubický kraj,https://data.mpsv.cz/od/soubory/ciselniky/obce.json,2026-08-21
obec,Obec/571547,CZ053,Pardubický kraj,https://data.mpsv.cz/od/soubory/ciselniky/obce.json,2026-08-21
obec,Obec/571164,CZ053,Pardubický kraj,https://data.mpsv.cz/od/soubory/ciselniky/obce.json,2026-08-21
obec,Obec/547816,CZ053,Pardubický kraj,https://data.mpsv.cz/od/soubory/ciselniky/obce.json,2026-08-21
obec,Obec/571563,CZ053,Pardubický kraj,https://data.mpsv.cz/od/soubory/ciselniky/obce.json,2026-08-21
obec,Obec/571571,CZ053,Pardubický kraj,https://data.mpsv.cz/od/soubory/ciselniky/obce.json,2026-08-21
obec,Obec/571580,CZ053,Pardubický kraj,https://data.mpsv.cz/od/soubory/ciselniky/obce.json,2026-08-21
obec,Obec/573787,CZ053,Pardubický kraj,https://data.mpsv.cz/od/soubory/ciselniky/obce.json,2026-08-21
obec,Obec/574007,CZ053,Pardubický kraj,https://data.mpsv.cz/od/soubory/ciselniky/obce.json,2026-08-21
obec,Obec/571610,CZ053,Pardubický kraj,https://data.mpsv.cz/od/soubory/ciselniky/obce.json,2026-08-21
obec,Obec/571628,CZ053,Pardubický kraj,https://data.mpsv.cz/od/soubory/ciselniky/obce.json,2026-08-21
obec,Obec/571652,CZ053,Pardubický kraj,https://data.mpsv.cz/od/soubory/ciselniky/obce.json,2026-08-21
obec,Obec/571661,CZ053,Pardubický kraj,https://data.mpsv.cz/od/soubory/ciselniky/obce.json,2026-08-21
obec,Obec/547824,CZ053,Pardubický kraj,https://data.mpsv.cz/od/soubory/ciselniky/obce.json,2026-08-21
obec,Obec/504807,CZ053,Pardubický kraj,https://data.mpsv.cz/od/soubory/ciselniky/obce.json,2026-08-21
obec,Obec/571709,CZ053,Pardubický kraj,https://data.mpsv.cz/od/soubory/ciselniky/obce.json,2026-08-21
obec,Obec/571725,CZ053,Pardubický kraj,https://data.mpsv.cz/od/soubory/ciselniky/obce.json,2026-08-21
obec,Obec/571733,CZ053,Pardubický kraj,https://data.mpsv.cz/od/soubory/ciselniky/obce.json,2026-08-21
obec,Obec/547832,CZ053,Pardubický kraj,https://data.mpsv.cz/od/soubory/ciselniky/obce.json,2026-08-21
obec,Obec/547875,CZ053,Pardubický kraj,https://data.mpsv.cz/od/soubory/ciselniky/obce.json,2026-08-21
obec,Obec/571750,CZ053,Pardubický kraj,https://data.mpsv.cz/od/soubory/ciselniky/obce.json,2026-08-21
obec,Obec/571768,CZ053,Pardubický kraj,https://data.mpsv.cz/od/soubory/ciselniky/obce.json,2026-08-21
obec,Obec/571776,CZ053,Pardubický kraj,https://data.mpsv.cz/od/soubory/ciselniky/obce.json,2026-08-21
obec,Obec/571822,CZ053,Pardubický kraj,https://data.mpsv.cz/od/soubory/ciselniky/obce.json,2026-08-21
obec,Obec/571831,CZ053,Pardubický kraj,https://data.mpsv.cz/od/soubory/ciselniky/obce.json,2026-08-21
obec,Obec/571857,CZ053,Pardubický kraj,https://data.mpsv.cz/od/soubory/ciselniky/obce.json,2026-08-21
obec,Obec/571873,CZ053,Pardubický kraj,https://data.mpsv.cz/od/soubory/ciselniky/obce.json,2026-08-21
obec,Obec/554847,CZ053,Pardubický kraj,https://data.mpsv.cz/od/soubory/ciselniky/obce.json,2026-08-21
obec,Obec/571890,CZ053,Pardubický kraj,https://data.mpsv.cz/od/soubory/ciselniky/obce.json,2026-08-21
obec,Obec/571903,CZ053,Pardubický kraj,https://data.mpsv.cz/od/soubory/ciselniky/obce.json,2026-08-21
obec,Obec/571911,CZ053,Pardubický kraj,https://data.mpsv.cz/od/soubory/ciselniky/obce.json,2026-08-21
obec,Obec/571962,CZ053,Pardubický kraj,https://data.mpsv.cz/od/soubory/ciselniky/obce.json,2026-08-21
obec,Obec/574104,CZ053,Pardubický kraj,https://data.mpsv.cz/od/soubory/ciselniky/obce.json,2026-08-21
obec,Obec/554952,CZ053,Pardubický kraj,https://data.mpsv.cz/od/soubory/ciselniky/obce.json,2026-08-21
obec,Obec/572004,CZ053,Pardubický kraj,https://data.mpsv.cz/od/soubory/ciselniky/obce.json,2026-08-21
obec,Obec/572039,CZ053,Pardubický kraj,https://data.mpsv.cz/od/soubory/ciselniky/obce.json,2026-08-21
obec,Obec/572063,CZ053,Pardubický kraj,https://data.mpsv.cz/od/soubory/ciselniky/obce.json,2026-08-21
obec,Obec/572071,CZ053,Pardubický kraj,https://data.mpsv.cz/od/soubory/ciselniky/obce.json,2026-08-21
obec,Obec/572080,CZ053,Pardubický kraj,https://data.mpsv.cz/od/soubory/ciselniky/obce.json,2026-08-21
obec,Obec/572098,CZ053,Pardubický kraj,https://data.mpsv.cz/od/soubory/ciselniky/obce.json,2026-08-21
obec,Obec/572101,CZ053,Pardubický kraj,https://data.mpsv.cz/od/soubory/ciselniky/obce.json,2026-08-21
obec,Obec/572110,CZ053,Pardubický kraj,https://data.mpsv.cz/od/soubory/ciselniky/obce.json,2026-08-21
obec,Obec/556882,CZ053,Pardubický kraj,https://data.mpsv.cz/od/soubory/ciselniky/obce.json,2026-08-21
obec,Obec/572152,CZ053,Pardubický kraj,https://data.mpsv.cz/od/soubory/ciselniky/obce.json,2026-08-21
obec,Obec/572161,CZ053,Pardubický kraj,https://data.mpsv.cz/od/soubory/ciselniky/obce.json,2026-08-21
obec,Obec/572179,CZ053,Pardubický kraj,https://data.mpsv.cz/od/soubory/ciselniky/obce.json,2026-08-21
obec,Obec/547808,CZ053,Pardubický kraj,https://data.mpsv.cz/od/soubory/ciselniky/obce.json,2026-08-21
obec,Obec/572217,CZ053,Pardubický kraj,https://data.mpsv.cz/od/soubory/ciselniky/obce.json,2026-08-21
obec,Obec/572225,CZ053,Pardubický kraj,https://data.mpsv.cz/od/soubory/ciselniky/obce.json,2026-08-21
obec,Obec/572241,CZ053,Pardubický kraj,https://data.mpsv.cz/od/soubory/ciselniky/obce.json,2026-08-21
obec,Obec/572268,CZ053,Pardubický kraj,https://data.mpsv.cz/od/soubory/ciselniky/obce.json,2026-08-21
obec,Obec/573817,CZ053,Pardubický kraj,https://data.mpsv.cz/od/soubory/ciselniky/obce.json,2026-08-21
obec,Obec/572276,CZ053,Pardubický kraj,https://data.mpsv.cz/od/soubory/ciselniky/obce.json,2026-08-21
obec,Obec/547891,CZ053,Pardubický kraj,https://data.mpsv.cz/od/soubory/ciselniky/obce.json,2026-08-21
obec,Obec/572314,CZ053,Pardubický kraj,https://data.mpsv.cz/od/soubory/ciselniky/obce.json,2026-08-21
obec,Obec/572322,CZ053,Pardubický kraj,https://data.mpsv.cz/od/soubory/ciselniky/obce.json,2026-08-21
obec,Obec/572331,CZ053,Pardubický kraj,https://data.mpsv.cz/od/soubory/ciselniky/obce.json,2026-08-21
obec,Obec/572349,CZ053,Pardubický kraj,https://data.mpsv.cz/od/soubory/ciselniky/obce.json,2026-08-21
obec,Obec/572381,CZ053,Pardubický kraj,https://data.mpsv.cz/od/soubory/ciselniky/obce.json,2026-08-21
obec,Obec/572390,CZ053,Pardubický kraj,https://data.mpsv.cz/od/soubory/ciselniky/obce.json,2026-08-21
obec,Obec/572403,CZ053,Pardubický kraj,https://data.mpsv.cz/od/soubory/ciselniky/obce.json,2026-08-21
obec,Obec/572411,CZ053,Pardubický kraj,https://data.mpsv.cz/od/soubory/ciselniky/obce.json,2026-08-21
obec,Obec/504921,CZ053,Pardubický kraj,https://data.mpsv.cz/od/soubory/ciselniky/obce.json,2026-08-21
obec,Obec/572420,CZ053,Pardubický kraj,https://data.mpsv.cz/od/soubory/ciselniky/obce.json,2026-08-21
obec,Obec/530697,CZ053,Pardubický kraj,https://data.mpsv.cz/od/soubory/ciselniky/obce.json,2026-08-21
obec,Obec/572446,CZ053,Pardubický kraj,https://data.mpsv.cz/od/soubory/ciselniky/obce.json,2026-08-21
obec,Obec/572454,CZ053,Pardubický kraj,https://data.mpsv.cz/od/soubory/ciselniky/obce.json,2026-08-21
obec,Obec/572462,CZ053,Pardubický kraj,https://data.mpsv.cz/od/soubory/ciselniky/obce.json,2026-08-21
obec,Obec/572471,CZ053,Pardubický kraj,https://data.mpsv.cz/od/soubory/ciselniky/obce.json,2026-08-21
obec,Obec/572497,CZ053,Pardubický kraj,https://data.mpsv.cz/od/soubory/ciselniky/obce.json,2026-08-21
obec,Obec/572501,CZ053,Pardubický kraj,https://data.mpsv.cz/od/soubory/ciselniky/obce.json,2026-08-21
obec,Obec/572527,CZ053,Pardubický kraj,https://data.mpsv.cz/od/soubory/ciselniky/obce.json,2026-08-21
obec,Obec/572535,CZ053,Pardubický kraj,https://data.mpsv.cz/od/soubory/ciselniky/obce.json,2026-08-21
obec,Obec/572543,CZ053,Pardubický kraj,https://data.mpsv.cz/od/soubory/ciselniky/obce.json,2026-08-21
obec,Obec/572551,CZ053,Pardubický kraj,https://data.mpsv.cz/od/soubory/ciselniky/obce.json,2026-08-21
obec,Obec/547841,CZ053,Pardubický kraj,https://data.mpsv.cz/od/soubory/ciselniky/obce.json,2026-08-21
obec,Obec/572578,CZ053,Pardubický kraj,https://data.mpsv.cz/od/soubory/ciselniky/obce.json,2026-08-21
obec,Obec/547859,CZ053,Pardubický kraj,https://data.mpsv.cz/od/soubory/ciselniky/obce.json,2026-08-21
obec,Obec/573876,CZ053,Pardubický kraj,https://data.mpsv.cz/od/soubory/ciselniky/obce.json,2026-08-21
obec,Obec/574091,CZ053,Pardubický kraj,https://data.mpsv.cz/od/soubory/ciselniky/obce.json,2026-08-21
obec,Obec/572641,CZ053,Pardubický kraj,https://data.mpsv.cz/od/soubory/ciselniky/obce.json,2026-08-21
obec,Obec/553701,CZ052,Královéhradecký kraj,https://data.mpsv.cz/od/soubory/ciselniky/obce.json,2026-08-21
obec,Obec/572667,CZ052,Královéhradecký kraj,https://data.mpsv.cz/od/soubory/ciselniky/obce.json,2026-08-21
obec,Obec/572675,CZ052,Královéhradecký kraj,https://data.mpsv.cz/od/soubory/ciselniky/obce.json,2026-08-21
obec,Obec/548901,CZ052,Královéhradecký kraj,https://data.mpsv.cz/od/soubory/ciselniky/obce.json,2026-08-21
obec,Obec/572705,CZ052,Královéhradecký kraj,https://data.mpsv.cz/od/soubory/ciselniky/obce.json,2026-08-21
obec,Obec/548979,CZ052,Královéhradecký kraj,https://data.mpsv.cz/od/soubory/ciselniky/obce.json,2026-08-21
obec,Obec/549100,CZ052,Královéhradecký kraj,https://data.mpsv.cz/od/soubory/ciselniky/obce.json,2026-08-21
obec,Obec/549070,CZ052,Královéhradecký kraj,https://data.mpsv.cz/od/soubory/ciselniky/obce.json,2026-08-21
obec,Obec/548855,CZ052,Královéhradecký kraj,https://data.mpsv.cz/od/soubory/ciselniky/obce.json,2026-08-21
obec,Obec/548952,CZ052,Královéhradecký kraj,https://data.mpsv.cz/od/soubory/ciselniky/obce.json,2026-08-21
obec,Obec/573353,CZ052,Královéhradecký kraj,https://data.mpsv.cz/od/soubory/ciselniky/obce.json,2026-08-21
obec,Obec/549282,CZ052,Královéhradecký kraj,https://data.mpsv.cz/od/soubory/ciselniky/obce.json,2026-08-21
obec,Obec/572772,CZ052,Královéhradecký kraj,https://data.mpsv.cz/od/soubory/ciselniky/obce.json,2026-08-21
obec,Obec/572781,CZ052,Královéhradecký kraj,https://data.mpsv.cz/od/soubory/ciselniky/obce.json,2026-08-21
obec,Obec/548995,CZ052,Královéhradecký kraj,https://data.mpsv.cz/od/soubory/ciselniky/obce.json,2026-08-21
obec,Obec/572811,CZ052,Královéhradecký kraj,https://data.mpsv.cz/od/soubory/ciselniky/obce.json,2026-08-21
obec,Obec/572829,CZ052,Královéhradecký kraj,https://data.mpsv.cz/od/soubory/ciselniky/obce.json,2026-08-21
obec,Obec/549118,CZ052,Královéhradecký kraj,https://data.mpsv.cz/od/soubory/ciselniky/obce.json,2026-08-21
obec,Obec/572837,CZ052,Královéhradecký kraj,https://data.mpsv.cz/od/soubory/ciselniky/obce.json,2026-08-21
obec,Obec/549088,CZ052,Královéhradecký kraj,https://data.mpsv.cz/od/soubory/ciselniky/obce.json,2026-08-21
obec,Obec/573337,CZ052,Královéhradecký kraj,https://data.mpsv.cz/od/soubory/ciselniky/obce.json,2026-08-21
obec,Obec/572900,CZ052,Královéhradecký kraj,https://data.mpsv.cz/od/soubory/ciselniky/obce.json,2026-08-21
obec,Obec/572918,CZ052,Královéhradecký kraj,https://data.mpsv.cz/od/soubory/ciselniky/obce.json,2026-08-21
obec,Obec/572926,CZ052,Královéhradecký kraj,https://data.mpsv.cz/od/soubory/ciselniky/obce.json,2026-08-21
obec,Obec/549355,CZ052,Královéhradecký kraj,https://data.mpsv.cz/od/soubory/ciselniky/obce.json,2026-08-21
obec,Obec/572969,CZ052,Královéhradecký kraj,https://data.mpsv.cz/od/soubory/ciselniky/obce.json,2026-08-21
obec,Obec/549037,CZ052,Královéhradecký kraj,https://data.mpsv.cz/od/soubory/ciselniky/obce.json,2026-08-21
obec,Obec/549223,CZ052,Královéhradecký kraj,https://data.mpsv.cz/od/soubory/ciselniky/obce.json,2026-08-21
obec,Obec/572993,CZ052,Královéhradecký kraj,https://data.mpsv.cz/od/soubory/ciselniky/obce.json,2026-08-21
obec,Obec/572659,CZ052,Královéhradecký kraj,https://data.mpsv.cz/od/soubory/ciselniky/obce.json,2026-08-21
obec,Obec/573001,CZ052,Královéhradecký kraj,https://data.mpsv.cz/od/soubory/ciselniky/obce.json,2026-08-21
obec,Obec/549151,CZ052,Královéhradecký kraj,https://data.mpsv.cz/od/soubory/ciselniky/obce.json,2026-08-21
obec,Obec/549312,CZ052,Královéhradecký kraj,https://data.mpsv.cz/od/soubory/ciselniky/obce.json,2026-08-21
obec,Obec/549169,CZ052,Královéhradecký kraj,https://data.mpsv.cz/od/soubory/ciselniky/obce.json,2026-08-21
obec,Obec/573043,CZ052,Královéhradecký kraj,https://data.mpsv.cz/od/soubory/ciselniky/obce.json,2026-08-21
obec,Obec/573051,CZ052,Královéhradecký kraj,https://data.mpsv.cz/od/soubory/ciselniky/obce.json,2026-08-21
obec,Obec/573060,CZ052,Královéhradecký kraj,https://data.mpsv.cz/od/soubory/ciselniky/obce.json,2026-08-21
obec,Obec/548928,CZ052,Královéhradecký kraj,https://data.mpsv.cz/od/soubory/ciselniky/obce.json,2026-08-21
obec,Obec/548944,CZ052,Královéhradecký kraj,https://data.mpsv.cz/od/soubory/ciselniky/obce.json,2026-08-21
obec,Obec/572136,CZ052,Královéhradecký kraj,https://data.mpsv.cz/od/soubory/ciselniky/obce.json,2026-08-21
obec,Obec/572047,CZ052,Královéhradecký kraj,https://data.mpsv.cz/od/soubory/ciselniky/obce.json,2026-08-21
obec,Obec/573094,CZ052,Královéhradecký kraj,https://data.mpsv.cz/od/soubory/ciselniky/obce.json,2026-08-21
obec,Obec/573108,CZ052,Královéhradecký kraj,https://data.mpsv.cz/od/soubory/ciselniky/obce.json,2026-08-21
obec,Obec/573116,CZ052,Královéhradecký kraj,https://data.mpsv.cz/od/soubory/ciselniky/obce.json,2026-08-21
obec,Obec/573124,CZ052,Královéhradecký kraj,https://data.mpsv.cz/od/soubory/ciselniky/obce.json,2026-08-21
obec,Obec/573086,CZ052,Královéhradecký kraj,https://data.mpsv.cz/od/soubory/ciselniky/obce.json,2026-08-21
obec,Obec/573141,CZ052,Královéhradecký kraj,https://data.mpsv.cz/od/soubory/ciselniky/obce.json,2026-08-21
obec,Obec/573159,CZ052,Královéhradecký kraj,https://data.mpsv.cz/od/soubory/ciselniky/obce.json,2026-08-21
obec,Obec/573167,CZ052,Královéhradecký kraj,https://data.mpsv.cz/od/soubory/ciselniky/obce.json,2026-08-21
obec,Obec/573175,CZ052,Královéhradecký kraj,https://data.mpsv.cz/od/soubory/ciselniky/obce.json,2026-08-21
obec,Obec/548863,CZ052,Královéhradecký kraj,https://data.mpsv.cz/od/soubory/ciselniky/obce.json,2026-08-21
obec,Obec/573205,CZ052,Královéhradecký kraj,https://data.mpsv.cz/od/soubory/ciselniky/obce.json,2026-08-21
obec,Obec/573213,CZ052,Královéhradecký kraj,https://data.mpsv.cz/od/soubory/ciselniky/obce.json,2026-08-21
obec,Obec/573230,CZ052,Královéhradecký kraj,https://data.mpsv.cz/od/soubory/ciselniky/obce.json,2026-08-21
obec,Obec/549207,CZ052,Královéhradecký kraj,https://data.mpsv.cz/od/soubory/ciselniky/obce.json,2026-08-21
obec,Obec/573248,CZ052,Královéhradecký kraj,https://data.mpsv.cz/od/soubory/ciselniky/obce.json,2026-08-21
obec,Obec/549185,CZ052,Královéhradecký kraj,https://data.mpsv.cz/od/soubory/ciselniky/obce.json,2026-08-21
obec,Obec/548910,CZ052,Královéhradecký kraj,https://data.mpsv.cz/od/soubory/ciselniky/obce.json,2026-08-21
obec,Obec/573264,CZ052,Královéhradecký kraj,https://data.mpsv.cz/od/soubory/ciselniky/obce.json,2026-08-21
obec,Obec/573272,CZ052,Královéhradecký kraj,https://data.mpsv.cz/od/soubory/ciselniky/obce.json,2026-08-21
obec,Obec/573281,CZ052,Královéhradecký kraj,https://data.mpsv.cz/od/soubory/ciselniky/obce.json,2026-08-21
obec,Obec/573299,CZ052,Královéhradecký kraj,https://data.mpsv.cz/od/soubory/ciselniky/obce.json,2026-08-21
obec,Obec/548871,CZ052,Královéhradecký kraj,https://data.mpsv.cz/od/soubory/ciselniky/obce.json,2026-08-21
obec,Obec/573311,CZ052,Královéhradecký kraj,https://data.mpsv.cz/od/soubory/ciselniky/obce.json,2026-08-21
obec,Obec/573329,CZ052,Královéhradecký kraj,https://data.mpsv.cz/od/soubory/ciselniky/obce.json,2026-08-21
obec,Obec/573345,CZ052,Královéhradecký kraj,https://data.mpsv.cz/od/soubory/ciselniky/obce.json,2026-08-21
obec,Obec/573370,CZ052,Královéhradecký kraj,https://data.mpsv.cz/od/soubory/ciselniky/obce.json,2026-08-21
obec,Obec/549274,CZ052,Královéhradecký kraj,https://data.mpsv.cz/od/soubory/ciselniky/obce.json,2026-08-21
obec,Obec/573221,CZ052,Královéhradecký kraj,https://data.mpsv.cz/od/soubory/ciselniky/obce.json,2026-08-21
obec,Obec/548898,CZ052,Královéhradecký kraj,https://data.mpsv.cz/od/soubory/ciselniky/obce.json,2026-08-21
obec,Obec/573442,CZ052,Královéhradecký kraj,https://data.mpsv.cz/od/soubory/ciselniky/obce.json,2026-08-21
obec,Obec/573451,CZ052,Královéhradecký kraj,https://data.mpsv.cz/od/soubory/ciselniky/obce.json,2026-08-21
obec,Obec/548961,CZ052,Královéhradecký kraj,https://data.mpsv.cz/od/soubory/ciselniky/obce.json,2026-08-21
obec,Obec/572144,CZ052,Královéhradecký kraj,https://data.mpsv.cz/od/soubory/ciselniky/obce.json,2026-08-21
obec,Obec/573469,CZ052,Královéhradecký kraj,https://data.mpsv.cz/od/soubory/ciselniky/obce.json,2026-08-21
obec,Obec/572187,CZ052,Královéhradecký kraj,https://data.mpsv.cz/od/soubory/ciselniky/obce.json,2026-08-21
obec,Obec/573477,CZ052,Královéhradecký kraj,https://data.mpsv.cz/od/soubory/ciselniky/obce.json,2026-08-21
obec,Obec/573361,CZ052,Královéhradecký kraj,https://data.mpsv.cz/od/soubory/ciselniky/obce.json,2026-08-21
obec,Obec/573493,CZ052,Královéhradecký kraj,https://data.mpsv.cz/od/soubory/ciselniky/obce.json,2026-08-21
obec,Obec/573507,CZ052,Královéhradecký kraj,https://data.mpsv.cz/od/soubory/ciselniky/obce.json,2026-08-21
obec,Obec/530735,CZ052,Královéhradecký kraj,https://data.mpsv.cz/od/soubory/ciselniky/obce.json,2026-08-21
obec,Obec/549096,CZ052,Královéhradecký kraj,https://data.mpsv.cz/od/soubory/ciselniky/obce.json,2026-08-21
obec,Obec/573523,CZ052,Královéhradecký kraj,https://data.mpsv.cz/od/soubory/ciselniky/obce.json,2026-08-21
obec,Obec/573540,CZ052,Královéhradecký kraj,https://data.mpsv.cz/od/soubory/ciselniky/obce.json,2026-08-21
obec,Obec/548880,CZ052,Královéhradecký kraj,https://data.mpsv.cz/od/soubory/ciselniky/obce.json,2026-08-21
obec,Obec/573302,CZ052,Královéhradecký kraj,https://data.mpsv.cz/od/soubory/ciselniky/obce.json,2026-08-21
obec,Obec/573256,CZ052,Královéhradecký kraj,https://data.mpsv.cz/od/soubory/ciselniky/obce.json,2026-08-21
obec,Obec/572756,CZ052,Královéhradecký kraj,https://data.mpsv.cz/od/soubory/ciselniky/obce.json,2026-08-21
obec,Obec/573612,CZ052,Královéhradecký kraj,https://data.mpsv.cz/od/soubory/ciselniky/obce.json,2026-08-21
obec,Obec/573639,CZ052,Královéhradecký kraj,https://data.mpsv.cz/od/soubory/ciselniky/obce.json,2026-08-21
obec,Obec/573647,CZ052,Královéhradecký kraj,https://data.mpsv.cz/od/soubory/ciselniky/obce.json,2026-08-21
obec,Obec/573655,CZ052,Královéhradecký kraj,https://data.mpsv.cz/od/soubory/ciselniky/obce.json,2026-08-21
obec,Obec/573663,CZ052,Královéhradecký kraj,https://data.mpsv.cz/od/soubory/ciselniky/obce.json,2026-08-21
obec,Obec/573671,CZ052,Královéhradecký kraj,https://data.mpsv.cz/od/soubory/ciselniky/obce.json,2026-08-21
obec,Obec/573680,CZ052,Královéhradecký kraj,https://data.mpsv.cz/od/soubory/ciselniky/obce.json,2026-08-21
obec,Obec/573698,CZ052,Královéhradecký kraj,https://data.mpsv.cz/od/soubory/ciselniky/obce.json,2026-08-21
obec,Obec/573701,CZ052,Královéhradecký kraj,https://data.mpsv.cz/od/soubory/ciselniky/obce.json,2026-08-21
obec,Obec/573728,CZ052,Královéhradecký kraj,https://data.mpsv.cz/od/soubory/ciselniky/obce.json,2026-08-21
obec,Obec/573736,CZ052,Královéhradecký kraj,https://data.mpsv.cz/od/soubory/ciselniky/obce.json,2026-08-21
obec,Obec/573752,CZ052,Královéhradecký kraj,https://data.mpsv.cz/od/soubory/ciselniky/obce.json,2026-08-21
obec,Obec/573761,CZ052,Královéhradecký kraj,https://data.mpsv.cz/od/soubory/ciselniky/obce.json,2026-08-21
obec,Obec/572128,CZ052,Královéhradecký kraj,https://data.mpsv.cz/od/soubory/ciselniky/obce.json,2026-08-21
obec,Obec/573795,CZ052,Královéhradecký kraj,https://data.mpsv.cz/od/soubory/ciselniky/obce.json,2026-08-21
obec,Obec/549029,CZ052,Královéhradecký kraj,https://data.mpsv.cz/od/soubory/ciselniky/obce.json,2026-08-21
obec,Obec/573809,CZ052,Královéhradecký kraj,https://data.mpsv.cz/od/soubory/ciselniky/obce.json,2026-08-21
obec,Obec/549193,CZ052,Královéhradecký kraj,https://data.mpsv.cz/od/soubory/ciselniky/obce.json,2026-08-21
obec,Obec/573183,CZ052,Královéhradecký kraj,https://data.mpsv.cz/od/soubory/ciselniky/obce.json,2026-08-21
obec,Obec/573825,CZ052,Královéhradecký kraj,https://data.mpsv.cz/od/soubory/ciselniky/obce.json,2026-08-21
obec,Obec/573833,CZ052,Královéhradecký kraj,https://data.mpsv.cz/od/soubory/ciselniky/obce.json,2026-08-21
obec,Obec/573841,CZ052,Královéhradecký kraj,https://data.mpsv.cz/od/soubory/ciselniky/obce.json,2026-08-21
obec,Obec/573850,CZ052,Královéhradecký kraj,https://data.mpsv.cz/od/soubory/ciselniky/obce.json,2026-08-21
obec,Obec/547786,CZ052,Královéhradecký kraj,https://data.mpsv.cz/od/soubory/ciselniky/obce.json,2026-08-21
obec,Obec/573884,CZ052,Královéhradecký kraj,https://data.mpsv.cz/od/soubory/ciselniky/obce.json,2026-08-21
obec,Obec/573892,CZ052,Královéhradecký kraj,https://data.mpsv.cz/od/soubory/ciselniky/obce.json,2026-08-21
obec,Obec/573906,CZ052,Královéhradecký kraj,https://data.mpsv.cz/od/soubory/ciselniky/obce.json,2026-08-21
obec,Obec/573914,CZ052,Královéhradecký kraj,https://data.mpsv.cz/od/soubory/ciselniky/obce.json,2026-08-21
obec,Obec/573922,CZ052,Královéhradecký kraj,https://data.mpsv.cz/od/soubory/ciselniky/obce.json,2026-08-21
obec,Obec/573931,CZ052,Královéhradecký kraj,https://data.mpsv.cz/od/soubory/ciselniky/obce.json,2026-08-21
obec,Obec/547751,CZ052,Královéhradecký kraj,https://data.mpsv.cz/od/soubory/ciselniky/obce.json,2026-08-21
obec,Obec/573957,CZ052,Královéhradecký kraj,https://data.mpsv.cz/od/soubory/ciselniky/obce.json,2026-08-21
obec,Obec/505099,CZ052,Královéhradecký kraj,https://data.mpsv.cz/od/soubory/ciselniky/obce.json,2026-08-21
obec,Obec/573965,CZ052,Královéhradecký kraj,https://data.mpsv.cz/od/soubory/ciselniky/obce.json,2026-08-21
obec,Obec/573973,CZ052,Královéhradecký kraj,https://data.mpsv.cz/od/soubory/ciselniky/obce.json,2026-08-21
obec,Obec/573981,CZ052,Královéhradecký kraj,https://data.mpsv.cz/od/soubory/ciselniky/obce.json,2026-08-21
obec,Obec/573990,CZ052,Královéhradecký kraj,https://data.mpsv.cz/od/soubory/ciselniky/obce.json,2026-08-21
obec,Obec/574015,CZ052,Královéhradecký kraj,https://data.mpsv.cz/od/soubory/ciselniky/obce.json,2026-08-21
obec,Obec/574023,CZ052,Královéhradecký kraj,https://data.mpsv.cz/od/soubory/ciselniky/obce.json,2026-08-21
obec,Obec/574031,CZ052,Královéhradecký kraj,https://data.mpsv.cz/od/soubory/ciselniky/obce.json,2026-08-21
obec,Obec/574040,CZ052,Královéhradecký kraj,https://data.mpsv.cz/od/soubory/ciselniky/obce.json,2026-08-21
obec,Obec/574058,CZ052,Královéhradecký kraj,https://data.mpsv.cz/od/soubory/ciselniky/obce.json,2026-08-21
obec,Obec/574066,CZ052,Královéhradecký kraj,https://data.mpsv.cz/od/soubory/ciselniky/obce.json,2026-08-21
obec,Obec/547531,CZ052,Královéhradecký kraj,https://data.mpsv.cz/od/soubory/ciselniky/obce.json,2026-08-21
obec,Obec/574074,CZ052,Královéhradecký kraj,https://data.mpsv.cz/od/soubory/ciselniky/obce.json,2026-08-21
obec,Obec/574082,CZ052,Královéhradecký kraj,https://data.mpsv.cz/od/soubory/ciselniky/obce.json,2026-08-21
obec,Obec/574163,CZ052,Královéhradecký kraj,https://data.mpsv.cz/od/soubory/ciselniky/obce.json,2026-08-21
obec,Obec/574112,CZ052,Královéhradecký kraj,https://data.mpsv.cz/od/soubory/ciselniky/obce.json,2026-08-21
obec,Obec/574121,CZ052,Královéhradecký kraj,https://data.mpsv.cz/od/soubory/ciselniky/obce.json,2026-08-21
obec,Obec/574139,CZ052,Královéhradecký kraj,https://data.mpsv.cz/od/soubory/ciselniky/obce.json,2026-08-21
obec,Obec/574147,CZ052,Královéhradecký kraj,https://data.mpsv.cz/od/soubory/ciselniky/obce.json,2026-08-21
obec,Obec/574155,CZ052,Královéhradecký kraj,https://data.mpsv.cz/od/soubory/ciselniky/obce.json,2026-08-21
obec,Obec/574546,CZ052,Královéhradecký kraj,https://data.mpsv.cz/od/soubory/ciselniky/obce.json,2026-08-21
obec,Obec/574171,CZ052,Královéhradecký kraj,https://data.mpsv.cz/od/soubory/ciselniky/obce.json,2026-08-21
obec,Obec/574180,CZ052,Královéhradecký kraj,https://data.mpsv.cz/od/soubory/ciselniky/obce.json,2026-08-21
obec,Obec/547701,CZ052,Královéhradecký kraj,https://data.mpsv.cz/od/soubory/ciselniky/obce.json,2026-08-21
obec,Obec/573388,CZ052,Královéhradecký kraj,https://data.mpsv.cz/od/soubory/ciselniky/obce.json,2026-08-21
obec,Obec/574210,CZ052,Královéhradecký kraj,https://data.mpsv.cz/od/soubory/ciselniky/obce.json,2026-08-21
obec,Obec/574228,CZ052,Královéhradecký kraj,https://data.mpsv.cz/od/soubory/ciselniky/obce.json,2026-08-21
obec,Obec/574236,CZ052,Královéhradecký kraj,https://data.mpsv.cz/od/soubory/ciselniky/obce.json,2026-08-21
obec,Obec/574244,CZ052,Královéhradecký kraj,https://data.mpsv.cz/od/soubory/ciselniky/obce.json,2026-08-21
obec,Obec/574252,CZ052,Královéhradecký kraj,https://data.mpsv.cz/od/soubory/ciselniky/obce.json,2026-08-21
obec,Obec/574261,CZ052,Královéhradecký kraj,https://data.mpsv.cz/od/soubory/ciselniky/obce.json,2026-08-21
obec,Obec/573868,CZ052,Královéhradecký kraj,https://data.mpsv.cz/od/soubory/ciselniky/obce.json,2026-08-21
obec,Obec/574279,CZ052,Královéhradecký kraj,https://data.mpsv.cz/od/soubory/ciselniky/obce.json,2026-08-21
obec,Obec/574287,CZ052,Královéhradecký kraj,https://data.mpsv.cz/od/soubory/ciselniky/obce.json,2026-08-21
obec,Obec/574295,CZ052,Královéhradecký kraj,https://data.mpsv.cz/od/soubory/ciselniky/obce.json,2026-08-21
obec,Obec/574317,CZ052,Královéhradecký kraj,https://data.mpsv.cz/od/soubory/ciselniky/obce.json,2026-08-21
obec,Obec/574341,CZ052,Královéhradecký kraj,https://data.mpsv.cz/od/soubory/ciselniky/obce.json,2026-08-21
obec,Obec/574350,CZ052,Královéhradecký kraj,https://data.mpsv.cz/od/soubory/ciselniky/obce.json,2026-08-21
obec,Obec/574368,CZ052,Královéhradecký kraj,https://data.mpsv.cz/od/soubory/ciselniky/obce.json,2026-08-21
obec,Obec/574376,CZ052,Královéhradecký kraj,https://data.mpsv.cz/od/soubory/ciselniky/obce.json,2026-08-21
obec,Obec/574384,CZ052,Královéhradecký kraj,https://data.mpsv.cz/od/soubory/ciselniky/obce.json,2026-08-21
obec,Obec/574406,CZ052,Královéhradecký kraj,https://data.mpsv.cz/od/soubory/ciselniky/obce.json,2026-08-21
obec,Obec/530786,CZ052,Královéhradecký kraj,https://data.mpsv.cz/od/soubory/ciselniky/obce.json,2026-08-21
obec,Obec/547727,CZ052,Královéhradecký kraj,https://data.mpsv.cz/od/soubory/ciselniky/obce.json,2026-08-21
obec,Obec/574422,CZ052,Královéhradecký kraj,https://data.mpsv.cz/od/soubory/ciselniky/obce.json,2026-08-21
obec,Obec/574431,CZ052,Královéhradecký kraj,https://data.mpsv.cz/od/soubory/ciselniky/obce.json,2026-08-21
obec,Obec/574457,CZ052,Královéhradecký kraj,https://data.mpsv.cz/od/soubory/ciselniky/obce.json,2026-08-21
obec,Obec/574465,CZ052,Královéhradecký kraj,https://data.mpsv.cz/od/soubory/ciselniky/obce.json,2026-08-21
obec,Obec/574481,CZ052,Královéhradecký kraj,https://data.mpsv.cz/od/soubory/ciselniky/obce.json,2026-08-21
obec,Obec/574490,CZ052,Královéhradecký kraj,https://data.mpsv.cz/od/soubory/ciselniky/obce.json,2026-08-21
obec,Obec/547654,CZ052,Královéhradecký kraj,https://data.mpsv.cz/od/soubory/ciselniky/obce.json,2026-08-21
obec,Obec/574511,CZ052,Královéhradecký kraj,https://data.mpsv.cz/od/soubory/ciselniky/obce.json,2026-08-21
obec,Obec/574538,CZ052,Královéhradecký kraj,https://data.mpsv.cz/od/soubory/ciselniky/obce.json,2026-08-21
obec,Obec/574554,CZ052,Královéhradecký kraj,https://data.mpsv.cz/od/soubory/ciselniky/obce.json,2026-08-21
obec,Obec/574562,CZ052,Královéhradecký kraj,https://data.mpsv.cz/od/soubory/ciselniky/obce.json,2026-08-21
obec,Obec/574571,CZ052,Královéhradecký kraj,https://data.mpsv.cz/od/soubory/ciselniky/obce.json,2026-08-21
obec,Obec/547646,CZ052,Královéhradecký kraj,https://data.mpsv.cz/od/soubory/ciselniky/obce.json,2026-08-21
obec,Obec/574589,CZ052,Královéhradecký kraj,https://data.mpsv.cz/od/soubory/ciselniky/obce.json,2026-08-21
obec,Obec/547743,CZ052,Královéhradecký kraj,https://data.mpsv.cz/od/soubory/ciselniky/obce.json,2026-08-21
obec,Obec/547565,CZ052,Královéhradecký kraj,https://data.mpsv.cz/od/soubory/ciselniky/obce.json,2026-08-21
obec,Obec/574601,CZ052,Královéhradecký kraj,https://data.mpsv.cz/od/soubory/ciselniky/obce.json,2026-08-21
obec,Obec/574627,CZ052,Královéhradecký kraj,https://data.mpsv.cz/od/soubory/ciselniky/obce.json,2026-08-21
obec,Obec/574635,CZ052,Královéhradecký kraj,https://data.mpsv.cz/od/soubory/ciselniky/obce.json,2026-08-21
obec,Obec/574643,CZ052,Královéhradecký kraj,https://data.mpsv.cz/od/soubory/ciselniky/obce.json,2026-08-21
obec,Obec/574651,CZ052,Královéhradecký kraj,https://data.mpsv.cz/od/soubory/ciselniky/obce.json,2026-08-21
obec,Obec/574660,CZ052,Královéhradecký kraj,https://data.mpsv.cz/od/soubory/ciselniky/obce.json,2026-08-21
obec,Obec/574686,CZ052,Královéhradecký kraj,https://data.mpsv.cz/od/soubory/ciselniky/obce.json,2026-08-21
obec,Obec/574694,CZ052,Královéhradecký kraj,https://data.mpsv.cz/od/soubory/ciselniky/obce.json,2026-08-21
obec,Obec/574708,CZ052,Královéhradecký kraj,https://data.mpsv.cz/od/soubory/ciselniky/obce.json,2026-08-21
obec,Obec/574724,CZ053,Pardubický kraj,https://data.mpsv.cz/od/soubory/ciselniky/obce.json,2026-08-21
obec,Obec/574741,CZ053,Pardubický kraj,https://data.mpsv.cz/od/soubory/ciselniky/obce.json,2026-08-21
obec,Obec/574783,CZ053,Pardubický kraj,https://data.mpsv.cz/od/soubory/ciselniky/obce.json,2026-08-21
obec,Obec/574791,CZ053,Pardubický kraj,https://data.mpsv.cz/od/soubory/ciselniky/obce.json,2026-08-21
obec,Obec/574805,CZ053,Pardubický kraj,https://data.mpsv.cz/od/soubory/ciselniky/obce.json,2026-08-21
obec,Obec/574813,CZ053,Pardubický kraj,https://data.mpsv.cz/od/soubory/ciselniky/obce.json,2026-08-21
obec,Obec/574821,CZ053,Pardubický kraj,https://data.mpsv.cz/od/soubory/ciselniky/obce.json,2026-08-21
obec,Obec/574830,CZ053,Pardubický kraj,https://data.mpsv.cz/od/soubory/ciselniky/obce.json,2026-08-21
obec,Obec/574848,CZ053,Pardubický kraj,https://data.mpsv.cz/od/soubory/ciselniky/obce.json,2026-08-21
obec,Obec/572799,CZ053,Pardubický kraj,https://data.mpsv.cz/od/soubory/ciselniky/obce.json,2026-08-21
obec,Obec/574856,CZ053,Pardubický kraj,https://data.mpsv.cz/od/soubory/ciselniky/obce.json,2026-08-21
obec,Obec/574864,CZ053,Pardubický kraj,https://data.mpsv.cz/od/soubory/ciselniky/obce.json,2026-08-21
obec,Obec/572896,CZ053,Pardubický kraj,https://data.mpsv.cz/od/soubory/ciselniky/obce.json,2026-08-21
obec,Obec/574899,CZ053,Pardubický kraj,https://data.mpsv.cz/od/soubory/ciselniky/obce.json,2026-08-21
obec,Obec/574902,CZ053,Pardubický kraj,https://data.mpsv.cz/od/soubory/ciselniky/obce.json,2026-08-21
obec,Obec/574911,CZ053,Pardubický kraj,https://data.mpsv.cz/od/soubory/ciselniky/obce.json,2026-08-21
obec,Obec/574929,CZ053,Pardubický kraj,https://data.mpsv.cz/od/soubory/ciselniky/obce.json,2026-08-21
obec,Obec/574953,CZ053,Pardubický kraj,https://data.mpsv.cz/od/soubory/ciselniky/obce.json,2026-08-21
obec,Obec/572977,CZ053,Pardubický kraj,https://data.mpsv.cz/od/soubory/ciselniky/obce.json,2026-08-21
obec,Obec/574961,CZ053,Pardubický kraj,https://data.mpsv.cz/od/soubory/ciselniky/obce.json,2026-08-21
obec,Obec/574988,CZ053,Pardubický kraj,https://data.mpsv.cz/od/soubory/ciselniky/obce.json,2026-08-21
obec,Obec/573019,CZ053,Pardubický kraj,https://data.mpsv.cz/od/soubory/ciselniky/obce.json,2026-08-21
obec,Obec/574996,CZ053,Pardubický kraj,https://data.mpsv.cz/od/soubory/ciselniky/obce.json,2026-08-21
obec,Obec/575011,CZ053,Pardubický kraj,https://data.mpsv.cz/od/soubory/ciselniky/obce.json,2026-08-21
obec,Obec/575046,CZ053,Pardubický kraj,https://data.mpsv.cz/od/soubory/ciselniky/obce.json,2026-08-21
obec,Obec/575054,CZ053,Pardubický kraj,https://data.mpsv.cz/od/soubory/ciselniky/obce.json,2026-08-21
obec,Obec/575062,CZ053,Pardubický kraj,https://data.mpsv.cz/od/soubory/ciselniky/obce.json,2026-08-21
obec,Obec/572764,CZ053,Pardubický kraj,https://data.mpsv.cz/od/soubory/ciselniky/obce.json,2026-08-21
obec,Obec/575071,CZ053,Pardubický kraj,https://data.mpsv.cz/od/soubory/ciselniky/obce.json,2026-08-21
obec,Obec/575089,CZ053,Pardubický kraj,https://data.mpsv.cz/od/soubory/ciselniky/obce.json,2026-08-21
obec,Obec/575097,CZ053,Pardubický kraj,https://data.mpsv.cz/od/soubory/ciselniky/obce.json,2026-08-21
obec,Obec/575101,CZ053,Pardubický kraj,https://data.mpsv.cz/od/soubory/ciselniky/obce.json,2026-08-21
obec,Obec/575119,CZ053,Pardubický kraj,https://data.mpsv.cz/od/soubory/ciselniky/obce.json,2026-08-21
obec,Obec/575127,CZ053,Pardubický kraj,https://data.mpsv.cz/od/soubory/ciselniky/obce.json,2026-08-21
obec,Obec/575135,CZ053,Pardubický kraj,https://data.mpsv.cz/od/soubory/ciselniky/obce.json,2026-08-21
obec,Obec/575143,CZ053,Pardubický kraj,https://data.mpsv.cz/od/soubory/ciselniky/obce.json,2026-08-21
obec,Obec/575151,CZ053,Pardubický kraj,https://data.mpsv.cz/od/soubory/ciselniky/obce.json,2026-08-21
obec,Obec/575178,CZ053,Pardubický kraj,https://data.mpsv.cz/od/soubory/ciselniky/obce.json,2026-08-21
obec,Obec/575194,CZ053,Pardubický kraj,https://data.mpsv.cz/od/soubory/ciselniky/obce.json,2026-08-21
obec,Obec/575232,CZ053,Pardubický kraj,https://data.mpsv.cz/od/soubory/ciselniky/obce.json,2026-08-21
obec,Obec/572861,CZ053,Pardubický kraj,https://data.mpsv.cz/od/soubory/ciselniky/obce.json,2026-08-21
obec,Obec/573515,CZ053,Pardubický kraj,https://data.mpsv.cz/od/soubory/ciselniky/obce.json,2026-08-21
obec,Obec/575259,CZ053,Pardubický kraj,https://data.mpsv.cz/od/soubory/ciselniky/obce.json,2026-08-21
obec,Obec/572845,CZ053,Pardubický kraj,https://data.mpsv.cz/od/soubory/ciselniky/obce.json,2026-08-21
obec,Obec/574767,CZ053,Pardubický kraj,https://data.mpsv.cz/od/soubory/ciselniky/obce.json,2026-08-21
obec,Obec/575305,CZ053,Pardubický kraj,https://data.mpsv.cz/od/soubory/ciselniky/obce.json,2026-08-21
obec,Obec/575313,CZ053,Pardubický kraj,https://data.mpsv.cz/od/soubory/ciselniky/obce.json,2026-08-21
obec,Obec/575330,CZ053,Pardubický kraj,https://data.mpsv.cz/od/soubory/ciselniky/obce.json,2026-08-21
obec,Obec/572802,CZ053,Pardubický kraj,https://data.mpsv.cz/od/soubory/ciselniky/obce.json,2026-08-21
obec,Obec/575372,CZ053,Pardubický kraj,https://data.mpsv.cz/od/soubory/ciselniky/obce.json,2026-08-21
obec,Obec/575381,CZ053,Pardubický kraj,https://data.mpsv.cz/od/soubory/ciselniky/obce.json,2026-08-21
obec,Obec/573035,CZ053,Pardubický kraj,https://data.mpsv.cz/od/soubory/ciselniky/obce.json,2026-08-21
obec,Obec/575399,CZ053,Pardubický kraj,https://data.mpsv.cz/od/soubory/ciselniky/obce.json,2026-08-21
obec,Obec/572870,CZ053,Pardubický kraj,https://data.mpsv.cz/od/soubory/ciselniky/obce.json,2026-08-21
obec,Obec/573078,CZ053,Pardubický kraj,https://data.mpsv.cz/od/soubory/ciselniky/obce.json,2026-08-21
obec,Obec/575429,CZ053,Pardubický kraj,https://data.mpsv.cz/od/soubory/ciselniky/obce.json,2026-08-21
obec,Obec/575437,CZ053,Pardubický kraj,https://data.mpsv.cz/od/soubory/ciselniky/obce.json,2026-08-21
obec,Obec/575445,CZ053,Pardubický kraj,https://data.mpsv.cz/od/soubory/ciselniky/obce.json,2026-08-21
obec,Obec/555134,CZ053,Pardubický kraj,https://data.mpsv.cz/od/soubory/ciselniky/obce.json,2026-08-21
obec,Obec/572942,CZ053,Pardubický kraj,https://data.mpsv.cz/od/soubory/ciselniky/obce.json,2026-08-21
obec,Obec/575461,CZ053,Pardubický kraj,https://data.mpsv.cz/od/soubory/ciselniky/obce.json,2026-08-21
obec,Obec/575470,CZ053,Pardubický kraj,https://data.mpsv.cz/od/soubory/ciselniky/obce.json,2026-08-21
obec,Obec/572951,CZ053,Pardubický kraj,https://data.mpsv.cz/od/soubory/ciselniky/obce.json,2026-08-21
obec,Obec/572853,CZ053,Pardubický kraj,https://data.mpsv.cz/od/soubory/ciselniky/obce.json,2026-08-21
obec,Obec/575500,CZ053,Pardubický kraj,https://data.mpsv.cz/od/soubory/ciselniky/obce.json,2026-08-21
obec,Obec/575518,CZ053,Pardubický kraj,https://data.mpsv.cz/od/soubory/ciselniky/obce.json,2026-08-21
obec,Obec/575526,CZ053,Pardubický kraj,https://data.mpsv.cz/od/soubory/ciselniky/obce.json,2026-08-21
obec,Obec/575534,CZ053,Pardubický kraj,https://data.mpsv.cz/od/soubory/ciselniky/obce.json,2026-08-21
obec,Obec/575551,CZ053,Pardubický kraj,https://data.mpsv.cz/od/soubory/ciselniky/obce.json,2026-08-21
obec,Obec/575569,CZ053,Pardubický kraj,https://data.mpsv.cz/od/soubory/ciselniky/obce.json,2026-08-21
obec,Obec/575577,CZ053,Pardubický kraj,https://data.mpsv.cz/od/soubory/ciselniky/obce.json,2026-08-21
obec,Obec/575593,CZ053,Pardubický kraj,https://data.mpsv.cz/od/soubory/ciselniky/obce.json,2026-08-21
obec,Obec/575607,CZ053,Pardubický kraj,https://data.mpsv.cz/od/soubory/ciselniky/obce.json,2026-08-21
obec,Obec/575615,CZ053,Pardubický kraj,https://data.mpsv.cz/od/soubory/ciselniky/obce.json,2026-08-21
obec,Obec/575623,CZ053,Pardubický kraj,https://data.mpsv.cz/od/soubory/ciselniky/obce.json,2026-08-21
obec,Obec/575640,CZ053,Pardubický kraj,https://data.mpsv.cz/od/soubory/ciselniky/obce.json,2026-08-21
obec,Obec/575658,CZ053,Pardubický kraj,https://data.mpsv.cz/od/soubory/ciselniky/obce.json,2026-08-21
obec,Obec/575666,CZ053,Pardubický kraj,https://data.mpsv.cz/od/soubory/ciselniky/obce.json,2026-08-21
obec,Obec/573027,CZ053,Pardubický kraj,https://data.mpsv.cz/od/soubory/ciselniky/obce.json,2026-08-21
obec,Obec/574198,CZ053,Pardubický kraj,https://data.mpsv.cz/od/soubory/ciselniky/obce.json,2026-08-21
obec,Obec/575682,CZ053,Pardubický kraj,https://data.mpsv.cz/od/soubory/ciselniky/obce.json,2026-08-21
obec,Obec/553719,CZ053,Pardubický kraj,https://data.mpsv.cz/od/soubory/ciselniky/obce.json,2026-08-21
obec,Obec/575704,CZ053,Pardubický kraj,https://data.mpsv.cz/od/soubory/ciselniky/obce.json,2026-08-21
obec,Obec/575712,CZ053,Pardubický kraj,https://data.mpsv.cz/od/soubory/ciselniky/obce.json,2026-08-21
obec,Obec/575721,CZ053,Pardubický kraj,https://data.mpsv.cz/od/soubory/ciselniky/obce.json,2026-08-21
obec,Obec/575739,CZ053,Pardubický kraj,https://data.mpsv.cz/od/soubory/ciselniky/obce.json,2026-08-21
obec,Obec/572934,CZ053,Pardubický kraj,https://data.mpsv.cz/od/soubory/ciselniky/obce.json,2026-08-21
obec,Obec/575755,CZ053,Pardubický kraj,https://data.mpsv.cz/od/soubory/ciselniky/obce.json,2026-08-21
obec,Obec/575763,CZ053,Pardubický kraj,https://data.mpsv.cz/od/soubory/ciselniky/obce.json,2026-08-21
obec,Obec/575771,CZ053,Pardubický kraj,https://data.mpsv.cz/od/soubory/ciselniky/obce.json,2026-08-21
obec,Obec/575780,CZ053,Pardubický kraj,https://data.mpsv.cz/od/soubory/ciselniky/obce.json,2026-08-21
obec,Obec/575810,CZ053,Pardubický kraj,https://data.mpsv.cz/od/soubory/ciselniky/obce.json,2026-08-21
obec,Obec/530794,CZ053,Pardubický kraj,https://data.mpsv.cz/od/soubory/ciselniky/obce.json,2026-08-21
obec,Obec/575828,CZ053,Pardubický kraj,https://data.mpsv.cz/od/soubory/ciselniky/obce.json,2026-08-21
obec,Obec/572985,CZ053,Pardubický kraj,https://data.mpsv.cz/od/soubory/ciselniky/obce.json,2026-08-21
obec,Obec/575844,CZ053,Pardubický kraj,https://data.mpsv.cz/od/soubory/ciselniky/obce.json,2026-08-21
obec,Obec/575879,CZ053,Pardubický kraj,https://data.mpsv.cz/od/soubory/ciselniky/obce.json,2026-08-21
obec,Obec/575887,CZ053,Pardubický kraj,https://data.mpsv.cz/od/soubory/ciselniky/obce.json,2026-08-21
obec,Obec/575909,CZ053,Pardubický kraj,https://data.mpsv.cz/od/soubory/ciselniky/obce.json,2026-08-21
obec,Obec/572888,CZ053,Pardubický kraj,https://data.mpsv.cz/od/soubory/ciselniky/obce.json,2026-08-21
obec,Obec/575917,CZ053,Pardubický kraj,https://data.mpsv.cz/od/soubory/ciselniky/obce.json,2026-08-21
obec,Obec/575925,CZ053,Pardubický kraj,https://data.mpsv.cz/od/soubory/ciselniky/obce.json,2026-08-21
obec,Obec/575933,CZ053,Pardubický kraj,https://data.mpsv.cz/od/soubory/ciselniky/obce.json,2026-08-21
obec,Obec/575941,CZ053,Pardubický kraj,https://data.mpsv.cz/od/soubory/ciselniky/obce.json,2026-08-21
obec,Obec/575968,CZ053,Pardubický kraj,https://data.mpsv.cz/od/soubory/ciselniky/obce.json,2026-08-21
obec,Obec/575984,CZ053,Pardubický kraj,https://data.mpsv.cz/od/soubory/ciselniky/obce.json,2026-08-21
obec,Obec/575992,CZ053,Pardubický kraj,https://data.mpsv.cz/od/soubory/ciselniky/obce.json,2026-08-21
obec,Obec/576000,CZ053,Pardubický kraj,https://data.mpsv.cz/od/soubory/ciselniky/obce.json,2026-08-21
obec,Obec/576018,CZ053,Pardubický kraj,https://data.mpsv.cz/od/soubory/ciselniky/obce.json,2026-08-21
obec,Obec/576026,CZ053,Pardubický kraj,https://data.mpsv.cz/od/soubory/ciselniky/obce.json,2026-08-21
obec,Obec/576042,CZ053,Pardubický kraj,https://data.mpsv.cz/od/soubory/ciselniky/obce.json,2026-08-21
obec,Obec/576051,CZ053,Pardubický kraj,https://data.mpsv.cz/od/soubory/ciselniky/obce.json,2026-08-21
obec,Obec/576077,CZ052,Královéhradecký kraj,https://data.mpsv.cz/od/soubory/ciselniky/obce.json,2026-08-21
obec,Obec/576085,CZ052,Královéhradecký kraj,https://data.mpsv.cz/od/soubory/ciselniky/obce.json,2026-08-21
obec,Obec/576093,CZ052,Královéhradecký kraj,https://data.mpsv.cz/od/soubory/ciselniky/obce.json,2026-08-21
obec,Obec/576107,CZ052,Královéhradecký kraj,https://data.mpsv.cz/od/soubory/ciselniky/obce.json,2026-08-21
obec,Obec/576115,CZ052,Královéhradecký kraj,https://data.mpsv.cz/od/soubory/ciselniky/obce.json,2026-08-21
obec,Obec/576123,CZ052,Královéhradecký kraj,https://data.mpsv.cz/od/soubory/ciselniky/obce.json,2026-08-21
obec,Obec/576131,CZ052,Královéhradecký kraj,https://data.mpsv.cz/od/soubory/ciselniky/obce.json,2026-08-21
obec,Obec/576140,CZ052,Královéhradecký kraj,https://data.mpsv.cz/od/soubory/ciselniky/obce.json,2026-08-21
obec,Obec/576166,CZ052,Královéhradecký kraj,https://data.mpsv.cz/od/soubory/ciselniky/obce.json,2026-08-21
obec,Obec/576174,CZ052,Královéhradecký kraj,https://data.mpsv.cz/od/soubory/ciselniky/obce.json,2026-08-21
obec,Obec/576182,CZ052,Královéhradecký kraj,https://data.mpsv.cz/od/soubory/ciselniky/obce.json,2026-08-21
obec,Obec/576191,CZ052,Královéhradecký kraj,https://data.mpsv.cz/od/soubory/ciselniky/obce.json,2026-08-21
obec,Obec/576204,CZ052,Královéhradecký kraj,https://data.mpsv.cz/od/soubory/ciselniky/obce.json,2026-08-21
obec,Obec/576212,CZ052,Královéhradecký kraj,https://data.mpsv.cz/od/soubory/ciselniky/obce.json,2026-08-21
obec,Obec/576221,CZ052,Královéhradecký kraj,https://data.mpsv.cz/od/soubory/ciselniky/obce.json,2026-08-21
obec,Obec/576247,CZ052,Královéhradecký kraj,https://data.mpsv.cz/od/soubory/ciselniky/obce.json,2026-08-21
obec,Obec/576263,CZ052,Královéhradecký kraj,https://data.mpsv.cz/od/soubory/ciselniky/obce.json,2026-08-21
obec,Obec/576271,CZ052,Královéhradecký kraj,https://data.mpsv.cz/od/soubory/ciselniky/obce.json,2026-08-21
obec,Obec/576280,CZ052,Královéhradecký kraj,https://data.mpsv.cz/od/soubory/ciselniky/obce.json,2026-08-21
obec,Obec/576301,CZ052,Královéhradecký kraj,https://data.mpsv.cz/od/soubory/ciselniky/obce.json,2026-08-21
obec,Obec/548642,CZ052,Královéhradecký kraj,https://data.mpsv.cz/od/soubory/ciselniky/obce.json,2026-08-21
obec,Obec/576310,CZ052,Královéhradecký kraj,https://data.mpsv.cz/od/soubory/ciselniky/obce.json,2026-08-21
obec,Obec/548791,CZ052,Královéhradecký kraj,https://data.mpsv.cz/od/soubory/ciselniky/obce.json,2026-08-21
obec,Obec/548782,CZ052,Královéhradecký kraj,https://data.mpsv.cz/od/soubory/ciselniky/obce.json,2026-08-21
obec,Obec/576328,CZ052,Královéhradecký kraj,https://data.mpsv.cz/od/soubory/ciselniky/obce.json,2026-08-21
obec,Obec/576336,CZ052,Královéhradecký kraj,https://data.mpsv.cz/od/soubory/ciselniky/obce.json,2026-08-21
obec,Obec/576361,CZ052,Královéhradecký kraj,https://data.mpsv.cz/od/soubory/ciselniky/obce.json,2026-08-21
obec,Obec/576387,CZ052,Královéhradecký kraj,https://data.mpsv.cz/od/soubory/ciselniky/obce.json,2026-08-21
obec,Obec/576395,CZ052,Královéhradecký kraj,https://data.mpsv.cz/od/soubory/ciselniky/obce.json,2026-08-21
obec,Obec/576409,CZ052,Královéhradecký kraj,https://data.mpsv.cz/od/soubory/ciselniky/obce.json,2026-08-21
obec,Obec/548685,CZ052,Královéhradecký kraj,https://data.mpsv.cz/od/soubory/ciselniky/obce.json,2026-08-21
obec,Obec/576425,CZ052,Královéhradecký kraj,https://data.mpsv.cz/od/soubory/ciselniky/obce.json,2026-08-21
obec,Obec/576441,CZ052,Královéhradecký kraj,https://data.mpsv.cz/od/soubory/ciselniky/obce.json,2026-08-21
obec,Obec/548651,CZ052,Královéhradecký kraj,https://data.mpsv.cz/od/soubory/ciselniky/obce.json,2026-08-21
obec,Obec/576450,CZ052,Královéhradecký kraj,https://data.mpsv.cz/od/soubory/ciselniky/obce.json,2026-08-21
obec,Obec/576468,CZ052,Královéhradecký kraj,https://data.mpsv.cz/od/soubory/ciselniky/obce.json,2026-08-21
obec,Obec/576476,CZ052,Královéhradecký kraj,https://data.mpsv.cz/od/soubory/ciselniky/obce.json,2026-08-21
obec,Obec/576492,CZ052,Královéhradecký kraj,https://data.mpsv.cz/od/soubory/ciselniky/obce.json,2026-08-21
obec,Obec/576506,CZ052,Královéhradecký kraj,https://data.mpsv.cz/od/soubory/ciselniky/obce.json,2026-08-21
obec,Obec/576522,CZ052,Královéhradecký kraj,https://data.mpsv.cz/od/soubory/ciselniky/obce.json,2026-08-21
obec,Obec/576549,CZ052,Královéhradecký kraj,https://data.mpsv.cz/od/soubory/ciselniky/obce.json,2026-08-21
obec,Obec/576557,CZ052,Královéhradecký kraj,https://data.mpsv.cz/od/soubory/ciselniky/obce.json,2026-08-21
obec,Obec/576565,CZ052,Královéhradecký kraj,https://data.mpsv.cz/od/soubory/ciselniky/obce.json,2026-08-21
obec,Obec/576581,CZ052,Královéhradecký kraj,https://data.mpsv.cz/od/soubory/ciselniky/obce.json,2026-08-21
obec,Obec/576573,CZ052,Královéhradecký kraj,https://data.mpsv.cz/od/soubory/ciselniky/obce.json,2026-08-21
obec,Obec/576590,CZ052,Královéhradecký kraj,https://data.mpsv.cz/od/soubory/ciselniky/obce.json,2026-08-21
obec,Obec/576603,CZ052,Královéhradecký kraj,https://data.mpsv.cz/od/soubory/ciselniky/obce.json,2026-08-21
obec,Obec/576611,CZ052,Královéhradecký kraj,https://data.mpsv.cz/od/soubory/ciselniky/obce.json,2026-08-21
obec,Obec/576620,CZ052,Královéhradecký kraj,https://data.mpsv.cz/od/soubory/ciselniky/obce.json,2026-08-21
obec,Obec/576654,CZ052,Královéhradecký kraj,https://data.mpsv.cz/od/soubory/ciselniky/obce.json,2026-08-21
obec,Obec/576662,CZ052,Královéhradecký kraj,https://data.mpsv.cz/od/soubory/ciselniky/obce.json,2026-08-21
obec,Obec/548723,CZ052,Královéhradecký kraj,https://data.mpsv.cz/od/soubory/ciselniky/obce.json,2026-08-21
obec,Obec/576671,CZ052,Královéhradecký kraj,https://data.mpsv.cz/od/soubory/ciselniky/obce.json,2026-08-21
obec,Obec/548758,CZ052,Královéhradecký kraj,https://data.mpsv.cz/od/soubory/ciselniky/obce.json,2026-08-21
obec,Obec/576689,CZ052,Královéhradecký kraj,https://data.mpsv.cz/od/soubory/ciselniky/obce.json,2026-08-21
obec,Obec/548669,CZ052,Královéhradecký kraj,https://data.mpsv.cz/od/soubory/ciselniky/obce.json,2026-08-21
obec,Obec/576701,CZ052,Královéhradecký kraj,https://data.mpsv.cz/od/soubory/ciselniky/obce.json,2026-08-21
obec,Obec/576727,CZ052,Královéhradecký kraj,https://data.mpsv.cz/od/soubory/ciselniky/obce.json,2026-08-21
obec,Obec/576069,CZ052,Královéhradecký kraj,https://data.mpsv.cz/od/soubory/ciselniky/obce.json,2026-08-21
obec,Obec/576735,CZ052,Královéhradecký kraj,https://data.mpsv.cz/od/soubory/ciselniky/obce.json,2026-08-21
obec,Obec/576743,CZ052,Královéhradecký kraj,https://data.mpsv.cz/od/soubory/ciselniky/obce.json,2026-08-21
obec,Obec/576751,CZ052,Královéhradecký kraj,https://data.mpsv.cz/od/soubory/ciselniky/obce.json,2026-08-21
obec,Obec/576778,CZ052,Královéhradecký kraj,https://data.mpsv.cz/od/soubory/ciselniky/obce.json,2026-08-21
obec,Obec/576786,CZ052,Královéhradecký kraj,https://data.mpsv.cz/od/soubory/ciselniky/obce.json,2026-08-21
obec,Obec/576794,CZ052,Královéhradecký kraj,https://data.mpsv.cz/od/soubory/ciselniky/obce.json,2026-08-21
obec,Obec/576808,CZ052,Královéhradecký kraj,https://data.mpsv.cz/od/soubory/ciselniky/obce.json,2026-08-21
obec,Obec/548693,CZ052,Královéhradecký kraj,https://data.mpsv.cz/od/soubory/ciselniky/obce.json,2026-08-21
obec,Obec/576816,CZ052,Královéhradecký kraj,https://data.mpsv.cz/od/soubory/ciselniky/obce.json,2026-08-21
obec,Obec/576824,CZ052,Královéhradecký kraj,https://data.mpsv.cz/od/soubory/ciselniky/obce.json,2026-08-21
obec,Obec/576832,CZ052,Královéhradecký kraj,https://data.mpsv.cz/od/soubory/ciselniky/obce.json,2026-08-21
obec,Obec/576841,CZ052,Královéhradecký kraj,https://data.mpsv.cz/od/soubory/ciselniky/obce.json,2026-08-21
obec,Obec/576859,CZ052,Královéhradecký kraj,https://data.mpsv.cz/od/soubory/ciselniky/obce.json,2026-08-21
obec,Obec/576875,CZ052,Královéhradecký kraj,https://data.mpsv.cz/od/soubory/ciselniky/obce.json,2026-08-21
obec,Obec/576883,CZ052,Královéhradecký kraj,https://data.mpsv.cz/od/soubory/ciselniky/obce.json,2026-08-21
obec,Obec/576891,CZ052,Královéhradecký kraj,https://data.mpsv.cz/od/soubory/ciselniky/obce.json,2026-08-21
obec,Obec/548707,CZ052,Královéhradecký kraj,https://data.mpsv.cz/od/soubory/ciselniky/obce.json,2026-08-21
obec,Obec/576921,CZ052,Královéhradecký kraj,https://data.mpsv.cz/od/soubory/ciselniky/obce.json,2026-08-21
obec,Obec/576930,CZ052,Královéhradecký kraj,https://data.mpsv.cz/od/soubory/ciselniky/obce.json,2026-08-21
obec,Obec/576948,CZ052,Královéhradecký kraj,https://data.mpsv.cz/od/soubory/ciselniky/obce.json,2026-08-21
obec,Obec/576956,CZ052,Královéhradecký kraj,https://data.mpsv.cz/od/soubory/ciselniky/obce.json,2026-08-21
obec,Obec/576972,CZ051,Liberecký kraj,https://data.mpsv.cz/od/soubory/ciselniky/obce.json,2026-08-21
obec,Obec/576981,CZ051,Liberecký kraj,https://data.mpsv.cz/od/soubory/ciselniky/obce.json,2026-08-21
obec,Obec/576999,CZ051,Liberecký kraj,https://data.mpsv.cz/od/soubory/ciselniky/obce.json,2026-08-21
obec,Obec/577006,CZ051,Liberecký kraj,https://data.mpsv.cz/od/soubory/ciselniky/obce.json,2026-08-21
obec,Obec/577014,CZ051,Liberecký kraj,https://data.mpsv.cz/od/soubory/ciselniky/obce.json,2026-08-21
obec,Obec/577031,CZ051,Liberecký kraj,https://data.mpsv.cz/od/soubory/ciselniky/obce.json,2026-08-21
obec,Obec/577049,CZ051,Liberecký kraj,https://data.mpsv.cz/od/soubory/ciselniky/obce.json,2026-08-21
obec,Obec/577057,CZ051,Liberecký kraj,https://data.mpsv.cz/od/soubory/ciselniky/obce.json,2026-08-21
obec,Obec/577073,CZ051,Liberecký kraj,https://data.mpsv.cz/od/soubory/ciselniky/obce.json,2026-08-21
obec,Obec/577111,CZ051,Liberecký kraj,https://data.mpsv.cz/od/soubory/ciselniky/obce.json,2026-08-21
obec,Obec/574201,CZ051,Liberecký kraj,https://data.mpsv.cz/od/soubory/ciselniky/obce.json,2026-08-21
obec,Obec/577120,CZ051,Liberecký kraj,https://data.mpsv.cz/od/soubory/ciselniky/obce.json,2026-08-21
obec,Obec/577146,CZ051,Liberecký kraj,https://data.mpsv.cz/od/soubory/ciselniky/obce.json,2026-08-21
obec,Obec/577154,CZ051,Liberecký kraj,https://data.mpsv.cz/od/soubory/ciselniky/obce.json,2026-08-21
obec,Obec/577162,CZ051,Liberecký kraj,https://data.mpsv.cz/od/soubory/ciselniky/obce.json,2026-08-21
obec,Obec/577171,CZ051,Liberecký kraj,https://data.mpsv.cz/od/soubory/ciselniky/obce.json,2026-08-21
obec,Obec/577189,CZ051,Liberecký kraj,https://data.mpsv.cz/od/soubory/ciselniky/obce.json,2026-08-21
obec,Obec/577197,CZ051,Liberecký kraj,https://data.mpsv.cz/od/soubory/ciselniky/obce.json,2026-08-21
obec,Obec/577201,CZ051,Liberecký kraj,https://data.mpsv.cz/od/soubory/ciselniky/obce.json,2026-08-21
obec,Obec/577219,CZ051,Liberecký kraj,https://data.mpsv.cz/od/soubory/ciselniky/obce.json,2026-08-21
obec,Obec/577227,CZ051,Liberecký kraj,https://data.mpsv.cz/od/soubory/ciselniky/obce.json,2026-08-21
obec,Obec/577235,CZ051,Liberecký kraj,https://data.mpsv.cz/od/soubory/ciselniky/obce.json,2026-08-21
obec,Obec/577243,CZ051,Liberecký kraj,https://data.mpsv.cz/od/soubory/ciselniky/obce.json,2026-08-21
obec,Obec/547484,CZ051,Liberecký kraj,https://data.mpsv.cz/od/soubory/ciselniky/obce.json,2026-08-21
obec,Obec/577375,CZ051,Liberecký kraj,https://data.mpsv.cz/od/soubory/ciselniky/obce.json,2026-08-21
obec,Obec/577294,CZ051,Liberecký kraj,https://data.mpsv.cz/od/soubory/ciselniky/obce.json,2026-08-21
obec,Obec/577308,CZ051,Liberecký kraj,https://data.mpsv.cz/od/soubory/ciselniky/obce.json,2026-08-21
obec,Obec/573400,CZ051,Liberecký kraj,https://data.mpsv.cz/od/soubory/ciselniky/obce.json,2026-08-21
obec,Obec/573418,CZ051,Liberecký kraj,https://data.mpsv.cz/od/soubory/ciselniky/obce.json,2026-08-21
obec,Obec/577316,CZ051,Liberecký kraj,https://data.mpsv.cz/od/soubory/ciselniky/obce.json,2026-08-21
obec,Obec/577324,CZ051,Liberecký kraj,https://data.mpsv.cz/od/soubory/ciselniky/obce.json,2026-08-21
obec,Obec/577332,CZ051,Liberecký kraj,https://data.mpsv.cz/od/soubory/ciselniky/obce.json,2026-08-21
obec,Obec/577341,CZ051,Liberecký kraj,https://data.mpsv.cz/od/soubory/ciselniky/obce.json,2026-08-21
obec,Obec/577359,CZ051,Liberecký kraj,https://data.mpsv.cz/od/soubory/ciselniky/obce.json,2026-08-21
obec,Obec/577367,CZ051,Liberecký kraj,https://data.mpsv.cz/od/soubory/ciselniky/obce.json,2026-08-21
obec,Obec/547476,CZ051,Liberecký kraj,https://data.mpsv.cz/od/soubory/ciselniky/obce.json,2026-08-21
obec,Obec/577391,CZ051,Liberecký kraj,https://data.mpsv.cz/od/soubory/ciselniky/obce.json,2026-08-21
obec,Obec/577405,CZ051,Liberecký kraj,https://data.mpsv.cz/od/soubory/ciselniky/obce.json,2026-08-21
obec,Obec/577413,CZ051,Liberecký kraj,https://data.mpsv.cz/od/soubory/ciselniky/obce.json,2026-08-21
obec,Obec/577421,CZ051,Liberecký kraj,https://data.mpsv.cz/od/soubory/ciselniky/obce.json,2026-08-21
obec,Obec/577430,CZ051,Liberecký kraj,https://data.mpsv.cz/od/soubory/ciselniky/obce.json,2026-08-21
obec,Obec/577448,CZ051,Liberecký kraj,https://data.mpsv.cz/od/soubory/ciselniky/obce.json,2026-08-21
obec,Obec/577456,CZ051,Liberecký kraj,https://data.mpsv.cz/od/soubory/ciselniky/obce.json,2026-08-21
obec,Obec/577464,CZ051,Liberecký kraj,https://data.mpsv.cz/od/soubory/ciselniky/obce.json,2026-08-21
obec,Obec/577472,CZ051,Liberecký kraj,https://data.mpsv.cz/od/soubory/ciselniky/obce.json,2026-08-21
obec,Obec/577499,CZ051,Liberecký kraj,https://data.mpsv.cz/od/soubory/ciselniky/obce.json,2026-08-21
obec,Obec/577481,CZ051,Liberecký kraj,https://data.mpsv.cz/od/soubory/ciselniky/obce.json,2026-08-21
obec,Obec/576964,CZ051,Liberecký kraj,https://data.mpsv.cz/od/soubory/ciselniky/obce.json,2026-08-21
obec,Obec/577529,CZ051,Liberecký kraj,https://data.mpsv.cz/od/soubory/ciselniky/obce.json,2026-08-21
obec,Obec/577545,CZ051,Liberecký kraj,https://data.mpsv.cz/od/soubory/ciselniky/obce.json,2026-08-21
obec,Obec/577553,CZ051,Liberecký kraj,https://data.mpsv.cz/od/soubory/ciselniky/obce.json,2026-08-21
obec,Obec/577561,CZ051,Liberecký kraj,https://data.mpsv.cz/od/soubory/ciselniky/obce.json,2026-08-21
obec,Obec/577570,CZ051,Liberecký kraj,https://data.mpsv.cz/od/soubory/ciselniky/obce.json,2026-08-21
obec,Obec/577596,CZ051,Liberecký kraj,https://data.mpsv.cz/od/soubory/ciselniky/obce.json,2026-08-21
obec,Obec/577600,CZ051,Liberecký kraj,https://data.mpsv.cz/od/soubory/ciselniky/obce.json,2026-08-21
obec,Obec/577626,CZ051,Liberecký kraj,https://data.mpsv.cz/od/soubory/ciselniky/obce.json,2026-08-21
obec,Obec/577642,CZ051,Liberecký kraj,https://data.mpsv.cz/od/soubory/ciselniky/obce.json,2026-08-21
obec,Obec/577651,CZ051,Liberecký kraj,https://data.mpsv.cz/od/soubory/ciselniky/obce.json,2026-08-21
obec,Obec/577669,CZ051,Liberecký kraj,https://data.mpsv.cz/od/soubory/ciselniky/obce.json,2026-08-21
obec,Obec/577677,CZ051,Liberecký kraj,https://data.mpsv.cz/od/soubory/ciselniky/obce.json,2026-08-21
obec,Obec/577685,CZ051,Liberecký kraj,https://data.mpsv.cz/od/soubory/ciselniky/obce.json,2026-08-21
obec,Obec/577693,CZ051,Liberecký kraj,https://data.mpsv.cz/od/soubory/ciselniky/obce.json,2026-08-21
obec,Obec/577707,CZ051,Liberecký kraj,https://data.mpsv.cz/od/soubory/ciselniky/obce.json,2026-08-21
obec,Obec/577723,CZ051,Liberecký kraj,https://data.mpsv.cz/od/soubory/ciselniky/obce.json,2026-08-21
obec,Obec/572560,CZ053,Pardubický kraj,https://data.mpsv.cz/od/soubory/ciselniky/obce.json,2026-08-21
obec,Obec/572586,CZ053,Pardubický kraj,https://data.mpsv.cz/od/soubory/ciselniky/obce.json,2026-08-21
obec,Obec/505391,CZ053,Pardubický kraj,https://data.mpsv.cz/od/soubory/ciselniky/obce.json,2026-08-21
obec,Obec/577774,CZ053,Pardubický kraj,https://data.mpsv.cz/od/soubory/ciselniky/obce.json,2026-08-21
obec,Obec/574309,CZ053,Pardubický kraj,https://data.mpsv.cz/od/soubory/ciselniky/obce.json,2026-08-21
obec,Obec/572519,CZ053,Pardubický kraj,https://data.mpsv.cz/od/soubory/ciselniky/obce.json,2026-08-21
obec,Obec/577812,CZ053,Pardubický kraj,https://data.mpsv.cz/od/soubory/ciselniky/obce.json,2026-08-21
obec,Obec/577821,CZ053,Pardubický kraj,https://data.mpsv.cz/od/soubory/ciselniky/obce.json,2026-08-21
obec,Obec/577839,CZ053,Pardubický kraj,https://data.mpsv.cz/od/soubory/ciselniky/obce.json,2026-08-21
obec,Obec/572632,CZ053,Pardubický kraj,https://data.mpsv.cz/od/soubory/ciselniky/obce.json,2026-08-21
obec,Obec/577863,CZ053,Pardubický kraj,https://data.mpsv.cz/od/soubory/ciselniky/obce.json,2026-08-21
obec,Obec/577871,CZ053,Pardubický kraj,https://data.mpsv.cz/od/soubory/ciselniky/obce.json,2026-08-21
obec,Obec/572250,CZ053,Pardubický kraj,https://data.mpsv.cz/od/soubory/ciselniky/obce.json,2026-08-21
obec,Obec/577898,CZ053,Pardubický kraj,https://data.mpsv.cz/od/soubory/ciselniky/obce.json,2026-08-21
obec,Obec/505145,CZ053,Pardubický kraj,https://data.mpsv.cz/od/soubory/ciselniky/obce.json,2026-08-21
obec,Obec/577910,CZ053,Pardubický kraj,https://data.mpsv.cz/od/soubory/ciselniky/obce.json,2026-08-21
obec,Obec/577928,CZ053,Pardubický kraj,https://data.mpsv.cz/od/soubory/ciselniky/obce.json,2026-08-21
obec,Obec/577936,CZ053,Pardubický kraj,https://data.mpsv.cz/od/soubory/ciselniky/obce.json,2026-08-21
obec,Obec/577944,CZ053,Pardubický kraj,https://data.mpsv.cz/od/soubory/ciselniky/obce.json,2026-08-21
obec,Obec/572357,CZ053,Pardubický kraj,https://data.mpsv.cz/od/soubory/ciselniky/obce.json,2026-08-21
obec,Obec/577961,CZ053,Pardubický kraj,https://data.mpsv.cz/od/soubory/ciselniky/obce.json,2026-08-21
obec,Obec/572683,CZ053,Pardubický kraj,https://data.mpsv.cz/od/soubory/ciselniky/obce.json,2026-08-21
obec,Obec/577987,CZ053,Pardubický kraj,https://data.mpsv.cz/od/soubory/ciselniky/obce.json,2026-08-21
obec,Obec/577995,CZ053,Pardubický kraj,https://data.mpsv.cz/od/soubory/ciselniky/obce.json,2026-08-21
obec,Obec/574325,CZ053,Pardubický kraj,https://data.mpsv.cz/od/soubory/ciselniky/obce.json,2026-08-21
obec,Obec/572284,CZ053,Pardubický kraj,https://data.mpsv.cz/od/soubory/ciselniky/obce.json,2026-08-21
obec,Obec/578037,CZ053,Pardubický kraj,https://data.mpsv.cz/od/soubory/ciselniky/obce.json,2026-08-21
obec,Obec/578053,CZ053,Pardubický kraj,https://data.mpsv.cz/od/soubory/ciselniky/obce.json,2026-08-21
obec,Obec/572365,CZ053,Pardubický kraj,https://data.mpsv.cz/od/soubory/ciselniky/obce.json,2026-08-21
obec,Obec/572691,CZ053,Pardubický kraj,https://data.mpsv.cz/od/soubory/ciselniky/obce.json,2026-08-21
obec,Obec/572730,CZ053,Pardubický kraj,https://data.mpsv.cz/od/soubory/ciselniky/obce.json,2026-08-21
obec,Obec/578096,CZ053,Pardubický kraj,https://data.mpsv.cz/od/soubory/ciselniky/obce.json,2026-08-21
obec,Obec/578100,CZ053,Pardubický kraj,https://data.mpsv.cz/od/soubory/ciselniky/obce.json,2026-08-21
obec,Obec/578118,CZ053,Pardubický kraj,https://data.mpsv.cz/od/soubory/ciselniky/obce.json,2026-08-21
obec,Obec/578126,CZ053,Pardubický kraj,https://data.mpsv.cz/od/soubory/ciselniky/obce.json,2026-08-21
obec,Obec/578134,CZ053,Pardubický kraj,https://data.mpsv.cz/od/soubory/ciselniky/obce.json,2026-08-21
obec,Obec/578142,CZ053,Pardubický kraj,https://data.mpsv.cz/od/soubory/ciselniky/obce.json,2026-08-21
obec,Obec/578151,CZ053,Pardubický kraj,https://data.mpsv.cz/od/soubory/ciselniky/obce.json,2026-08-21
obec,Obec/578169,CZ053,Pardubický kraj,https://data.mpsv.cz/od/soubory/ciselniky/obce.json,2026-08-21
obec,Obec/572713,CZ053,Pardubický kraj,https://data.mpsv.cz/od/soubory/ciselniky/obce.json,2026-08-21
obec,Obec/578185,CZ053,Pardubický kraj,https://data.mpsv.cz/od/soubory/ciselniky/obce.json,2026-08-21
obec,Obec/578193,CZ053,Pardubický kraj,https://data.mpsv.cz/od/soubory/ciselniky/obce.json,2026-08-21
obec,Obec/578207,CZ053,Pardubický kraj,https://data.mpsv.cz/od/soubory/ciselniky/obce.json,2026-08-21
obec,Obec/578215,CZ053,Pardubický kraj,https://data.mpsv.cz/od/soubory/ciselniky/obce.json,2026-08-21
obec,Obec/572748,CZ053,Pardubický kraj,https://data.mpsv.cz/od/soubory/ciselniky/obce.json,2026-08-21
obec,Obec/578231,CZ053,Pardubický kraj,https://data.mpsv.cz/od/soubory/ciselniky/obce.json,2026-08-21
obec,Obec/578258,CZ053,Pardubický kraj,https://data.mpsv.cz/od/soubory/ciselniky/obce.json,2026-08-21
obec,Obec/578266,CZ053,Pardubický kraj,https://data.mpsv.cz/od/soubory/ciselniky/obce.json,2026-08-21
obec,Obec/578274,CZ053,Pardubický kraj,https://data.mpsv.cz/od/soubory/ciselniky/obce.json,2026-08-21
obec,Obec/572594,CZ053,Pardubický kraj,https://data.mpsv.cz/od/soubory/ciselniky/obce.json,2026-08-21
obec,Obec/578282,CZ053,Pardubický kraj,https://data.mpsv.cz/od/soubory/ciselniky/obce.json,2026-08-21
obec,Obec/578291,CZ053,Pardubický kraj,https://data.mpsv.cz/od/soubory/ciselniky/obce.json,2026-08-21
obec,Obec/578304,CZ053,Pardubický kraj,https://data.mpsv.cz/od/soubory/ciselniky/obce.json,2026-08-21
obec,Obec/578339,CZ053,Pardubický kraj,https://data.mpsv.cz/od/soubory/ciselniky/obce.json,2026-08-21
obec,Obec/578347,CZ053,Pardubický kraj,https://data.mpsv.cz/od/soubory/ciselniky/obce.json,2026-08-21
obec,Obec/578355,CZ053,Pardubický kraj,https://data.mpsv.cz/od/soubory/ciselniky/obce.json,2026-08-21
obec,Obec/578363,CZ053,Pardubický kraj,https://data.mpsv.cz/od/soubory/ciselniky/obce.json,2026-08-21
obec,Obec/578371,CZ053,Pardubický kraj,https://data.mpsv.cz/od/soubory/ciselniky/obce.json,2026-08-21
obec,Obec/578380,CZ053,Pardubický kraj,https://data.mpsv.cz/od/soubory/ciselniky/obce.json,2026-08-21
obec,Obec/578398,CZ053,Pardubický kraj,https://data.mpsv.cz/od/soubory/ciselniky/obce.json,2026-08-21
obec,Obec/578401,CZ053,Pardubický kraj,https://data.mpsv.cz/od/soubory/ciselniky/obce.json,2026-08-21
obec,Obec/578428,CZ053,Pardubický kraj,https://data.mpsv.cz/od/soubory/ciselniky/obce.json,2026-08-21
obec,Obec/578444,CZ053,Pardubický kraj,https://data.mpsv.cz/od/soubory/ciselniky/obce.json,2026-08-21
obec,Obec/578452,CZ053,Pardubický kraj,https://data.mpsv.cz/od/soubory/ciselniky/obce.json,2026-08-21
obec,Obec/580694,CZ053,Pardubický kraj,https://data.mpsv.cz/od/soubory/ciselniky/obce.json,2026-08-21
obec,Obec/572608,CZ053,Pardubický kraj,https://data.mpsv.cz/od/soubory/ciselniky/obce.json,2026-08-21
obec,Obec/572438,CZ053,Pardubický kraj,https://data.mpsv.cz/od/soubory/ciselniky/obce.json,2026-08-21
obec,Obec/578479,CZ053,Pardubický kraj,https://data.mpsv.cz/od/soubory/ciselniky/obce.json,2026-08-21
obec,Obec/578487,CZ053,Pardubický kraj,https://data.mpsv.cz/od/soubory/ciselniky/obce.json,2026-08-21
obec,Obec/572721,CZ053,Pardubický kraj,https://data.mpsv.cz/od/soubory/ciselniky/obce.json,2026-08-21
obec,Obec/578509,CZ053,Pardubický kraj,https://data.mpsv.cz/od/soubory/ciselniky/obce.json,2026-08-21
obec,Obec/578550,CZ053,Pardubický kraj,https://data.mpsv.cz/od/soubory/ciselniky/obce.json,2026-08-21
obec,Obec/578576,CZ053,Pardubický kraj,https://data.mpsv.cz/od/soubory/ciselniky/obce.json,2026-08-21
obec,Obec/578584,CZ053,Pardubický kraj,https://data.mpsv.cz/od/soubory/ciselniky/obce.json,2026-08-21
obec,Obec/572373,CZ053,Pardubický kraj,https://data.mpsv.cz/od/soubory/ciselniky/obce.json,2026-08-21
obec,Obec/578622,CZ053,Pardubický kraj,https://data.mpsv.cz/od/soubory/ciselniky/obce.json,2026-08-21
obec,Obec/578631,CZ053,Pardubický kraj,https://data.mpsv.cz/od/soubory/ciselniky/obce.json,2026-08-21
obec,Obec/578649,CZ053,Pardubický kraj,https://data.mpsv.cz/od/soubory/ciselniky/obce.json,2026-08-21
obec,Obec/578657,CZ053,Pardubický kraj,https://data.mpsv.cz/od/soubory/ciselniky/obce.json,2026-08-21
obec,Obec/574333,CZ053,Pardubický kraj,https://data.mpsv.cz/od/soubory/ciselniky/obce.json,2026-08-21
obec,Obec/578673,CZ053,Pardubický kraj,https://data.mpsv.cz/od/soubory/ciselniky/obce.json,2026-08-21
obec,Obec/578681,CZ053,Pardubický kraj,https://data.mpsv.cz/od/soubory/ciselniky/obce.json,2026-08-21
obec,Obec/578690,CZ053,Pardubický kraj,https://data.mpsv.cz/od/soubory/ciselniky/obce.json,2026-08-21
obec,Obec/578703,CZ053,Pardubický kraj,https://data.mpsv.cz/od/soubory/ciselniky/obce.json,2026-08-21
obec,Obec/578711,CZ053,Pardubický kraj,https://data.mpsv.cz/od/soubory/ciselniky/obce.json,2026-08-21
obec,Obec/572233,CZ053,Pardubický kraj,https://data.mpsv.cz/od/soubory/ciselniky/obce.json,2026-08-21
obec,Obec/578720,CZ053,Pardubický kraj,https://data.mpsv.cz/od/soubory/ciselniky/obce.json,2026-08-21
obec,Obec/578738,CZ053,Pardubický kraj,https://data.mpsv.cz/od/soubory/ciselniky/obce.json,2026-08-21
obec,Obec/578746,CZ053,Pardubický kraj,https://data.mpsv.cz/od/soubory/ciselniky/obce.json,2026-08-21
obec,Obec/578754,CZ053,Pardubický kraj,https://data.mpsv.cz/od/soubory/ciselniky/obce.json,2026-08-21
obec,Obec/578762,CZ053,Pardubický kraj,https://data.mpsv.cz/od/soubory/ciselniky/obce.json,2026-08-21
obec,Obec/580325,CZ053,Pardubický kraj,https://data.mpsv.cz/od/soubory/ciselniky/obce.json,2026-08-21
obec,Obec/578789,CZ053,Pardubický kraj,https://data.mpsv.cz/od/soubory/ciselniky/obce.json,2026-08-21
obec,Obec/578801,CZ053,Pardubický kraj,https://data.mpsv.cz/od/soubory/ciselniky/obce.json,2026-08-21
obec,Obec/578819,CZ053,Pardubický kraj,https://data.mpsv.cz/od/soubory/ciselniky/obce.json,2026-08-21
obec,Obec/578835,CZ053,Pardubický kraj,https://data.mpsv.cz/od/soubory/ciselniky/obce.json,2026-08-21
obec,Obec/577731,CZ053,Pardubický kraj,https://data.mpsv.cz/od/soubory/ciselniky/obce.json,2026-08-21
obec,Obec/578843,CZ053,Pardubický kraj,https://data.mpsv.cz/od/soubory/ciselniky/obce.json,2026-08-21
obec,Obec/578851,CZ053,Pardubický kraj,https://data.mpsv.cz/od/soubory/ciselniky/obce.json,2026-08-21
obec,Obec/578860,CZ053,Pardubický kraj,https://data.mpsv.cz/od/soubory/ciselniky/obce.json,2026-08-21
obec,Obec/578878,CZ053,Pardubický kraj,https://data.mpsv.cz/od/soubory/ciselniky/obce.json,2026-08-21
obec,Obec/578886,CZ053,Pardubický kraj,https://data.mpsv.cz/od/soubory/ciselniky/obce.json,2026-08-21
obec,Obec/578894,CZ053,Pardubický kraj,https://data.mpsv.cz/od/soubory/ciselniky/obce.json,2026-08-21
obec,Obec/572616,CZ053,Pardubický kraj,https://data.mpsv.cz/od/soubory/ciselniky/obce.json,2026-08-21
obec,Obec/578908,CZ053,Pardubický kraj,https://data.mpsv.cz/od/soubory/ciselniky/obce.json,2026-08-21
obec,Obec/578916,CZ053,Pardubický kraj,https://data.mpsv.cz/od/soubory/ciselniky/obce.json,2026-08-21
obec,Obec/572624,CZ053,Pardubický kraj,https://data.mpsv.cz/od/soubory/ciselniky/obce.json,2026-08-21
obec,Obec/578932,CZ053,Pardubický kraj,https://data.mpsv.cz/od/soubory/ciselniky/obce.json,2026-08-21
obec,Obec/578941,CZ053,Pardubický kraj,https://data.mpsv.cz/od/soubory/ciselniky/obce.json,2026-08-21
obec,Obec/578959,CZ053,Pardubický kraj,https://data.mpsv.cz/od/soubory/ciselniky/obce.json,2026-08-21
obec,Obec/578967,CZ053,Pardubický kraj,https://data.mpsv.cz/od/soubory/ciselniky/obce.json,2026-08-21
obec,Obec/581127,CZ053,Pardubický kraj,https://data.mpsv.cz/od/soubory/ciselniky/obce.json,2026-08-21
obec,Obec/578975,CZ053,Pardubický kraj,https://data.mpsv.cz/od/soubory/ciselniky/obce.json,2026-08-21
obec,Obec/572292,CZ053,Pardubický kraj,https://data.mpsv.cz/od/soubory/ciselniky/obce.json,2026-08-21
obec,Obec/578991,CZ053,Pardubický kraj,https://data.mpsv.cz/od/soubory/ciselniky/obce.json,2026-08-21
obec,Obec/572195,CZ053,Pardubický kraj,https://data.mpsv.cz/od/soubory/ciselniky/obce.json,2026-08-21
obec,Obec/579041,CZ052,Královéhradecký kraj,https://data.mpsv.cz/od/soubory/ciselniky/obce.json,2026-08-21
obec,Obec/579050,CZ052,Královéhradecký kraj,https://data.mpsv.cz/od/soubory/ciselniky/obce.json,2026-08-21
obec,Obec/579068,CZ052,Královéhradecký kraj,https://data.mpsv.cz/od/soubory/ciselniky/obce.json,2026-08-21
obec,Obec/579076,CZ052,Královéhradecký kraj,https://data.mpsv.cz/od/soubory/ciselniky/obce.json,2026-08-21
obec,Obec/579092,CZ052,Královéhradecký kraj,https://data.mpsv.cz/od/soubory/ciselniky/obce.json,2026-08-21
obec,Obec/548821,CZ052,Královéhradecký kraj,https://data.mpsv.cz/od/soubory/ciselniky/obce.json,2026-08-21
obec,Obec/579106,CZ052,Královéhradecký kraj,https://data.mpsv.cz/od/soubory/ciselniky/obce.json,2026-08-21
obec,Obec/579114,CZ052,Královéhradecký kraj,https://data.mpsv.cz/od/soubory/ciselniky/obce.json,2026-08-21
obec,Obec/579122,CZ052,Královéhradecký kraj,https://data.mpsv.cz/od/soubory/ciselniky/obce.json,2026-08-21
obec,Obec/554863,CZ052,Královéhradecký kraj,https://data.mpsv.cz/od/soubory/ciselniky/obce.json,2026-08-21
obec,Obec/579149,CZ052,Královéhradecký kraj,https://data.mpsv.cz/od/soubory/ciselniky/obce.json,2026-08-21
obec,Obec/579157,CZ052,Královéhradecký kraj,https://data.mpsv.cz/od/soubory/ciselniky/obce.json,2026-08-21
obec,Obec/579165,CZ052,Královéhradecký kraj,https://data.mpsv.cz/od/soubory/ciselniky/obce.json,2026-08-21
obec,Obec/579173,CZ052,Královéhradecký kraj,https://data.mpsv.cz/od/soubory/ciselniky/obce.json,2026-08-21
obec,Obec/579181,CZ052,Královéhradecký kraj,https://data.mpsv.cz/od/soubory/ciselniky/obce.json,2026-08-21
obec,Obec/579190,CZ052,Královéhradecký kraj,https://data.mpsv.cz/od/soubory/ciselniky/obce.json,2026-08-21
obec,Obec/579203,CZ052,Královéhradecký kraj,https://data.mpsv.cz/od/soubory/ciselniky/obce.json,2026-08-21
obec,Obec/579211,CZ052,Královéhradecký kraj,https://data.mpsv.cz/od/soubory/ciselniky/obce.json,2026-08-21
obec,Obec/579220,CZ052,Královéhradecký kraj,https://data.mpsv.cz/od/soubory/ciselniky/obce.json,2026-08-21
obec,Obec/579238,CZ052,Královéhradecký kraj,https://data.mpsv.cz/od/soubory/ciselniky/obce.json,2026-08-21
obec,Obec/579254,CZ052,Královéhradecký kraj,https://data.mpsv.cz/od/soubory/ciselniky/obce.json,2026-08-21
obec,Obec/579262,CZ052,Královéhradecký kraj,https://data.mpsv.cz/od/soubory/ciselniky/obce.json,2026-08-21
obec,Obec/579271,CZ052,Královéhradecký kraj,https://data.mpsv.cz/od/soubory/ciselniky/obce.json,2026-08-21
obec,Obec/579297,CZ052,Královéhradecký kraj,https://data.mpsv.cz/od/soubory/ciselniky/obce.json,2026-08-21
obec,Obec/579301,CZ052,Královéhradecký kraj,https://data.mpsv.cz/od/soubory/ciselniky/obce.json,2026-08-21
obec,Obec/579319,CZ052,Královéhradecký kraj,https://data.mpsv.cz/od/soubory/ciselniky/obce.json,2026-08-21
obec,Obec/579327,CZ052,Královéhradecký kraj,https://data.mpsv.cz/od/soubory/ciselniky/obce.json,2026-08-21
obec,Obec/579335,CZ052,Královéhradecký kraj,https://data.mpsv.cz/od/soubory/ciselniky/obce.json,2026-08-21
obec,Obec/579351,CZ052,Královéhradecký kraj,https://data.mpsv.cz/od/soubory/ciselniky/obce.json,2026-08-21
obec,Obec/579378,CZ052,Královéhradecký kraj,https://data.mpsv.cz/od/soubory/ciselniky/obce.json,2026-08-21
obec,Obec/579386,CZ052,Královéhradecký kraj,https://data.mpsv.cz/od/soubory/ciselniky/obce.json,2026-08-21
obec,Obec/579394,CZ052,Královéhradecký kraj,https://data.mpsv.cz/od/soubory/ciselniky/obce.json,2026-08-21
obec,Obec/579408,CZ052,Královéhradecký kraj,https://data.mpsv.cz/od/soubory/ciselniky/obce.json,2026-08-21
obec,Obec/530808,CZ052,Královéhradecký kraj,https://data.mpsv.cz/od/soubory/ciselniky/obce.json,2026-08-21
obec,Obec/579416,CZ052,Královéhradecký kraj,https://data.mpsv.cz/od/soubory/ciselniky/obce.json,2026-08-21
obec,Obec/579424,CZ052,Královéhradecký kraj,https://data.mpsv.cz/od/soubory/ciselniky/obce.json,2026-08-21
obec,Obec/548804,CZ052,Královéhradecký kraj,https://data.mpsv.cz/od/soubory/ciselniky/obce.json,2026-08-21
obec,Obec/579432,CZ052,Královéhradecký kraj,https://data.mpsv.cz/od/soubory/ciselniky/obce.json,2026-08-21
obec,Obec/579441,CZ052,Královéhradecký kraj,https://data.mpsv.cz/od/soubory/ciselniky/obce.json,2026-08-21
obec,Obec/579475,CZ052,Královéhradecký kraj,https://data.mpsv.cz/od/soubory/ciselniky/obce.json,2026-08-21
obec,Obec/579483,CZ052,Královéhradecký kraj,https://data.mpsv.cz/od/soubory/ciselniky/obce.json,2026-08-21
obec,Obec/546470,CZ052,Královéhradecký kraj,https://data.mpsv.cz/od/soubory/ciselniky/obce.json,2026-08-21
obec,Obec/579505,CZ052,Královéhradecký kraj,https://data.mpsv.cz/od/soubory/ciselniky/obce.json,2026-08-21
obec,Obec/579513,CZ052,Královéhradecký kraj,https://data.mpsv.cz/od/soubory/ciselniky/obce.json,2026-08-21
obec,Obec/579530,CZ052,Královéhradecký kraj,https://data.mpsv.cz/od/soubory/ciselniky/obce.json,2026-08-21
obec,Obec/579548,CZ052,Královéhradecký kraj,https://data.mpsv.cz/od/soubory/ciselniky/obce.json,2026-08-21
obec,Obec/579556,CZ052,Královéhradecký kraj,https://data.mpsv.cz/od/soubory/ciselniky/obce.json,2026-08-21
obec,Obec/579564,CZ052,Královéhradecký kraj,https://data.mpsv.cz/od/soubory/ciselniky/obce.json,2026-08-21
obec,Obec/579581,CZ052,Královéhradecký kraj,https://data.mpsv.cz/od/soubory/ciselniky/obce.json,2026-08-21
obec,Obec/579599,CZ052,Královéhradecký kraj,https://data.mpsv.cz/od/soubory/ciselniky/obce.json,2026-08-21
obec,Obec/579602,CZ052,Královéhradecký kraj,https://data.mpsv.cz/od/soubory/ciselniky/obce.json,2026-08-21
obec,Obec/579629,CZ052,Královéhradecký kraj,https://data.mpsv.cz/od/soubory/ciselniky/obce.json,2026-08-21
obec,Obec/579637,CZ052,Královéhradecký kraj,https://data.mpsv.cz/od/soubory/ciselniky/obce.json,2026-08-21
obec,Obec/579645,CZ052,Královéhradecký kraj,https://data.mpsv.cz/od/soubory/ciselniky/obce.json,2026-08-21
obec,Obec/548812,CZ052,Královéhradecký kraj,https://data.mpsv.cz/od/soubory/ciselniky/obce.json,2026-08-21
obec,Obec/579661,CZ052,Královéhradecký kraj,https://data.mpsv.cz/od/soubory/ciselniky/obce.json,2026-08-21
obec,Obec/579696,CZ052,Královéhradecký kraj,https://data.mpsv.cz/od/soubory/ciselniky/obce.json,2026-08-21
obec,Obec/579726,CZ052,Královéhradecký kraj,https://data.mpsv.cz/od/soubory/ciselniky/obce.json,2026-08-21
obec,Obec/579734,CZ052,Královéhradecký kraj,https://data.mpsv.cz/od/soubory/ciselniky/obce.json,2026-08-21
obec,Obec/579742,CZ052,Královéhradecký kraj,https://data.mpsv.cz/od/soubory/ciselniky/obce.json,2026-08-21
obec,Obec/579751,CZ052,Královéhradecký kraj,https://data.mpsv.cz/od/soubory/ciselniky/obce.json,2026-08-21
obec,Obec/579025,CZ052,Královéhradecký kraj,https://data.mpsv.cz/od/soubory/ciselniky/obce.json,2026-08-21
obec,Obec/579769,CZ052,Královéhradecký kraj,https://data.mpsv.cz/od/soubory/ciselniky/obce.json,2026-08-21
obec,Obec/579777,CZ052,Královéhradecký kraj,https://data.mpsv.cz/od/soubory/ciselniky/obce.json,2026-08-21
obec,Obec/579785,CZ052,Královéhradecký kraj,https://data.mpsv.cz/od/soubory/ciselniky/obce.json,2026-08-21
obec,Obec/579793,CZ052,Královéhradecký kraj,https://data.mpsv.cz/od/soubory/ciselniky/obce.json,2026-08-21
obec,Obec/574597,CZ052,Královéhradecký kraj,https://data.mpsv.cz/od/soubory/ciselniky/obce.json,2026-08-21
obec,Obec/579815,CZ052,Královéhradecký kraj,https://data.mpsv.cz/od/soubory/ciselniky/obce.json,2026-08-21
obec,Obec/579823,CZ052,Královéhradecký kraj,https://data.mpsv.cz/od/soubory/ciselniky/obce.json,2026-08-21
obec,Obec/579831,CZ052,Královéhradecký kraj,https://data.mpsv.cz/od/soubory/ciselniky/obce.json,2026-08-21
obec,Obec/579858,CZ052,Královéhradecký kraj,https://data.mpsv.cz/od/soubory/ciselniky/obce.json,2026-08-21
obec,Obec/548839,CZ052,Královéhradecký kraj,https://data.mpsv.cz/od/soubory/ciselniky/obce.json,2026-08-21
obec,Obec/548847,CZ052,Královéhradecký kraj,https://data.mpsv.cz/od/soubory/ciselniky/obce.json,2026-08-21
obec,Obec/579866,CZ052,Královéhradecký kraj,https://data.mpsv.cz/od/soubory/ciselniky/obce.json,2026-08-21
obec,Obec/579874,CZ052,Královéhradecký kraj,https://data.mpsv.cz/od/soubory/ciselniky/obce.json,2026-08-21
obec,Obec/547981,CZ053,Pardubický kraj,https://data.mpsv.cz/od/soubory/ciselniky/obce.json,2026-08-21
obec,Obec/573426,CZ053,Pardubický kraj,https://data.mpsv.cz/od/soubory/ciselniky/obce.json,2026-08-21
obec,Obec/553760,CZ053,Pardubický kraj,https://data.mpsv.cz/od/soubory/ciselniky/obce.json,2026-08-21
obec,Obec/548006,CZ053,Pardubický kraj,https://data.mpsv.cz/od/soubory/ciselniky/obce.json,2026-08-21
obec,Obec/579947,CZ053,Pardubický kraj,https://data.mpsv.cz/od/soubory/ciselniky/obce.json,2026-08-21
obec,Obec/579963,CZ053,Pardubický kraj,https://data.mpsv.cz/od/soubory/ciselniky/obce.json,2026-08-21
obec,Obec/579971,CZ053,Pardubický kraj,https://data.mpsv.cz/od/soubory/ciselniky/obce.json,2026-08-21
obec,Obec/579980,CZ053,Pardubický kraj,https://data.mpsv.cz/od/soubory/ciselniky/obce.json,2026-08-21
obec,Obec/579998,CZ053,Pardubický kraj,https://data.mpsv.cz/od/soubory/ciselniky/obce.json,2026-08-21
obec,Obec/580015,CZ053,Pardubický kraj,https://data.mpsv.cz/od/soubory/ciselniky/obce.json,2026-08-21
obec,Obec/580023,CZ053,Pardubický kraj,https://data.mpsv.cz/od/soubory/ciselniky/obce.json,2026-08-21
obec,Obec/580031,CZ053,Pardubický kraj,https://data.mpsv.cz/od/soubory/ciselniky/obce.json,2026-08-21
obec,Obec/580040,CZ053,Pardubický kraj,https://data.mpsv.cz/od/soubory/ciselniky/obce.json,2026-08-21
obec,Obec/580058,CZ053,Pardubický kraj,https://data.mpsv.cz/od/soubory/ciselniky/obce.json,2026-08-21
obec,Obec/580066,CZ053,Pardubický kraj,https://data.mpsv.cz/od/soubory/ciselniky/obce.json,2026-08-21
obec,Obec/580074,CZ053,Pardubický kraj,https://data.mpsv.cz/od/soubory/ciselniky/obce.json,2026-08-21
obec,Obec/548014,CZ053,Pardubický kraj,https://data.mpsv.cz/od/soubory/ciselniky/obce.json,2026-08-21
obec,Obec/548031,CZ053,Pardubický kraj,https://data.mpsv.cz/od/soubory/ciselniky/obce.json,2026-08-21
obec,Obec/580091,CZ053,Pardubický kraj,https://data.mpsv.cz/od/soubory/ciselniky/obce.json,2026-08-21
obec,Obec/580112,CZ053,Pardubický kraj,https://data.mpsv.cz/od/soubory/ciselniky/obce.json,2026-08-21
obec,Obec/580121,CZ053,Pardubický kraj,https://data.mpsv.cz/od/soubory/ciselniky/obce.json,2026-08-21
obec,Obec/580163,CZ053,Pardubický kraj,https://data.mpsv.cz/od/soubory/ciselniky/obce.json,2026-08-21
obec,Obec/580210,CZ053,Pardubický kraj,https://data.mpsv.cz/od/soubory/ciselniky/obce.json,2026-08-21
obec,Obec/580228,CZ053,Pardubický kraj,https://data.mpsv.cz/od/soubory/ciselniky/obce.json,2026-08-21
obec,Obec/548049,CZ053,Pardubický kraj,https://data.mpsv.cz/od/soubory/ciselniky/obce.json,2026-08-21
obec,Obec/580261,CZ053,Pardubický kraj,https://data.mpsv.cz/od/soubory/ciselniky/obce.json,2026-08-21
obec,Obec/580279,CZ053,Pardubický kraj,https://data.mpsv.cz/od/soubory/ciselniky/obce.json,2026-08-21
obec,Obec/580295,CZ053,Pardubický kraj,https://data.mpsv.cz/od/soubory/ciselniky/obce.json,2026-08-21
obec,Obec/580333,CZ053,Pardubický kraj,https://data.mpsv.cz/od/soubory/ciselniky/obce.json,2026-08-21
obec,Obec/547972,CZ053,Pardubický kraj,https://data.mpsv.cz/od/soubory/ciselniky/obce.json,2026-08-21
obec,Obec/580341,CZ053,Pardubický kraj,https://data.mpsv.cz/od/soubory/ciselniky/obce.json,2026-08-21
obec,Obec/580350,CZ053,Pardubický kraj,https://data.mpsv.cz/od/soubory/ciselniky/obce.json,2026-08-21
obec,Obec/580376,CZ053,Pardubický kraj,https://data.mpsv.cz/od/soubory/ciselniky/obce.json,2026-08-21
obec,Obec/580392,CZ053,Pardubický kraj,https://data.mpsv.cz/od/soubory/ciselniky/obce.json,2026-08-21
obec,Obec/580406,CZ053,Pardubický kraj,https://data.mpsv.cz/od/soubory/ciselniky/obce.json,2026-08-21
obec,Obec/580414,CZ053,Pardubický kraj,https://data.mpsv.cz/od/soubory/ciselniky/obce.json,2026-08-21
obec,Obec/580422,CZ053,Pardubický kraj,https://data.mpsv.cz/od/soubory/ciselniky/obce.json,2026-08-21
obec,Obec/580431,CZ053,Pardubický kraj,https://data.mpsv.cz/od/soubory/ciselniky/obce.json,2026-08-21
obec,Obec/580465,CZ053,Pardubický kraj,https://data.mpsv.cz/od/soubory/ciselniky/obce.json,2026-08-21
obec,Obec/574449,CZ053,Pardubický kraj,https://data.mpsv.cz/od/soubory/ciselniky/obce.json,2026-08-21
obec,Obec/580481,CZ053,Pardubický kraj,https://data.mpsv.cz/od/soubory/ciselniky/obce.json,2026-08-21
obec,Obec/580490,CZ053,Pardubický kraj,https://data.mpsv.cz/od/soubory/ciselniky/obce.json,2026-08-21
obec,Obec/580503,CZ053,Pardubický kraj,https://data.mpsv.cz/od/soubory/ciselniky/obce.json,2026-08-21
obec,Obec/580511,CZ053,Pardubický kraj,https://data.mpsv.cz/od/soubory/ciselniky/obce.json,2026-08-21
obec,Obec/571695,CZ053,Pardubický kraj,https://data.mpsv.cz/od/soubory/ciselniky/obce.json,2026-08-21
obec,Obec/580538,CZ053,Pardubický kraj,https://data.mpsv.cz/od/soubory/ciselniky/obce.json,2026-08-21
obec,Obec/580562,CZ053,Pardubický kraj,https://data.mpsv.cz/od/soubory/ciselniky/obce.json,2026-08-21
obec,Obec/580147,CZ053,Pardubický kraj,https://data.mpsv.cz/od/soubory/ciselniky/obce.json,2026-08-21
obec,Obec/580571,CZ053,Pardubický kraj,https://data.mpsv.cz/od/soubory/ciselniky/obce.json,2026-08-21
obec,Obec/580589,CZ053,Pardubický kraj,https://data.mpsv.cz/od/soubory/ciselniky/obce.json,2026-08-21
obec,Obec/580619,CZ053,Pardubický kraj,https://data.mpsv.cz/od/soubory/ciselniky/obce.json,2026-08-21
obec,Obec/580627,CZ053,Pardubický kraj,https://data.mpsv.cz/od/soubory/ciselniky/obce.json,2026-08-21
obec,Obec/580635,CZ053,Pardubický kraj,https://data.mpsv.cz/od/soubory/ciselniky/obce.json,2026-08-21
obec,Obec/580643,CZ053,Pardubický kraj,https://data.mpsv.cz/od/soubory/ciselniky/obce.json,2026-08-21
obec,Obec/580651,CZ053,Pardubický kraj,https://data.mpsv.cz/od/soubory/ciselniky/obce.json,2026-08-21
obec,Obec/580660,CZ053,Pardubický kraj,https://data.mpsv.cz/od/soubory/ciselniky/obce.json,2026-08-21
obec,Obec/580678,CZ053,Pardubický kraj,https://data.mpsv.cz/od/soubory/ciselniky/obce.json,2026-08-21
obec,Obec/580686,CZ053,Pardubický kraj,https://data.mpsv.cz/od/soubory/ciselniky/obce.json,2026-08-21
obec,Obec/571920,CZ053,Pardubický kraj,https://data.mpsv.cz/od/soubory/ciselniky/obce.json,2026-08-21
obec,Obec/580716,CZ053,Pardubický kraj,https://data.mpsv.cz/od/soubory/ciselniky/obce.json,2026-08-21
obec,Obec/580724,CZ053,Pardubický kraj,https://data.mpsv.cz/od/soubory/ciselniky/obce.json,2026-08-21
obec,Obec/580732,CZ053,Pardubický kraj,https://data.mpsv.cz/od/soubory/ciselniky/obce.json,2026-08-21
obec,Obec/580741,CZ053,Pardubický kraj,https://data.mpsv.cz/od/soubory/ciselniky/obce.json,2026-08-21
obec,Obec/580759,CZ053,Pardubický kraj,https://data.mpsv.cz/od/soubory/ciselniky/obce.json,2026-08-21
obec,Obec/580767,CZ053,Pardubický kraj,https://data.mpsv.cz/od/soubory/ciselniky/obce.json,2026-08-21
obec,Obec/580775,CZ053,Pardubický kraj,https://data.mpsv.cz/od/soubory/ciselniky/obce.json,2026-08-21
obec,Obec/580783,CZ053,Pardubický kraj,https://data.mpsv.cz/od/soubory/ciselniky/obce.json,2026-08-21
obec,Obec/580805,CZ053,Pardubický kraj,https://data.mpsv.cz/od/soubory/ciselniky/obce.json,2026-08-21
obec,Obec/580821,CZ053,Pardubický kraj,https://data.mpsv.cz/od/soubory/ciselniky/obce.json,2026-08-21
obec,Obec/580830,CZ053,Pardubický kraj,https://data.mpsv.cz/od/soubory/ciselniky/obce.json,2026-08-21
obec,Obec/575542,CZ053,Pardubický kraj,https://data.mpsv.cz/od/soubory/ciselniky/obce.json,2026-08-21
obec,Obec/580848,CZ053,Pardubický kraj,https://data.mpsv.cz/od/soubory/ciselniky/obce.json,2026-08-21
obec,Obec/547905,CZ053,Pardubický kraj,https://data.mpsv.cz/od/soubory/ciselniky/obce.json,2026-08-21
obec,Obec/572209,CZ053,Pardubický kraj,https://data.mpsv.cz/od/soubory/ciselniky/obce.json,2026-08-21
obec,Obec/580872,CZ053,Pardubický kraj,https://data.mpsv.cz/od/soubory/ciselniky/obce.json,2026-08-21
obec,Obec/580881,CZ053,Pardubický kraj,https://data.mpsv.cz/od/soubory/ciselniky/obce.json,2026-08-21
obec,Obec/574392,CZ053,Pardubický kraj,https://data.mpsv.cz/od/soubory/ciselniky/obce.json,2026-08-21
obec,Obec/580902,CZ053,Pardubický kraj,https://data.mpsv.cz/od/soubory/ciselniky/obce.json,2026-08-21
obec,Obec/555240,CZ053,Pardubický kraj,https://data.mpsv.cz/od/soubory/ciselniky/obce.json,2026-08-21
obec,Obec/580929,CZ053,Pardubický kraj,https://data.mpsv.cz/od/soubory/ciselniky/obce.json,2026-08-21
obec,Obec/580945,CZ053,Pardubický kraj,https://data.mpsv.cz/od/soubory/ciselniky/obce.json,2026-08-21
obec,Obec/547964,CZ053,Pardubický kraj,https://data.mpsv.cz/od/soubory/ciselniky/obce.json,2026-08-21
obec,Obec/580961,CZ053,Pardubický kraj,https://data.mpsv.cz/od/soubory/ciselniky/obce.json,2026-08-21
obec,Obec/580970,CZ053,Pardubický kraj,https://data.mpsv.cz/od/soubory/ciselniky/obce.json,2026-08-21
obec,Obec/572306,CZ053,Pardubický kraj,https://data.mpsv.cz/od/soubory/ciselniky/obce.json,2026-08-21
obec,Obec/580988,CZ053,Pardubický kraj,https://data.mpsv.cz/od/soubory/ciselniky/obce.json,2026-08-21
obec,Obec/580996,CZ053,Pardubický kraj,https://data.mpsv.cz/od/soubory/ciselniky/obce.json,2026-08-21
obec,Obec/581003,CZ053,Pardubický kraj,https://data.mpsv.cz/od/soubory/ciselniky/obce.json,2026-08-21
obec,Obec/581011,CZ053,Pardubický kraj,https://data.mpsv.cz/od/soubory/ciselniky/obce.json,2026-08-21
obec,Obec/580708,CZ053,Pardubický kraj,https://data.mpsv.cz/od/soubory/ciselniky/obce.json,2026-08-21
obec,Obec/581038,CZ053,Pardubický kraj,https://data.mpsv.cz/od/soubory/ciselniky/obce.json,2026-08-21
obec,Obec/581046,CZ053,Pardubický kraj,https://data.mpsv.cz/od/soubory/ciselniky/obce.json,2026-08-21
obec,Obec/581054,CZ053,Pardubický kraj,https://data.mpsv.cz/od/soubory/ciselniky/obce.json,2026-08-21
obec,Obec/581062,CZ053,Pardubický kraj,https://data.mpsv.cz/od/soubory/ciselniky/obce.json,2026-08-21
obec,Obec/547921,CZ053,Pardubický kraj,https://data.mpsv.cz/od/soubory/ciselniky/obce.json,2026-08-21
obec,Obec/581071,CZ053,Pardubický kraj,https://data.mpsv.cz/od/soubory/ciselniky/obce.json,2026-08-21
obec,Obec/575861,CZ053,Pardubický kraj,https://data.mpsv.cz/od/soubory/ciselniky/obce.json,2026-08-21
obec,Obec/581089,CZ053,Pardubický kraj,https://data.mpsv.cz/od/soubory/ciselniky/obce.json,2026-08-21
obec,Obec/579891,CZ053,Pardubický kraj,https://data.mpsv.cz/od/soubory/ciselniky/obce.json,2026-08-21
obec,Obec/581101,CZ053,Pardubický kraj,https://data.mpsv.cz/od/soubory/ciselniky/obce.json,2026-08-21
obec,Obec/581119,CZ053,Pardubický kraj,https://data.mpsv.cz/od/soubory/ciselniky/obce.json,2026-08-21
obec,Obec/572489,CZ053,Pardubický kraj,https://data.mpsv.cz/od/soubory/ciselniky/obce.json,2026-08-21
obec,Obec/581143,CZ053,Pardubický kraj,https://data.mpsv.cz/od/soubory/ciselniky/obce.json,2026-08-21
obec,Obec/581151,CZ053,Pardubický kraj,https://data.mpsv.cz/od/soubory/ciselniky/obce.json,2026-08-21
obec,Obec/548022,CZ053,Pardubický kraj,https://data.mpsv.cz/od/soubory/ciselniky/obce.json,2026-08-21
obec,Obec/581178,CZ053,Pardubický kraj,https://data.mpsv.cz/od/soubory/ciselniky/obce.json,2026-08-21
obec,Obec/581186,CZ053,Pardubický kraj,https://data.mpsv.cz/od/soubory/ciselniky/obce.json,2026-08-21
obec,Obec/581194,CZ053,Pardubický kraj,https://data.mpsv.cz/od/soubory/ciselniky/obce.json,2026-08-21
obec,Obec/581208,CZ053,Pardubický kraj,https://data.mpsv.cz/od/soubory/ciselniky/obce.json,2026-08-21
obec,Obec/581216,CZ053,Pardubický kraj,https://data.mpsv.cz/od/soubory/ciselniky/obce.json,2026-08-21
obec,Obec/581224,CZ053,Pardubický kraj,https://data.mpsv.cz/od/soubory/ciselniky/obce.json,2026-08-21
obec,Obec/581232,CZ053,Pardubický kraj,https://data.mpsv.cz/od/soubory/ciselniky/obce.json,2026-08-21
obec,Obec/581259,CZ053,Pardubický kraj,https://data.mpsv.cz/od/soubory/ciselniky/obce.json,2026-08-21
obec,Obec/581267,CZ053,Pardubický kraj,https://data.mpsv.cz/od/soubory/ciselniky/obce.json,2026-08-21
obec,Obec/581275,CZ053,Pardubický kraj,https://data.mpsv.cz/od/soubory/ciselniky/obce.json,2026-08-21
obec,Obec/581291,CZ064,Jihomoravský kraj,https://data.mpsv.cz/od/soubory/ciselniky/obce.json,2026-08-21
obec,Obec/581313,CZ064,Jihomoravský kraj,https://data.mpsv.cz/od/soubory/ciselniky/obce.json,2026-08-21
obec,Obec/581330,CZ064,Jihomoravský kraj,https://data.mpsv.cz/od/soubory/ciselniky/obce.json,2026-08-21
obec,Obec/581283,CZ064,Jihomoravský kraj,https://data.mpsv.cz/od/soubory/ciselniky/obce.json,2026-08-21
obec,Obec/581356,CZ064,Jihomoravský kraj,https://data.mpsv.cz/od/soubory/ciselniky/obce.json,2026-08-21
obec,Obec/581364,CZ064,Jihomoravský kraj,https://data.mpsv.cz/od/soubory/ciselniky/obce.json,2026-08-21
obec,Obec/581372,CZ064,Jihomoravský kraj,https://data.mpsv.cz/od/soubory/ciselniky/obce.json,2026-08-21
obec,Obec/581381,CZ064,Jihomoravský kraj,https://data.mpsv.cz/od/soubory/ciselniky/obce.json,2026-08-21
obec,Obec/581445,CZ064,Jihomoravský kraj,https://data.mpsv.cz/od/soubory/ciselniky/obce.json,2026-08-21
obec,Obec/581453,CZ064,Jihomoravský kraj,https://data.mpsv.cz/od/soubory/ciselniky/obce.json,2026-08-21
obec,Obec/581461,CZ064,Jihomoravský kraj,https://data.mpsv.cz/od/soubory/ciselniky/obce.json,2026-08-21
obec,Obec/581470,CZ064,Jihomoravský kraj,https://data.mpsv.cz/od/soubory/ciselniky/obce.json,2026-08-21
obec,Obec/554162,CZ064,Jihomoravský kraj,https://data.mpsv.cz/od/soubory/ciselniky/obce.json,2026-08-21
obec,Obec/581496,CZ064,Jihomoravský kraj,https://data.mpsv.cz/od/soubory/ciselniky/obce.json,2026-08-21
obec,Obec/581500,CZ064,Jihomoravský kraj,https://data.mpsv.cz/od/soubory/ciselniky/obce.json,2026-08-21
obec,Obec/581518,CZ064,Jihomoravský kraj,https://data.mpsv.cz/od/soubory/ciselniky/obce.json,2026-08-21
obec,Obec/581526,CZ064,Jihomoravský kraj,https://data.mpsv.cz/od/soubory/ciselniky/obce.json,2026-08-21
obec,Obec/581542,CZ064,Jihomoravský kraj,https://data.mpsv.cz/od/soubory/ciselniky/obce.json,2026-08-21
obec,Obec/581551,CZ064,Jihomoravský kraj,https://data.mpsv.cz/od/soubory/ciselniky/obce.json,2026-08-21
obec,Obec/581569,CZ064,Jihomoravský kraj,https://data.mpsv.cz/od/soubory/ciselniky/obce.json,2026-08-21
obec,Obec/581593,CZ064,Jihomoravský kraj,https://data.mpsv.cz/od/soubory/ciselniky/obce.json,2026-08-21
obec,Obec/581615,CZ064,Jihomoravský kraj,https://data.mpsv.cz/od/soubory/ciselniky/obce.json,2026-08-21
obec,Obec/581631,CZ064,Jihomoravský kraj,https://data.mpsv.cz/od/soubory/ciselniky/obce.json,2026-08-21
obec,Obec/513695,CZ064,Jihomoravský kraj,https://data.mpsv.cz/od/soubory/ciselniky/obce.json,2026-08-21
obec,Obec/581534,CZ064,Jihomoravský kraj,https://data.mpsv.cz/od/soubory/ciselniky/obce.json,2026-08-21
obec,Obec/581666,CZ064,Jihomoravský kraj,https://data.mpsv.cz/od/soubory/ciselniky/obce.json,2026-08-21
obec,Obec/581682,CZ064,Jihomoravský kraj,https://data.mpsv.cz/od/soubory/ciselniky/obce.json,2026-08-21
obec,Obec/581721,CZ064,Jihomoravský kraj,https://data.mpsv.cz/od/soubory/ciselniky/obce.json,2026-08-21
obec,Obec/581739,CZ064,Jihomoravský kraj,https://data.mpsv.cz/od/soubory/ciselniky/obce.json,2026-08-21
obec,Obec/581755,CZ064,Jihomoravský kraj,https://data.mpsv.cz/od/soubory/ciselniky/obce.json,2026-08-21
obec,Obec/581763,CZ064,Jihomoravský kraj,https://data.mpsv.cz/od/soubory/ciselniky/obce.json,2026-08-21
obec,Obec/581771,CZ064,Jihomoravský kraj,https://data.mpsv.cz/od/soubory/ciselniky/obce.json,2026-08-21
obec,Obec/581780,CZ064,Jihomoravský kraj,https://data.mpsv.cz/od/soubory/ciselniky/obce.json,2026-08-21
obec,Obec/581798,CZ064,Jihomoravský kraj,https://data.mpsv.cz/od/soubory/ciselniky/obce.json,2026-08-21
obec,Obec/581801,CZ064,Jihomoravský kraj,https://data.mpsv.cz/od/soubory/ciselniky/obce.json,2026-08-21
obec,Obec/581810,CZ064,Jihomoravský kraj,https://data.mpsv.cz/od/soubory/ciselniky/obce.json,2026-08-21
obec,Obec/581828,CZ064,Jihomoravský kraj,https://data.mpsv.cz/od/soubory/ciselniky/obce.json,2026-08-21
obec,Obec/581836,CZ064,Jihomoravský kraj,https://data.mpsv.cz/od/soubory/ciselniky/obce.json,2026-08-21
obec,Obec/581844,CZ064,Jihomoravský kraj,https://data.mpsv.cz/od/soubory/ciselniky/obce.json,2026-08-21
obec,Obec/581852,CZ064,Jihomoravský kraj,https://data.mpsv.cz/od/soubory/ciselniky/obce.json,2026-08-21
obec,Obec/581861,CZ064,Jihomoravský kraj,https://data.mpsv.cz/od/soubory/ciselniky/obce.json,2026-08-21
obec,Obec/581879,CZ064,Jihomoravský kraj,https://data.mpsv.cz/od/soubory/ciselniky/obce.json,2026-08-21
obec,Obec/581887,CZ064,Jihomoravský kraj,https://data.mpsv.cz/od/soubory/ciselniky/obce.json,2026-08-21
obec,Obec/581909,CZ064,Jihomoravský kraj,https://data.mpsv.cz/od/soubory/ciselniky/obce.json,2026-08-21
obec,Obec/581917,CZ064,Jihomoravský kraj,https://data.mpsv.cz/od/soubory/ciselniky/obce.json,2026-08-21
obec,Obec/581925,CZ064,Jihomoravský kraj,https://data.mpsv.cz/od/soubory/ciselniky/obce.json,2026-08-21
obec,Obec/581933,CZ064,Jihomoravský kraj,https://data.mpsv.cz/od/soubory/ciselniky/obce.json,2026-08-21
obec,Obec/581941,CZ064,Jihomoravský kraj,https://data.mpsv.cz/od/soubory/ciselniky/obce.json,2026-08-21
obec,Obec/581950,CZ064,Jihomoravský kraj,https://data.mpsv.cz/od/soubory/ciselniky/obce.json,2026-08-21
obec,Obec/581968,CZ064,Jihomoravský kraj,https://data.mpsv.cz/od/soubory/ciselniky/obce.json,2026-08-21
obec,Obec/553875,CZ064,Jihomoravský kraj,https://data.mpsv.cz/od/soubory/ciselniky/obce.json,2026-08-21
obec,Obec/581992,CZ064,Jihomoravský kraj,https://data.mpsv.cz/od/soubory/ciselniky/obce.json,2026-08-21
obec,Obec/531006,CZ064,Jihomoravský kraj,https://data.mpsv.cz/od/soubory/ciselniky/obce.json,2026-08-21
obec,Obec/582018,CZ064,Jihomoravský kraj,https://data.mpsv.cz/od/soubory/ciselniky/obce.json,2026-08-21
obec,Obec/582026,CZ064,Jihomoravský kraj,https://data.mpsv.cz/od/soubory/ciselniky/obce.json,2026-08-21
obec,Obec/582034,CZ064,Jihomoravský kraj,https://data.mpsv.cz/od/soubory/ciselniky/obce.json,2026-08-21
obec,Obec/582042,CZ064,Jihomoravský kraj,https://data.mpsv.cz/od/soubory/ciselniky/obce.json,2026-08-21
obec,Obec/582069,CZ064,Jihomoravský kraj,https://data.mpsv.cz/od/soubory/ciselniky/obce.json,2026-08-21
obec,Obec/582077,CZ064,Jihomoravský kraj,https://data.mpsv.cz/od/soubory/ciselniky/obce.json,2026-08-21
obec,Obec/582085,CZ064,Jihomoravský kraj,https://data.mpsv.cz/od/soubory/ciselniky/obce.json,2026-08-21
obec,Obec/582107,CZ064,Jihomoravský kraj,https://data.mpsv.cz/od/soubory/ciselniky/obce.json,2026-08-21
obec,Obec/582115,CZ064,Jihomoravský kraj,https://data.mpsv.cz/od/soubory/ciselniky/obce.json,2026-08-21
obec,Obec/582131,CZ064,Jihomoravský kraj,https://data.mpsv.cz/od/soubory/ciselniky/obce.json,2026-08-21
obec,Obec/582158,CZ064,Jihomoravský kraj,https://data.mpsv.cz/od/soubory/ciselniky/obce.json,2026-08-21
obec,Obec/582166,CZ064,Jihomoravský kraj,https://data.mpsv.cz/od/soubory/ciselniky/obce.json,2026-08-21
obec,Obec/582182,CZ064,Jihomoravský kraj,https://data.mpsv.cz/od/soubory/ciselniky/obce.json,2026-08-21
obec,Obec/582191,CZ064,Jihomoravský kraj,https://data.mpsv.cz/od/soubory/ciselniky/obce.json,2026-08-21
obec,Obec/582204,CZ064,Jihomoravský kraj,https://data.mpsv.cz/od/soubory/ciselniky/obce.json,2026-08-21
obec,Obec/582212,CZ064,Jihomoravský kraj,https://data.mpsv.cz/od/soubory/ciselniky/obce.json,2026-08-21
obec,Obec/582221,CZ064,Jihomoravský kraj,https://data.mpsv.cz/od/soubory/ciselniky/obce.json,2026-08-21
obec,Obec/582239,CZ064,Jihomoravský kraj,https://data.mpsv.cz/od/soubory/ciselniky/obce.json,2026-08-21
obec,Obec/582247,CZ064,Jihomoravský kraj,https://data.mpsv.cz/od/soubory/ciselniky/obce.json,2026-08-21
obec,Obec/513709,CZ064,Jihomoravský kraj,https://data.mpsv.cz/od/soubory/ciselniky/obce.json,2026-08-21
obec,Obec/582271,CZ064,Jihomoravský kraj,https://data.mpsv.cz/od/soubory/ciselniky/obce.json,2026-08-21
obec,Obec/582280,CZ064,Jihomoravský kraj,https://data.mpsv.cz/od/soubory/ciselniky/obce.json,2026-08-21
obec,Obec/582298,CZ064,Jihomoravský kraj,https://data.mpsv.cz/od/soubory/ciselniky/obce.json,2026-08-21
obec,Obec/582310,CZ064,Jihomoravský kraj,https://data.mpsv.cz/od/soubory/ciselniky/obce.json,2026-08-21
obec,Obec/582328,CZ064,Jihomoravský kraj,https://data.mpsv.cz/od/soubory/ciselniky/obce.json,2026-08-21
obec,Obec/582336,CZ064,Jihomoravský kraj,https://data.mpsv.cz/od/soubory/ciselniky/obce.json,2026-08-21
obec,Obec/582344,CZ064,Jihomoravský kraj,https://data.mpsv.cz/od/soubory/ciselniky/obce.json,2026-08-21
obec,Obec/582352,CZ064,Jihomoravský kraj,https://data.mpsv.cz/od/soubory/ciselniky/obce.json,2026-08-21
obec,Obec/556963,CZ064,Jihomoravský kraj,https://data.mpsv.cz/od/soubory/ciselniky/obce.json,2026-08-21
obec,Obec/582620,CZ064,Jihomoravský kraj,https://data.mpsv.cz/od/soubory/ciselniky/obce.json,2026-08-21
obec,Obec/582395,CZ064,Jihomoravský kraj,https://data.mpsv.cz/od/soubory/ciselniky/obce.json,2026-08-21
obec,Obec/582409,CZ064,Jihomoravský kraj,https://data.mpsv.cz/od/soubory/ciselniky/obce.json,2026-08-21
obec,Obec/582417,CZ064,Jihomoravský kraj,https://data.mpsv.cz/od/soubory/ciselniky/obce.json,2026-08-21
obec,Obec/586064,CZ064,Jihomoravský kraj,https://data.mpsv.cz/od/soubory/ciselniky/obce.json,2026-08-21
obec,Obec/582433,CZ064,Jihomoravský kraj,https://data.mpsv.cz/od/soubory/ciselniky/obce.json,2026-08-21
obec,Obec/582441,CZ064,Jihomoravský kraj,https://data.mpsv.cz/od/soubory/ciselniky/obce.json,2026-08-21
obec,Obec/582468,CZ064,Jihomoravský kraj,https://data.mpsv.cz/od/soubory/ciselniky/obce.json,2026-08-21
obec,Obec/582476,CZ064,Jihomoravský kraj,https://data.mpsv.cz/od/soubory/ciselniky/obce.json,2026-08-21
obec,Obec/582484,CZ064,Jihomoravský kraj,https://data.mpsv.cz/od/soubory/ciselniky/obce.json,2026-08-21
obec,Obec/582492,CZ064,Jihomoravský kraj,https://data.mpsv.cz/od/soubory/ciselniky/obce.json,2026-08-21
obec,Obec/582506,CZ064,Jihomoravský kraj,https://data.mpsv.cz/od/soubory/ciselniky/obce.json,2026-08-21
obec,Obec/582531,CZ064,Jihomoravský kraj,https://data.mpsv.cz/od/soubory/ciselniky/obce.json,2026-08-21
obec,Obec/534692,CZ064,Jihomoravský kraj,https://data.mpsv.cz/od/soubory/ciselniky/obce.json,2026-08-21
obec,Obec/582557,CZ064,Jihomoravský kraj,https://data.mpsv.cz/od/soubory/ciselniky/obce.json,2026-08-21
obec,Obec/582573,CZ064,Jihomoravský kraj,https://data.mpsv.cz/od/soubory/ciselniky/obce.json,2026-08-21
obec,Obec/553883,CZ064,Jihomoravský kraj,https://data.mpsv.cz/od/soubory/ciselniky/obce.json,2026-08-21
obec,Obec/582581,CZ064,Jihomoravský kraj,https://data.mpsv.cz/od/soubory/ciselniky/obce.json,2026-08-21
obec,Obec/582590,CZ064,Jihomoravský kraj,https://data.mpsv.cz/od/soubory/ciselniky/obce.json,2026-08-21
obec,Obec/582603,CZ064,Jihomoravský kraj,https://data.mpsv.cz/od/soubory/ciselniky/obce.json,2026-08-21
obec,Obec/582611,CZ064,Jihomoravský kraj,https://data.mpsv.cz/od/soubory/ciselniky/obce.json,2026-08-21
obec,Obec/530824,CZ064,Jihomoravský kraj,https://data.mpsv.cz/od/soubory/ciselniky/obce.json,2026-08-21
obec,Obec/582646,CZ064,Jihomoravský kraj,https://data.mpsv.cz/od/soubory/ciselniky/obce.json,2026-08-21
obec,Obec/582654,CZ064,Jihomoravský kraj,https://data.mpsv.cz/od/soubory/ciselniky/obce.json,2026-08-21
obec,Obec/582662,CZ064,Jihomoravský kraj,https://data.mpsv.cz/od/soubory/ciselniky/obce.json,2026-08-21
obec,Obec/582671,CZ064,Jihomoravský kraj,https://data.mpsv.cz/od/soubory/ciselniky/obce.json,2026-08-21
obec,Obec/582689,CZ064,Jihomoravský kraj,https://data.mpsv.cz/od/soubory/ciselniky/obce.json,2026-08-21
obec,Obec/582701,CZ064,Jihomoravský kraj,https://data.mpsv.cz/od/soubory/ciselniky/obce.json,2026-08-21
obec,Obec/586005,CZ064,Jihomoravský kraj,https://data.mpsv.cz/od/soubory/ciselniky/obce.json,2026-08-21
obec,Obec/582727,CZ064,Jihomoravský kraj,https://data.mpsv.cz/od/soubory/ciselniky/obce.json,2026-08-21
obec,Obec/582743,CZ064,Jihomoravský kraj,https://data.mpsv.cz/od/soubory/ciselniky/obce.json,2026-08-21
obec,Obec/582751,CZ064,Jihomoravský kraj,https://data.mpsv.cz/od/soubory/ciselniky/obce.json,2026-08-21
obec,Obec/582760,CZ064,Jihomoravský kraj,https://data.mpsv.cz/od/soubory/ciselniky/obce.json,2026-08-21
obec,Obec/582778,CZ064,Jihomoravský kraj,https://data.mpsv.cz/od/soubory/ciselniky/obce.json,2026-08-21
obec,Obec/582786,CZ064,Jihomoravský kraj,https://data.mpsv.cz/od/soubory/ciselniky/obce.json,2026-08-21
obec,Obec/582794,CZ064,Jihomoravský kraj,https://data.mpsv.cz/od/soubory/ciselniky/obce.json,2026-08-21
obec,Obec/582808,CZ064,Jihomoravský kraj,https://data.mpsv.cz/od/soubory/ciselniky/obce.json,2026-08-21
obec,Obec/581321,CZ064,Jihomoravský kraj,https://data.mpsv.cz/od/soubory/ciselniky/obce.json,2026-08-21
obec,Obec/582824,CZ064,Jihomoravský kraj,https://data.mpsv.cz/od/soubory/ciselniky/obce.json,2026-08-21
obec,Obec/582832,CZ064,Jihomoravský kraj,https://data.mpsv.cz/od/soubory/ciselniky/obce.json,2026-08-21
obec,Obec/582841,CZ064,Jihomoravský kraj,https://data.mpsv.cz/od/soubory/ciselniky/obce.json,2026-08-21
obec,Obec/582859,CZ064,Jihomoravský kraj,https://data.mpsv.cz/od/soubory/ciselniky/obce.json,2026-08-21
obec,Obec/595314,CZ064,Jihomoravský kraj,https://data.mpsv.cz/od/soubory/ciselniky/obce.json,2026-08-21
obec,Obec/595331,CZ064,Jihomoravský kraj,https://data.mpsv.cz/od/soubory/ciselniky/obce.json,2026-08-21
obec,Obec/582875,CZ064,Jihomoravský kraj,https://data.mpsv.cz/od/soubory/ciselniky/obce.json,2026-08-21
obec,Obec/593834,CZ064,Jihomoravský kraj,https://data.mpsv.cz/od/soubory/ciselniky/obce.json,2026-08-21
obec,Obec/582883,CZ064,Jihomoravský kraj,https://data.mpsv.cz/od/soubory/ciselniky/obce.json,2026-08-21
obec,Obec/581402,CZ064,Jihomoravský kraj,https://data.mpsv.cz/od/soubory/ciselniky/obce.json,2026-08-21
obec,Obec/581429,CZ064,Jihomoravský kraj,https://data.mpsv.cz/od/soubory/ciselniky/obce.json,2026-08-21
obec,Obec/582891,CZ064,Jihomoravský kraj,https://data.mpsv.cz/od/soubory/ciselniky/obce.json,2026-08-21
obec,Obec/581437,CZ064,Jihomoravský kraj,https://data.mpsv.cz/od/soubory/ciselniky/obce.json,2026-08-21
obec,Obec/550272,CZ064,Jihomoravský kraj,https://data.mpsv.cz/od/soubory/ciselniky/obce.json,2026-08-21
obec,Obec/582913,CZ064,Jihomoravský kraj,https://data.mpsv.cz/od/soubory/ciselniky/obce.json,2026-08-21
obec,Obec/595446,CZ064,Jihomoravský kraj,https://data.mpsv.cz/od/soubory/ciselniky/obce.json,2026-08-21
obec,Obec/582921,CZ064,Jihomoravský kraj,https://data.mpsv.cz/od/soubory/ciselniky/obce.json,2026-08-21
obec,Obec/582930,CZ064,Jihomoravský kraj,https://data.mpsv.cz/od/soubory/ciselniky/obce.json,2026-08-21
obec,Obec/582948,CZ064,Jihomoravský kraj,https://data.mpsv.cz/od/soubory/ciselniky/obce.json,2026-08-21
obec,Obec/582956,CZ064,Jihomoravský kraj,https://data.mpsv.cz/od/soubory/ciselniky/obce.json,2026-08-21
obec,Obec/595527,CZ064,Jihomoravský kraj,https://data.mpsv.cz/od/soubory/ciselniky/obce.json,2026-08-21
obec,Obec/582964,CZ064,Jihomoravský kraj,https://data.mpsv.cz/od/soubory/ciselniky/obce.json,2026-08-21
obec,Obec/595551,CZ064,Jihomoravský kraj,https://data.mpsv.cz/od/soubory/ciselniky/obce.json,2026-08-21
obec,Obec/595560,CZ064,Jihomoravský kraj,https://data.mpsv.cz/od/soubory/ciselniky/obce.json,2026-08-21
obec,Obec/582972,CZ064,Jihomoravský kraj,https://data.mpsv.cz/od/soubory/ciselniky/obce.json,2026-08-21
obec,Obec/582999,CZ064,Jihomoravský kraj,https://data.mpsv.cz/od/soubory/ciselniky/obce.json,2026-08-21
obec,Obec/583014,CZ064,Jihomoravský kraj,https://data.mpsv.cz/od/soubory/ciselniky/obce.json,2026-08-21
obec,Obec/583022,CZ064,Jihomoravský kraj,https://data.mpsv.cz/od/soubory/ciselniky/obce.json,2026-08-21
obec,Obec/581577,CZ064,Jihomoravský kraj,https://data.mpsv.cz/od/soubory/ciselniky/obce.json,2026-08-21
obec,Obec/583031,CZ064,Jihomoravský kraj,https://data.mpsv.cz/od/soubory/ciselniky/obce.json,2026-08-21
obec,Obec/595667,CZ064,Jihomoravský kraj,https://data.mpsv.cz/od/soubory/ciselniky/obce.json,2026-08-21
obec,Obec/583057,CZ064,Jihomoravský kraj,https://data.mpsv.cz/od/soubory/ciselniky/obce.json,2026-08-21
obec,Obec/583065,CZ064,Jihomoravský kraj,https://data.mpsv.cz/od/soubory/ciselniky/obce.json,2026-08-21
obec,Obec/583081,CZ064,Jihomoravský kraj,https://data.mpsv.cz/od/soubory/ciselniky/obce.json,2026-08-21
obec,Obec/583090,CZ064,Jihomoravský kraj,https://data.mpsv.cz/od/soubory/ciselniky/obce.json,2026-08-21
obec,Obec/583111,CZ064,Jihomoravský kraj,https://data.mpsv.cz/od/soubory/ciselniky/obce.json,2026-08-21
obec,Obec/584517,CZ064,Jihomoravský kraj,https://data.mpsv.cz/od/soubory/ciselniky/obce.json,2026-08-21
obec,Obec/583120,CZ064,Jihomoravský kraj,https://data.mpsv.cz/od/soubory/ciselniky/obce.json,2026-08-21
obec,Obec/583154,CZ064,Jihomoravský kraj,https://data.mpsv.cz/od/soubory/ciselniky/obce.json,2026-08-21
obec,Obec/583171,CZ064,Jihomoravský kraj,https://data.mpsv.cz/od/soubory/ciselniky/obce.json,2026-08-21
obec,Obec/583189,CZ064,Jihomoravský kraj,https://data.mpsv.cz/od/soubory/ciselniky/obce.json,2026-08-21
obec,Obec/595837,CZ064,Jihomoravský kraj,https://data.mpsv.cz/od/soubory/ciselniky/obce.json,2026-08-21
obec,Obec/583197,CZ064,Jihomoravský kraj,https://data.mpsv.cz/od/soubory/ciselniky/obce.json,2026-08-21
obec,Obec/587907,CZ064,Jihomoravský kraj,https://data.mpsv.cz/od/soubory/ciselniky/obce.json,2026-08-21
obec,Obec/583201,CZ064,Jihomoravský kraj,https://data.mpsv.cz/od/soubory/ciselniky/obce.json,2026-08-21
obec,Obec/583219,CZ064,Jihomoravský kraj,https://data.mpsv.cz/od/soubory/ciselniky/obce.json,2026-08-21
obec,Obec/583227,CZ064,Jihomoravský kraj,https://data.mpsv.cz/od/soubory/ciselniky/obce.json,2026-08-21
obec,Obec/583235,CZ064,Jihomoravský kraj,https://data.mpsv.cz/od/soubory/ciselniky/obce.json,2026-08-21
obec,Obec/595934,CZ064,Jihomoravský kraj,https://data.mpsv.cz/od/soubory/ciselniky/obce.json,2026-08-21
obec,Obec/583243,CZ064,Jihomoravský kraj,https://data.mpsv.cz/od/soubory/ciselniky/obce.json,2026-08-21
obec,Obec/583251,CZ064,Jihomoravský kraj,https://data.mpsv.cz/od/soubory/ciselniky/obce.json,2026-08-21
obec,Obec/595985,CZ064,Jihomoravský kraj,https://data.mpsv.cz/od/soubory/ciselniky/obce.json,2026-08-21
obec,Obec/595993,CZ064,Jihomoravský kraj,https://data.mpsv.cz/od/soubory/ciselniky/obce.json,2026-08-21
obec,Obec/583260,CZ064,Jihomoravský kraj,https://data.mpsv.cz/od/soubory/ciselniky/obce.json,2026-08-21
obec,Obec/583278,CZ064,Jihomoravský kraj,https://data.mpsv.cz/od/soubory/ciselniky/obce.json,2026-08-21
obec,Obec/583286,CZ064,Jihomoravský kraj,https://data.mpsv.cz/od/soubory/ciselniky/obce.json,2026-08-21
obec,Obec/583294,CZ064,Jihomoravský kraj,https://data.mpsv.cz/od/soubory/ciselniky/obce.json,2026-08-21
obec,Obec/583308,CZ064,Jihomoravský kraj,https://data.mpsv.cz/od/soubory/ciselniky/obce.json,2026-08-21
obec,Obec/594377,CZ064,Jihomoravský kraj,https://data.mpsv.cz/od/soubory/ciselniky/obce.json,2026-08-21
obec,Obec/581976,CZ064,Jihomoravský kraj,https://data.mpsv.cz/od/soubory/ciselniky/obce.json,2026-08-21
obec,Obec/583316,CZ064,Jihomoravský kraj,https://data.mpsv.cz/od/soubory/ciselniky/obce.json,2026-08-21
obec,Obec/596078,CZ064,Jihomoravský kraj,https://data.mpsv.cz/od/soubory/ciselniky/obce.json,2026-08-21
obec,Obec/583324,CZ064,Jihomoravský kraj,https://data.mpsv.cz/od/soubory/ciselniky/obce.json,2026-08-21
obec,Obec/583332,CZ064,Jihomoravský kraj,https://data.mpsv.cz/od/soubory/ciselniky/obce.json,2026-08-21
obec,Obec/583341,CZ064,Jihomoravský kraj,https://data.mpsv.cz/od/soubory/ciselniky/obce.json,2026-08-21
obec,Obec/583359,CZ064,Jihomoravský kraj,https://data.mpsv.cz/od/soubory/ciselniky/obce.json,2026-08-21
obec,Obec/583367,CZ064,Jihomoravský kraj,https://data.mpsv.cz/od/soubory/ciselniky/obce.json,2026-08-21
obec,Obec/583375,CZ064,Jihomoravský kraj,https://data.mpsv.cz/od/soubory/ciselniky/obce.json,2026-08-21
obec,Obec/583383,CZ064,Jihomoravský kraj,https://data.mpsv.cz/od/soubory/ciselniky/obce.json,2026-08-21
obec,Obec/583391,CZ064,Jihomoravský kraj,https://data.mpsv.cz/od/soubory/ciselniky/obce.json,2026-08-21
obec,Obec/583405,CZ064,Jihomoravský kraj,https://data.mpsv.cz/od/soubory/ciselniky/obce.json,2026-08-21
obec,Obec/583413,CZ064,Jihomoravský kraj,https://data.mpsv.cz/od/soubory/ciselniky/obce.json,2026-08-21
obec,Obec/583421,CZ064,Jihomoravský kraj,https://data.mpsv.cz/od/soubory/ciselniky/obce.json,2026-08-21
obec,Obec/583430,CZ064,Jihomoravský kraj,https://data.mpsv.cz/od/soubory/ciselniky/obce.json,2026-08-21
obec,Obec/583448,CZ064,Jihomoravský kraj,https://data.mpsv.cz/od/soubory/ciselniky/obce.json,2026-08-21
obec,Obec/583456,CZ064,Jihomoravský kraj,https://data.mpsv.cz/od/soubory/ciselniky/obce.json,2026-08-21
obec,Obec/596175,CZ064,Jihomoravský kraj,https://data.mpsv.cz/od/soubory/ciselniky/obce.json,2026-08-21
obec,Obec/583464,CZ064,Jihomoravský kraj,https://data.mpsv.cz/od/soubory/ciselniky/obce.json,2026-08-21
obec,Obec/583472,CZ064,Jihomoravský kraj,https://data.mpsv.cz/od/soubory/ciselniky/obce.json,2026-08-21
obec,Obec/583481,CZ064,Jihomoravský kraj,https://data.mpsv.cz/od/soubory/ciselniky/obce.json,2026-08-21
obec,Obec/583499,CZ064,Jihomoravský kraj,https://data.mpsv.cz/od/soubory/ciselniky/obce.json,2026-08-21
obec,Obec/596191,CZ064,Jihomoravský kraj,https://data.mpsv.cz/od/soubory/ciselniky/obce.json,2026-08-21
obec,Obec/584720,CZ064,Jihomoravský kraj,https://data.mpsv.cz/od/soubory/ciselniky/obce.json,2026-08-21
obec,Obec/583502,CZ064,Jihomoravský kraj,https://data.mpsv.cz/od/soubory/ciselniky/obce.json,2026-08-21
obec,Obec/583511,CZ064,Jihomoravský kraj,https://data.mpsv.cz/od/soubory/ciselniky/obce.json,2026-08-21
obec,Obec/583529,CZ064,Jihomoravský kraj,https://data.mpsv.cz/od/soubory/ciselniky/obce.json,2026-08-21
obec,Obec/583537,CZ064,Jihomoravský kraj,https://data.mpsv.cz/od/soubory/ciselniky/obce.json,2026-08-21
obec,Obec/582123,CZ064,Jihomoravský kraj,https://data.mpsv.cz/od/soubory/ciselniky/obce.json,2026-08-21
obec,Obec/596302,CZ064,Jihomoravský kraj,https://data.mpsv.cz/od/soubory/ciselniky/obce.json,2026-08-21
obec,Obec/583545,CZ064,Jihomoravský kraj,https://data.mpsv.cz/od/soubory/ciselniky/obce.json,2026-08-21
obec,Obec/583553,CZ064,Jihomoravský kraj,https://data.mpsv.cz/od/soubory/ciselniky/obce.json,2026-08-21
obec,Obec/583561,CZ064,Jihomoravský kraj,https://data.mpsv.cz/od/soubory/ciselniky/obce.json,2026-08-21
obec,Obec/582174,CZ064,Jihomoravský kraj,https://data.mpsv.cz/od/soubory/ciselniky/obce.json,2026-08-21
obec,Obec/583588,CZ064,Jihomoravský kraj,https://data.mpsv.cz/od/soubory/ciselniky/obce.json,2026-08-21
obec,Obec/583596,CZ064,Jihomoravský kraj,https://data.mpsv.cz/od/soubory/ciselniky/obce.json,2026-08-21
obec,Obec/583600,CZ064,Jihomoravský kraj,https://data.mpsv.cz/od/soubory/ciselniky/obce.json,2026-08-21
obec,Obec/506699,CZ064,Jihomoravský kraj,https://data.mpsv.cz/od/soubory/ciselniky/obce.json,2026-08-21
obec,Obec/584762,CZ064,Jihomoravský kraj,https://data.mpsv.cz/od/soubory/ciselniky/obce.json,2026-08-21
obec,Obec/596400,CZ064,Jihomoravský kraj,https://data.mpsv.cz/od/soubory/ciselniky/obce.json,2026-08-21
obec,Obec/583634,CZ064,Jihomoravský kraj,https://data.mpsv.cz/od/soubory/ciselniky/obce.json,2026-08-21
obec,Obec/584801,CZ064,Jihomoravský kraj,https://data.mpsv.cz/od/soubory/ciselniky/obce.json,2026-08-21
obec,Obec/549738,CZ064,Jihomoravský kraj,https://data.mpsv.cz/od/soubory/ciselniky/obce.json,2026-08-21
obec,Obec/583651,CZ064,Jihomoravský kraj,https://data.mpsv.cz/od/soubory/ciselniky/obce.json,2026-08-21
obec,Obec/583669,CZ064,Jihomoravský kraj,https://data.mpsv.cz/od/soubory/ciselniky/obce.json,2026-08-21
obec,Obec/583677,CZ064,Jihomoravský kraj,https://data.mpsv.cz/od/soubory/ciselniky/obce.json,2026-08-21
obec,Obec/583685,CZ064,Jihomoravský kraj,https://data.mpsv.cz/od/soubory/ciselniky/obce.json,2026-08-21
obec,Obec/583693,CZ064,Jihomoravský kraj,https://data.mpsv.cz/od/soubory/ciselniky/obce.json,2026-08-21
obec,Obec/583707,CZ064,Jihomoravský kraj,https://data.mpsv.cz/od/soubory/ciselniky/obce.json,2026-08-21
obec,Obec/549746,CZ064,Jihomoravský kraj,https://data.mpsv.cz/od/soubory/ciselniky/obce.json,2026-08-21
obec,Obec/584843,CZ064,Jihomoravský kraj,https://data.mpsv.cz/od/soubory/ciselniky/obce.json,2026-08-21
obec,Obec/583715,CZ064,Jihomoravský kraj,https://data.mpsv.cz/od/soubory/ciselniky/obce.json,2026-08-21
obec,Obec/583723,CZ064,Jihomoravský kraj,https://data.mpsv.cz/od/soubory/ciselniky/obce.json,2026-08-21
obec,Obec/583731,CZ064,Jihomoravský kraj,https://data.mpsv.cz/od/soubory/ciselniky/obce.json,2026-08-21
obec,Obec/583740,CZ064,Jihomoravský kraj,https://data.mpsv.cz/od/soubory/ciselniky/obce.json,2026-08-21
obec,Obec/583758,CZ064,Jihomoravský kraj,https://data.mpsv.cz/od/soubory/ciselniky/obce.json,2026-08-21
obec,Obec/583766,CZ064,Jihomoravský kraj,https://data.mpsv.cz/od/soubory/ciselniky/obce.json,2026-08-21
obec,Obec/582255,CZ064,Jihomoravský kraj,https://data.mpsv.cz/od/soubory/ciselniky/obce.json,2026-08-21
obec,Obec/583774,CZ064,Jihomoravský kraj,https://data.mpsv.cz/od/soubory/ciselniky/obce.json,2026-08-21
obec,Obec/582263,CZ064,Jihomoravský kraj,https://data.mpsv.cz/od/soubory/ciselniky/obce.json,2026-08-21
obec,Obec/596582,CZ064,Jihomoravský kraj,https://data.mpsv.cz/od/soubory/ciselniky/obce.json,2026-08-21
obec,Obec/583782,CZ064,Jihomoravský kraj,https://data.mpsv.cz/od/soubory/ciselniky/obce.json,2026-08-21
obec,Obec/583791,CZ064,Jihomoravský kraj,https://data.mpsv.cz/od/soubory/ciselniky/obce.json,2026-08-21
obec,Obec/583804,CZ064,Jihomoravský kraj,https://data.mpsv.cz/od/soubory/ciselniky/obce.json,2026-08-21
obec,Obec/583821,CZ064,Jihomoravský kraj,https://data.mpsv.cz/od/soubory/ciselniky/obce.json,2026-08-21
obec,Obec/583839,CZ064,Jihomoravský kraj,https://data.mpsv.cz/od/soubory/ciselniky/obce.json,2026-08-21
obec,Obec/549789,CZ064,Jihomoravský kraj,https://data.mpsv.cz/od/soubory/ciselniky/obce.json,2026-08-21
obec,Obec/596698,CZ064,Jihomoravský kraj,https://data.mpsv.cz/od/soubory/ciselniky/obce.json,2026-08-21
obec,Obec/591661,CZ064,Jihomoravský kraj,https://data.mpsv.cz/od/soubory/ciselniky/obce.json,2026-08-21
obec,Obec/583847,CZ064,Jihomoravský kraj,https://data.mpsv.cz/od/soubory/ciselniky/obce.json,2026-08-21
obec,Obec/583855,CZ064,Jihomoravský kraj,https://data.mpsv.cz/od/soubory/ciselniky/obce.json,2026-08-21
obec,Obec/583863,CZ064,Jihomoravský kraj,https://data.mpsv.cz/od/soubory/ciselniky/obce.json,2026-08-21
obec,Obec/545295,CZ064,Jihomoravský kraj,https://data.mpsv.cz/od/soubory/ciselniky/obce.json,2026-08-21
obec,Obec/549894,CZ064,Jihomoravský kraj,https://data.mpsv.cz/od/soubory/ciselniky/obce.json,2026-08-21
obec,Obec/583880,CZ064,Jihomoravský kraj,https://data.mpsv.cz/od/soubory/ciselniky/obce.json,2026-08-21
obec,Obec/583898,CZ064,Jihomoravský kraj,https://data.mpsv.cz/od/soubory/ciselniky/obce.json,2026-08-21
obec,Obec/583901,CZ064,Jihomoravský kraj,https://data.mpsv.cz/od/soubory/ciselniky/obce.json,2026-08-21
obec,Obec/582379,CZ064,Jihomoravský kraj,https://data.mpsv.cz/od/soubory/ciselniky/obce.json,2026-08-21
obec,Obec/583910,CZ064,Jihomoravský kraj,https://data.mpsv.cz/od/soubory/ciselniky/obce.json,2026-08-21
obec,Obec/583928,CZ064,Jihomoravský kraj,https://data.mpsv.cz/od/soubory/ciselniky/obce.json,2026-08-21
obec,Obec/582450,CZ064,Jihomoravský kraj,https://data.mpsv.cz/od/soubory/ciselniky/obce.json,2026-08-21
obec,Obec/583936,CZ064,Jihomoravský kraj,https://data.mpsv.cz/od/soubory/ciselniky/obce.json,2026-08-21
obec,Obec/583944,CZ064,Jihomoravský kraj,https://data.mpsv.cz/od/soubory/ciselniky/obce.json,2026-08-21
obec,Obec/583952,CZ064,Jihomoravský kraj,https://data.mpsv.cz/od/soubory/ciselniky/obce.json,2026-08-21
obec,Obec/583961,CZ064,Jihomoravský kraj,https://data.mpsv.cz/od/soubory/ciselniky/obce.json,2026-08-21
obec,Obec/594903,CZ064,Jihomoravský kraj,https://data.mpsv.cz/od/soubory/ciselniky/obce.json,2026-08-21
obec,Obec/583979,CZ064,Jihomoravský kraj,https://data.mpsv.cz/od/soubory/ciselniky/obce.json,2026-08-21
obec,Obec/583995,CZ064,Jihomoravský kraj,https://data.mpsv.cz/od/soubory/ciselniky/obce.json,2026-08-21
obec,Obec/583987,CZ064,Jihomoravský kraj,https://data.mpsv.cz/od/soubory/ciselniky/obce.json,2026-08-21
obec,Obec/584002,CZ064,Jihomoravský kraj,https://data.mpsv.cz/od/soubory/ciselniky/obce.json,2026-08-21
obec,Obec/596892,CZ064,Jihomoravský kraj,https://data.mpsv.cz/od/soubory/ciselniky/obce.json,2026-08-21
obec,Obec/584011,CZ064,Jihomoravský kraj,https://data.mpsv.cz/od/soubory/ciselniky/obce.json,2026-08-21
obec,Obec/594962,CZ064,Jihomoravský kraj,https://data.mpsv.cz/od/soubory/ciselniky/obce.json,2026-08-21
obec,Obec/584029,CZ064,Jihomoravský kraj,https://data.mpsv.cz/od/soubory/ciselniky/obce.json,2026-08-21
obec,Obec/584037,CZ064,Jihomoravský kraj,https://data.mpsv.cz/od/soubory/ciselniky/obce.json,2026-08-21
obec,Obec/584045,CZ064,Jihomoravský kraj,https://data.mpsv.cz/od/soubory/ciselniky/obce.json,2026-08-21
obec,Obec/584053,CZ064,Jihomoravský kraj,https://data.mpsv.cz/od/soubory/ciselniky/obce.json,2026-08-21
obec,Obec/549908,CZ064,Jihomoravský kraj,https://data.mpsv.cz/od/soubory/ciselniky/obce.json,2026-08-21
obec,Obec/582565,CZ064,Jihomoravský kraj,https://data.mpsv.cz/od/soubory/ciselniky/obce.json,2026-08-21
obec,Obec/584061,CZ064,Jihomoravský kraj,https://data.mpsv.cz/od/soubory/ciselniky/obce.json,2026-08-21
obec,Obec/584070,CZ064,Jihomoravský kraj,https://data.mpsv.cz/od/soubory/ciselniky/obce.json,2026-08-21
obec,Obec/584096,CZ064,Jihomoravský kraj,https://data.mpsv.cz/od/soubory/ciselniky/obce.json,2026-08-21
obec,Obec/584100,CZ064,Jihomoravský kraj,https://data.mpsv.cz/od/soubory/ciselniky/obce.json,2026-08-21
obec,Obec/584118,CZ064,Jihomoravský kraj,https://data.mpsv.cz/od/soubory/ciselniky/obce.json,2026-08-21
obec,Obec/584126,CZ064,Jihomoravský kraj,https://data.mpsv.cz/od/soubory/ciselniky/obce.json,2026-08-21
obec,Obec/585025,CZ064,Jihomoravský kraj,https://data.mpsv.cz/od/soubory/ciselniky/obce.json,2026-08-21
obec,Obec/584134,CZ064,Jihomoravský kraj,https://data.mpsv.cz/od/soubory/ciselniky/obce.json,2026-08-21
obec,Obec/584142,CZ064,Jihomoravský kraj,https://data.mpsv.cz/od/soubory/ciselniky/obce.json,2026-08-21
obec,Obec/584151,CZ064,Jihomoravský kraj,https://data.mpsv.cz/od/soubory/ciselniky/obce.json,2026-08-21
obec,Obec/585033,CZ064,Jihomoravský kraj,https://data.mpsv.cz/od/soubory/ciselniky/obce.json,2026-08-21
obec,Obec/597104,CZ064,Jihomoravský kraj,https://data.mpsv.cz/od/soubory/ciselniky/obce.json,2026-08-21
obec,Obec/584169,CZ064,Jihomoravský kraj,https://data.mpsv.cz/od/soubory/ciselniky/obce.json,2026-08-21
obec,Obec/584177,CZ064,Jihomoravský kraj,https://data.mpsv.cz/od/soubory/ciselniky/obce.json,2026-08-21
obec,Obec/584185,CZ064,Jihomoravský kraj,https://data.mpsv.cz/od/soubory/ciselniky/obce.json,2026-08-21
obec,Obec/584193,CZ064,Jihomoravský kraj,https://data.mpsv.cz/od/soubory/ciselniky/obce.json,2026-08-21
obec,Obec/584207,CZ064,Jihomoravský kraj,https://data.mpsv.cz/od/soubory/ciselniky/obce.json,2026-08-21
obec,Obec/584215,CZ064,Jihomoravský kraj,https://data.mpsv.cz/od/soubory/ciselniky/obce.json,2026-08-21
obec,Obec/584223,CZ064,Jihomoravský kraj,https://data.mpsv.cz/od/soubory/ciselniky/obce.json,2026-08-21
obec,Obec/582735,CZ064,Jihomoravský kraj,https://data.mpsv.cz/od/soubory/ciselniky/obce.json,2026-08-21
obec,Obec/584231,CZ064,Jihomoravský kraj,https://data.mpsv.cz/od/soubory/ciselniky/obce.json,2026-08-21
obec,Obec/584240,CZ064,Jihomoravský kraj,https://data.mpsv.cz/od/soubory/ciselniky/obce.json,2026-08-21
obec,Obec/597171,CZ064,Jihomoravský kraj,https://data.mpsv.cz/od/soubory/ciselniky/obce.json,2026-08-21
obec,Obec/584266,CZ064,Jihomoravský kraj,https://data.mpsv.cz/od/soubory/ciselniky/obce.json,2026-08-21
obec,Obec/584274,CZ064,Jihomoravský kraj,https://data.mpsv.cz/od/soubory/ciselniky/obce.json,2026-08-21
obec,Obec/584282,CZ064,Jihomoravský kraj,https://data.mpsv.cz/od/soubory/ciselniky/obce.json,2026-08-21
obec,Obec/584304,CZ064,Jihomoravský kraj,https://data.mpsv.cz/od/soubory/ciselniky/obce.json,2026-08-21
obec,Obec/584321,CZ064,Jihomoravský kraj,https://data.mpsv.cz/od/soubory/ciselniky/obce.json,2026-08-21
obec,Obec/584339,CZ064,Jihomoravský kraj,https://data.mpsv.cz/od/soubory/ciselniky/obce.json,2026-08-21
obec,Obec/584347,CZ064,Jihomoravský kraj,https://data.mpsv.cz/od/soubory/ciselniky/obce.json,2026-08-21
obec,Obec/584355,CZ064,Jihomoravský kraj,https://data.mpsv.cz/od/soubory/ciselniky/obce.json,2026-08-21
obec,Obec/584363,CZ064,Jihomoravský kraj,https://data.mpsv.cz/od/soubory/ciselniky/obce.json,2026-08-21
obec,Obec/584291,CZ064,Jihomoravský kraj,https://data.mpsv.cz/od/soubory/ciselniky/obce.json,2026-08-21
obec,Obec/584371,CZ064,Jihomoravský kraj,https://data.mpsv.cz/od/soubory/ciselniky/obce.json,2026-08-21
obec,Obec/584380,CZ064,Jihomoravský kraj,https://data.mpsv.cz/od/soubory/ciselniky/obce.json,2026-08-21
obec,Obec/584401,CZ064,Jihomoravský kraj,https://data.mpsv.cz/od/soubory/ciselniky/obce.json,2026-08-21
obec,Obec/584410,CZ064,Jihomoravský kraj,https://data.mpsv.cz/od/soubory/ciselniky/obce.json,2026-08-21
obec,Obec/584428,CZ064,Jihomoravský kraj,https://data.mpsv.cz/od/soubory/ciselniky/obce.json,2026-08-21
obec,Obec/584436,CZ064,Jihomoravský kraj,https://data.mpsv.cz/od/soubory/ciselniky/obce.json,2026-08-21
obec,Obec/584444,CZ064,Jihomoravský kraj,https://data.mpsv.cz/od/soubory/ciselniky/obce.json,2026-08-21
obec,Obec/584452,CZ064,Jihomoravský kraj,https://data.mpsv.cz/od/soubory/ciselniky/obce.json,2026-08-21
obec,Obec/584461,CZ064,Jihomoravský kraj,https://data.mpsv.cz/od/soubory/ciselniky/obce.json,2026-08-21
obec,Obec/584479,CZ064,Jihomoravský kraj,https://data.mpsv.cz/od/soubory/ciselniky/obce.json,2026-08-21
obec,Obec/584487,CZ064,Jihomoravský kraj,https://data.mpsv.cz/od/soubory/ciselniky/obce.json,2026-08-21
obec,Obec/584495,CZ064,Jihomoravský kraj,https://data.mpsv.cz/od/soubory/ciselniky/obce.json,2026-08-21
obec,Obec/584525,CZ064,Jihomoravský kraj,https://data.mpsv.cz/od/soubory/ciselniky/obce.json,2026-08-21
obec,Obec/550256,CZ064,Jihomoravský kraj,https://data.mpsv.cz/od/soubory/ciselniky/obce.json,2026-08-21
obec,Obec/584541,CZ064,Jihomoravský kraj,https://data.mpsv.cz/od/soubory/ciselniky/obce.json,2026-08-21
obec,Obec/584550,CZ064,Jihomoravský kraj,https://data.mpsv.cz/od/soubory/ciselniky/obce.json,2026-08-21
obec,Obec/584568,CZ064,Jihomoravský kraj,https://data.mpsv.cz/od/soubory/ciselniky/obce.json,2026-08-21
obec,Obec/584576,CZ064,Jihomoravský kraj,https://data.mpsv.cz/od/soubory/ciselniky/obce.json,2026-08-21
obec,Obec/584584,CZ064,Jihomoravský kraj,https://data.mpsv.cz/od/soubory/ciselniky/obce.json,2026-08-21
obec,Obec/584592,CZ064,Jihomoravský kraj,https://data.mpsv.cz/od/soubory/ciselniky/obce.json,2026-08-21
obec,Obec/555282,CZ064,Jihomoravský kraj,https://data.mpsv.cz/od/soubory/ciselniky/obce.json,2026-08-21
obec,Obec/558443,CZ064,Jihomoravský kraj,https://data.mpsv.cz/od/soubory/ciselniky/obce.json,2026-08-21
obec,Obec/584622,CZ064,Jihomoravský kraj,https://data.mpsv.cz/od/soubory/ciselniky/obce.json,2026-08-21
obec,Obec/584631,CZ064,Jihomoravský kraj,https://data.mpsv.cz/od/soubory/ciselniky/obce.json,2026-08-21
obec,Obec/584649,CZ064,Jihomoravský kraj,https://data.mpsv.cz/od/soubory/ciselniky/obce.json,2026-08-21
obec,Obec/584657,CZ064,Jihomoravský kraj,https://data.mpsv.cz/od/soubory/ciselniky/obce.json,2026-08-21
obec,Obec/584665,CZ064,Jihomoravský kraj,https://data.mpsv.cz/od/soubory/ciselniky/obce.json,2026-08-21
obec,Obec/584673,CZ064,Jihomoravský kraj,https://data.mpsv.cz/od/soubory/ciselniky/obce.json,2026-08-21
obec,Obec/584681,CZ064,Jihomoravský kraj,https://data.mpsv.cz/od/soubory/ciselniky/obce.json,2026-08-21
obec,Obec/584703,CZ064,Jihomoravský kraj,https://data.mpsv.cz/od/soubory/ciselniky/obce.json,2026-08-21
obec,Obec/584711,CZ064,Jihomoravský kraj,https://data.mpsv.cz/od/soubory/ciselniky/obce.json,2026-08-21
obec,Obec/584746,CZ064,Jihomoravský kraj,https://data.mpsv.cz/od/soubory/ciselniky/obce.json,2026-08-21
obec,Obec/584754,CZ064,Jihomoravský kraj,https://data.mpsv.cz/od/soubory/ciselniky/obce.json,2026-08-21
obec,Obec/584771,CZ064,Jihomoravský kraj,https://data.mpsv.cz/od/soubory/ciselniky/obce.json,2026-08-21
obec,Obec/584789,CZ064,Jihomoravský kraj,https://data.mpsv.cz/od/soubory/ciselniky/obce.json,2026-08-21
obec,Obec/584797,CZ064,Jihomoravský kraj,https://data.mpsv.cz/od/soubory/ciselniky/obce.json,2026-08-21
obec,Obec/584819,CZ064,Jihomoravský kraj,https://data.mpsv.cz/od/soubory/ciselniky/obce.json,2026-08-21
obec,Obec/584835,CZ064,Jihomoravský kraj,https://data.mpsv.cz/od/soubory/ciselniky/obce.json,2026-08-21
obec,Obec/584851,CZ064,Jihomoravský kraj,https://data.mpsv.cz/od/soubory/ciselniky/obce.json,2026-08-21
obec,Obec/584860,CZ064,Jihomoravský kraj,https://data.mpsv.cz/od/soubory/ciselniky/obce.json,2026-08-21
obec,Obec/584878,CZ064,Jihomoravský kraj,https://data.mpsv.cz/od/soubory/ciselniky/obce.json,2026-08-21
obec,Obec/584894,CZ064,Jihomoravský kraj,https://data.mpsv.cz/od/soubory/ciselniky/obce.json,2026-08-21
obec,Obec/584908,CZ064,Jihomoravský kraj,https://data.mpsv.cz/od/soubory/ciselniky/obce.json,2026-08-21
obec,Obec/584916,CZ064,Jihomoravský kraj,https://data.mpsv.cz/od/soubory/ciselniky/obce.json,2026-08-21
obec,Obec/584924,CZ064,Jihomoravský kraj,https://data.mpsv.cz/od/soubory/ciselniky/obce.json,2026-08-21
obec,Obec/584932,CZ064,Jihomoravský kraj,https://data.mpsv.cz/od/soubory/ciselniky/obce.json,2026-08-21
obec,Obec/584941,CZ064,Jihomoravský kraj,https://data.mpsv.cz/od/soubory/ciselniky/obce.json,2026-08-21
obec,Obec/584959,CZ064,Jihomoravský kraj,https://data.mpsv.cz/od/soubory/ciselniky/obce.json,2026-08-21
obec,Obec/584967,CZ064,Jihomoravský kraj,https://data.mpsv.cz/od/soubory/ciselniky/obce.json,2026-08-21
obec,Obec/584975,CZ064,Jihomoravský kraj,https://data.mpsv.cz/od/soubory/ciselniky/obce.json,2026-08-21
obec,Obec/584983,CZ064,Jihomoravský kraj,https://data.mpsv.cz/od/soubory/ciselniky/obce.json,2026-08-21
obec,Obec/584991,CZ064,Jihomoravský kraj,https://data.mpsv.cz/od/soubory/ciselniky/obce.json,2026-08-21
obec,Obec/585009,CZ064,Jihomoravský kraj,https://data.mpsv.cz/od/soubory/ciselniky/obce.json,2026-08-21
obec,Obec/585017,CZ064,Jihomoravský kraj,https://data.mpsv.cz/od/soubory/ciselniky/obce.json,2026-08-21
obec,Obec/585041,CZ064,Jihomoravský kraj,https://data.mpsv.cz/od/soubory/ciselniky/obce.json,2026-08-21
obec,Obec/585050,CZ064,Jihomoravský kraj,https://data.mpsv.cz/od/soubory/ciselniky/obce.json,2026-08-21
obec,Obec/588318,CZ072,Zlínský kraj,https://data.mpsv.cz/od/soubory/ciselniky/obce.json,2026-08-21
obec,Obec/585076,CZ072,Zlínský kraj,https://data.mpsv.cz/od/soubory/ciselniky/obce.json,2026-08-21
obec,Obec/557102,CZ072,Zlínský kraj,https://data.mpsv.cz/od/soubory/ciselniky/obce.json,2026-08-21
obec,Obec/585092,CZ072,Zlínský kraj,https://data.mpsv.cz/od/soubory/ciselniky/obce.json,2026-08-21
obec,Obec/585106,CZ072,Zlínský kraj,https://data.mpsv.cz/od/soubory/ciselniky/obce.json,2026-08-21
obec,Obec/585114,CZ072,Zlínský kraj,https://data.mpsv.cz/od/soubory/ciselniky/obce.json,2026-08-21
obec,Obec/538744,CZ072,Zlínský kraj,https://data.mpsv.cz/od/soubory/ciselniky/obce.json,2026-08-21
obec,Obec/585131,CZ072,Zlínský kraj,https://data.mpsv.cz/od/soubory/ciselniky/obce.json,2026-08-21
obec,Obec/585149,CZ072,Zlínský kraj,https://data.mpsv.cz/od/soubory/ciselniky/obce.json,2026-08-21
obec,Obec/585157,CZ072,Zlínský kraj,https://data.mpsv.cz/od/soubory/ciselniky/obce.json,2026-08-21
obec,Obec/585165,CZ072,Zlínský kraj,https://data.mpsv.cz/od/soubory/ciselniky/obce.json,2026-08-21
obec,Obec/585173,CZ072,Zlínský kraj,https://data.mpsv.cz/od/soubory/ciselniky/obce.json,2026-08-21
obec,Obec/585181,CZ072,Zlínský kraj,https://data.mpsv.cz/od/soubory/ciselniky/obce.json,2026-08-21
obec,Obec/585190,CZ072,Zlínský kraj,https://data.mpsv.cz/od/soubory/ciselniky/obce.json,2026-08-21
obec,Obec/585203,CZ072,Zlínský kraj,https://data.mpsv.cz/od/soubory/ciselniky/obce.json,2026-08-21
obec,Obec/585211,CZ072,Zlínský kraj,https://data.mpsv.cz/od/soubory/ciselniky/obce.json,2026-08-21
obec,Obec/585220,CZ072,Zlínský kraj,https://data.mpsv.cz/od/soubory/ciselniky/obce.json,2026-08-21
obec,Obec/585238,CZ072,Zlínský kraj,https://data.mpsv.cz/od/soubory/ciselniky/obce.json,2026-08-21
obec,Obec/585246,CZ072,Zlínský kraj,https://data.mpsv.cz/od/soubory/ciselniky/obce.json,2026-08-21
obec,Obec/585254,CZ072,Zlínský kraj,https://data.mpsv.cz/od/soubory/ciselniky/obce.json,2026-08-21
obec,Obec/585262,CZ072,Zlínský kraj,https://data.mpsv.cz/od/soubory/ciselniky/obce.json,2026-08-21
obec,Obec/585271,CZ072,Zlínský kraj,https://data.mpsv.cz/od/soubory/ciselniky/obce.json,2026-08-21
obec,Obec/585289,CZ072,Zlínský kraj,https://data.mpsv.cz/od/soubory/ciselniky/obce.json,2026-08-21
obec,Obec/585301,CZ072,Zlínský kraj,https://data.mpsv.cz/od/soubory/ciselniky/obce.json,2026-08-21
obec,Obec/585319,CZ072,Zlínský kraj,https://data.mpsv.cz/od/soubory/ciselniky/obce.json,2026-08-21
obec,Obec/585327,CZ072,Zlínský kraj,https://data.mpsv.cz/od/soubory/ciselniky/obce.json,2026-08-21
obec,Obec/587052,CZ072,Zlínský kraj,https://data.mpsv.cz/od/soubory/ciselniky/obce.json,2026-08-21
obec,Obec/585343,CZ072,Zlínský kraj,https://data.mpsv.cz/od/soubory/ciselniky/obce.json,2026-08-21
obec,Obec/592251,CZ072,Zlínský kraj,https://data.mpsv.cz/od/soubory/ciselniky/obce.json,2026-08-21
obec,Obec/549436,CZ072,Zlínský kraj,https://data.mpsv.cz/od/soubory/ciselniky/obce.json,2026-08-21
obec,Obec/586960,CZ072,Zlínský kraj,https://data.mpsv.cz/od/soubory/ciselniky/obce.json,2026-08-21
obec,Obec/573434,CZ072,Zlínský kraj,https://data.mpsv.cz/od/soubory/ciselniky/obce.json,2026-08-21
obec,Obec/549550,CZ072,Zlínský kraj,https://data.mpsv.cz/od/soubory/ciselniky/obce.json,2026-08-21
obec,Obec/549622,CZ072,Zlínský kraj,https://data.mpsv.cz/od/soubory/ciselniky/obce.json,2026-08-21
obec,Obec/586871,CZ072,Zlínský kraj,https://data.mpsv.cz/od/soubory/ciselniky/obce.json,2026-08-21
obec,Obec/585432,CZ072,Zlínský kraj,https://data.mpsv.cz/od/soubory/ciselniky/obce.json,2026-08-21
obec,Obec/585441,CZ072,Zlínský kraj,https://data.mpsv.cz/od/soubory/ciselniky/obce.json,2026-08-21
obec,Obec/585459,CZ072,Zlínský kraj,https://data.mpsv.cz/od/soubory/ciselniky/obce.json,2026-08-21
obec,Obec/585467,CZ072,Zlínský kraj,https://data.mpsv.cz/od/soubory/ciselniky/obce.json,2026-08-21
obec,Obec/557145,CZ072,Zlínský kraj,https://data.mpsv.cz/od/soubory/ciselniky/obce.json,2026-08-21
obec,Obec/585483,CZ072,Zlínský kraj,https://data.mpsv.cz/od/soubory/ciselniky/obce.json,2026-08-21
obec,Obec/585491,CZ072,Zlínský kraj,https://data.mpsv.cz/od/soubory/ciselniky/obce.json,2026-08-21
obec,Obec/585505,CZ072,Zlínský kraj,https://data.mpsv.cz/od/soubory/ciselniky/obce.json,2026-08-21
obec,Obec/585513,CZ072,Zlínský kraj,https://data.mpsv.cz/od/soubory/ciselniky/obce.json,2026-08-21
obec,Obec/585521,CZ072,Zlínský kraj,https://data.mpsv.cz/od/soubory/ciselniky/obce.json,2026-08-21
obec,Obec/585530,CZ072,Zlínský kraj,https://data.mpsv.cz/od/soubory/ciselniky/obce.json,2026-08-21
obec,Obec/585548,CZ072,Zlínský kraj,https://data.mpsv.cz/od/soubory/ciselniky/obce.json,2026-08-21
obec,Obec/585556,CZ072,Zlínský kraj,https://data.mpsv.cz/od/soubory/ciselniky/obce.json,2026-08-21
obec,Obec/549444,CZ072,Zlínský kraj,https://data.mpsv.cz/od/soubory/ciselniky/obce.json,2026-08-21
obec,Obec/557170,CZ072,Zlínský kraj,https://data.mpsv.cz/od/soubory/ciselniky/obce.json,2026-08-21
obec,Obec/585599,CZ072,Zlínský kraj,https://data.mpsv.cz/od/soubory/ciselniky/obce.json,2026-08-21
obec,Obec/556874,CZ072,Zlínský kraj,https://data.mpsv.cz/od/soubory/ciselniky/obce.json,2026-08-21
obec,Obec/534811,CZ072,Zlínský kraj,https://data.mpsv.cz/od/soubory/ciselniky/obce.json,2026-08-21
obec,Obec/585611,CZ072,Zlínský kraj,https://data.mpsv.cz/od/soubory/ciselniky/obce.json,2026-08-21
obec,Obec/549461,CZ072,Zlínský kraj,https://data.mpsv.cz/od/soubory/ciselniky/obce.json,2026-08-21
obec,Obec/549533,CZ072,Zlínský kraj,https://data.mpsv.cz/od/soubory/ciselniky/obce.json,2026-08-21
obec,Obec/549401,CZ072,Zlínský kraj,https://data.mpsv.cz/od/soubory/ciselniky/obce.json,2026-08-21
obec,Obec/585661,CZ072,Zlínský kraj,https://data.mpsv.cz/od/soubory/ciselniky/obce.json,2026-08-21
obec,Obec/585670,CZ072,Zlínský kraj,https://data.mpsv.cz/od/soubory/ciselniky/obce.json,2026-08-21
obec,Obec/556980,CZ072,Zlínský kraj,https://data.mpsv.cz/od/soubory/ciselniky/obce.json,2026-08-21
obec,Obec/586919,CZ072,Zlínský kraj,https://data.mpsv.cz/od/soubory/ciselniky/obce.json,2026-08-21
obec,Obec/585726,CZ072,Zlínský kraj,https://data.mpsv.cz/od/soubory/ciselniky/obce.json,2026-08-21
obec,Obec/585734,CZ072,Zlínský kraj,https://data.mpsv.cz/od/soubory/ciselniky/obce.json,2026-08-21
obec,Obec/585751,CZ072,Zlínský kraj,https://data.mpsv.cz/od/soubory/ciselniky/obce.json,2026-08-21
obec,Obec/585769,CZ072,Zlínský kraj,https://data.mpsv.cz/od/soubory/ciselniky/obce.json,2026-08-21
obec,Obec/585777,CZ072,Zlínský kraj,https://data.mpsv.cz/od/soubory/ciselniky/obce.json,2026-08-21
obec,Obec/585793,CZ072,Zlínský kraj,https://data.mpsv.cz/od/soubory/ciselniky/obce.json,2026-08-21
obec,Obec/585807,CZ072,Zlínský kraj,https://data.mpsv.cz/od/soubory/ciselniky/obce.json,2026-08-21
obec,Obec/585815,CZ072,Zlínský kraj,https://data.mpsv.cz/od/soubory/ciselniky/obce.json,2026-08-21
obec,Obec/585831,CZ072,Zlínský kraj,https://data.mpsv.cz/od/soubory/ciselniky/obce.json,2026-08-21
obec,Obec/544931,CZ072,Zlínský kraj,https://data.mpsv.cz/od/soubory/ciselniky/obce.json,2026-08-21
obec,Obec/549649,CZ072,Zlínský kraj,https://data.mpsv.cz/od/soubory/ciselniky/obce.json,2026-08-21
obec,Obec/535184,CZ072,Zlínský kraj,https://data.mpsv.cz/od/soubory/ciselniky/obce.json,2026-08-21
obec,Obec/585858,CZ072,Zlínský kraj,https://data.mpsv.cz/od/soubory/ciselniky/obce.json,2026-08-21
obec,Obec/585866,CZ072,Zlínský kraj,https://data.mpsv.cz/od/soubory/ciselniky/obce.json,2026-08-21
obec,Obec/585874,CZ072,Zlínský kraj,https://data.mpsv.cz/od/soubory/ciselniky/obce.json,2026-08-21
obec,Obec/585882,CZ072,Zlínský kraj,https://data.mpsv.cz/od/soubory/ciselniky/obce.json,2026-08-21
obec,Obec/585891,CZ072,Zlínský kraj,https://data.mpsv.cz/od/soubory/ciselniky/obce.json,2026-08-21
obec,Obec/545112,CZ072,Zlínský kraj,https://data.mpsv.cz/od/soubory/ciselniky/obce.json,2026-08-21
obec,Obec/585912,CZ072,Zlínský kraj,https://data.mpsv.cz/od/soubory/ciselniky/obce.json,2026-08-21
obec,Obec/585921,CZ072,Zlínský kraj,https://data.mpsv.cz/od/soubory/ciselniky/obce.json,2026-08-21
obec,Obec/585939,CZ072,Zlínský kraj,https://data.mpsv.cz/od/soubory/ciselniky/obce.json,2026-08-21
obec,Obec/586994,CZ072,Zlínský kraj,https://data.mpsv.cz/od/soubory/ciselniky/obce.json,2026-08-21
obec,Obec/585955,CZ072,Zlínský kraj,https://data.mpsv.cz/od/soubory/ciselniky/obce.json,2026-08-21
obec,Obec/585963,CZ072,Zlínský kraj,https://data.mpsv.cz/od/soubory/ciselniky/obce.json,2026-08-21
obec,Obec/585971,CZ072,Zlínský kraj,https://data.mpsv.cz/od/soubory/ciselniky/obce.json,2026-08-21
obec,Obec/585980,CZ072,Zlínský kraj,https://data.mpsv.cz/od/soubory/ciselniky/obce.json,2026-08-21
obec,Obec/585998,CZ072,Zlínský kraj,https://data.mpsv.cz/od/soubory/ciselniky/obce.json,2026-08-21
obec,Obec/585068,CZ072,Zlínský kraj,https://data.mpsv.cz/od/soubory/ciselniky/obce.json,2026-08-21
obec,Obec/500011,CZ072,Zlínský kraj,https://data.mpsv.cz/od/soubory/ciselniky/obce.json,2026-08-21
obec,Obec/586013,CZ072,Zlínský kraj,https://data.mpsv.cz/od/soubory/ciselniky/obce.json,2026-08-21
obec,Obec/586030,CZ064,Jihomoravský kraj,https://data.mpsv.cz/od/soubory/ciselniky/obce.json,2026-08-21
obec,Obec/586048,CZ064,Jihomoravský kraj,https://data.mpsv.cz/od/soubory/ciselniky/obce.json,2026-08-21
obec,Obec/586056,CZ064,Jihomoravský kraj,https://data.mpsv.cz/od/soubory/ciselniky/obce.json,2026-08-21
obec,Obec/586072,CZ064,Jihomoravský kraj,https://data.mpsv.cz/od/soubory/ciselniky/obce.json,2026-08-21
obec,Obec/586081,CZ064,Jihomoravský kraj,https://data.mpsv.cz/od/soubory/ciselniky/obce.json,2026-08-21
obec,Obec/586099,CZ064,Jihomoravský kraj,https://data.mpsv.cz/od/soubory/ciselniky/obce.json,2026-08-21
obec,Obec/586102,CZ064,Jihomoravský kraj,https://data.mpsv.cz/od/soubory/ciselniky/obce.json,2026-08-21
obec,Obec/586111,CZ064,Jihomoravský kraj,https://data.mpsv.cz/od/soubory/ciselniky/obce.json,2026-08-21
obec,Obec/586129,CZ064,Jihomoravský kraj,https://data.mpsv.cz/od/soubory/ciselniky/obce.json,2026-08-21
obec,Obec/586137,CZ064,Jihomoravský kraj,https://data.mpsv.cz/od/soubory/ciselniky/obce.json,2026-08-21
obec,Obec/586145,CZ064,Jihomoravský kraj,https://data.mpsv.cz/od/soubory/ciselniky/obce.json,2026-08-21
obec,Obec/586153,CZ064,Jihomoravský kraj,https://data.mpsv.cz/od/soubory/ciselniky/obce.json,2026-08-21
obec,Obec/586161,CZ064,Jihomoravský kraj,https://data.mpsv.cz/od/soubory/ciselniky/obce.json,2026-08-21
obec,Obec/586021,CZ064,Jihomoravský kraj,https://data.mpsv.cz/od/soubory/ciselniky/obce.json,2026-08-21
obec,Obec/586170,CZ064,Jihomoravský kraj,https://data.mpsv.cz/od/soubory/ciselniky/obce.json,2026-08-21
obec,Obec/586188,CZ064,Jihomoravský kraj,https://data.mpsv.cz/od/soubory/ciselniky/obce.json,2026-08-21
obec,Obec/586196,CZ064,Jihomoravský kraj,https://data.mpsv.cz/od/soubory/ciselniky/obce.json,2026-08-21
obec,Obec/586200,CZ064,Jihomoravský kraj,https://data.mpsv.cz/od/soubory/ciselniky/obce.json,2026-08-21
obec,Obec/586218,CZ064,Jihomoravský kraj,https://data.mpsv.cz/od/soubory/ciselniky/obce.json,2026-08-21
obec,Obec/586226,CZ064,Jihomoravský kraj,https://data.mpsv.cz/od/soubory/ciselniky/obce.json,2026-08-21
obec,Obec/586234,CZ064,Jihomoravský kraj,https://data.mpsv.cz/od/soubory/ciselniky/obce.json,2026-08-21
obec,Obec/586242,CZ064,Jihomoravský kraj,https://data.mpsv.cz/od/soubory/ciselniky/obce.json,2026-08-21
obec,Obec/586251,CZ064,Jihomoravský kraj,https://data.mpsv.cz/od/soubory/ciselniky/obce.json,2026-08-21
obec,Obec/586269,CZ064,Jihomoravský kraj,https://data.mpsv.cz/od/soubory/ciselniky/obce.json,2026-08-21
obec,Obec/586277,CZ064,Jihomoravský kraj,https://data.mpsv.cz/od/soubory/ciselniky/obce.json,2026-08-21
obec,Obec/586285,CZ064,Jihomoravský kraj,https://data.mpsv.cz/od/soubory/ciselniky/obce.json,2026-08-21
obec,Obec/586293,CZ064,Jihomoravský kraj,https://data.mpsv.cz/od/soubory/ciselniky/obce.json,2026-08-21
obec,Obec/586307,CZ064,Jihomoravský kraj,https://data.mpsv.cz/od/soubory/ciselniky/obce.json,2026-08-21
obec,Obec/586315,CZ064,Jihomoravský kraj,https://data.mpsv.cz/od/soubory/ciselniky/obce.json,2026-08-21
obec,Obec/586323,CZ064,Jihomoravský kraj,https://data.mpsv.cz/od/soubory/ciselniky/obce.json,2026-08-21
obec,Obec/586331,CZ064,Jihomoravský kraj,https://data.mpsv.cz/od/soubory/ciselniky/obce.json,2026-08-21
obec,Obec/586340,CZ064,Jihomoravský kraj,https://data.mpsv.cz/od/soubory/ciselniky/obce.json,2026-08-21
obec,Obec/586358,CZ064,Jihomoravský kraj,https://data.mpsv.cz/od/soubory/ciselniky/obce.json,2026-08-21
obec,Obec/586366,CZ064,Jihomoravský kraj,https://data.mpsv.cz/od/soubory/ciselniky/obce.json,2026-08-21
obec,Obec/586374,CZ064,Jihomoravský kraj,https://data.mpsv.cz/od/soubory/ciselniky/obce.json,2026-08-21
obec,Obec/586382,CZ064,Jihomoravský kraj,https://data.mpsv.cz/od/soubory/ciselniky/obce.json,2026-08-21
obec,Obec/586391,CZ064,Jihomoravský kraj,https://data.mpsv.cz/od/soubory/ciselniky/obce.json,2026-08-21
obec,Obec/586404,CZ064,Jihomoravský kraj,https://data.mpsv.cz/od/soubory/ciselniky/obce.json,2026-08-21
obec,Obec/593354,CZ064,Jihomoravský kraj,https://data.mpsv.cz/od/soubory/ciselniky/obce.json,2026-08-21
obec,Obec/586412,CZ064,Jihomoravský kraj,https://data.mpsv.cz/od/soubory/ciselniky/obce.json,2026-08-21
obec,Obec/586421,CZ064,Jihomoravský kraj,https://data.mpsv.cz/od/soubory/ciselniky/obce.json,2026-08-21
obec,Obec/586439,CZ064,Jihomoravský kraj,https://data.mpsv.cz/od/soubory/ciselniky/obce.json,2026-08-21
obec,Obec/586447,CZ064,Jihomoravský kraj,https://data.mpsv.cz/od/soubory/ciselniky/obce.json,2026-08-21
obec,Obec/586455,CZ064,Jihomoravský kraj,https://data.mpsv.cz/od/soubory/ciselniky/obce.json,2026-08-21
obec,Obec/586463,CZ064,Jihomoravský kraj,https://data.mpsv.cz/od/soubory/ciselniky/obce.json,2026-08-21
obec,Obec/586471,CZ064,Jihomoravský kraj,https://data.mpsv.cz/od/soubory/ciselniky/obce.json,2026-08-21
obec,Obec/586480,CZ064,Jihomoravský kraj,https://data.mpsv.cz/od/soubory/ciselniky/obce.json,2026-08-21
obec,Obec/586498,CZ064,Jihomoravský kraj,https://data.mpsv.cz/od/soubory/ciselniky/obce.json,2026-08-21
obec,Obec/586501,CZ064,Jihomoravský kraj,https://data.mpsv.cz/od/soubory/ciselniky/obce.json,2026-08-21
obec,Obec/586510,CZ064,Jihomoravský kraj,https://data.mpsv.cz/od/soubory/ciselniky/obce.json,2026-08-21
obec,Obec/586528,CZ064,Jihomoravský kraj,https://data.mpsv.cz/od/soubory/ciselniky/obce.json,2026-08-21
obec,Obec/586536,CZ064,Jihomoravský kraj,https://data.mpsv.cz/od/soubory/ciselniky/obce.json,2026-08-21
obec,Obec/586544,CZ064,Jihomoravský kraj,https://data.mpsv.cz/od/soubory/ciselniky/obce.json,2026-08-21
obec,Obec/586552,CZ064,Jihomoravský kraj,https://data.mpsv.cz/od/soubory/ciselniky/obce.json,2026-08-21
obec,Obec/586561,CZ064,Jihomoravský kraj,https://data.mpsv.cz/od/soubory/ciselniky/obce.json,2026-08-21
obec,Obec/586579,CZ064,Jihomoravský kraj,https://data.mpsv.cz/od/soubory/ciselniky/obce.json,2026-08-21
obec,Obec/586587,CZ064,Jihomoravský kraj,https://data.mpsv.cz/od/soubory/ciselniky/obce.json,2026-08-21
obec,Obec/586595,CZ064,Jihomoravský kraj,https://data.mpsv.cz/od/soubory/ciselniky/obce.json,2026-08-21
obec,Obec/586609,CZ064,Jihomoravský kraj,https://data.mpsv.cz/od/soubory/ciselniky/obce.json,2026-08-21
obec,Obec/586617,CZ064,Jihomoravský kraj,https://data.mpsv.cz/od/soubory/ciselniky/obce.json,2026-08-21
obec,Obec/586625,CZ064,Jihomoravský kraj,https://data.mpsv.cz/od/soubory/ciselniky/obce.json,2026-08-21
obec,Obec/586633,CZ064,Jihomoravský kraj,https://data.mpsv.cz/od/soubory/ciselniky/obce.json,2026-08-21
obec,Obec/586641,CZ064,Jihomoravský kraj,https://data.mpsv.cz/od/soubory/ciselniky/obce.json,2026-08-21
obec,Obec/586650,CZ064,Jihomoravský kraj,https://data.mpsv.cz/od/soubory/ciselniky/obce.json,2026-08-21
obec,Obec/586668,CZ064,Jihomoravský kraj,https://data.mpsv.cz/od/soubory/ciselniky/obce.json,2026-08-21
obec,Obec/586676,CZ064,Jihomoravský kraj,https://data.mpsv.cz/od/soubory/ciselniky/obce.json,2026-08-21
obec,Obec/586684,CZ064,Jihomoravský kraj,https://data.mpsv.cz/od/soubory/ciselniky/obce.json,2026-08-21
obec,Obec/586692,CZ064,Jihomoravský kraj,https://data.mpsv.cz/od/soubory/ciselniky/obce.json,2026-08-21
obec,Obec/586706,CZ064,Jihomoravský kraj,https://data.mpsv.cz/od/soubory/ciselniky/obce.json,2026-08-21
obec,Obec/586714,CZ064,Jihomoravský kraj,https://data.mpsv.cz/od/soubory/ciselniky/obce.json,2026-08-21
obec,Obec/586722,CZ064,Jihomoravský kraj,https://data.mpsv.cz/od/soubory/ciselniky/obce.json,2026-08-21
obec,Obec/586731,CZ064,Jihomoravský kraj,https://data.mpsv.cz/od/soubory/ciselniky/obce.json,2026-08-21
obec,Obec/586749,CZ064,Jihomoravský kraj,https://data.mpsv.cz/od/soubory/ciselniky/obce.json,2026-08-21
obec,Obec/586757,CZ064,Jihomoravský kraj,https://data.mpsv.cz/od/soubory/ciselniky/obce.json,2026-08-21
obec,Obec/586765,CZ064,Jihomoravský kraj,https://data.mpsv.cz/od/soubory/ciselniky/obce.json,2026-08-21
obec,Obec/586773,CZ064,Jihomoravský kraj,https://data.mpsv.cz/od/soubory/ciselniky/obce.json,2026-08-21
obec,Obec/586781,CZ064,Jihomoravský kraj,https://data.mpsv.cz/od/soubory/ciselniky/obce.json,2026-08-21
obec,Obec/586790,CZ064,Jihomoravský kraj,https://data.mpsv.cz/od/soubory/ciselniky/obce.json,2026-08-21
obec,Obec/586803,CZ064,Jihomoravský kraj,https://data.mpsv.cz/od/soubory/ciselniky/obce.json,2026-08-21
obec,Obec/586811,CZ064,Jihomoravský kraj,https://data.mpsv.cz/od/soubory/ciselniky/obce.json,2026-08-21
obec,Obec/586820,CZ064,Jihomoravský kraj,https://data.mpsv.cz/od/soubory/ciselniky/obce.json,2026-08-21
obec,Obec/586838,CZ064,Jihomoravský kraj,https://data.mpsv.cz/od/soubory/ciselniky/obce.json,2026-08-21
obec,Obec/586854,CZ063,Kraj Vysočina,https://data.mpsv.cz/od/soubory/ciselniky/obce.json,2026-08-21
obec,Obec/586862,CZ063,Kraj Vysočina,https://data.mpsv.cz/od/soubory/ciselniky/obce.json,2026-08-21
obec,Obec/586889,CZ063,Kraj Vysočina,https://data.mpsv.cz/od/soubory/ciselniky/obce.json,2026-08-21
obec,Obec/586897,CZ063,Kraj Vysočina,https://data.mpsv.cz/od/soubory/ciselniky/obce.json,2026-08-21
obec,Obec/586901,CZ063,Kraj Vysočina,https://data.mpsv.cz/od/soubory/ciselniky/obce.json,2026-08-21
obec,Obec/587184,CZ063,Kraj Vysočina,https://data.mpsv.cz/od/soubory/ciselniky/obce.json,2026-08-21
obec,Obec/586927,CZ063,Kraj Vysočina,https://data.mpsv.cz/od/soubory/ciselniky/obce.json,2026-08-21
obec,Obec/586943,CZ063,Kraj Vysočina,https://data.mpsv.cz/od/soubory/ciselniky/obce.json,2026-08-21
obec,Obec/590371,CZ063,Kraj Vysočina,https://data.mpsv.cz/od/soubory/ciselniky/obce.json,2026-08-21
obec,Obec/586951,CZ063,Kraj Vysočina,https://data.mpsv.cz/od/soubory/ciselniky/obce.json,2026-08-21
obec,Obec/586978,CZ063,Kraj Vysočina,https://data.mpsv.cz/od/soubory/ciselniky/obce.json,2026-08-21
obec,Obec/586986,CZ063,Kraj Vysočina,https://data.mpsv.cz/od/soubory/ciselniky/obce.json,2026-08-21
obec,Obec/587001,CZ063,Kraj Vysočina,https://data.mpsv.cz/od/soubory/ciselniky/obce.json,2026-08-21
obec,Obec/587117,CZ063,Kraj Vysočina,https://data.mpsv.cz/od/soubory/ciselniky/obce.json,2026-08-21
obec,Obec/587010,CZ063,Kraj Vysočina,https://data.mpsv.cz/od/soubory/ciselniky/obce.json,2026-08-21
obec,Obec/587028,CZ063,Kraj Vysočina,https://data.mpsv.cz/od/soubory/ciselniky/obce.json,2026-08-21
obec,Obec/587036,CZ063,Kraj Vysočina,https://data.mpsv.cz/od/soubory/ciselniky/obce.json,2026-08-21
obec,Obec/587044,CZ063,Kraj Vysočina,https://data.mpsv.cz/od/soubory/ciselniky/obce.json,2026-08-21
obec,Obec/587061,CZ063,Kraj Vysočina,https://data.mpsv.cz/od/soubory/ciselniky/obce.json,2026-08-21
obec,Obec/587079,CZ063,Kraj Vysočina,https://data.mpsv.cz/od/soubory/ciselniky/obce.json,2026-08-21
obec,Obec/587087,CZ063,Kraj Vysočina,https://data.mpsv.cz/od/soubory/ciselniky/obce.json,2026-08-21
obec,Obec/587095,CZ063,Kraj Vysočina,https://data.mpsv.cz/od/soubory/ciselniky/obce.json,2026-08-21
obec,Obec/506729,CZ063,Kraj Vysočina,https://data.mpsv.cz/od/soubory/ciselniky/obce.json,2026-08-21
obec,Obec/587109,CZ063,Kraj Vysočina,https://data.mpsv.cz/od/soubory/ciselniky/obce.json,2026-08-21
obec,Obec/587125,CZ063,Kraj Vysočina,https://data.mpsv.cz/od/soubory/ciselniky/obce.json,2026-08-21
obec,Obec/587141,CZ063,Kraj Vysočina,https://data.mpsv.cz/od/soubory/ciselniky/obce.json,2026-08-21
obec,Obec/587150,CZ063,Kraj Vysočina,https://data.mpsv.cz/od/soubory/ciselniky/obce.json,2026-08-21
obec,Obec/587168,CZ063,Kraj Vysočina,https://data.mpsv.cz/od/soubory/ciselniky/obce.json,2026-08-21
obec,Obec/587206,CZ063,Kraj Vysočina,https://data.mpsv.cz/od/soubory/ciselniky/obce.json,2026-08-21
obec,Obec/587192,CZ063,Kraj Vysočina,https://data.mpsv.cz/od/soubory/ciselniky/obce.json,2026-08-21
obec,Obec/590681,CZ063,Kraj Vysočina,https://data.mpsv.cz/od/soubory/ciselniky/obce.json,2026-08-21
obec,Obec/587222,CZ063,Kraj Vysočina,https://data.mpsv.cz/od/soubory/ciselniky/obce.json,2026-08-21
obec,Obec/550281,CZ063,Kraj Vysočina,https://data.mpsv.cz/od/soubory/ciselniky/obce.json,2026-08-21
obec,Obec/587249,CZ063,Kraj Vysočina,https://data.mpsv.cz/od/soubory/ciselniky/obce.json,2026-08-21
obec,Obec/587265,CZ063,Kraj Vysočina,https://data.mpsv.cz/od/soubory/ciselniky/obce.json,2026-08-21
obec,Obec/587273,CZ063,Kraj Vysočina,https://data.mpsv.cz/od/soubory/ciselniky/obce.json,2026-08-21
obec,Obec/587281,CZ063,Kraj Vysočina,https://data.mpsv.cz/od/soubory/ciselniky/obce.json,2026-08-21
obec,Obec/586846,CZ063,Kraj Vysočina,https://data.mpsv.cz/od/soubory/ciselniky/obce.json,2026-08-21
obec,Obec/587290,CZ063,Kraj Vysočina,https://data.mpsv.cz/od/soubory/ciselniky/obce.json,2026-08-21
obec,Obec/587303,CZ063,Kraj Vysočina,https://data.mpsv.cz/od/soubory/ciselniky/obce.json,2026-08-21
obec,Obec/587320,CZ063,Kraj Vysočina,https://data.mpsv.cz/od/soubory/ciselniky/obce.json,2026-08-21
obec,Obec/587338,CZ063,Kraj Vysočina,https://data.mpsv.cz/od/soubory/ciselniky/obce.json,2026-08-21
obec,Obec/587346,CZ063,Kraj Vysočina,https://data.mpsv.cz/od/soubory/ciselniky/obce.json,2026-08-21
obec,Obec/587362,CZ063,Kraj Vysočina,https://data.mpsv.cz/od/soubory/ciselniky/obce.json,2026-08-21
obec,Obec/587371,CZ063,Kraj Vysočina,https://data.mpsv.cz/od/soubory/ciselniky/obce.json,2026-08-21
obec,Obec/590843,CZ063,Kraj Vysočina,https://data.mpsv.cz/od/soubory/ciselniky/obce.json,2026-08-21
obec,Obec/587389,CZ063,Kraj Vysočina,https://data.mpsv.cz/od/soubory/ciselniky/obce.json,2026-08-21
obec,Obec/587401,CZ063,Kraj Vysočina,https://data.mpsv.cz/od/soubory/ciselniky/obce.json,2026-08-21
obec,Obec/587419,CZ063,Kraj Vysočina,https://data.mpsv.cz/od/soubory/ciselniky/obce.json,2026-08-21
obec,Obec/587427,CZ063,Kraj Vysočina,https://data.mpsv.cz/od/soubory/ciselniky/obce.json,2026-08-21
obec,Obec/587435,CZ063,Kraj Vysočina,https://data.mpsv.cz/od/soubory/ciselniky/obce.json,2026-08-21
obec,Obec/587443,CZ063,Kraj Vysočina,https://data.mpsv.cz/od/soubory/ciselniky/obce.json,2026-08-21
obec,Obec/587451,CZ063,Kraj Vysočina,https://data.mpsv.cz/od/soubory/ciselniky/obce.json,2026-08-21
obec,Obec/587478,CZ063,Kraj Vysočina,https://data.mpsv.cz/od/soubory/ciselniky/obce.json,2026-08-21
obec,Obec/587486,CZ063,Kraj Vysočina,https://data.mpsv.cz/od/soubory/ciselniky/obce.json,2026-08-21
obec,Obec/587494,CZ063,Kraj Vysočina,https://data.mpsv.cz/od/soubory/ciselniky/obce.json,2026-08-21
obec,Obec/587508,CZ063,Kraj Vysočina,https://data.mpsv.cz/od/soubory/ciselniky/obce.json,2026-08-21
obec,Obec/587524,CZ063,Kraj Vysočina,https://data.mpsv.cz/od/soubory/ciselniky/obce.json,2026-08-21
obec,Obec/587532,CZ063,Kraj Vysočina,https://data.mpsv.cz/od/soubory/ciselniky/obce.json,2026-08-21
obec,Obec/587541,CZ063,Kraj Vysočina,https://data.mpsv.cz/od/soubory/ciselniky/obce.json,2026-08-21
obec,Obec/587559,CZ063,Kraj Vysočina,https://data.mpsv.cz/od/soubory/ciselniky/obce.json,2026-08-21
obec,Obec/587567,CZ063,Kraj Vysočina,https://data.mpsv.cz/od/soubory/ciselniky/obce.json,2026-08-21
obec,Obec/587575,CZ063,Kraj Vysočina,https://data.mpsv.cz/od/soubory/ciselniky/obce.json,2026-08-21
obec,Obec/587583,CZ063,Kraj Vysočina,https://data.mpsv.cz/od/soubory/ciselniky/obce.json,2026-08-21
obec,Obec/587591,CZ063,Kraj Vysočina,https://data.mpsv.cz/od/soubory/ciselniky/obce.json,2026-08-21
obec,Obec/587613,CZ063,Kraj Vysočina,https://data.mpsv.cz/od/soubory/ciselniky/obce.json,2026-08-21
obec,Obec/587214,CZ063,Kraj Vysočina,https://data.mpsv.cz/od/soubory/ciselniky/obce.json,2026-08-21
obec,Obec/587621,CZ063,Kraj Vysočina,https://data.mpsv.cz/od/soubory/ciselniky/obce.json,2026-08-21
obec,Obec/587630,CZ063,Kraj Vysočina,https://data.mpsv.cz/od/soubory/ciselniky/obce.json,2026-08-21
obec,Obec/587648,CZ063,Kraj Vysočina,https://data.mpsv.cz/od/soubory/ciselniky/obce.json,2026-08-21
obec,Obec/587656,CZ063,Kraj Vysočina,https://data.mpsv.cz/od/soubory/ciselniky/obce.json,2026-08-21
obec,Obec/587672,CZ063,Kraj Vysočina,https://data.mpsv.cz/od/soubory/ciselniky/obce.json,2026-08-21
obec,Obec/587681,CZ063,Kraj Vysočina,https://data.mpsv.cz/od/soubory/ciselniky/obce.json,2026-08-21
obec,Obec/587702,CZ063,Kraj Vysočina,https://data.mpsv.cz/od/soubory/ciselniky/obce.json,2026-08-21
obec,Obec/587711,CZ063,Kraj Vysočina,https://data.mpsv.cz/od/soubory/ciselniky/obce.json,2026-08-21
obec,Obec/587745,CZ063,Kraj Vysočina,https://data.mpsv.cz/od/soubory/ciselniky/obce.json,2026-08-21
obec,Obec/587761,CZ063,Kraj Vysočina,https://data.mpsv.cz/od/soubory/ciselniky/obce.json,2026-08-21
obec,Obec/587176,CZ063,Kraj Vysočina,https://data.mpsv.cz/od/soubory/ciselniky/obce.json,2026-08-21
obec,Obec/587788,CZ063,Kraj Vysočina,https://data.mpsv.cz/od/soubory/ciselniky/obce.json,2026-08-21
obec,Obec/587796,CZ063,Kraj Vysočina,https://data.mpsv.cz/od/soubory/ciselniky/obce.json,2026-08-21
obec,Obec/587800,CZ063,Kraj Vysočina,https://data.mpsv.cz/od/soubory/ciselniky/obce.json,2026-08-21
obec,Obec/587818,CZ063,Kraj Vysočina,https://data.mpsv.cz/od/soubory/ciselniky/obce.json,2026-08-21
obec,Obec/587826,CZ063,Kraj Vysočina,https://data.mpsv.cz/od/soubory/ciselniky/obce.json,2026-08-21
obec,Obec/587834,CZ063,Kraj Vysočina,https://data.mpsv.cz/od/soubory/ciselniky/obce.json,2026-08-21
obec,Obec/587851,CZ063,Kraj Vysočina,https://data.mpsv.cz/od/soubory/ciselniky/obce.json,2026-08-21
obec,Obec/587877,CZ063,Kraj Vysočina,https://data.mpsv.cz/od/soubory/ciselniky/obce.json,2026-08-21
obec,Obec/587885,CZ063,Kraj Vysočina,https://data.mpsv.cz/od/soubory/ciselniky/obce.json,2026-08-21
obec,Obec/550299,CZ063,Kraj Vysočina,https://data.mpsv.cz/od/soubory/ciselniky/obce.json,2026-08-21
obec,Obec/587915,CZ063,Kraj Vysočina,https://data.mpsv.cz/od/soubory/ciselniky/obce.json,2026-08-21
obec,Obec/587923,CZ063,Kraj Vysočina,https://data.mpsv.cz/od/soubory/ciselniky/obce.json,2026-08-21
obec,Obec/587931,CZ063,Kraj Vysočina,https://data.mpsv.cz/od/soubory/ciselniky/obce.json,2026-08-21
obec,Obec/587940,CZ063,Kraj Vysočina,https://data.mpsv.cz/od/soubory/ciselniky/obce.json,2026-08-21
obec,Obec/587958,CZ063,Kraj Vysočina,https://data.mpsv.cz/od/soubory/ciselniky/obce.json,2026-08-21
obec,Obec/587982,CZ063,Kraj Vysočina,https://data.mpsv.cz/od/soubory/ciselniky/obce.json,2026-08-21
obec,Obec/587991,CZ063,Kraj Vysočina,https://data.mpsv.cz/od/soubory/ciselniky/obce.json,2026-08-21
obec,Obec/588008,CZ063,Kraj Vysočina,https://data.mpsv.cz/od/soubory/ciselniky/obce.json,2026-08-21
obec,Obec/547255,CZ063,Kraj Vysočina,https://data.mpsv.cz/od/soubory/ciselniky/obce.json,2026-08-21
obec,Obec/588024,CZ063,Kraj Vysočina,https://data.mpsv.cz/od/soubory/ciselniky/obce.json,2026-08-21
obec,Obec/588032,CZ063,Kraj Vysočina,https://data.mpsv.cz/od/soubory/ciselniky/obce.json,2026-08-21
obec,Obec/588041,CZ063,Kraj Vysočina,https://data.mpsv.cz/od/soubory/ciselniky/obce.json,2026-08-21
obec,Obec/588067,CZ063,Kraj Vysočina,https://data.mpsv.cz/od/soubory/ciselniky/obce.json,2026-08-21
obec,Obec/588075,CZ063,Kraj Vysočina,https://data.mpsv.cz/od/soubory/ciselniky/obce.json,2026-08-21
obec,Obec/588083,CZ063,Kraj Vysočina,https://data.mpsv.cz/od/soubory/ciselniky/obce.json,2026-08-21
obec,Obec/588091,CZ063,Kraj Vysočina,https://data.mpsv.cz/od/soubory/ciselniky/obce.json,2026-08-21
obec,Obec/588105,CZ063,Kraj Vysočina,https://data.mpsv.cz/od/soubory/ciselniky/obce.json,2026-08-21
obec,Obec/588113,CZ063,Kraj Vysočina,https://data.mpsv.cz/od/soubory/ciselniky/obce.json,2026-08-21
obec,Obec/588121,CZ063,Kraj Vysočina,https://data.mpsv.cz/od/soubory/ciselniky/obce.json,2026-08-21
obec,Obec/588130,CZ063,Kraj Vysočina,https://data.mpsv.cz/od/soubory/ciselniky/obce.json,2026-08-21
obec,Obec/588148,CZ063,Kraj Vysočina,https://data.mpsv.cz/od/soubory/ciselniky/obce.json,2026-08-21
obec,Obec/588156,CZ063,Kraj Vysočina,https://data.mpsv.cz/od/soubory/ciselniky/obce.json,2026-08-21
obec,Obec/588164,CZ063,Kraj Vysočina,https://data.mpsv.cz/od/soubory/ciselniky/obce.json,2026-08-21
obec,Obec/588172,CZ063,Kraj Vysočina,https://data.mpsv.cz/od/soubory/ciselniky/obce.json,2026-08-21
obec,Obec/588181,CZ063,Kraj Vysočina,https://data.mpsv.cz/od/soubory/ciselniky/obce.json,2026-08-21
obec,Obec/588199,CZ063,Kraj Vysočina,https://data.mpsv.cz/od/soubory/ciselniky/obce.json,2026-08-21
obec,Obec/588202,CZ063,Kraj Vysočina,https://data.mpsv.cz/od/soubory/ciselniky/obce.json,2026-08-21
obec,Obec/587231,CZ063,Kraj Vysočina,https://data.mpsv.cz/od/soubory/ciselniky/obce.json,2026-08-21
obec,Obec/588211,CZ063,Kraj Vysočina,https://data.mpsv.cz/od/soubory/ciselniky/obce.json,2026-08-21
obec,Obec/588229,CZ063,Kraj Vysočina,https://data.mpsv.cz/od/soubory/ciselniky/obce.json,2026-08-21
obec,Obec/588245,CZ063,Kraj Vysočina,https://data.mpsv.cz/od/soubory/ciselniky/obce.json,2026-08-21
obec,Obec/588253,CZ063,Kraj Vysočina,https://data.mpsv.cz/od/soubory/ciselniky/obce.json,2026-08-21
obec,Obec/588261,CZ063,Kraj Vysočina,https://data.mpsv.cz/od/soubory/ciselniky/obce.json,2026-08-21
obec,Obec/588270,CZ063,Kraj Vysočina,https://data.mpsv.cz/od/soubory/ciselniky/obce.json,2026-08-21
obec,Obec/588288,CZ063,Kraj Vysočina,https://data.mpsv.cz/od/soubory/ciselniky/obce.json,2026-08-21
obec,Obec/588300,CZ072,Zlínský kraj,https://data.mpsv.cz/od/soubory/ciselniky/obce.json,2026-08-21
obec,Obec/588326,CZ072,Zlínský kraj,https://data.mpsv.cz/od/soubory/ciselniky/obce.json,2026-08-21
obec,Obec/542318,CZ072,Zlínský kraj,https://data.mpsv.cz/od/soubory/ciselniky/obce.json,2026-08-21
obec,Obec/549690,CZ072,Zlínský kraj,https://data.mpsv.cz/od/soubory/ciselniky/obce.json,2026-08-21
obec,Obec/588377,CZ072,Zlínský kraj,https://data.mpsv.cz/od/soubory/ciselniky/obce.json,2026-08-21
obec,Obec/588385,CZ072,Zlínský kraj,https://data.mpsv.cz/od/soubory/ciselniky/obce.json,2026-08-21
obec,Obec/588393,CZ072,Zlínský kraj,https://data.mpsv.cz/od/soubory/ciselniky/obce.json,2026-08-21
obec,Obec/588407,CZ072,Zlínský kraj,https://data.mpsv.cz/od/soubory/ciselniky/obce.json,2026-08-21
obec,Obec/588431,CZ072,Zlínský kraj,https://data.mpsv.cz/od/soubory/ciselniky/obce.json,2026-08-21
obec,Obec/588458,CZ072,Zlínský kraj,https://data.mpsv.cz/od/soubory/ciselniky/obce.json,2026-08-21
obec,Obec/542342,CZ072,Zlínský kraj,https://data.mpsv.cz/od/soubory/ciselniky/obce.json,2026-08-21
obec,Obec/588474,CZ072,Zlínský kraj,https://data.mpsv.cz/od/soubory/ciselniky/obce.json,2026-08-21
obec,Obec/588482,CZ072,Zlínský kraj,https://data.mpsv.cz/od/soubory/ciselniky/obce.json,2026-08-21
obec,Obec/588491,CZ072,Zlínský kraj,https://data.mpsv.cz/od/soubory/ciselniky/obce.json,2026-08-21
obec,Obec/588504,CZ072,Zlínský kraj,https://data.mpsv.cz/od/soubory/ciselniky/obce.json,2026-08-21
obec,Obec/588512,CZ072,Zlínský kraj,https://data.mpsv.cz/od/soubory/ciselniky/obce.json,2026-08-21
obec,Obec/506737,CZ072,Zlínský kraj,https://data.mpsv.cz/od/soubory/ciselniky/obce.json,2026-08-21
obec,Obec/588547,CZ072,Zlínský kraj,https://data.mpsv.cz/od/soubory/ciselniky/obce.json,2026-08-21
obec,Obec/588555,CZ072,Zlínský kraj,https://data.mpsv.cz/od/soubory/ciselniky/obce.json,2026-08-21
obec,Obec/588563,CZ072,Zlínský kraj,https://data.mpsv.cz/od/soubory/ciselniky/obce.json,2026-08-21
obec,Obec/587354,CZ072,Zlínský kraj,https://data.mpsv.cz/od/soubory/ciselniky/obce.json,2026-08-21
obec,Obec/588598,CZ072,Zlínský kraj,https://data.mpsv.cz/od/soubory/ciselniky/obce.json,2026-08-21
obec,Obec/588601,CZ072,Zlínský kraj,https://data.mpsv.cz/od/soubory/ciselniky/obce.json,2026-08-21
obec,Obec/588521,CZ072,Zlínský kraj,https://data.mpsv.cz/od/soubory/ciselniky/obce.json,2026-08-21
obec,Obec/588610,CZ072,Zlínský kraj,https://data.mpsv.cz/od/soubory/ciselniky/obce.json,2026-08-21
obec,Obec/588296,CZ072,Zlínský kraj,https://data.mpsv.cz/od/soubory/ciselniky/obce.json,2026-08-21
obec,Obec/588628,CZ072,Zlínský kraj,https://data.mpsv.cz/od/soubory/ciselniky/obce.json,2026-08-21
obec,Obec/588636,CZ072,Zlínský kraj,https://data.mpsv.cz/od/soubory/ciselniky/obce.json,2026-08-21
obec,Obec/588644,CZ072,Zlínský kraj,https://data.mpsv.cz/od/soubory/ciselniky/obce.json,2026-08-21
obec,Obec/588652,CZ072,Zlínský kraj,https://data.mpsv.cz/od/soubory/ciselniky/obce.json,2026-08-21
obec,Obec/588661,CZ072,Zlínský kraj,https://data.mpsv.cz/od/soubory/ciselniky/obce.json,2026-08-21
obec,Obec/588695,CZ072,Zlínský kraj,https://data.mpsv.cz/od/soubory/ciselniky/obce.json,2026-08-21
obec,Obec/588709,CZ072,Zlínský kraj,https://data.mpsv.cz/od/soubory/ciselniky/obce.json,2026-08-21
obec,Obec/588717,CZ072,Zlínský kraj,https://data.mpsv.cz/od/soubory/ciselniky/obce.json,2026-08-21
obec,Obec/588725,CZ072,Zlínský kraj,https://data.mpsv.cz/od/soubory/ciselniky/obce.json,2026-08-21
obec,Obec/588733,CZ072,Zlínský kraj,https://data.mpsv.cz/od/soubory/ciselniky/obce.json,2026-08-21
obec,Obec/588741,CZ072,Zlínský kraj,https://data.mpsv.cz/od/soubory/ciselniky/obce.json,2026-08-21
obec,Obec/588750,CZ072,Zlínský kraj,https://data.mpsv.cz/od/soubory/ciselniky/obce.json,2026-08-21
obec,Obec/588768,CZ072,Zlínský kraj,https://data.mpsv.cz/od/soubory/ciselniky/obce.json,2026-08-21
obec,Obec/553905,CZ072,Zlínský kraj,https://data.mpsv.cz/od/soubory/ciselniky/obce.json,2026-08-21
obec,Obec/588784,CZ072,Zlínský kraj,https://data.mpsv.cz/od/soubory/ciselniky/obce.json,2026-08-21
obec,Obec/588806,CZ072,Zlínský kraj,https://data.mpsv.cz/od/soubory/ciselniky/obce.json,2026-08-21
obec,Obec/588814,CZ072,Zlínský kraj,https://data.mpsv.cz/od/soubory/ciselniky/obce.json,2026-08-21
obec,Obec/588822,CZ072,Zlínský kraj,https://data.mpsv.cz/od/soubory/ciselniky/obce.json,2026-08-21
obec,Obec/588831,CZ072,Zlínský kraj,https://data.mpsv.cz/od/soubory/ciselniky/obce.json,2026-08-21
obec,Obec/588849,CZ072,Zlínský kraj,https://data.mpsv.cz/od/soubory/ciselniky/obce.json,2026-08-21
obec,Obec/588865,CZ072,Zlínský kraj,https://data.mpsv.cz/od/soubory/ciselniky/obce.json,2026-08-21
obec,Obec/588873,CZ072,Zlínský kraj,https://data.mpsv.cz/od/soubory/ciselniky/obce.json,2026-08-21
obec,Obec/587397,CZ072,Zlínský kraj,https://data.mpsv.cz/od/soubory/ciselniky/obce.json,2026-08-21
obec,Obec/588890,CZ072,Zlínský kraj,https://data.mpsv.cz/od/soubory/ciselniky/obce.json,2026-08-21
obec,Obec/588903,CZ072,Zlínský kraj,https://data.mpsv.cz/od/soubory/ciselniky/obce.json,2026-08-21
obec,Obec/549720,CZ072,Zlínský kraj,https://data.mpsv.cz/od/soubory/ciselniky/obce.json,2026-08-21
obec,Obec/588920,CZ072,Zlínský kraj,https://data.mpsv.cz/od/soubory/ciselniky/obce.json,2026-08-21
obec,Obec/588938,CZ072,Zlínský kraj,https://data.mpsv.cz/od/soubory/ciselniky/obce.json,2026-08-21
obec,Obec/588946,CZ072,Zlínský kraj,https://data.mpsv.cz/od/soubory/ciselniky/obce.json,2026-08-21
obec,Obec/588954,CZ072,Zlínský kraj,https://data.mpsv.cz/od/soubory/ciselniky/obce.json,2026-08-21
obec,Obec/588962,CZ072,Zlínský kraj,https://data.mpsv.cz/od/soubory/ciselniky/obce.json,2026-08-21
obec,Obec/588971,CZ072,Zlínský kraj,https://data.mpsv.cz/od/soubory/ciselniky/obce.json,2026-08-21
obec,Obec/588989,CZ072,Zlínský kraj,https://data.mpsv.cz/od/soubory/ciselniky/obce.json,2026-08-21
obec,Obec/588997,CZ072,Zlínský kraj,https://data.mpsv.cz/od/soubory/ciselniky/obce.json,2026-08-21
obec,Obec/589004,CZ072,Zlínský kraj,https://data.mpsv.cz/od/soubory/ciselniky/obce.json,2026-08-21
obec,Obec/589039,CZ072,Zlínský kraj,https://data.mpsv.cz/od/soubory/ciselniky/obce.json,2026-08-21
obec,Obec/589047,CZ072,Zlínský kraj,https://data.mpsv.cz/od/soubory/ciselniky/obce.json,2026-08-21
obec,Obec/589055,CZ072,Zlínský kraj,https://data.mpsv.cz/od/soubory/ciselniky/obce.json,2026-08-21
obec,Obec/557188,CZ072,Zlínský kraj,https://data.mpsv.cz/od/soubory/ciselniky/obce.json,2026-08-21
obec,Obec/589080,CZ072,Zlínský kraj,https://data.mpsv.cz/od/soubory/ciselniky/obce.json,2026-08-21
obec,Obec/589098,CZ072,Zlínský kraj,https://data.mpsv.cz/od/soubory/ciselniky/obce.json,2026-08-21
obec,Obec/589110,CZ072,Zlínský kraj,https://data.mpsv.cz/od/soubory/ciselniky/obce.json,2026-08-21
obec,Obec/589128,CZ072,Zlínský kraj,https://data.mpsv.cz/od/soubory/ciselniky/obce.json,2026-08-21
obec,Obec/589136,CZ072,Zlínský kraj,https://data.mpsv.cz/od/soubory/ciselniky/obce.json,2026-08-21
obec,Obec/542393,CZ072,Zlínský kraj,https://data.mpsv.cz/od/soubory/ciselniky/obce.json,2026-08-21
obec,Obec/589152,CZ072,Zlínský kraj,https://data.mpsv.cz/od/soubory/ciselniky/obce.json,2026-08-21
obec,Obec/589161,CZ072,Zlínský kraj,https://data.mpsv.cz/od/soubory/ciselniky/obce.json,2026-08-21
obec,Obec/587257,CZ072,Zlínský kraj,https://data.mpsv.cz/od/soubory/ciselniky/obce.json,2026-08-21
obec,Obec/589187,CZ072,Zlínský kraj,https://data.mpsv.cz/od/soubory/ciselniky/obce.json,2026-08-21
obec,Obec/589195,CZ072,Zlínský kraj,https://data.mpsv.cz/od/soubory/ciselniky/obce.json,2026-08-21
obec,Obec/589217,CZ072,Zlínský kraj,https://data.mpsv.cz/od/soubory/ciselniky/obce.json,2026-08-21
obec,Obec/589225,CZ072,Zlínský kraj,https://data.mpsv.cz/od/soubory/ciselniky/obce.json,2026-08-21
obec,Obec/589233,CZ072,Zlínský kraj,https://data.mpsv.cz/od/soubory/ciselniky/obce.json,2026-08-21
obec,Obec/506761,CZ071,Olomoucký kraj,https://data.mpsv.cz/od/soubory/ciselniky/obce.json,2026-08-21
obec,Obec/589268,CZ071,Olomoucký kraj,https://data.mpsv.cz/od/soubory/ciselniky/obce.json,2026-08-21
obec,Obec/589276,CZ071,Olomoucký kraj,https://data.mpsv.cz/od/soubory/ciselniky/obce.json,2026-08-21
obec,Obec/589284,CZ071,Olomoucký kraj,https://data.mpsv.cz/od/soubory/ciselniky/obce.json,2026-08-21
obec,Obec/589292,CZ071,Olomoucký kraj,https://data.mpsv.cz/od/soubory/ciselniky/obce.json,2026-08-21
obec,Obec/589306,CZ071,Olomoucký kraj,https://data.mpsv.cz/od/soubory/ciselniky/obce.json,2026-08-21
obec,Obec/589314,CZ071,Olomoucký kraj,https://data.mpsv.cz/od/soubory/ciselniky/obce.json,2026-08-21
obec,Obec/589322,CZ071,Olomoucký kraj,https://data.mpsv.cz/od/soubory/ciselniky/obce.json,2026-08-21
obec,Obec/589331,CZ071,Olomoucký kraj,https://data.mpsv.cz/od/soubory/ciselniky/obce.json,2026-08-21
obec,Obec/589349,CZ071,Olomoucký kraj,https://data.mpsv.cz/od/soubory/ciselniky/obce.json,2026-08-21
obec,Obec/589357,CZ071,Olomoucký kraj,https://data.mpsv.cz/od/soubory/ciselniky/obce.json,2026-08-21
obec,Obec/589365,CZ071,Olomoucký kraj,https://data.mpsv.cz/od/soubory/ciselniky/obce.json,2026-08-21
obec,Obec/589381,CZ071,Olomoucký kraj,https://data.mpsv.cz/od/soubory/ciselniky/obce.json,2026-08-21
obec,Obec/589390,CZ071,Olomoucký kraj,https://data.mpsv.cz/od/soubory/ciselniky/obce.json,2026-08-21
obec,Obec/589403,CZ071,Olomoucký kraj,https://data.mpsv.cz/od/soubory/ciselniky/obce.json,2026-08-21
obec,Obec/589420,CZ071,Olomoucký kraj,https://data.mpsv.cz/od/soubory/ciselniky/obce.json,2026-08-21
obec,Obec/589438,CZ071,Olomoucký kraj,https://data.mpsv.cz/od/soubory/ciselniky/obce.json,2026-08-21
obec,Obec/589446,CZ071,Olomoucký kraj,https://data.mpsv.cz/od/soubory/ciselniky/obce.json,2026-08-21
obec,Obec/589454,CZ071,Olomoucký kraj,https://data.mpsv.cz/od/soubory/ciselniky/obce.json,2026-08-21
obec,Obec/589462,CZ071,Olomoucký kraj,https://data.mpsv.cz/od/soubory/ciselniky/obce.json,2026-08-21
obec,Obec/558419,CZ071,Olomoucký kraj,https://data.mpsv.cz/od/soubory/ciselniky/obce.json,2026-08-21
obec,Obec/589489,CZ071,Olomoucký kraj,https://data.mpsv.cz/od/soubory/ciselniky/obce.json,2026-08-21
obec,Obec/589497,CZ071,Olomoucký kraj,https://data.mpsv.cz/od/soubory/ciselniky/obce.json,2026-08-21
obec,Obec/549967,CZ071,Olomoucký kraj,https://data.mpsv.cz/od/soubory/ciselniky/obce.json,2026-08-21
obec,Obec/589501,CZ071,Olomoucký kraj,https://data.mpsv.cz/od/soubory/ciselniky/obce.json,2026-08-21
obec,Obec/589519,CZ071,Olomoucký kraj,https://data.mpsv.cz/od/soubory/ciselniky/obce.json,2026-08-21
obec,Obec/589527,CZ071,Olomoucký kraj,https://data.mpsv.cz/od/soubory/ciselniky/obce.json,2026-08-21
obec,Obec/589535,CZ071,Olomoucký kraj,https://data.mpsv.cz/od/soubory/ciselniky/obce.json,2026-08-21
obec,Obec/589543,CZ071,Olomoucký kraj,https://data.mpsv.cz/od/soubory/ciselniky/obce.json,2026-08-21
obec,Obec/543543,CZ071,Olomoucký kraj,https://data.mpsv.cz/od/soubory/ciselniky/obce.json,2026-08-21
obec,Obec/589560,CZ071,Olomoucký kraj,https://data.mpsv.cz/od/soubory/ciselniky/obce.json,2026-08-21
obec,Obec/589578,CZ071,Olomoucký kraj,https://data.mpsv.cz/od/soubory/ciselniky/obce.json,2026-08-21
obec,Obec/589586,CZ071,Olomoucký kraj,https://data.mpsv.cz/od/soubory/ciselniky/obce.json,2026-08-21
obec,Obec/589594,CZ071,Olomoucký kraj,https://data.mpsv.cz/od/soubory/ciselniky/obce.json,2026-08-21
obec,Obec/589608,CZ071,Olomoucký kraj,https://data.mpsv.cz/od/soubory/ciselniky/obce.json,2026-08-21
obec,Obec/589616,CZ071,Olomoucký kraj,https://data.mpsv.cz/od/soubory/ciselniky/obce.json,2026-08-21
obec,Obec/589624,CZ071,Olomoucký kraj,https://data.mpsv.cz/od/soubory/ciselniky/obce.json,2026-08-21
obec,Obec/589632,CZ071,Olomoucký kraj,https://data.mpsv.cz/od/soubory/ciselniky/obce.json,2026-08-21
obec,Obec/589641,CZ071,Olomoucký kraj,https://data.mpsv.cz/od/soubory/ciselniky/obce.json,2026-08-21
obec,Obec/589659,CZ071,Olomoucký kraj,https://data.mpsv.cz/od/soubory/ciselniky/obce.json,2026-08-21
obec,Obec/589667,CZ071,Olomoucký kraj,https://data.mpsv.cz/od/soubory/ciselniky/obce.json,2026-08-21
obec,Obec/589675,CZ071,Olomoucký kraj,https://data.mpsv.cz/od/soubory/ciselniky/obce.json,2026-08-21
obec,Obec/589683,CZ071,Olomoucký kraj,https://data.mpsv.cz/od/soubory/ciselniky/obce.json,2026-08-21
obec,Obec/589691,CZ071,Olomoucký kraj,https://data.mpsv.cz/od/soubory/ciselniky/obce.json,2026-08-21
obec,Obec/589705,CZ071,Olomoucký kraj,https://data.mpsv.cz/od/soubory/ciselniky/obce.json,2026-08-21
obec,Obec/589713,CZ071,Olomoucký kraj,https://data.mpsv.cz/od/soubory/ciselniky/obce.json,2026-08-21
obec,Obec/589721,CZ071,Olomoucký kraj,https://data.mpsv.cz/od/soubory/ciselniky/obce.json,2026-08-21
obec,Obec/589730,CZ071,Olomoucký kraj,https://data.mpsv.cz/od/soubory/ciselniky/obce.json,2026-08-21
obec,Obec/589748,CZ071,Olomoucký kraj,https://data.mpsv.cz/od/soubory/ciselniky/obce.json,2026-08-21
obec,Obec/589756,CZ071,Olomoucký kraj,https://data.mpsv.cz/od/soubory/ciselniky/obce.json,2026-08-21
obec,Obec/589764,CZ071,Olomoucký kraj,https://data.mpsv.cz/od/soubory/ciselniky/obce.json,2026-08-21
obec,Obec/589772,CZ071,Olomoucký kraj,https://data.mpsv.cz/od/soubory/ciselniky/obce.json,2026-08-21
obec,Obec/589799,CZ071,Olomoucký kraj,https://data.mpsv.cz/od/soubory/ciselniky/obce.json,2026-08-21
obec,Obec/589802,CZ071,Olomoucký kraj,https://data.mpsv.cz/od/soubory/ciselniky/obce.json,2026-08-21
obec,Obec/589811,CZ071,Olomoucký kraj,https://data.mpsv.cz/od/soubory/ciselniky/obce.json,2026-08-21
obec,Obec/589829,CZ071,Olomoucký kraj,https://data.mpsv.cz/od/soubory/ciselniky/obce.json,2026-08-21
obec,Obec/589837,CZ071,Olomoucký kraj,https://data.mpsv.cz/od/soubory/ciselniky/obce.json,2026-08-21
obec,Obec/589845,CZ071,Olomoucký kraj,https://data.mpsv.cz/od/soubory/ciselniky/obce.json,2026-08-21
obec,Obec/589853,CZ071,Olomoucký kraj,https://data.mpsv.cz/od/soubory/ciselniky/obce.json,2026-08-21
obec,Obec/557196,CZ071,Olomoucký kraj,https://data.mpsv.cz/od/soubory/ciselniky/obce.json,2026-08-21
obec,Obec/589870,CZ071,Olomoucký kraj,https://data.mpsv.cz/od/soubory/ciselniky/obce.json,2026-08-21
obec,Obec/589888,CZ071,Olomoucký kraj,https://data.mpsv.cz/od/soubory/ciselniky/obce.json,2026-08-21
obec,Obec/589896,CZ071,Olomoucký kraj,https://data.mpsv.cz/od/soubory/ciselniky/obce.json,2026-08-21
obec,Obec/549983,CZ071,Olomoucký kraj,https://data.mpsv.cz/od/soubory/ciselniky/obce.json,2026-08-21
obec,Obec/589250,CZ071,Olomoucký kraj,https://data.mpsv.cz/od/soubory/ciselniky/obce.json,2026-08-21
obec,Obec/589918,CZ071,Olomoucký kraj,https://data.mpsv.cz/od/soubory/ciselniky/obce.json,2026-08-21
obec,Obec/589926,CZ071,Olomoucký kraj,https://data.mpsv.cz/od/soubory/ciselniky/obce.json,2026-08-21
obec,Obec/589934,CZ071,Olomoucký kraj,https://data.mpsv.cz/od/soubory/ciselniky/obce.json,2026-08-21
obec,Obec/589942,CZ071,Olomoucký kraj,https://data.mpsv.cz/od/soubory/ciselniky/obce.json,2026-08-21
obec,Obec/589951,CZ071,Olomoucký kraj,https://data.mpsv.cz/od/soubory/ciselniky/obce.json,2026-08-21
obec,Obec/589969,CZ071,Olomoucký kraj,https://data.mpsv.cz/od/soubory/ciselniky/obce.json,2026-08-21
obec,Obec/589977,CZ071,Olomoucký kraj,https://data.mpsv.cz/od/soubory/ciselniky/obce.json,2026-08-21
obec,Obec/506770,CZ071,Olomoucký kraj,https://data.mpsv.cz/od/soubory/ciselniky/obce.json,2026-08-21
obec,Obec/589993,CZ071,Olomoucký kraj,https://data.mpsv.cz/od/soubory/ciselniky/obce.json,2026-08-21
obec,Obec/590002,CZ071,Olomoucký kraj,https://data.mpsv.cz/od/soubory/ciselniky/obce.json,2026-08-21
obec,Obec/590011,CZ071,Olomoucký kraj,https://data.mpsv.cz/od/soubory/ciselniky/obce.json,2026-08-21
obec,Obec/590029,CZ071,Olomoucký kraj,https://data.mpsv.cz/od/soubory/ciselniky/obce.json,2026-08-21
obec,Obec/590045,CZ071,Olomoucký kraj,https://data.mpsv.cz/od/soubory/ciselniky/obce.json,2026-08-21
obec,Obec/590053,CZ071,Olomoucký kraj,https://data.mpsv.cz/od/soubory/ciselniky/obce.json,2026-08-21
obec,Obec/590061,CZ071,Olomoucký kraj,https://data.mpsv.cz/od/soubory/ciselniky/obce.json,2026-08-21
obec,Obec/590070,CZ071,Olomoucký kraj,https://data.mpsv.cz/od/soubory/ciselniky/obce.json,2026-08-21
obec,Obec/590088,CZ071,Olomoucký kraj,https://data.mpsv.cz/od/soubory/ciselniky/obce.json,2026-08-21
obec,Obec/590096,CZ071,Olomoucký kraj,https://data.mpsv.cz/od/soubory/ciselniky/obce.json,2026-08-21
obec,Obec/590100,CZ071,Olomoucký kraj,https://data.mpsv.cz/od/soubory/ciselniky/obce.json,2026-08-21
obec,Obec/590118,CZ071,Olomoucký kraj,https://data.mpsv.cz/od/soubory/ciselniky/obce.json,2026-08-21
obec,Obec/590126,CZ071,Olomoucký kraj,https://data.mpsv.cz/od/soubory/ciselniky/obce.json,2026-08-21
obec,Obec/590134,CZ071,Olomoucký kraj,https://data.mpsv.cz/od/soubory/ciselniky/obce.json,2026-08-21
obec,Obec/590142,CZ071,Olomoucký kraj,https://data.mpsv.cz/od/soubory/ciselniky/obce.json,2026-08-21
obec,Obec/544710,CZ071,Olomoucký kraj,https://data.mpsv.cz/od/soubory/ciselniky/obce.json,2026-08-21
obec,Obec/590151,CZ071,Olomoucký kraj,https://data.mpsv.cz/od/soubory/ciselniky/obce.json,2026-08-21
obec,Obec/590177,CZ071,Olomoucký kraj,https://data.mpsv.cz/od/soubory/ciselniky/obce.json,2026-08-21
obec,Obec/590185,CZ071,Olomoucký kraj,https://data.mpsv.cz/od/soubory/ciselniky/obce.json,2026-08-21
obec,Obec/590193,CZ071,Olomoucký kraj,https://data.mpsv.cz/od/soubory/ciselniky/obce.json,2026-08-21
obec,Obec/590207,CZ071,Olomoucký kraj,https://data.mpsv.cz/od/soubory/ciselniky/obce.json,2026-08-21
obec,Obec/590215,CZ071,Olomoucký kraj,https://data.mpsv.cz/od/soubory/ciselniky/obce.json,2026-08-21
obec,Obec/590223,CZ071,Olomoucký kraj,https://data.mpsv.cz/od/soubory/ciselniky/obce.json,2026-08-21
obec,Obec/590240,CZ071,Olomoucký kraj,https://data.mpsv.cz/od/soubory/ciselniky/obce.json,2026-08-21
obec,Obec/590274,CZ063,Kraj Vysočina,https://data.mpsv.cz/od/soubory/ciselniky/obce.json,2026-08-21
obec,Obec/590282,CZ063,Kraj Vysočina,https://data.mpsv.cz/od/soubory/ciselniky/obce.json,2026-08-21
obec,Obec/544833,CZ063,Kraj Vysočina,https://data.mpsv.cz/od/soubory/ciselniky/obce.json,2026-08-21
obec,Obec/590304,CZ063,Kraj Vysočina,https://data.mpsv.cz/od/soubory/ciselniky/obce.json,2026-08-21
obec,Obec/590312,CZ063,Kraj Vysočina,https://data.mpsv.cz/od/soubory/ciselniky/obce.json,2026-08-21
obec,Obec/590321,CZ063,Kraj Vysočina,https://data.mpsv.cz/od/soubory/ciselniky/obce.json,2026-08-21
obec,Obec/550400,CZ063,Kraj Vysočina,https://data.mpsv.cz/od/soubory/ciselniky/obce.json,2026-08-21
obec,Obec/590347,CZ063,Kraj Vysočina,https://data.mpsv.cz/od/soubory/ciselniky/obce.json,2026-08-21
obec,Obec/590363,CZ063,Kraj Vysočina,https://data.mpsv.cz/od/soubory/ciselniky/obce.json,2026-08-21
obec,Obec/590380,CZ063,Kraj Vysočina,https://data.mpsv.cz/od/soubory/ciselniky/obce.json,2026-08-21
obec,Obec/590401,CZ063,Kraj Vysočina,https://data.mpsv.cz/od/soubory/ciselniky/obce.json,2026-08-21
obec,Obec/590410,CZ063,Kraj Vysočina,https://data.mpsv.cz/od/soubory/ciselniky/obce.json,2026-08-21
obec,Obec/590428,CZ063,Kraj Vysočina,https://data.mpsv.cz/od/soubory/ciselniky/obce.json,2026-08-21
obec,Obec/590436,CZ063,Kraj Vysočina,https://data.mpsv.cz/od/soubory/ciselniky/obce.json,2026-08-21
obec,Obec/553964,CZ063,Kraj Vysočina,https://data.mpsv.cz/od/soubory/ciselniky/obce.json,2026-08-21
obec,Obec/590444,CZ063,Kraj Vysočina,https://data.mpsv.cz/od/soubory/ciselniky/obce.json,2026-08-21
obec,Obec/590452,CZ063,Kraj Vysočina,https://data.mpsv.cz/od/soubory/ciselniky/obce.json,2026-08-21
obec,Obec/590461,CZ063,Kraj Vysočina,https://data.mpsv.cz/od/soubory/ciselniky/obce.json,2026-08-21
obec,Obec/590479,CZ063,Kraj Vysočina,https://data.mpsv.cz/od/soubory/ciselniky/obce.json,2026-08-21
obec,Obec/590487,CZ063,Kraj Vysočina,https://data.mpsv.cz/od/soubory/ciselniky/obce.json,2026-08-21
obec,Obec/590495,CZ063,Kraj Vysočina,https://data.mpsv.cz/od/soubory/ciselniky/obce.json,2026-08-21
obec,Obec/590509,CZ063,Kraj Vysočina,https://data.mpsv.cz/od/soubory/ciselniky/obce.json,2026-08-21
obec,Obec/590517,CZ063,Kraj Vysočina,https://data.mpsv.cz/od/soubory/ciselniky/obce.json,2026-08-21
obec,Obec/590525,CZ063,Kraj Vysočina,https://data.mpsv.cz/od/soubory/ciselniky/obce.json,2026-08-21
obec,Obec/590533,CZ063,Kraj Vysočina,https://data.mpsv.cz/od/soubory/ciselniky/obce.json,2026-08-21
obec,Obec/587664,CZ063,Kraj Vysočina,https://data.mpsv.cz/od/soubory/ciselniky/obce.json,2026-08-21
obec,Obec/590550,CZ063,Kraj Vysočina,https://data.mpsv.cz/od/soubory/ciselniky/obce.json,2026-08-21
obec,Obec/590568,CZ063,Kraj Vysočina,https://data.mpsv.cz/od/soubory/ciselniky/obce.json,2026-08-21
obec,Obec/590576,CZ063,Kraj Vysočina,https://data.mpsv.cz/od/soubory/ciselniky/obce.json,2026-08-21
obec,Obec/590584,CZ063,Kraj Vysočina,https://data.mpsv.cz/od/soubory/ciselniky/obce.json,2026-08-21
obec,Obec/590592,CZ063,Kraj Vysočina,https://data.mpsv.cz/od/soubory/ciselniky/obce.json,2026-08-21
obec,Obec/590614,CZ063,Kraj Vysočina,https://data.mpsv.cz/od/soubory/ciselniky/obce.json,2026-08-21
obec,Obec/590622,CZ063,Kraj Vysočina,https://data.mpsv.cz/od/soubory/ciselniky/obce.json,2026-08-21
obec,Obec/590631,CZ063,Kraj Vysočina,https://data.mpsv.cz/od/soubory/ciselniky/obce.json,2026-08-21
obec,Obec/550612,CZ063,Kraj Vysočina,https://data.mpsv.cz/od/soubory/ciselniky/obce.json,2026-08-21
obec,Obec/590649,CZ063,Kraj Vysočina,https://data.mpsv.cz/od/soubory/ciselniky/obce.json,2026-08-21
obec,Obec/590657,CZ063,Kraj Vysočina,https://data.mpsv.cz/od/soubory/ciselniky/obce.json,2026-08-21
obec,Obec/590665,CZ063,Kraj Vysočina,https://data.mpsv.cz/od/soubory/ciselniky/obce.json,2026-08-21
obec,Obec/590673,CZ063,Kraj Vysočina,https://data.mpsv.cz/od/soubory/ciselniky/obce.json,2026-08-21
obec,Obec/550639,CZ063,Kraj Vysočina,https://data.mpsv.cz/od/soubory/ciselniky/obce.json,2026-08-21
obec,Obec/590690,CZ063,Kraj Vysočina,https://data.mpsv.cz/od/soubory/ciselniky/obce.json,2026-08-21
obec,Obec/590703,CZ063,Kraj Vysočina,https://data.mpsv.cz/od/soubory/ciselniky/obce.json,2026-08-21
obec,Obec/590711,CZ063,Kraj Vysočina,https://data.mpsv.cz/od/soubory/ciselniky/obce.json,2026-08-21
obec,Obec/550477,CZ063,Kraj Vysočina,https://data.mpsv.cz/od/soubory/ciselniky/obce.json,2026-08-21
obec,Obec/590746,CZ063,Kraj Vysočina,https://data.mpsv.cz/od/soubory/ciselniky/obce.json,2026-08-21
obec,Obec/590754,CZ063,Kraj Vysočina,https://data.mpsv.cz/od/soubory/ciselniky/obce.json,2026-08-21
obec,Obec/590762,CZ063,Kraj Vysočina,https://data.mpsv.cz/od/soubory/ciselniky/obce.json,2026-08-21
obec,Obec/590789,CZ063,Kraj Vysočina,https://data.mpsv.cz/od/soubory/ciselniky/obce.json,2026-08-21
obec,Obec/590797,CZ063,Kraj Vysočina,https://data.mpsv.cz/od/soubory/ciselniky/obce.json,2026-08-21
obec,Obec/550591,CZ063,Kraj Vysočina,https://data.mpsv.cz/od/soubory/ciselniky/obce.json,2026-08-21
obec,Obec/590801,CZ063,Kraj Vysočina,https://data.mpsv.cz/od/soubory/ciselniky/obce.json,2026-08-21
obec,Obec/590819,CZ063,Kraj Vysočina,https://data.mpsv.cz/od/soubory/ciselniky/obce.json,2026-08-21
obec,Obec/590827,CZ063,Kraj Vysočina,https://data.mpsv.cz/od/soubory/ciselniky/obce.json,2026-08-21
obec,Obec/590835,CZ063,Kraj Vysočina,https://data.mpsv.cz/od/soubory/ciselniky/obce.json,2026-08-21
obec,Obec/590851,CZ063,Kraj Vysočina,https://data.mpsv.cz/od/soubory/ciselniky/obce.json,2026-08-21
obec,Obec/510645,CZ063,Kraj Vysočina,https://data.mpsv.cz/od/soubory/ciselniky/obce.json,2026-08-21
obec,Obec/590860,CZ063,Kraj Vysočina,https://data.mpsv.cz/od/soubory/ciselniky/obce.json,2026-08-21
obec,Obec/590878,CZ063,Kraj Vysočina,https://data.mpsv.cz/od/soubory/ciselniky/obce.json,2026-08-21
obec,Obec/590886,CZ063,Kraj Vysočina,https://data.mpsv.cz/od/soubory/ciselniky/obce.json,2026-08-21
obec,Obec/590894,CZ063,Kraj Vysočina,https://data.mpsv.cz/od/soubory/ciselniky/obce.json,2026-08-21
obec,Obec/590908,CZ063,Kraj Vysočina,https://data.mpsv.cz/od/soubory/ciselniky/obce.json,2026-08-21
obec,Obec/590916,CZ063,Kraj Vysočina,https://data.mpsv.cz/od/soubory/ciselniky/obce.json,2026-08-21
obec,Obec/545309,CZ063,Kraj Vysočina,https://data.mpsv.cz/od/soubory/ciselniky/obce.json,2026-08-21
obec,Obec/550710,CZ063,Kraj Vysočina,https://data.mpsv.cz/od/soubory/ciselniky/obce.json,2026-08-21
obec,Obec/590941,CZ063,Kraj Vysočina,https://data.mpsv.cz/od/soubory/ciselniky/obce.json,2026-08-21
obec,Obec/590959,CZ063,Kraj Vysočina,https://data.mpsv.cz/od/soubory/ciselniky/obce.json,2026-08-21
obec,Obec/590967,CZ063,Kraj Vysočina,https://data.mpsv.cz/od/soubory/ciselniky/obce.json,2026-08-21
obec,Obec/590975,CZ063,Kraj Vysočina,https://data.mpsv.cz/od/soubory/ciselniky/obce.json,2026-08-21
obec,Obec/550302,CZ063,Kraj Vysočina,https://data.mpsv.cz/od/soubory/ciselniky/obce.json,2026-08-21
obec,Obec/510556,CZ063,Kraj Vysočina,https://data.mpsv.cz/od/soubory/ciselniky/obce.json,2026-08-21
obec,Obec/590983,CZ063,Kraj Vysočina,https://data.mpsv.cz/od/soubory/ciselniky/obce.json,2026-08-21
obec,Obec/590991,CZ063,Kraj Vysočina,https://data.mpsv.cz/od/soubory/ciselniky/obce.json,2026-08-21
obec,Obec/591009,CZ063,Kraj Vysočina,https://data.mpsv.cz/od/soubory/ciselniky/obce.json,2026-08-21
obec,Obec/573485,CZ063,Kraj Vysočina,https://data.mpsv.cz/od/soubory/ciselniky/obce.json,2026-08-21
obec,Obec/591025,CZ063,Kraj Vysočina,https://data.mpsv.cz/od/soubory/ciselniky/obce.json,2026-08-21
obec,Obec/544876,CZ063,Kraj Vysočina,https://data.mpsv.cz/od/soubory/ciselniky/obce.json,2026-08-21
obec,Obec/591041,CZ063,Kraj Vysočina,https://data.mpsv.cz/od/soubory/ciselniky/obce.json,2026-08-21
obec,Obec/550507,CZ063,Kraj Vysočina,https://data.mpsv.cz/od/soubory/ciselniky/obce.json,2026-08-21
obec,Obec/591068,CZ063,Kraj Vysočina,https://data.mpsv.cz/od/soubory/ciselniky/obce.json,2026-08-21
obec,Obec/587605,CZ063,Kraj Vysočina,https://data.mpsv.cz/od/soubory/ciselniky/obce.json,2026-08-21
obec,Obec/591092,CZ063,Kraj Vysočina,https://data.mpsv.cz/od/soubory/ciselniky/obce.json,2026-08-21
obec,Obec/544957,CZ063,Kraj Vysočina,https://data.mpsv.cz/od/soubory/ciselniky/obce.json,2026-08-21
obec,Obec/550566,CZ063,Kraj Vysočina,https://data.mpsv.cz/od/soubory/ciselniky/obce.json,2026-08-21
obec,Obec/591114,CZ063,Kraj Vysočina,https://data.mpsv.cz/od/soubory/ciselniky/obce.json,2026-08-21
obec,Obec/550388,CZ063,Kraj Vysočina,https://data.mpsv.cz/od/soubory/ciselniky/obce.json,2026-08-21
obec,Obec/591122,CZ063,Kraj Vysočina,https://data.mpsv.cz/od/soubory/ciselniky/obce.json,2026-08-21
obec,Obec/545031,CZ063,Kraj Vysočina,https://data.mpsv.cz/od/soubory/ciselniky/obce.json,2026-08-21
obec,Obec/591149,CZ063,Kraj Vysočina,https://data.mpsv.cz/od/soubory/ciselniky/obce.json,2026-08-21
obec,Obec/591157,CZ063,Kraj Vysočina,https://data.mpsv.cz/od/soubory/ciselniky/obce.json,2026-08-21
obec,Obec/591165,CZ063,Kraj Vysočina,https://data.mpsv.cz/od/soubory/ciselniky/obce.json,2026-08-21
obec,Obec/591173,CZ063,Kraj Vysočina,https://data.mpsv.cz/od/soubory/ciselniky/obce.json,2026-08-21
obec,Obec/591181,CZ063,Kraj Vysočina,https://data.mpsv.cz/od/soubory/ciselniky/obce.json,2026-08-21
obec,Obec/591190,CZ063,Kraj Vysočina,https://data.mpsv.cz/od/soubory/ciselniky/obce.json,2026-08-21
obec,Obec/550779,CZ063,Kraj Vysočina,https://data.mpsv.cz/od/soubory/ciselniky/obce.json,2026-08-21
obec,Obec/591211,CZ063,Kraj Vysočina,https://data.mpsv.cz/od/soubory/ciselniky/obce.json,2026-08-21
obec,Obec/591220,CZ063,Kraj Vysočina,https://data.mpsv.cz/od/soubory/ciselniky/obce.json,2026-08-21
obec,Obec/591238,CZ063,Kraj Vysočina,https://data.mpsv.cz/od/soubory/ciselniky/obce.json,2026-08-21
obec,Obec/591246,CZ063,Kraj Vysočina,https://data.mpsv.cz/od/soubory/ciselniky/obce.json,2026-08-21
obec,Obec/591254,CZ063,Kraj Vysočina,https://data.mpsv.cz/od/soubory/ciselniky/obce.json,2026-08-21
obec,Obec/591262,CZ063,Kraj Vysočina,https://data.mpsv.cz/od/soubory/ciselniky/obce.json,2026-08-21
obec,Obec/510980,CZ063,Kraj Vysočina,https://data.mpsv.cz/od/soubory/ciselniky/obce.json,2026-08-21
obec,Obec/591289,CZ063,Kraj Vysočina,https://data.mpsv.cz/od/soubory/ciselniky/obce.json,2026-08-21
obec,Obec/591297,CZ063,Kraj Vysočina,https://data.mpsv.cz/od/soubory/ciselniky/obce.json,2026-08-21
obec,Obec/546933,CZ063,Kraj Vysočina,https://data.mpsv.cz/od/soubory/ciselniky/obce.json,2026-08-21
obec,Obec/591301,CZ063,Kraj Vysočina,https://data.mpsv.cz/od/soubory/ciselniky/obce.json,2026-08-21
obec,Obec/591319,CZ063,Kraj Vysočina,https://data.mpsv.cz/od/soubory/ciselniky/obce.json,2026-08-21
obec,Obec/591327,CZ063,Kraj Vysočina,https://data.mpsv.cz/od/soubory/ciselniky/obce.json,2026-08-21
obec,Obec/591335,CZ063,Kraj Vysočina,https://data.mpsv.cz/od/soubory/ciselniky/obce.json,2026-08-21
obec,Obec/550469,CZ063,Kraj Vysočina,https://data.mpsv.cz/od/soubory/ciselniky/obce.json,2026-08-21
obec,Obec/591360,CZ063,Kraj Vysočina,https://data.mpsv.cz/od/soubory/ciselniky/obce.json,2026-08-21
obec,Obec/591378,CZ063,Kraj Vysočina,https://data.mpsv.cz/od/soubory/ciselniky/obce.json,2026-08-21
obec,Obec/550370,CZ063,Kraj Vysočina,https://data.mpsv.cz/od/soubory/ciselniky/obce.json,2026-08-21
obec,Obec/591394,CZ063,Kraj Vysočina,https://data.mpsv.cz/od/soubory/ciselniky/obce.json,2026-08-21
obec,Obec/591408,CZ063,Kraj Vysočina,https://data.mpsv.cz/od/soubory/ciselniky/obce.json,2026-08-21
obec,Obec/591416,CZ063,Kraj Vysočina,https://data.mpsv.cz/od/soubory/ciselniky/obce.json,2026-08-21
obec,Obec/591424,CZ063,Kraj Vysočina,https://data.mpsv.cz/od/soubory/ciselniky/obce.json,2026-08-21
obec,Obec/591432,CZ063,Kraj Vysočina,https://data.mpsv.cz/od/soubory/ciselniky/obce.json,2026-08-21
obec,Obec/591441,CZ063,Kraj Vysočina,https://data.mpsv.cz/od/soubory/ciselniky/obce.json,2026-08-21
obec,Obec/591459,CZ063,Kraj Vysočina,https://data.mpsv.cz/od/soubory/ciselniky/obce.json,2026-08-21
obec,Obec/544752,CZ063,Kraj Vysočina,https://data.mpsv.cz/od/soubory/ciselniky/obce.json,2026-08-21
obec,Obec/591491,CZ063,Kraj Vysočina,https://data.mpsv.cz/od/soubory/ciselniky/obce.json,2026-08-21
obec,Obec/591505,CZ063,Kraj Vysočina,https://data.mpsv.cz/od/soubory/ciselniky/obce.json,2026-08-21
obec,Obec/511307,CZ063,Kraj Vysočina,https://data.mpsv.cz/od/soubory/ciselniky/obce.json,2026-08-21
obec,Obec/591521,CZ063,Kraj Vysočina,https://data.mpsv.cz/od/soubory/ciselniky/obce.json,2026-08-21
obec,Obec/550493,CZ063,Kraj Vysočina,https://data.mpsv.cz/od/soubory/ciselniky/obce.json,2026-08-21
obec,Obec/591548,CZ063,Kraj Vysočina,https://data.mpsv.cz/od/soubory/ciselniky/obce.json,2026-08-21
obec,Obec/591556,CZ063,Kraj Vysočina,https://data.mpsv.cz/od/soubory/ciselniky/obce.json,2026-08-21
obec,Obec/591564,CZ063,Kraj Vysočina,https://data.mpsv.cz/od/soubory/ciselniky/obce.json,2026-08-21
obec,Obec/545040,CZ063,Kraj Vysočina,https://data.mpsv.cz/od/soubory/ciselniky/obce.json,2026-08-21
obec,Obec/591581,CZ063,Kraj Vysočina,https://data.mpsv.cz/od/soubory/ciselniky/obce.json,2026-08-21
obec,Obec/591602,CZ063,Kraj Vysočina,https://data.mpsv.cz/od/soubory/ciselniky/obce.json,2026-08-21
obec,Obec/591611,CZ063,Kraj Vysočina,https://data.mpsv.cz/od/soubory/ciselniky/obce.json,2026-08-21
obec,Obec/591629,CZ063,Kraj Vysočina,https://data.mpsv.cz/od/soubory/ciselniky/obce.json,2026-08-21
obec,Obec/591637,CZ063,Kraj Vysočina,https://data.mpsv.cz/od/soubory/ciselniky/obce.json,2026-08-21
obec,Obec/591645,CZ063,Kraj Vysočina,https://data.mpsv.cz/od/soubory/ciselniky/obce.json,2026-08-21
obec,Obec/511081,CZ063,Kraj Vysočina,https://data.mpsv.cz/od/soubory/ciselniky/obce.json,2026-08-21
obec,Obec/591688,CZ063,Kraj Vysočina,https://data.mpsv.cz/od/soubory/ciselniky/obce.json,2026-08-21
obec,Obec/591700,CZ063,Kraj Vysočina,https://data.mpsv.cz/od/soubory/ciselniky/obce.json,2026-08-21
obec,Obec/545180,CZ063,Kraj Vysočina,https://data.mpsv.cz/od/soubory/ciselniky/obce.json,2026-08-21
obec,Obec/591726,CZ063,Kraj Vysočina,https://data.mpsv.cz/od/soubory/ciselniky/obce.json,2026-08-21
obec,Obec/591742,CZ063,Kraj Vysočina,https://data.mpsv.cz/od/soubory/ciselniky/obce.json,2026-08-21
obec,Obec/587460,CZ063,Kraj Vysočina,https://data.mpsv.cz/od/soubory/ciselniky/obce.json,2026-08-21
obec,Obec/554871,CZ063,Kraj Vysočina,https://data.mpsv.cz/od/soubory/ciselniky/obce.json,2026-08-21
obec,Obec/591769,CZ063,Kraj Vysočina,https://data.mpsv.cz/od/soubory/ciselniky/obce.json,2026-08-21
obec,Obec/591777,CZ063,Kraj Vysočina,https://data.mpsv.cz/od/soubory/ciselniky/obce.json,2026-08-21
obec,Obec/591785,CZ063,Kraj Vysočina,https://data.mpsv.cz/od/soubory/ciselniky/obce.json,2026-08-21
obec,Obec/591793,CZ063,Kraj Vysočina,https://data.mpsv.cz/od/soubory/ciselniky/obce.json,2026-08-21
obec,Obec/591807,CZ063,Kraj Vysočina,https://data.mpsv.cz/od/soubory/ciselniky/obce.json,2026-08-21
obec,Obec/591815,CZ063,Kraj Vysočina,https://data.mpsv.cz/od/soubory/ciselniky/obce.json,2026-08-21
obec,Obec/591823,CZ063,Kraj Vysočina,https://data.mpsv.cz/od/soubory/ciselniky/obce.json,2026-08-21
obec,Obec/591840,CZ063,Kraj Vysočina,https://data.mpsv.cz/od/soubory/ciselniky/obce.json,2026-08-21
obec,Obec/591858,CZ063,Kraj Vysočina,https://data.mpsv.cz/od/soubory/ciselniky/obce.json,2026-08-21
obec,Obec/591866,CZ063,Kraj Vysočina,https://data.mpsv.cz/od/soubory/ciselniky/obce.json,2026-08-21
obec,Obec/590266,CZ063,Kraj Vysočina,https://data.mpsv.cz/od/soubory/ciselniky/obce.json,2026-08-21
obec,Obec/550311,CZ063,Kraj Vysočina,https://data.mpsv.cz/od/soubory/ciselniky/obce.json,2026-08-21
obec,Obec/587699,CZ063,Kraj Vysočina,https://data.mpsv.cz/od/soubory/ciselniky/obce.json,2026-08-21
obec,Obec/591874,CZ063,Kraj Vysočina,https://data.mpsv.cz/od/soubory/ciselniky/obce.json,2026-08-21
obec,Obec/588342,CZ063,Kraj Vysočina,https://data.mpsv.cz/od/soubory/ciselniky/obce.json,2026-08-21
obec,Obec/511242,CZ063,Kraj Vysočina,https://data.mpsv.cz/od/soubory/ciselniky/obce.json,2026-08-21
obec,Obec/591904,CZ063,Kraj Vysočina,https://data.mpsv.cz/od/soubory/ciselniky/obce.json,2026-08-21
obec,Obec/591912,CZ063,Kraj Vysočina,https://data.mpsv.cz/od/soubory/ciselniky/obce.json,2026-08-21
obec,Obec/591939,CZ063,Kraj Vysočina,https://data.mpsv.cz/od/soubory/ciselniky/obce.json,2026-08-21
obec,Obec/591947,CZ063,Kraj Vysočina,https://data.mpsv.cz/od/soubory/ciselniky/obce.json,2026-08-21
obec,Obec/591955,CZ063,Kraj Vysočina,https://data.mpsv.cz/od/soubory/ciselniky/obce.json,2026-08-21
obec,Obec/591963,CZ063,Kraj Vysočina,https://data.mpsv.cz/od/soubory/ciselniky/obce.json,2026-08-21
obec,Obec/591980,CZ063,Kraj Vysočina,https://data.mpsv.cz/od/soubory/ciselniky/obce.json,2026-08-21
obec,Obec/591998,CZ063,Kraj Vysočina,https://data.mpsv.cz/od/soubory/ciselniky/obce.json,2026-08-21
obec,Obec/592013,CZ072,Zlínský kraj,https://data.mpsv.cz/od/soubory/ciselniky/obce.json,2026-08-21
obec,Obec/592021,CZ072,Zlínský kraj,https://data.mpsv.cz/od/soubory/ciselniky/obce.json,2026-08-21
obec,Obec/592030,CZ072,Zlínský kraj,https://data.mpsv.cz/od/soubory/ciselniky/obce.json,2026-08-21
obec,Obec/592048,CZ072,Zlínský kraj,https://data.mpsv.cz/od/soubory/ciselniky/obce.json,2026-08-21
obec,Obec/592064,CZ072,Zlínský kraj,https://data.mpsv.cz/od/soubory/ciselniky/obce.json,2026-08-21
obec,Obec/592056,CZ072,Zlínský kraj,https://data.mpsv.cz/od/soubory/ciselniky/obce.json,2026-08-21
obec,Obec/592072,CZ072,Zlínský kraj,https://data.mpsv.cz/od/soubory/ciselniky/obce.json,2026-08-21
obec,Obec/592081,CZ072,Zlínský kraj,https://data.mpsv.cz/od/soubory/ciselniky/obce.json,2026-08-21
obec,Obec/592099,CZ072,Zlínský kraj,https://data.mpsv.cz/od/soubory/ciselniky/obce.json,2026-08-21
obec,Obec/592102,CZ072,Zlínský kraj,https://data.mpsv.cz/od/soubory/ciselniky/obce.json,2026-08-21
obec,Obec/592111,CZ072,Zlínský kraj,https://data.mpsv.cz/od/soubory/ciselniky/obce.json,2026-08-21
obec,Obec/592137,CZ072,Zlínský kraj,https://data.mpsv.cz/od/soubory/ciselniky/obce.json,2026-08-21
obec,Obec/592145,CZ072,Zlínský kraj,https://data.mpsv.cz/od/soubory/ciselniky/obce.json,2026-08-21
obec,Obec/592153,CZ072,Zlínský kraj,https://data.mpsv.cz/od/soubory/ciselniky/obce.json,2026-08-21
obec,Obec/592170,CZ072,Zlínský kraj,https://data.mpsv.cz/od/soubory/ciselniky/obce.json,2026-08-21
obec,Obec/592188,CZ072,Zlínský kraj,https://data.mpsv.cz/od/soubory/ciselniky/obce.json,2026-08-21
obec,Obec/592196,CZ072,Zlínský kraj,https://data.mpsv.cz/od/soubory/ciselniky/obce.json,2026-08-21
obec,Obec/550736,CZ072,Zlínský kraj,https://data.mpsv.cz/od/soubory/ciselniky/obce.json,2026-08-21
obec,Obec/592200,CZ072,Zlínský kraj,https://data.mpsv.cz/od/soubory/ciselniky/obce.json,2026-08-21
obec,Obec/592218,CZ072,Zlínský kraj,https://data.mpsv.cz/od/soubory/ciselniky/obce.json,2026-08-21
obec,Obec/592226,CZ072,Zlínský kraj,https://data.mpsv.cz/od/soubory/ciselniky/obce.json,2026-08-21
obec,Obec/592234,CZ072,Zlínský kraj,https://data.mpsv.cz/od/soubory/ciselniky/obce.json,2026-08-21
obec,Obec/592269,CZ072,Zlínský kraj,https://data.mpsv.cz/od/soubory/ciselniky/obce.json,2026-08-21
obec,Obec/592277,CZ072,Zlínský kraj,https://data.mpsv.cz/od/soubory/ciselniky/obce.json,2026-08-21
obec,Obec/592285,CZ072,Zlínský kraj,https://data.mpsv.cz/od/soubory/ciselniky/obce.json,2026-08-21
obec,Obec/592293,CZ072,Zlínský kraj,https://data.mpsv.cz/od/soubory/ciselniky/obce.json,2026-08-21
obec,Obec/592307,CZ072,Zlínský kraj,https://data.mpsv.cz/od/soubory/ciselniky/obce.json,2026-08-21
obec,Obec/592323,CZ072,Zlínský kraj,https://data.mpsv.cz/od/soubory/ciselniky/obce.json,2026-08-21
obec,Obec/550744,CZ072,Zlínský kraj,https://data.mpsv.cz/od/soubory/ciselniky/obce.json,2026-08-21
obec,Obec/592340,CZ072,Zlínský kraj,https://data.mpsv.cz/od/soubory/ciselniky/obce.json,2026-08-21
obec,Obec/592366,CZ072,Zlínský kraj,https://data.mpsv.cz/od/soubory/ciselniky/obce.json,2026-08-21
obec,Obec/592382,CZ072,Zlínský kraj,https://data.mpsv.cz/od/soubory/ciselniky/obce.json,2026-08-21
obec,Obec/592391,CZ072,Zlínský kraj,https://data.mpsv.cz/od/soubory/ciselniky/obce.json,2026-08-21
obec,Obec/592404,CZ072,Zlínský kraj,https://data.mpsv.cz/od/soubory/ciselniky/obce.json,2026-08-21
obec,Obec/592412,CZ072,Zlínský kraj,https://data.mpsv.cz/od/soubory/ciselniky/obce.json,2026-08-21
obec,Obec/592421,CZ072,Zlínský kraj,https://data.mpsv.cz/od/soubory/ciselniky/obce.json,2026-08-21
obec,Obec/592439,CZ072,Zlínský kraj,https://data.mpsv.cz/od/soubory/ciselniky/obce.json,2026-08-21
obec,Obec/592447,CZ072,Zlínský kraj,https://data.mpsv.cz/od/soubory/ciselniky/obce.json,2026-08-21
obec,Obec/592455,CZ072,Zlínský kraj,https://data.mpsv.cz/od/soubory/ciselniky/obce.json,2026-08-21
obec,Obec/592463,CZ072,Zlínský kraj,https://data.mpsv.cz/od/soubory/ciselniky/obce.json,2026-08-21
obec,Obec/592471,CZ072,Zlínský kraj,https://data.mpsv.cz/od/soubory/ciselniky/obce.json,2026-08-21
obec,Obec/592480,CZ072,Zlínský kraj,https://data.mpsv.cz/od/soubory/ciselniky/obce.json,2026-08-21
obec,Obec/592498,CZ072,Zlínský kraj,https://data.mpsv.cz/od/soubory/ciselniky/obce.json,2026-08-21
obec,Obec/592501,CZ072,Zlínský kraj,https://data.mpsv.cz/od/soubory/ciselniky/obce.json,2026-08-21
obec,Obec/592510,CZ072,Zlínský kraj,https://data.mpsv.cz/od/soubory/ciselniky/obce.json,2026-08-21
obec,Obec/592528,CZ072,Zlínský kraj,https://data.mpsv.cz/od/soubory/ciselniky/obce.json,2026-08-21
obec,Obec/592536,CZ072,Zlínský kraj,https://data.mpsv.cz/od/soubory/ciselniky/obce.json,2026-08-21
obec,Obec/592552,CZ072,Zlínský kraj,https://data.mpsv.cz/od/soubory/ciselniky/obce.json,2026-08-21
obec,Obec/592561,CZ072,Zlínský kraj,https://data.mpsv.cz/od/soubory/ciselniky/obce.json,2026-08-21
obec,Obec/592579,CZ072,Zlínský kraj,https://data.mpsv.cz/od/soubory/ciselniky/obce.json,2026-08-21
obec,Obec/592587,CZ072,Zlínský kraj,https://data.mpsv.cz/od/soubory/ciselniky/obce.json,2026-08-21
obec,Obec/550752,CZ072,Zlínský kraj,https://data.mpsv.cz/od/soubory/ciselniky/obce.json,2026-08-21
obec,Obec/592609,CZ072,Zlínský kraj,https://data.mpsv.cz/od/soubory/ciselniky/obce.json,2026-08-21
obec,Obec/592617,CZ072,Zlínský kraj,https://data.mpsv.cz/od/soubory/ciselniky/obce.json,2026-08-21
obec,Obec/592625,CZ072,Zlínský kraj,https://data.mpsv.cz/od/soubory/ciselniky/obce.json,2026-08-21
obec,Obec/592633,CZ072,Zlínský kraj,https://data.mpsv.cz/od/soubory/ciselniky/obce.json,2026-08-21
obec,Obec/592641,CZ072,Zlínský kraj,https://data.mpsv.cz/od/soubory/ciselniky/obce.json,2026-08-21
obec,Obec/592650,CZ072,Zlínský kraj,https://data.mpsv.cz/od/soubory/ciselniky/obce.json,2026-08-21
obec,Obec/592668,CZ072,Zlínský kraj,https://data.mpsv.cz/od/soubory/ciselniky/obce.json,2026-08-21
obec,Obec/592676,CZ072,Zlínský kraj,https://data.mpsv.cz/od/soubory/ciselniky/obce.json,2026-08-21
obec,Obec/592692,CZ072,Zlínský kraj,https://data.mpsv.cz/od/soubory/ciselniky/obce.json,2026-08-21
obec,Obec/592706,CZ072,Zlínský kraj,https://data.mpsv.cz/od/soubory/ciselniky/obce.json,2026-08-21
obec,Obec/592714,CZ072,Zlínský kraj,https://data.mpsv.cz/od/soubory/ciselniky/obce.json,2026-08-21
obec,Obec/592722,CZ072,Zlínský kraj,https://data.mpsv.cz/od/soubory/ciselniky/obce.json,2026-08-21
obec,Obec/592005,CZ072,Zlínský kraj,https://data.mpsv.cz/od/soubory/ciselniky/obce.json,2026-08-21
obec,Obec/592731,CZ072,Zlínský kraj,https://data.mpsv.cz/od/soubory/ciselniky/obce.json,2026-08-21
obec,Obec/592749,CZ072,Zlínský kraj,https://data.mpsv.cz/od/soubory/ciselniky/obce.json,2026-08-21
obec,Obec/592757,CZ072,Zlínský kraj,https://data.mpsv.cz/od/soubory/ciselniky/obce.json,2026-08-21
obec,Obec/592773,CZ072,Zlínský kraj,https://data.mpsv.cz/od/soubory/ciselniky/obce.json,2026-08-21
obec,Obec/592781,CZ072,Zlínský kraj,https://data.mpsv.cz/od/soubory/ciselniky/obce.json,2026-08-21
obec,Obec/592790,CZ072,Zlínský kraj,https://data.mpsv.cz/od/soubory/ciselniky/obce.json,2026-08-21
obec,Obec/592803,CZ072,Zlínský kraj,https://data.mpsv.cz/od/soubory/ciselniky/obce.json,2026-08-21
obec,Obec/592820,CZ072,Zlínský kraj,https://data.mpsv.cz/od/soubory/ciselniky/obce.json,2026-08-21
obec,Obec/592838,CZ072,Zlínský kraj,https://data.mpsv.cz/od/soubory/ciselniky/obce.json,2026-08-21
obec,Obec/592846,CZ072,Zlínský kraj,https://data.mpsv.cz/od/soubory/ciselniky/obce.json,2026-08-21
obec,Obec/592854,CZ072,Zlínský kraj,https://data.mpsv.cz/od/soubory/ciselniky/obce.json,2026-08-21
obec,Obec/592862,CZ072,Zlínský kraj,https://data.mpsv.cz/od/soubory/ciselniky/obce.json,2026-08-21
obec,Obec/592871,CZ072,Zlínský kraj,https://data.mpsv.cz/od/soubory/ciselniky/obce.json,2026-08-21
obec,Obec/592897,CZ064,Jihomoravský kraj,https://data.mpsv.cz/od/soubory/ciselniky/obce.json,2026-08-21
obec,Obec/592901,CZ064,Jihomoravský kraj,https://data.mpsv.cz/od/soubory/ciselniky/obce.json,2026-08-21
obec,Obec/592919,CZ064,Jihomoravský kraj,https://data.mpsv.cz/od/soubory/ciselniky/obce.json,2026-08-21
obec,Obec/592927,CZ064,Jihomoravský kraj,https://data.mpsv.cz/od/soubory/ciselniky/obce.json,2026-08-21
obec,Obec/592935,CZ064,Jihomoravský kraj,https://data.mpsv.cz/od/soubory/ciselniky/obce.json,2026-08-21
obec,Obec/592943,CZ064,Jihomoravský kraj,https://data.mpsv.cz/od/soubory/ciselniky/obce.json,2026-08-21
obec,Obec/592978,CZ064,Jihomoravský kraj,https://data.mpsv.cz/od/soubory/ciselniky/obce.json,2026-08-21
obec,Obec/592986,CZ064,Jihomoravský kraj,https://data.mpsv.cz/od/soubory/ciselniky/obce.json,2026-08-21
obec,Obec/592994,CZ064,Jihomoravský kraj,https://data.mpsv.cz/od/soubory/ciselniky/obce.json,2026-08-21
obec,Obec/593001,CZ064,Jihomoravský kraj,https://data.mpsv.cz/od/soubory/ciselniky/obce.json,2026-08-21
obec,Obec/593010,CZ064,Jihomoravský kraj,https://data.mpsv.cz/od/soubory/ciselniky/obce.json,2026-08-21
obec,Obec/593028,CZ064,Jihomoravský kraj,https://data.mpsv.cz/od/soubory/ciselniky/obce.json,2026-08-21
obec,Obec/550213,CZ064,Jihomoravský kraj,https://data.mpsv.cz/od/soubory/ciselniky/obce.json,2026-08-21
obec,Obec/593036,CZ064,Jihomoravský kraj,https://data.mpsv.cz/od/soubory/ciselniky/obce.json,2026-08-21
obec,Obec/593044,CZ064,Jihomoravský kraj,https://data.mpsv.cz/od/soubory/ciselniky/obce.json,2026-08-21
obec,Obec/550825,CZ064,Jihomoravský kraj,https://data.mpsv.cz/od/soubory/ciselniky/obce.json,2026-08-21
obec,Obec/593052,CZ064,Jihomoravský kraj,https://data.mpsv.cz/od/soubory/ciselniky/obce.json,2026-08-21
obec,Obec/593061,CZ064,Jihomoravský kraj,https://data.mpsv.cz/od/soubory/ciselniky/obce.json,2026-08-21
obec,Obec/593079,CZ064,Jihomoravský kraj,https://data.mpsv.cz/od/soubory/ciselniky/obce.json,2026-08-21
obec,Obec/593087,CZ064,Jihomoravský kraj,https://data.mpsv.cz/od/soubory/ciselniky/obce.json,2026-08-21
obec,Obec/593095,CZ064,Jihomoravský kraj,https://data.mpsv.cz/od/soubory/ciselniky/obce.json,2026-08-21
obec,Obec/593117,CZ064,Jihomoravský kraj,https://data.mpsv.cz/od/soubory/ciselniky/obce.json,2026-08-21
obec,Obec/593125,CZ064,Jihomoravský kraj,https://data.mpsv.cz/od/soubory/ciselniky/obce.json,2026-08-21
obec,Obec/593141,CZ064,Jihomoravský kraj,https://data.mpsv.cz/od/soubory/ciselniky/obce.json,2026-08-21
obec,Obec/593150,CZ064,Jihomoravský kraj,https://data.mpsv.cz/od/soubory/ciselniky/obce.json,2026-08-21
obec,Obec/593168,CZ064,Jihomoravský kraj,https://data.mpsv.cz/od/soubory/ciselniky/obce.json,2026-08-21
obec,Obec/550108,CZ064,Jihomoravský kraj,https://data.mpsv.cz/od/soubory/ciselniky/obce.json,2026-08-21
obec,Obec/593184,CZ064,Jihomoravský kraj,https://data.mpsv.cz/od/soubory/ciselniky/obce.json,2026-08-21
obec,Obec/593192,CZ064,Jihomoravský kraj,https://data.mpsv.cz/od/soubory/ciselniky/obce.json,2026-08-21
obec,Obec/593214,CZ064,Jihomoravský kraj,https://data.mpsv.cz/od/soubory/ciselniky/obce.json,2026-08-21
obec,Obec/593222,CZ064,Jihomoravský kraj,https://data.mpsv.cz/od/soubory/ciselniky/obce.json,2026-08-21
obec,Obec/593231,CZ064,Jihomoravský kraj,https://data.mpsv.cz/od/soubory/ciselniky/obce.json,2026-08-21
obec,Obec/593249,CZ064,Jihomoravský kraj,https://data.mpsv.cz/od/soubory/ciselniky/obce.json,2026-08-21
obec,Obec/593257,CZ064,Jihomoravský kraj,https://data.mpsv.cz/od/soubory/ciselniky/obce.json,2026-08-21
obec,Obec/593265,CZ064,Jihomoravský kraj,https://data.mpsv.cz/od/soubory/ciselniky/obce.json,2026-08-21
obec,Obec/593273,CZ064,Jihomoravský kraj,https://data.mpsv.cz/od/soubory/ciselniky/obce.json,2026-08-21
obec,Obec/593281,CZ064,Jihomoravský kraj,https://data.mpsv.cz/od/soubory/ciselniky/obce.json,2026-08-21
obec,Obec/593290,CZ064,Jihomoravský kraj,https://data.mpsv.cz/od/soubory/ciselniky/obce.json,2026-08-21
obec,Obec/550141,CZ064,Jihomoravský kraj,https://data.mpsv.cz/od/soubory/ciselniky/obce.json,2026-08-21
obec,Obec/593320,CZ064,Jihomoravský kraj,https://data.mpsv.cz/od/soubory/ciselniky/obce.json,2026-08-21
obec,Obec/593338,CZ064,Jihomoravský kraj,https://data.mpsv.cz/od/soubory/ciselniky/obce.json,2026-08-21
obec,Obec/593346,CZ064,Jihomoravský kraj,https://data.mpsv.cz/od/soubory/ciselniky/obce.json,2026-08-21
obec,Obec/557048,CZ064,Jihomoravský kraj,https://data.mpsv.cz/od/soubory/ciselniky/obce.json,2026-08-21
obec,Obec/593371,CZ064,Jihomoravský kraj,https://data.mpsv.cz/od/soubory/ciselniky/obce.json,2026-08-21
obec,Obec/593389,CZ064,Jihomoravský kraj,https://data.mpsv.cz/od/soubory/ciselniky/obce.json,2026-08-21
obec,Obec/593397,CZ064,Jihomoravský kraj,https://data.mpsv.cz/od/soubory/ciselniky/obce.json,2026-08-21
obec,Obec/593401,CZ064,Jihomoravský kraj,https://data.mpsv.cz/od/soubory/ciselniky/obce.json,2026-08-21
obec,Obec/593419,CZ064,Jihomoravský kraj,https://data.mpsv.cz/od/soubory/ciselniky/obce.json,2026-08-21
obec,Obec/593427,CZ064,Jihomoravský kraj,https://data.mpsv.cz/od/soubory/ciselniky/obce.json,2026-08-21
obec,Obec/593435,CZ064,Jihomoravský kraj,https://data.mpsv.cz/od/soubory/ciselniky/obce.json,2026-08-21
obec,Obec/593443,CZ064,Jihomoravský kraj,https://data.mpsv.cz/od/soubory/ciselniky/obce.json,2026-08-21
obec,Obec/550132,CZ064,Jihomoravský kraj,https://data.mpsv.cz/od/soubory/ciselniky/obce.json,2026-08-21
obec,Obec/593460,CZ064,Jihomoravský kraj,https://data.mpsv.cz/od/soubory/ciselniky/obce.json,2026-08-21
obec,Obec/593478,CZ064,Jihomoravský kraj,https://data.mpsv.cz/od/soubory/ciselniky/obce.json,2026-08-21
obec,Obec/550795,CZ064,Jihomoravský kraj,https://data.mpsv.cz/od/soubory/ciselniky/obce.json,2026-08-21
obec,Obec/593486,CZ064,Jihomoravský kraj,https://data.mpsv.cz/od/soubory/ciselniky/obce.json,2026-08-21
obec,Obec/550175,CZ064,Jihomoravský kraj,https://data.mpsv.cz/od/soubory/ciselniky/obce.json,2026-08-21
obec,Obec/593494,CZ064,Jihomoravský kraj,https://data.mpsv.cz/od/soubory/ciselniky/obce.json,2026-08-21
obec,Obec/593508,CZ064,Jihomoravský kraj,https://data.mpsv.cz/od/soubory/ciselniky/obce.json,2026-08-21
obec,Obec/593516,CZ064,Jihomoravský kraj,https://data.mpsv.cz/od/soubory/ciselniky/obce.json,2026-08-21
obec,Obec/593524,CZ064,Jihomoravský kraj,https://data.mpsv.cz/od/soubory/ciselniky/obce.json,2026-08-21
obec,Obec/593532,CZ064,Jihomoravský kraj,https://data.mpsv.cz/od/soubory/ciselniky/obce.json,2026-08-21
obec,Obec/554898,CZ064,Jihomoravský kraj,https://data.mpsv.cz/od/soubory/ciselniky/obce.json,2026-08-21
obec,Obec/593559,CZ064,Jihomoravský kraj,https://data.mpsv.cz/od/soubory/ciselniky/obce.json,2026-08-21
obec,Obec/593567,CZ064,Jihomoravský kraj,https://data.mpsv.cz/od/soubory/ciselniky/obce.json,2026-08-21
obec,Obec/553972,CZ064,Jihomoravský kraj,https://data.mpsv.cz/od/soubory/ciselniky/obce.json,2026-08-21
obec,Obec/593583,CZ064,Jihomoravský kraj,https://data.mpsv.cz/od/soubory/ciselniky/obce.json,2026-08-21
obec,Obec/593591,CZ064,Jihomoravský kraj,https://data.mpsv.cz/od/soubory/ciselniky/obce.json,2026-08-21
obec,Obec/593605,CZ064,Jihomoravský kraj,https://data.mpsv.cz/od/soubory/ciselniky/obce.json,2026-08-21
obec,Obec/593613,CZ064,Jihomoravský kraj,https://data.mpsv.cz/od/soubory/ciselniky/obce.json,2026-08-21
obec,Obec/593621,CZ064,Jihomoravský kraj,https://data.mpsv.cz/od/soubory/ciselniky/obce.json,2026-08-21
obec,Obec/593630,CZ064,Jihomoravský kraj,https://data.mpsv.cz/od/soubory/ciselniky/obce.json,2026-08-21
obec,Obec/593648,CZ064,Jihomoravský kraj,https://data.mpsv.cz/od/soubory/ciselniky/obce.json,2026-08-21
obec,Obec/550191,CZ064,Jihomoravský kraj,https://data.mpsv.cz/od/soubory/ciselniky/obce.json,2026-08-21
obec,Obec/593656,CZ064,Jihomoravský kraj,https://data.mpsv.cz/od/soubory/ciselniky/obce.json,2026-08-21
obec,Obec/593664,CZ064,Jihomoravský kraj,https://data.mpsv.cz/od/soubory/ciselniky/obce.json,2026-08-21
obec,Obec/593681,CZ064,Jihomoravský kraj,https://data.mpsv.cz/od/soubory/ciselniky/obce.json,2026-08-21
obec,Obec/592889,CZ064,Jihomoravský kraj,https://data.mpsv.cz/od/soubory/ciselniky/obce.json,2026-08-21
obec,Obec/593699,CZ064,Jihomoravský kraj,https://data.mpsv.cz/od/soubory/ciselniky/obce.json,2026-08-21
obec,Obec/593702,CZ064,Jihomoravský kraj,https://data.mpsv.cz/od/soubory/ciselniky/obce.json,2026-08-21
obec,Obec/593729,CZ064,Jihomoravský kraj,https://data.mpsv.cz/od/soubory/ciselniky/obce.json,2026-08-21
obec,Obec/593737,CZ064,Jihomoravský kraj,https://data.mpsv.cz/od/soubory/ciselniky/obce.json,2026-08-21
obec,Obec/593745,CZ064,Jihomoravský kraj,https://data.mpsv.cz/od/soubory/ciselniky/obce.json,2026-08-21
obec,Obec/593753,CZ064,Jihomoravský kraj,https://data.mpsv.cz/od/soubory/ciselniky/obce.json,2026-08-21
obec,Obec/593761,CZ064,Jihomoravský kraj,https://data.mpsv.cz/od/soubory/ciselniky/obce.json,2026-08-21
obec,Obec/593770,CZ064,Jihomoravský kraj,https://data.mpsv.cz/od/soubory/ciselniky/obce.json,2026-08-21
obec,Obec/593788,CZ064,Jihomoravský kraj,https://data.mpsv.cz/od/soubory/ciselniky/obce.json,2026-08-21
obec,Obec/593796,CZ064,Jihomoravský kraj,https://data.mpsv.cz/od/soubory/ciselniky/obce.json,2026-08-21
obec,Obec/593800,CZ064,Jihomoravský kraj,https://data.mpsv.cz/od/soubory/ciselniky/obce.json,2026-08-21
obec,Obec/593818,CZ064,Jihomoravský kraj,https://data.mpsv.cz/od/soubory/ciselniky/obce.json,2026-08-21
obec,Obec/593826,CZ064,Jihomoravský kraj,https://data.mpsv.cz/od/soubory/ciselniky/obce.json,2026-08-21
obec,Obec/593842,CZ064,Jihomoravský kraj,https://data.mpsv.cz/od/soubory/ciselniky/obce.json,2026-08-21
obec,Obec/593851,CZ064,Jihomoravský kraj,https://data.mpsv.cz/od/soubory/ciselniky/obce.json,2026-08-21
obec,Obec/593869,CZ064,Jihomoravský kraj,https://data.mpsv.cz/od/soubory/ciselniky/obce.json,2026-08-21
obec,Obec/593877,CZ064,Jihomoravský kraj,https://data.mpsv.cz/od/soubory/ciselniky/obce.json,2026-08-21
obec,Obec/593885,CZ064,Jihomoravský kraj,https://data.mpsv.cz/od/soubory/ciselniky/obce.json,2026-08-21
obec,Obec/593893,CZ064,Jihomoravský kraj,https://data.mpsv.cz/od/soubory/ciselniky/obce.json,2026-08-21
obec,Obec/593907,CZ064,Jihomoravský kraj,https://data.mpsv.cz/od/soubory/ciselniky/obce.json,2026-08-21
obec,Obec/593923,CZ064,Jihomoravský kraj,https://data.mpsv.cz/od/soubory/ciselniky/obce.json,2026-08-21
obec,Obec/593931,CZ064,Jihomoravský kraj,https://data.mpsv.cz/od/soubory/ciselniky/obce.json,2026-08-21
obec,Obec/546941,CZ064,Jihomoravský kraj,https://data.mpsv.cz/od/soubory/ciselniky/obce.json,2026-08-21
obec,Obec/593958,CZ064,Jihomoravský kraj,https://data.mpsv.cz/od/soubory/ciselniky/obce.json,2026-08-21
obec,Obec/593966,CZ064,Jihomoravský kraj,https://data.mpsv.cz/od/soubory/ciselniky/obce.json,2026-08-21
obec,Obec/593974,CZ064,Jihomoravský kraj,https://data.mpsv.cz/od/soubory/ciselniky/obce.json,2026-08-21
obec,Obec/593982,CZ064,Jihomoravský kraj,https://data.mpsv.cz/od/soubory/ciselniky/obce.json,2026-08-21
obec,Obec/593991,CZ064,Jihomoravský kraj,https://data.mpsv.cz/od/soubory/ciselniky/obce.json,2026-08-21
obec,Obec/594008,CZ064,Jihomoravský kraj,https://data.mpsv.cz/od/soubory/ciselniky/obce.json,2026-08-21
obec,Obec/594016,CZ064,Jihomoravský kraj,https://data.mpsv.cz/od/soubory/ciselniky/obce.json,2026-08-21
obec,Obec/594024,CZ064,Jihomoravský kraj,https://data.mpsv.cz/od/soubory/ciselniky/obce.json,2026-08-21
obec,Obec/594032,CZ064,Jihomoravský kraj,https://data.mpsv.cz/od/soubory/ciselniky/obce.json,2026-08-21
obec,Obec/594041,CZ064,Jihomoravský kraj,https://data.mpsv.cz/od/soubory/ciselniky/obce.json,2026-08-21
obec,Obec/594059,CZ064,Jihomoravský kraj,https://data.mpsv.cz/od/soubory/ciselniky/obce.json,2026-08-21
obec,Obec/594067,CZ064,Jihomoravský kraj,https://data.mpsv.cz/od/soubory/ciselniky/obce.json,2026-08-21
obec,Obec/594075,CZ064,Jihomoravský kraj,https://data.mpsv.cz/od/soubory/ciselniky/obce.json,2026-08-21
obec,Obec/594083,CZ064,Jihomoravský kraj,https://data.mpsv.cz/od/soubory/ciselniky/obce.json,2026-08-21
obec,Obec/594091,CZ064,Jihomoravský kraj,https://data.mpsv.cz/od/soubory/ciselniky/obce.json,2026-08-21
obec,Obec/594105,CZ064,Jihomoravský kraj,https://data.mpsv.cz/od/soubory/ciselniky/obce.json,2026-08-21
obec,Obec/594113,CZ064,Jihomoravský kraj,https://data.mpsv.cz/od/soubory/ciselniky/obce.json,2026-08-21
obec,Obec/594121,CZ064,Jihomoravský kraj,https://data.mpsv.cz/od/soubory/ciselniky/obce.json,2026-08-21
obec,Obec/594130,CZ064,Jihomoravský kraj,https://data.mpsv.cz/od/soubory/ciselniky/obce.json,2026-08-21
obec,Obec/594148,CZ064,Jihomoravský kraj,https://data.mpsv.cz/od/soubory/ciselniky/obce.json,2026-08-21
obec,Obec/594156,CZ064,Jihomoravský kraj,https://data.mpsv.cz/od/soubory/ciselniky/obce.json,2026-08-21
obec,Obec/594164,CZ064,Jihomoravský kraj,https://data.mpsv.cz/od/soubory/ciselniky/obce.json,2026-08-21
obec,Obec/594172,CZ064,Jihomoravský kraj,https://data.mpsv.cz/od/soubory/ciselniky/obce.json,2026-08-21
obec,Obec/594181,CZ064,Jihomoravský kraj,https://data.mpsv.cz/od/soubory/ciselniky/obce.json,2026-08-21
obec,Obec/594199,CZ064,Jihomoravský kraj,https://data.mpsv.cz/od/soubory/ciselniky/obce.json,2026-08-21
obec,Obec/594202,CZ064,Jihomoravský kraj,https://data.mpsv.cz/od/soubory/ciselniky/obce.json,2026-08-21
obec,Obec/594211,CZ064,Jihomoravský kraj,https://data.mpsv.cz/od/soubory/ciselniky/obce.json,2026-08-21
obec,Obec/594229,CZ064,Jihomoravský kraj,https://data.mpsv.cz/od/soubory/ciselniky/obce.json,2026-08-21
obec,Obec/550841,CZ064,Jihomoravský kraj,https://data.mpsv.cz/od/soubory/ciselniky/obce.json,2026-08-21
obec,Obec/594237,CZ064,Jihomoravský kraj,https://data.mpsv.cz/od/soubory/ciselniky/obce.json,2026-08-21
obec,Obec/594253,CZ064,Jihomoravský kraj,https://data.mpsv.cz/od/soubory/ciselniky/obce.json,2026-08-21
obec,Obec/594261,CZ064,Jihomoravský kraj,https://data.mpsv.cz/od/soubory/ciselniky/obce.json,2026-08-21
obec,Obec/594270,CZ064,Jihomoravský kraj,https://data.mpsv.cz/od/soubory/ciselniky/obce.json,2026-08-21
obec,Obec/594288,CZ064,Jihomoravský kraj,https://data.mpsv.cz/od/soubory/ciselniky/obce.json,2026-08-21
obec,Obec/550086,CZ064,Jihomoravský kraj,https://data.mpsv.cz/od/soubory/ciselniky/obce.json,2026-08-21
obec,Obec/594296,CZ064,Jihomoravský kraj,https://data.mpsv.cz/od/soubory/ciselniky/obce.json,2026-08-21
obec,Obec/594300,CZ064,Jihomoravský kraj,https://data.mpsv.cz/od/soubory/ciselniky/obce.json,2026-08-21
obec,Obec/594318,CZ064,Jihomoravský kraj,https://data.mpsv.cz/od/soubory/ciselniky/obce.json,2026-08-21
obec,Obec/594326,CZ064,Jihomoravský kraj,https://data.mpsv.cz/od/soubory/ciselniky/obce.json,2026-08-21
obec,Obec/594334,CZ064,Jihomoravský kraj,https://data.mpsv.cz/od/soubory/ciselniky/obce.json,2026-08-21
obec,Obec/594342,CZ064,Jihomoravský kraj,https://data.mpsv.cz/od/soubory/ciselniky/obce.json,2026-08-21
obec,Obec/594351,CZ064,Jihomoravský kraj,https://data.mpsv.cz/od/soubory/ciselniky/obce.json,2026-08-21
obec,Obec/594369,CZ064,Jihomoravský kraj,https://data.mpsv.cz/od/soubory/ciselniky/obce.json,2026-08-21
obec,Obec/594385,CZ064,Jihomoravský kraj,https://data.mpsv.cz/od/soubory/ciselniky/obce.json,2026-08-21
obec,Obec/594393,CZ064,Jihomoravský kraj,https://data.mpsv.cz/od/soubory/ciselniky/obce.json,2026-08-21
obec,Obec/594407,CZ064,Jihomoravský kraj,https://data.mpsv.cz/od/soubory/ciselniky/obce.json,2026-08-21
obec,Obec/594415,CZ064,Jihomoravský kraj,https://data.mpsv.cz/od/soubory/ciselniky/obce.json,2026-08-21
obec,Obec/594423,CZ064,Jihomoravský kraj,https://data.mpsv.cz/od/soubory/ciselniky/obce.json,2026-08-21
obec,Obec/594431,CZ064,Jihomoravský kraj,https://data.mpsv.cz/od/soubory/ciselniky/obce.json,2026-08-21
obec,Obec/594440,CZ064,Jihomoravský kraj,https://data.mpsv.cz/od/soubory/ciselniky/obce.json,2026-08-21
obec,Obec/594458,CZ064,Jihomoravský kraj,https://data.mpsv.cz/od/soubory/ciselniky/obce.json,2026-08-21
obec,Obec/594466,CZ064,Jihomoravský kraj,https://data.mpsv.cz/od/soubory/ciselniky/obce.json,2026-08-21
obec,Obec/594474,CZ064,Jihomoravský kraj,https://data.mpsv.cz/od/soubory/ciselniky/obce.json,2026-08-21
obec,Obec/594482,CZ064,Jihomoravský kraj,https://data.mpsv.cz/od/soubory/ciselniky/obce.json,2026-08-21
obec,Obec/594512,CZ064,Jihomoravský kraj,https://data.mpsv.cz/od/soubory/ciselniky/obce.json,2026-08-21
obec,Obec/594521,CZ064,Jihomoravský kraj,https://data.mpsv.cz/od/soubory/ciselniky/obce.json,2026-08-21
obec,Obec/587729,CZ064,Jihomoravský kraj,https://data.mpsv.cz/od/soubory/ciselniky/obce.json,2026-08-21
obec,Obec/594555,CZ064,Jihomoravský kraj,https://data.mpsv.cz/od/soubory/ciselniky/obce.json,2026-08-21
obec,Obec/594563,CZ064,Jihomoravský kraj,https://data.mpsv.cz/od/soubory/ciselniky/obce.json,2026-08-21
obec,Obec/594571,CZ064,Jihomoravský kraj,https://data.mpsv.cz/od/soubory/ciselniky/obce.json,2026-08-21
obec,Obec/594580,CZ064,Jihomoravský kraj,https://data.mpsv.cz/od/soubory/ciselniky/obce.json,2026-08-21
obec,Obec/594598,CZ064,Jihomoravský kraj,https://data.mpsv.cz/od/soubory/ciselniky/obce.json,2026-08-21
obec,Obec/594601,CZ064,Jihomoravský kraj,https://data.mpsv.cz/od/soubory/ciselniky/obce.json,2026-08-21
obec,Obec/594610,CZ064,Jihomoravský kraj,https://data.mpsv.cz/od/soubory/ciselniky/obce.json,2026-08-21
obec,Obec/594628,CZ064,Jihomoravský kraj,https://data.mpsv.cz/od/soubory/ciselniky/obce.json,2026-08-21
obec,Obec/550051,CZ064,Jihomoravský kraj,https://data.mpsv.cz/od/soubory/ciselniky/obce.json,2026-08-21
obec,Obec/594636,CZ064,Jihomoravský kraj,https://data.mpsv.cz/od/soubory/ciselniky/obce.json,2026-08-21
obec,Obec/594644,CZ064,Jihomoravský kraj,https://data.mpsv.cz/od/soubory/ciselniky/obce.json,2026-08-21
obec,Obec/594652,CZ064,Jihomoravský kraj,https://data.mpsv.cz/od/soubory/ciselniky/obce.json,2026-08-21
obec,Obec/594679,CZ064,Jihomoravský kraj,https://data.mpsv.cz/od/soubory/ciselniky/obce.json,2026-08-21
obec,Obec/594687,CZ064,Jihomoravský kraj,https://data.mpsv.cz/od/soubory/ciselniky/obce.json,2026-08-21
obec,Obec/594695,CZ064,Jihomoravský kraj,https://data.mpsv.cz/od/soubory/ciselniky/obce.json,2026-08-21
obec,Obec/594709,CZ064,Jihomoravský kraj,https://data.mpsv.cz/od/soubory/ciselniky/obce.json,2026-08-21
obec,Obec/550078,CZ064,Jihomoravský kraj,https://data.mpsv.cz/od/soubory/ciselniky/obce.json,2026-08-21
obec,Obec/594725,CZ064,Jihomoravský kraj,https://data.mpsv.cz/od/soubory/ciselniky/obce.json,2026-08-21
obec,Obec/594733,CZ064,Jihomoravský kraj,https://data.mpsv.cz/od/soubory/ciselniky/obce.json,2026-08-21
obec,Obec/594741,CZ064,Jihomoravský kraj,https://data.mpsv.cz/od/soubory/ciselniky/obce.json,2026-08-21
obec,Obec/594750,CZ064,Jihomoravský kraj,https://data.mpsv.cz/od/soubory/ciselniky/obce.json,2026-08-21
obec,Obec/594768,CZ064,Jihomoravský kraj,https://data.mpsv.cz/od/soubory/ciselniky/obce.json,2026-08-21
obec,Obec/594776,CZ064,Jihomoravský kraj,https://data.mpsv.cz/od/soubory/ciselniky/obce.json,2026-08-21
obec,Obec/594784,CZ064,Jihomoravský kraj,https://data.mpsv.cz/od/soubory/ciselniky/obce.json,2026-08-21
obec,Obec/594792,CZ064,Jihomoravský kraj,https://data.mpsv.cz/od/soubory/ciselniky/obce.json,2026-08-21
obec,Obec/594806,CZ064,Jihomoravský kraj,https://data.mpsv.cz/od/soubory/ciselniky/obce.json,2026-08-21
obec,Obec/594814,CZ064,Jihomoravský kraj,https://data.mpsv.cz/od/soubory/ciselniky/obce.json,2026-08-21
obec,Obec/594822,CZ064,Jihomoravský kraj,https://data.mpsv.cz/od/soubory/ciselniky/obce.json,2026-08-21
obec,Obec/594831,CZ064,Jihomoravský kraj,https://data.mpsv.cz/od/soubory/ciselniky/obce.json,2026-08-21
obec,Obec/555231,CZ064,Jihomoravský kraj,https://data.mpsv.cz/od/soubory/ciselniky/obce.json,2026-08-21
obec,Obec/594849,CZ064,Jihomoravský kraj,https://data.mpsv.cz/od/soubory/ciselniky/obce.json,2026-08-21
obec,Obec/594865,CZ064,Jihomoravský kraj,https://data.mpsv.cz/od/soubory/ciselniky/obce.json,2026-08-21
obec,Obec/594873,CZ064,Jihomoravský kraj,https://data.mpsv.cz/od/soubory/ciselniky/obce.json,2026-08-21
obec,Obec/594881,CZ064,Jihomoravský kraj,https://data.mpsv.cz/od/soubory/ciselniky/obce.json,2026-08-21
obec,Obec/594890,CZ064,Jihomoravský kraj,https://data.mpsv.cz/od/soubory/ciselniky/obce.json,2026-08-21
obec,Obec/594911,CZ064,Jihomoravský kraj,https://data.mpsv.cz/od/soubory/ciselniky/obce.json,2026-08-21
obec,Obec/594920,CZ064,Jihomoravský kraj,https://data.mpsv.cz/od/soubory/ciselniky/obce.json,2026-08-21
obec,Obec/594938,CZ064,Jihomoravský kraj,https://data.mpsv.cz/od/soubory/ciselniky/obce.json,2026-08-21
obec,Obec/594946,CZ064,Jihomoravský kraj,https://data.mpsv.cz/od/soubory/ciselniky/obce.json,2026-08-21
obec,Obec/594954,CZ064,Jihomoravský kraj,https://data.mpsv.cz/od/soubory/ciselniky/obce.json,2026-08-21
obec,Obec/594971,CZ064,Jihomoravský kraj,https://data.mpsv.cz/od/soubory/ciselniky/obce.json,2026-08-21
obec,Obec/594989,CZ064,Jihomoravský kraj,https://data.mpsv.cz/od/soubory/ciselniky/obce.json,2026-08-21
obec,Obec/594997,CZ064,Jihomoravský kraj,https://data.mpsv.cz/od/soubory/ciselniky/obce.json,2026-08-21
obec,Obec/595004,CZ064,Jihomoravský kraj,https://data.mpsv.cz/od/soubory/ciselniky/obce.json,2026-08-21
obec,Obec/595012,CZ064,Jihomoravský kraj,https://data.mpsv.cz/od/soubory/ciselniky/obce.json,2026-08-21
obec,Obec/595021,CZ064,Jihomoravský kraj,https://data.mpsv.cz/od/soubory/ciselniky/obce.json,2026-08-21
obec,Obec/595039,CZ064,Jihomoravský kraj,https://data.mpsv.cz/od/soubory/ciselniky/obce.json,2026-08-21
obec,Obec/595047,CZ064,Jihomoravský kraj,https://data.mpsv.cz/od/soubory/ciselniky/obce.json,2026-08-21
obec,Obec/545325,CZ064,Jihomoravský kraj,https://data.mpsv.cz/od/soubory/ciselniky/obce.json,2026-08-21
obec,Obec/595055,CZ064,Jihomoravský kraj,https://data.mpsv.cz/od/soubory/ciselniky/obce.json,2026-08-21
obec,Obec/595063,CZ064,Jihomoravský kraj,https://data.mpsv.cz/od/soubory/ciselniky/obce.json,2026-08-21
obec,Obec/595071,CZ064,Jihomoravský kraj,https://data.mpsv.cz/od/soubory/ciselniky/obce.json,2026-08-21
obec,Obec/595080,CZ064,Jihomoravský kraj,https://data.mpsv.cz/od/soubory/ciselniky/obce.json,2026-08-21
obec,Obec/550019,CZ064,Jihomoravský kraj,https://data.mpsv.cz/od/soubory/ciselniky/obce.json,2026-08-21
obec,Obec/595098,CZ064,Jihomoravský kraj,https://data.mpsv.cz/od/soubory/ciselniky/obce.json,2026-08-21
obec,Obec/595101,CZ064,Jihomoravský kraj,https://data.mpsv.cz/od/soubory/ciselniky/obce.json,2026-08-21
obec,Obec/595110,CZ064,Jihomoravský kraj,https://data.mpsv.cz/od/soubory/ciselniky/obce.json,2026-08-21
obec,Obec/595128,CZ064,Jihomoravský kraj,https://data.mpsv.cz/od/soubory/ciselniky/obce.json,2026-08-21
obec,Obec/595136,CZ064,Jihomoravský kraj,https://data.mpsv.cz/od/soubory/ciselniky/obce.json,2026-08-21
obec,Obec/595144,CZ064,Jihomoravský kraj,https://data.mpsv.cz/od/soubory/ciselniky/obce.json,2026-08-21
obec,Obec/595152,CZ064,Jihomoravský kraj,https://data.mpsv.cz/od/soubory/ciselniky/obce.json,2026-08-21
obec,Obec/595161,CZ064,Jihomoravský kraj,https://data.mpsv.cz/od/soubory/ciselniky/obce.json,2026-08-21
obec,Obec/593711,CZ064,Jihomoravský kraj,https://data.mpsv.cz/od/soubory/ciselniky/obce.json,2026-08-21
obec,Obec/595179,CZ064,Jihomoravský kraj,https://data.mpsv.cz/od/soubory/ciselniky/obce.json,2026-08-21
obec,Obec/595187,CZ064,Jihomoravský kraj,https://data.mpsv.cz/od/soubory/ciselniky/obce.json,2026-08-21
obec,Obec/595195,CZ064,Jihomoravský kraj,https://data.mpsv.cz/od/soubory/ciselniky/obce.json,2026-08-21
obec,Obec/595217,CZ063,Kraj Vysočina,https://data.mpsv.cz/od/soubory/ciselniky/obce.json,2026-08-21
obec,Obec/595241,CZ063,Kraj Vysočina,https://data.mpsv.cz/od/soubory/ciselniky/obce.json,2026-08-21
obec,Obec/595250,CZ063,Kraj Vysočina,https://data.mpsv.cz/od/soubory/ciselniky/obce.json,2026-08-21
obec,Obec/595268,CZ063,Kraj Vysočina,https://data.mpsv.cz/od/soubory/ciselniky/obce.json,2026-08-21
obec,Obec/595276,CZ063,Kraj Vysočina,https://data.mpsv.cz/od/soubory/ciselniky/obce.json,2026-08-21
obec,Obec/595284,CZ063,Kraj Vysočina,https://data.mpsv.cz/od/soubory/ciselniky/obce.json,2026-08-21
obec,Obec/595292,CZ063,Kraj Vysočina,https://data.mpsv.cz/od/soubory/ciselniky/obce.json,2026-08-21
obec,Obec/595306,CZ063,Kraj Vysočina,https://data.mpsv.cz/od/soubory/ciselniky/obce.json,2026-08-21
obec,Obec/595322,CZ063,Kraj Vysočina,https://data.mpsv.cz/od/soubory/ciselniky/obce.json,2026-08-21
obec,Obec/595641,CZ063,Kraj Vysočina,https://data.mpsv.cz/od/soubory/ciselniky/obce.json,2026-08-21
obec,Obec/595349,CZ063,Kraj Vysočina,https://data.mpsv.cz/od/soubory/ciselniky/obce.json,2026-08-21
obec,Obec/595357,CZ063,Kraj Vysočina,https://data.mpsv.cz/od/soubory/ciselniky/obce.json,2026-08-21
obec,Obec/595365,CZ063,Kraj Vysočina,https://data.mpsv.cz/od/soubory/ciselniky/obce.json,2026-08-21
obec,Obec/595381,CZ063,Kraj Vysočina,https://data.mpsv.cz/od/soubory/ciselniky/obce.json,2026-08-21
obec,Obec/595390,CZ063,Kraj Vysočina,https://data.mpsv.cz/od/soubory/ciselniky/obce.json,2026-08-21
obec,Obec/595403,CZ063,Kraj Vysočina,https://data.mpsv.cz/od/soubory/ciselniky/obce.json,2026-08-21
obec,Obec/595411,CZ063,Kraj Vysočina,https://data.mpsv.cz/od/soubory/ciselniky/obce.json,2026-08-21
obec,Obec/595420,CZ063,Kraj Vysočina,https://data.mpsv.cz/od/soubory/ciselniky/obce.json,2026-08-21
obec,Obec/588016,CZ063,Kraj Vysočina,https://data.mpsv.cz/od/soubory/ciselniky/obce.json,2026-08-21
obec,Obec/595438,CZ063,Kraj Vysočina,https://data.mpsv.cz/od/soubory/ciselniky/obce.json,2026-08-21
obec,Obec/595454,CZ063,Kraj Vysočina,https://data.mpsv.cz/od/soubory/ciselniky/obce.json,2026-08-21
obec,Obec/595462,CZ063,Kraj Vysočina,https://data.mpsv.cz/od/soubory/ciselniky/obce.json,2026-08-21
obec,Obec/595471,CZ063,Kraj Vysočina,https://data.mpsv.cz/od/soubory/ciselniky/obce.json,2026-08-21
obec,Obec/595489,CZ063,Kraj Vysočina,https://data.mpsv.cz/od/soubory/ciselniky/obce.json,2026-08-21
obec,Obec/595501,CZ063,Kraj Vysočina,https://data.mpsv.cz/od/soubory/ciselniky/obce.json,2026-08-21
obec,Obec/595519,CZ063,Kraj Vysočina,https://data.mpsv.cz/od/soubory/ciselniky/obce.json,2026-08-21
obec,Obec/595535,CZ063,Kraj Vysočina,https://data.mpsv.cz/od/soubory/ciselniky/obce.json,2026-08-21
obec,Obec/595578,CZ063,Kraj Vysočina,https://data.mpsv.cz/od/soubory/ciselniky/obce.json,2026-08-21
obec,Obec/595586,CZ063,Kraj Vysočina,https://data.mpsv.cz/od/soubory/ciselniky/obce.json,2026-08-21
obec,Obec/595594,CZ063,Kraj Vysočina,https://data.mpsv.cz/od/soubory/ciselniky/obce.json,2026-08-21
obec,Obec/595608,CZ063,Kraj Vysočina,https://data.mpsv.cz/od/soubory/ciselniky/obce.json,2026-08-21
obec,Obec/595624,CZ063,Kraj Vysočina,https://data.mpsv.cz/od/soubory/ciselniky/obce.json,2026-08-21
obec,Obec/595659,CZ063,Kraj Vysočina,https://data.mpsv.cz/od/soubory/ciselniky/obce.json,2026-08-21
obec,Obec/595675,CZ063,Kraj Vysočina,https://data.mpsv.cz/od/soubory/ciselniky/obce.json,2026-08-21
obec,Obec/595683,CZ063,Kraj Vysočina,https://data.mpsv.cz/od/soubory/ciselniky/obce.json,2026-08-21
obec,Obec/595713,CZ063,Kraj Vysočina,https://data.mpsv.cz/od/soubory/ciselniky/obce.json,2026-08-21
obec,Obec/595721,CZ063,Kraj Vysočina,https://data.mpsv.cz/od/soubory/ciselniky/obce.json,2026-08-21
obec,Obec/595705,CZ063,Kraj Vysočina,https://data.mpsv.cz/od/soubory/ciselniky/obce.json,2026-08-21
obec,Obec/595730,CZ063,Kraj Vysočina,https://data.mpsv.cz/od/soubory/ciselniky/obce.json,2026-08-21
obec,Obec/595756,CZ063,Kraj Vysočina,https://data.mpsv.cz/od/soubory/ciselniky/obce.json,2026-08-21
obec,Obec/595748,CZ063,Kraj Vysočina,https://data.mpsv.cz/od/soubory/ciselniky/obce.json,2026-08-21
obec,Obec/595772,CZ063,Kraj Vysočina,https://data.mpsv.cz/od/soubory/ciselniky/obce.json,2026-08-21
obec,Obec/595802,CZ063,Kraj Vysočina,https://data.mpsv.cz/od/soubory/ciselniky/obce.json,2026-08-21
obec,Obec/595811,CZ063,Kraj Vysočina,https://data.mpsv.cz/od/soubory/ciselniky/obce.json,2026-08-21
obec,Obec/595829,CZ063,Kraj Vysočina,https://data.mpsv.cz/od/soubory/ciselniky/obce.json,2026-08-21
obec,Obec/595845,CZ063,Kraj Vysočina,https://data.mpsv.cz/od/soubory/ciselniky/obce.json,2026-08-21
obec,Obec/595853,CZ063,Kraj Vysočina,https://data.mpsv.cz/od/soubory/ciselniky/obce.json,2026-08-21
obec,Obec/595861,CZ063,Kraj Vysočina,https://data.mpsv.cz/od/soubory/ciselniky/obce.json,2026-08-21
obec,Obec/595870,CZ063,Kraj Vysočina,https://data.mpsv.cz/od/soubory/ciselniky/obce.json,2026-08-21
obec,Obec/595888,CZ063,Kraj Vysočina,https://data.mpsv.cz/od/soubory/ciselniky/obce.json,2026-08-21
obec,Obec/595896,CZ063,Kraj Vysočina,https://data.mpsv.cz/od/soubory/ciselniky/obce.json,2026-08-21
obec,Obec/595900,CZ063,Kraj Vysočina,https://data.mpsv.cz/od/soubory/ciselniky/obce.json,2026-08-21
obec,Obec/587842,CZ063,Kraj Vysočina,https://data.mpsv.cz/od/soubory/ciselniky/obce.json,2026-08-21
obec,Obec/595918,CZ063,Kraj Vysočina,https://data.mpsv.cz/od/soubory/ciselniky/obce.json,2026-08-21
obec,Obec/595926,CZ063,Kraj Vysočina,https://data.mpsv.cz/od/soubory/ciselniky/obce.json,2026-08-21
obec,Obec/595951,CZ063,Kraj Vysočina,https://data.mpsv.cz/od/soubory/ciselniky/obce.json,2026-08-21
obec,Obec/595969,CZ063,Kraj Vysočina,https://data.mpsv.cz/od/soubory/ciselniky/obce.json,2026-08-21
obec,Obec/595977,CZ063,Kraj Vysočina,https://data.mpsv.cz/od/soubory/ciselniky/obce.json,2026-08-21
obec,Obec/596001,CZ063,Kraj Vysočina,https://data.mpsv.cz/od/soubory/ciselniky/obce.json,2026-08-21
obec,Obec/596019,CZ063,Kraj Vysočina,https://data.mpsv.cz/od/soubory/ciselniky/obce.json,2026-08-21
obec,Obec/596035,CZ063,Kraj Vysočina,https://data.mpsv.cz/od/soubory/ciselniky/obce.json,2026-08-21
obec,Obec/596051,CZ063,Kraj Vysočina,https://data.mpsv.cz/od/soubory/ciselniky/obce.json,2026-08-21
obec,Obec/596060,CZ063,Kraj Vysočina,https://data.mpsv.cz/od/soubory/ciselniky/obce.json,2026-08-21
obec,Obec/596086,CZ063,Kraj Vysočina,https://data.mpsv.cz/od/soubory/ciselniky/obce.json,2026-08-21
obec,Obec/596094,CZ063,Kraj Vysočina,https://data.mpsv.cz/od/soubory/ciselniky/obce.json,2026-08-21
obec,Obec/596108,CZ063,Kraj Vysočina,https://data.mpsv.cz/od/soubory/ciselniky/obce.json,2026-08-21
obec,Obec/596116,CZ063,Kraj Vysočina,https://data.mpsv.cz/od/soubory/ciselniky/obce.json,2026-08-21
obec,Obec/587516,CZ063,Kraj Vysočina,https://data.mpsv.cz/od/soubory/ciselniky/obce.json,2026-08-21
obec,Obec/549835,CZ063,Kraj Vysočina,https://data.mpsv.cz/od/soubory/ciselniky/obce.json,2026-08-21
obec,Obec/587770,CZ063,Kraj Vysočina,https://data.mpsv.cz/od/soubory/ciselniky/obce.json,2026-08-21
obec,Obec/596132,CZ063,Kraj Vysočina,https://data.mpsv.cz/od/soubory/ciselniky/obce.json,2026-08-21
obec,Obec/596141,CZ063,Kraj Vysočina,https://data.mpsv.cz/od/soubory/ciselniky/obce.json,2026-08-21
obec,Obec/596159,CZ063,Kraj Vysočina,https://data.mpsv.cz/od/soubory/ciselniky/obce.json,2026-08-21
obec,Obec/596183,CZ063,Kraj Vysočina,https://data.mpsv.cz/od/soubory/ciselniky/obce.json,2026-08-21
obec,Obec/596205,CZ063,Kraj Vysočina,https://data.mpsv.cz/od/soubory/ciselniky/obce.json,2026-08-21
obec,Obec/596213,CZ063,Kraj Vysočina,https://data.mpsv.cz/od/soubory/ciselniky/obce.json,2026-08-21
obec,Obec/596221,CZ063,Kraj Vysočina,https://data.mpsv.cz/od/soubory/ciselniky/obce.json,2026-08-21
obec,Obec/587974,CZ063,Kraj Vysočina,https://data.mpsv.cz/od/soubory/ciselniky/obce.json,2026-08-21
obec,Obec/596230,CZ063,Kraj Vysočina,https://data.mpsv.cz/od/soubory/ciselniky/obce.json,2026-08-21
obec,Obec/596248,CZ063,Kraj Vysočina,https://data.mpsv.cz/od/soubory/ciselniky/obce.json,2026-08-21
obec,Obec/596256,CZ063,Kraj Vysočina,https://data.mpsv.cz/od/soubory/ciselniky/obce.json,2026-08-21
obec,Obec/596264,CZ063,Kraj Vysočina,https://data.mpsv.cz/od/soubory/ciselniky/obce.json,2026-08-21
obec,Obec/596272,CZ063,Kraj Vysočina,https://data.mpsv.cz/od/soubory/ciselniky/obce.json,2026-08-21
obec,Obec/596281,CZ063,Kraj Vysočina,https://data.mpsv.cz/od/soubory/ciselniky/obce.json,2026-08-21
obec,Obec/596329,CZ063,Kraj Vysočina,https://data.mpsv.cz/od/soubory/ciselniky/obce.json,2026-08-21
obec,Obec/596337,CZ063,Kraj Vysočina,https://data.mpsv.cz/od/soubory/ciselniky/obce.json,2026-08-21
obec,Obec/511412,CZ063,Kraj Vysočina,https://data.mpsv.cz/od/soubory/ciselniky/obce.json,2026-08-21
obec,Obec/596345,CZ063,Kraj Vysočina,https://data.mpsv.cz/od/soubory/ciselniky/obce.json,2026-08-21
obec,Obec/596353,CZ063,Kraj Vysočina,https://data.mpsv.cz/od/soubory/ciselniky/obce.json,2026-08-21
obec,Obec/596361,CZ063,Kraj Vysočina,https://data.mpsv.cz/od/soubory/ciselniky/obce.json,2026-08-21
obec,Obec/596370,CZ063,Kraj Vysočina,https://data.mpsv.cz/od/soubory/ciselniky/obce.json,2026-08-21
obec,Obec/596388,CZ063,Kraj Vysočina,https://data.mpsv.cz/od/soubory/ciselniky/obce.json,2026-08-21
obec,Obec/596396,CZ063,Kraj Vysočina,https://data.mpsv.cz/od/soubory/ciselniky/obce.json,2026-08-21
obec,Obec/596418,CZ063,Kraj Vysočina,https://data.mpsv.cz/od/soubory/ciselniky/obce.json,2026-08-21
obec,Obec/549916,CZ063,Kraj Vysočina,https://data.mpsv.cz/od/soubory/ciselniky/obce.json,2026-08-21
obec,Obec/596434,CZ063,Kraj Vysočina,https://data.mpsv.cz/od/soubory/ciselniky/obce.json,2026-08-21
obec,Obec/596442,CZ063,Kraj Vysočina,https://data.mpsv.cz/od/soubory/ciselniky/obce.json,2026-08-21
obec,Obec/596451,CZ063,Kraj Vysočina,https://data.mpsv.cz/od/soubory/ciselniky/obce.json,2026-08-21
obec,Obec/596469,CZ063,Kraj Vysočina,https://data.mpsv.cz/od/soubory/ciselniky/obce.json,2026-08-21
obec,Obec/596477,CZ063,Kraj Vysočina,https://data.mpsv.cz/od/soubory/ciselniky/obce.json,2026-08-21
obec,Obec/596485,CZ063,Kraj Vysočina,https://data.mpsv.cz/od/soubory/ciselniky/obce.json,2026-08-21
obec,Obec/596493,CZ063,Kraj Vysočina,https://data.mpsv.cz/od/soubory/ciselniky/obce.json,2026-08-21
obec,Obec/596507,CZ063,Kraj Vysočina,https://data.mpsv.cz/od/soubory/ciselniky/obce.json,2026-08-21
obec,Obec/588059,CZ063,Kraj Vysočina,https://data.mpsv.cz/od/soubory/ciselniky/obce.json,2026-08-21
obec,Obec/596515,CZ063,Kraj Vysočina,https://data.mpsv.cz/od/soubory/ciselniky/obce.json,2026-08-21
obec,Obec/596523,CZ063,Kraj Vysočina,https://data.mpsv.cz/od/soubory/ciselniky/obce.json,2026-08-21
obec,Obec/596531,CZ063,Kraj Vysočina,https://data.mpsv.cz/od/soubory/ciselniky/obce.json,2026-08-21
obec,Obec/549924,CZ063,Kraj Vysočina,https://data.mpsv.cz/od/soubory/ciselniky/obce.json,2026-08-21
obec,Obec/596540,CZ063,Kraj Vysočina,https://data.mpsv.cz/od/soubory/ciselniky/obce.json,2026-08-21
obec,Obec/596558,CZ063,Kraj Vysočina,https://data.mpsv.cz/od/soubory/ciselniky/obce.json,2026-08-21
obec,Obec/596566,CZ063,Kraj Vysočina,https://data.mpsv.cz/od/soubory/ciselniky/obce.json,2026-08-21
obec,Obec/596574,CZ063,Kraj Vysočina,https://data.mpsv.cz/od/soubory/ciselniky/obce.json,2026-08-21
obec,Obec/587737,CZ063,Kraj Vysočina,https://data.mpsv.cz/od/soubory/ciselniky/obce.json,2026-08-21
obec,Obec/549941,CZ063,Kraj Vysočina,https://data.mpsv.cz/od/soubory/ciselniky/obce.json,2026-08-21
obec,Obec/596604,CZ063,Kraj Vysočina,https://data.mpsv.cz/od/soubory/ciselniky/obce.json,2026-08-21
obec,Obec/596612,CZ063,Kraj Vysočina,https://data.mpsv.cz/od/soubory/ciselniky/obce.json,2026-08-21
obec,Obec/596639,CZ063,Kraj Vysočina,https://data.mpsv.cz/od/soubory/ciselniky/obce.json,2026-08-21
obec,Obec/596647,CZ063,Kraj Vysočina,https://data.mpsv.cz/od/soubory/ciselniky/obce.json,2026-08-21
obec,Obec/596655,CZ063,Kraj Vysočina,https://data.mpsv.cz/od/soubory/ciselniky/obce.json,2026-08-21
obec,Obec/596663,CZ063,Kraj Vysočina,https://data.mpsv.cz/od/soubory/ciselniky/obce.json,2026-08-21
obec,Obec/596671,CZ063,Kraj Vysočina,https://data.mpsv.cz/od/soubory/ciselniky/obce.json,2026-08-21
obec,Obec/596680,CZ063,Kraj Vysočina,https://data.mpsv.cz/od/soubory/ciselniky/obce.json,2026-08-21
obec,Obec/596701,CZ063,Kraj Vysočina,https://data.mpsv.cz/od/soubory/ciselniky/obce.json,2026-08-21
obec,Obec/588237,CZ063,Kraj Vysočina,https://data.mpsv.cz/od/soubory/ciselniky/obce.json,2026-08-21
obec,Obec/596710,CZ063,Kraj Vysočina,https://data.mpsv.cz/od/soubory/ciselniky/obce.json,2026-08-21
obec,Obec/596728,CZ063,Kraj Vysočina,https://data.mpsv.cz/od/soubory/ciselniky/obce.json,2026-08-21
obec,Obec/596736,CZ063,Kraj Vysočina,https://data.mpsv.cz/od/soubory/ciselniky/obce.json,2026-08-21
obec,Obec/596744,CZ063,Kraj Vysočina,https://data.mpsv.cz/od/soubory/ciselniky/obce.json,2026-08-21
obec,Obec/596752,CZ063,Kraj Vysočina,https://data.mpsv.cz/od/soubory/ciselniky/obce.json,2026-08-21
obec,Obec/596761,CZ063,Kraj Vysočina,https://data.mpsv.cz/od/soubory/ciselniky/obce.json,2026-08-21
obec,Obec/596787,CZ063,Kraj Vysočina,https://data.mpsv.cz/od/soubory/ciselniky/obce.json,2026-08-21
obec,Obec/596795,CZ063,Kraj Vysočina,https://data.mpsv.cz/od/soubory/ciselniky/obce.json,2026-08-21
obec,Obec/596809,CZ063,Kraj Vysočina,https://data.mpsv.cz/od/soubory/ciselniky/obce.json,2026-08-21
obec,Obec/596817,CZ063,Kraj Vysočina,https://data.mpsv.cz/od/soubory/ciselniky/obce.json,2026-08-21
obec,Obec/596825,CZ063,Kraj Vysočina,https://data.mpsv.cz/od/soubory/ciselniky/obce.json,2026-08-21
obec,Obec/549886,CZ063,Kraj Vysočina,https://data.mpsv.cz/od/soubory/ciselniky/obce.json,2026-08-21
obec,Obec/596833,CZ063,Kraj Vysočina,https://data.mpsv.cz/od/soubory/ciselniky/obce.json,2026-08-21
obec,Obec/596841,CZ063,Kraj Vysočina,https://data.mpsv.cz/od/soubory/ciselniky/obce.json,2026-08-21
obec,Obec/596850,CZ063,Kraj Vysočina,https://data.mpsv.cz/od/soubory/ciselniky/obce.json,2026-08-21
obec,Obec/596868,CZ063,Kraj Vysočina,https://data.mpsv.cz/od/soubory/ciselniky/obce.json,2026-08-21
obec,Obec/596876,CZ063,Kraj Vysočina,https://data.mpsv.cz/od/soubory/ciselniky/obce.json,2026-08-21
obec,Obec/596884,CZ063,Kraj Vysočina,https://data.mpsv.cz/od/soubory/ciselniky/obce.json,2026-08-21
obec,Obec/591831,CZ063,Kraj Vysočina,https://data.mpsv.cz/od/soubory/ciselniky/obce.json,2026-08-21
obec,Obec/587753,CZ063,Kraj Vysočina,https://data.mpsv.cz/od/soubory/ciselniky/obce.json,2026-08-21
obec,Obec/549959,CZ063,Kraj Vysočina,https://data.mpsv.cz/od/soubory/ciselniky/obce.json,2026-08-21
obec,Obec/596906,CZ063,Kraj Vysočina,https://data.mpsv.cz/od/soubory/ciselniky/obce.json,2026-08-21
obec,Obec/596914,CZ063,Kraj Vysočina,https://data.mpsv.cz/od/soubory/ciselniky/obce.json,2026-08-21
obec,Obec/596922,CZ063,Kraj Vysočina,https://data.mpsv.cz/od/soubory/ciselniky/obce.json,2026-08-21
obec,Obec/596931,CZ063,Kraj Vysočina,https://data.mpsv.cz/od/soubory/ciselniky/obce.json,2026-08-21
obec,Obec/596949,CZ063,Kraj Vysočina,https://data.mpsv.cz/od/soubory/ciselniky/obce.json,2026-08-21
obec,Obec/596957,CZ063,Kraj Vysočina,https://data.mpsv.cz/od/soubory/ciselniky/obce.json,2026-08-21
obec,Obec/596965,CZ063,Kraj Vysočina,https://data.mpsv.cz/od/soubory/ciselniky/obce.json,2026-08-21
obec,Obec/596973,CZ063,Kraj Vysočina,https://data.mpsv.cz/od/soubory/ciselniky/obce.json,2026-08-21
obec,Obec/596981,CZ063,Kraj Vysočina,https://data.mpsv.cz/od/soubory/ciselniky/obce.json,2026-08-21
obec,Obec/596990,CZ063,Kraj Vysočina,https://data.mpsv.cz/od/soubory/ciselniky/obce.json,2026-08-21
obec,Obec/597007,CZ063,Kraj Vysočina,https://data.mpsv.cz/od/soubory/ciselniky/obce.json,2026-08-21
obec,Obec/587893,CZ063,Kraj Vysočina,https://data.mpsv.cz/od/soubory/ciselniky/obce.json,2026-08-21
obec,Obec/597015,CZ063,Kraj Vysočina,https://data.mpsv.cz/od/soubory/ciselniky/obce.json,2026-08-21
obec,Obec/597031,CZ063,Kraj Vysočina,https://data.mpsv.cz/od/soubory/ciselniky/obce.json,2026-08-21
obec,Obec/597040,CZ063,Kraj Vysočina,https://data.mpsv.cz/od/soubory/ciselniky/obce.json,2026-08-21
obec,Obec/597058,CZ063,Kraj Vysočina,https://data.mpsv.cz/od/soubory/ciselniky/obce.json,2026-08-21
obec,Obec/597066,CZ063,Kraj Vysočina,https://data.mpsv.cz/od/soubory/ciselniky/obce.json,2026-08-21
obec,Obec/597074,CZ063,Kraj Vysočina,https://data.mpsv.cz/od/soubory/ciselniky/obce.json,2026-08-21
obec,Obec/587869,CZ063,Kraj Vysočina,https://data.mpsv.cz/od/soubory/ciselniky/obce.json,2026-08-21
obec,Obec/597082,CZ063,Kraj Vysočina,https://data.mpsv.cz/od/soubory/ciselniky/obce.json,2026-08-21
obec,Obec/597091,CZ063,Kraj Vysočina,https://data.mpsv.cz/od/soubory/ciselniky/obce.json,2026-08-21
obec,Obec/588334,CZ063,Kraj Vysočina,https://data.mpsv.cz/od/soubory/ciselniky/obce.json,2026-08-21
obec,Obec/597112,CZ063,Kraj Vysočina,https://data.mpsv.cz/od/soubory/ciselniky/obce.json,2026-08-21
obec,Obec/597121,CZ063,Kraj Vysočina,https://data.mpsv.cz/od/soubory/ciselniky/obce.json,2026-08-21
obec,Obec/597139,CZ063,Kraj Vysočina,https://data.mpsv.cz/od/soubory/ciselniky/obce.json,2026-08-21
obec,Obec/597147,CZ063,Kraj Vysočina,https://data.mpsv.cz/od/soubory/ciselniky/obce.json,2026-08-21
obec,Obec/597155,CZ063,Kraj Vysočina,https://data.mpsv.cz/od/soubory/ciselniky/obce.json,2026-08-21
obec,Obec/597163,CZ063,Kraj Vysočina,https://data.mpsv.cz/od/soubory/ciselniky/obce.json,2026-08-21
obec,Obec/595209,CZ063,Kraj Vysočina,https://data.mpsv.cz/od/soubory/ciselniky/obce.json,2026-08-21
obec,Obec/551929,CZ080,Moravskoslezský kraj,https://data.mpsv.cz/od/soubory/ciselniky/obce.json,2026-08-21
obec,Obec/597198,CZ080,Moravskoslezský kraj,https://data.mpsv.cz/od/soubory/ciselniky/obce.json,2026-08-21
obec,Obec/597201,CZ080,Moravskoslezský kraj,https://data.mpsv.cz/od/soubory/ciselniky/obce.json,2026-08-21
obec,Obec/597210,CZ080,Moravskoslezský kraj,https://data.mpsv.cz/od/soubory/ciselniky/obce.json,2026-08-21
obec,Obec/597180,CZ080,Moravskoslezský kraj,https://data.mpsv.cz/od/soubory/ciselniky/obce.json,2026-08-21
obec,Obec/597228,CZ080,Moravskoslezský kraj,https://data.mpsv.cz/od/soubory/ciselniky/obce.json,2026-08-21
obec,Obec/569607,CZ080,Moravskoslezský kraj,https://data.mpsv.cz/od/soubory/ciselniky/obce.json,2026-08-21
obec,Obec/552003,CZ080,Moravskoslezský kraj,https://data.mpsv.cz/od/soubory/ciselniky/obce.json,2026-08-21
obec,Obec/597252,CZ080,Moravskoslezský kraj,https://data.mpsv.cz/od/soubory/ciselniky/obce.json,2026-08-21
obec,Obec/551864,CZ080,Moravskoslezský kraj,https://data.mpsv.cz/od/soubory/ciselniky/obce.json,2026-08-21
obec,Obec/551708,CZ080,Moravskoslezský kraj,https://data.mpsv.cz/od/soubory/ciselniky/obce.json,2026-08-21
obec,Obec/597287,CZ080,Moravskoslezský kraj,https://data.mpsv.cz/od/soubory/ciselniky/obce.json,2026-08-21
obec,Obec/597317,CZ080,Moravskoslezský kraj,https://data.mpsv.cz/od/soubory/ciselniky/obce.json,2026-08-21
obec,Obec/597325,CZ080,Moravskoslezský kraj,https://data.mpsv.cz/od/soubory/ciselniky/obce.json,2026-08-21
obec,Obec/551872,CZ080,Moravskoslezský kraj,https://data.mpsv.cz/od/soubory/ciselniky/obce.json,2026-08-21
obec,Obec/597341,CZ080,Moravskoslezský kraj,https://data.mpsv.cz/od/soubory/ciselniky/obce.json,2026-08-21
obec,Obec/597350,CZ080,Moravskoslezský kraj,https://data.mpsv.cz/od/soubory/ciselniky/obce.json,2026-08-21
obec,Obec/597368,CZ080,Moravskoslezský kraj,https://data.mpsv.cz/od/soubory/ciselniky/obce.json,2026-08-21
obec,Obec/551805,CZ080,Moravskoslezský kraj,https://data.mpsv.cz/od/soubory/ciselniky/obce.json,2026-08-21
obec,Obec/597392,CZ080,Moravskoslezský kraj,https://data.mpsv.cz/od/soubory/ciselniky/obce.json,2026-08-21
obec,Obec/597431,CZ080,Moravskoslezský kraj,https://data.mpsv.cz/od/soubory/ciselniky/obce.json,2026-08-21
obec,Obec/597449,CZ080,Moravskoslezský kraj,https://data.mpsv.cz/od/soubory/ciselniky/obce.json,2026-08-21
obec,Obec/597457,CZ080,Moravskoslezský kraj,https://data.mpsv.cz/od/soubory/ciselniky/obce.json,2026-08-21
obec,Obec/597473,CZ080,Moravskoslezský kraj,https://data.mpsv.cz/od/soubory/ciselniky/obce.json,2026-08-21
obec,Obec/597481,CZ080,Moravskoslezský kraj,https://data.mpsv.cz/od/soubory/ciselniky/obce.json,2026-08-21
obec,Obec/597511,CZ080,Moravskoslezský kraj,https://data.mpsv.cz/od/soubory/ciselniky/obce.json,2026-08-21
obec,Obec/597520,CZ080,Moravskoslezský kraj,https://data.mpsv.cz/od/soubory/ciselniky/obce.json,2026-08-21
obec,Obec/597538,CZ080,Moravskoslezský kraj,https://data.mpsv.cz/od/soubory/ciselniky/obce.json,2026-08-21
obec,Obec/597546,CZ080,Moravskoslezský kraj,https://data.mpsv.cz/od/soubory/ciselniky/obce.json,2026-08-21
obec,Obec/597554,CZ080,Moravskoslezský kraj,https://data.mpsv.cz/od/soubory/ciselniky/obce.json,2026-08-21
obec,Obec/597571,CZ080,Moravskoslezský kraj,https://data.mpsv.cz/od/soubory/ciselniky/obce.json,2026-08-21
obec,Obec/597589,CZ080,Moravskoslezský kraj,https://data.mpsv.cz/od/soubory/ciselniky/obce.json,2026-08-21
obec,Obec/551996,CZ080,Moravskoslezský kraj,https://data.mpsv.cz/od/soubory/ciselniky/obce.json,2026-08-21
obec,Obec/597601,CZ080,Moravskoslezský kraj,https://data.mpsv.cz/od/soubory/ciselniky/obce.json,2026-08-21
obec,Obec/551902,CZ080,Moravskoslezský kraj,https://data.mpsv.cz/od/soubory/ciselniky/obce.json,2026-08-21
obec,Obec/597635,CZ080,Moravskoslezský kraj,https://data.mpsv.cz/od/soubory/ciselniky/obce.json,2026-08-21
obec,Obec/551724,CZ080,Moravskoslezský kraj,https://data.mpsv.cz/od/soubory/ciselniky/obce.json,2026-08-21
obec,Obec/569526,CZ080,Moravskoslezský kraj,https://data.mpsv.cz/od/soubory/ciselniky/obce.json,2026-08-21
obec,Obec/551732,CZ080,Moravskoslezský kraj,https://data.mpsv.cz/od/soubory/ciselniky/obce.json,2026-08-21
obec,Obec/546950,CZ080,Moravskoslezský kraj,https://data.mpsv.cz/od/soubory/ciselniky/obce.json,2026-08-21
obec,Obec/569551,CZ080,Moravskoslezský kraj,https://data.mpsv.cz/od/soubory/ciselniky/obce.json,2026-08-21
obec,Obec/569577,CZ080,Moravskoslezský kraj,https://data.mpsv.cz/od/soubory/ciselniky/obce.json,2026-08-21
obec,Obec/597716,CZ080,Moravskoslezský kraj,https://data.mpsv.cz/od/soubory/ciselniky/obce.json,2026-08-21
obec,Obec/551848,CZ080,Moravskoslezský kraj,https://data.mpsv.cz/od/soubory/ciselniky/obce.json,2026-08-21
obec,Obec/597724,CZ080,Moravskoslezský kraj,https://data.mpsv.cz/od/soubory/ciselniky/obce.json,2026-08-21
obec,Obec/597741,CZ080,Moravskoslezský kraj,https://data.mpsv.cz/od/soubory/ciselniky/obce.json,2026-08-21
obec,Obec/551945,CZ080,Moravskoslezský kraj,https://data.mpsv.cz/od/soubory/ciselniky/obce.json,2026-08-21
obec,Obec/597775,CZ080,Moravskoslezský kraj,https://data.mpsv.cz/od/soubory/ciselniky/obce.json,2026-08-21
obec,Obec/597783,CZ080,Moravskoslezský kraj,https://data.mpsv.cz/od/soubory/ciselniky/obce.json,2026-08-21
obec,Obec/597791,CZ080,Moravskoslezský kraj,https://data.mpsv.cz/od/soubory/ciselniky/obce.json,2026-08-21
obec,Obec/551881,CZ080,Moravskoslezský kraj,https://data.mpsv.cz/od/soubory/ciselniky/obce.json,2026-08-21
obec,Obec/597813,CZ080,Moravskoslezský kraj,https://data.mpsv.cz/od/soubory/ciselniky/obce.json,2026-08-21
obec,Obec/551911,CZ080,Moravskoslezský kraj,https://data.mpsv.cz/od/soubory/ciselniky/obce.json,2026-08-21
obec,Obec/551813,CZ080,Moravskoslezský kraj,https://data.mpsv.cz/od/soubory/ciselniky/obce.json,2026-08-21
obec,Obec/551767,CZ080,Moravskoslezský kraj,https://data.mpsv.cz/od/soubory/ciselniky/obce.json,2026-08-21
obec,Obec/597872,CZ080,Moravskoslezský kraj,https://data.mpsv.cz/od/soubory/ciselniky/obce.json,2026-08-21
obec,Obec/597881,CZ080,Moravskoslezský kraj,https://data.mpsv.cz/od/soubory/ciselniky/obce.json,2026-08-21
obec,Obec/597899,CZ080,Moravskoslezský kraj,https://data.mpsv.cz/od/soubory/ciselniky/obce.json,2026-08-21
obec,Obec/597911,CZ080,Moravskoslezský kraj,https://data.mpsv.cz/od/soubory/ciselniky/obce.json,2026-08-21
obec,Obec/551821,CZ080,Moravskoslezský kraj,https://data.mpsv.cz/od/soubory/ciselniky/obce.json,2026-08-21
obec,Obec/597937,CZ080,Moravskoslezský kraj,https://data.mpsv.cz/od/soubory/ciselniky/obce.json,2026-08-21
obec,Obec/597945,CZ080,Moravskoslezský kraj,https://data.mpsv.cz/od/soubory/ciselniky/obce.json,2026-08-21
obec,Obec/551783,CZ080,Moravskoslezský kraj,https://data.mpsv.cz/od/soubory/ciselniky/obce.json,2026-08-21
obec,Obec/551694,CZ080,Moravskoslezský kraj,https://data.mpsv.cz/od/soubory/ciselniky/obce.json,2026-08-21
obec,Obec/597961,CZ080,Moravskoslezský kraj,https://data.mpsv.cz/od/soubory/ciselniky/obce.json,2026-08-21
obec,Obec/597970,CZ080,Moravskoslezský kraj,https://data.mpsv.cz/od/soubory/ciselniky/obce.json,2026-08-21
obec,Obec/597988,CZ080,Moravskoslezský kraj,https://data.mpsv.cz/od/soubory/ciselniky/obce.json,2026-08-21
obec,Obec/598011,CZ080,Moravskoslezský kraj,https://data.mpsv.cz/od/soubory/ciselniky/obce.json,2026-08-21
obec,Obec/598020,CZ080,Moravskoslezský kraj,https://data.mpsv.cz/od/soubory/ciselniky/obce.json,2026-08-21
obec,Obec/511633,CZ080,Moravskoslezský kraj,https://data.mpsv.cz/od/soubory/ciselniky/obce.json,2026-08-21
obec,Obec/598038,CZ080,Moravskoslezský kraj,https://data.mpsv.cz/od/soubory/ciselniky/obce.json,2026-08-21
obec,Obec/598046,CZ080,Moravskoslezský kraj,https://data.mpsv.cz/od/soubory/ciselniky/obce.json,2026-08-21
obec,Obec/511935,CZ080,Moravskoslezský kraj,https://data.mpsv.cz/od/soubory/ciselniky/obce.json,2026-08-21
obec,Obec/598062,CZ080,Moravskoslezský kraj,https://data.mpsv.cz/od/soubory/ciselniky/obce.json,2026-08-21
obec,Obec/598071,CZ080,Moravskoslezský kraj,https://data.mpsv.cz/od/soubory/ciselniky/obce.json,2026-08-21
obec,Obec/598089,CZ080,Moravskoslezský kraj,https://data.mpsv.cz/od/soubory/ciselniky/obce.json,2026-08-21
obec,Obec/552542,CZ080,Moravskoslezský kraj,https://data.mpsv.cz/od/soubory/ciselniky/obce.json,2026-08-21
obec,Obec/598101,CZ080,Moravskoslezský kraj,https://data.mpsv.cz/od/soubory/ciselniky/obce.json,2026-08-21
obec,Obec/511951,CZ080,Moravskoslezský kraj,https://data.mpsv.cz/od/soubory/ciselniky/obce.json,2026-08-21
obec,Obec/552607,CZ080,Moravskoslezský kraj,https://data.mpsv.cz/od/soubory/ciselniky/obce.json,2026-08-21
obec,Obec/598135,CZ080,Moravskoslezský kraj,https://data.mpsv.cz/od/soubory/ciselniky/obce.json,2026-08-21
obec,Obec/598003,CZ080,Moravskoslezský kraj,https://data.mpsv.cz/od/soubory/ciselniky/obce.json,2026-08-21
obec,Obec/598143,CZ080,Moravskoslezský kraj,https://data.mpsv.cz/od/soubory/ciselniky/obce.json,2026-08-21
obec,Obec/598160,CZ080,Moravskoslezský kraj,https://data.mpsv.cz/od/soubory/ciselniky/obce.json,2026-08-21
obec,Obec/512192,CZ080,Moravskoslezský kraj,https://data.mpsv.cz/od/soubory/ciselniky/obce.json,2026-08-21
obec,Obec/511986,CZ080,Moravskoslezský kraj,https://data.mpsv.cz/od/soubory/ciselniky/obce.json,2026-08-21
obec,Obec/552631,CZ080,Moravskoslezský kraj,https://data.mpsv.cz/od/soubory/ciselniky/obce.json,2026-08-21
obec,Obec/512176,CZ080,Moravskoslezský kraj,https://data.mpsv.cz/od/soubory/ciselniky/obce.json,2026-08-21
obec,Obec/598232,CZ080,Moravskoslezský kraj,https://data.mpsv.cz/od/soubory/ciselniky/obce.json,2026-08-21
obec,Obec/598691,CZ080,Moravskoslezský kraj,https://data.mpsv.cz/od/soubory/ciselniky/obce.json,2026-08-21
obec,Obec/598259,CZ080,Moravskoslezský kraj,https://data.mpsv.cz/od/soubory/ciselniky/obce.json,2026-08-21
obec,Obec/507423,CZ080,Moravskoslezský kraj,https://data.mpsv.cz/od/soubory/ciselniky/obce.json,2026-08-21
obec,Obec/598275,CZ080,Moravskoslezský kraj,https://data.mpsv.cz/od/soubory/ciselniky/obce.json,2026-08-21
obec,Obec/507237,CZ080,Moravskoslezský kraj,https://data.mpsv.cz/od/soubory/ciselniky/obce.json,2026-08-21
obec,Obec/507458,CZ080,Moravskoslezský kraj,https://data.mpsv.cz/od/soubory/ciselniky/obce.json,2026-08-21
obec,Obec/598321,CZ080,Moravskoslezský kraj,https://data.mpsv.cz/od/soubory/ciselniky/obce.json,2026-08-21
obec,Obec/549673,CZ080,Moravskoslezský kraj,https://data.mpsv.cz/od/soubory/ciselniky/obce.json,2026-08-21
obec,Obec/598348,CZ080,Moravskoslezský kraj,https://data.mpsv.cz/od/soubory/ciselniky/obce.json,2026-08-21
obec,Obec/598356,CZ080,Moravskoslezský kraj,https://data.mpsv.cz/od/soubory/ciselniky/obce.json,2026-08-21
obec,Obec/598364,CZ080,Moravskoslezský kraj,https://data.mpsv.cz/od/soubory/ciselniky/obce.json,2026-08-21
obec,Obec/598399,CZ080,Moravskoslezský kraj,https://data.mpsv.cz/od/soubory/ciselniky/obce.json,2026-08-21
obec,Obec/552593,CZ080,Moravskoslezský kraj,https://data.mpsv.cz/od/soubory/ciselniky/obce.json,2026-08-21
obec,Obec/512184,CZ080,Moravskoslezský kraj,https://data.mpsv.cz/od/soubory/ciselniky/obce.json,2026-08-21
obec,Obec/507547,CZ080,Moravskoslezský kraj,https://data.mpsv.cz/od/soubory/ciselniky/obce.json,2026-08-21
obec,Obec/598445,CZ080,Moravskoslezský kraj,https://data.mpsv.cz/od/soubory/ciselniky/obce.json,2026-08-21
obec,Obec/598453,CZ080,Moravskoslezský kraj,https://data.mpsv.cz/od/soubory/ciselniky/obce.json,2026-08-21
obec,Obec/554014,CZ080,Moravskoslezský kraj,https://data.mpsv.cz/od/soubory/ciselniky/obce.json,2026-08-21
obec,Obec/552526,CZ080,Moravskoslezský kraj,https://data.mpsv.cz/od/soubory/ciselniky/obce.json,2026-08-21
obec,Obec/552518,CZ080,Moravskoslezský kraj,https://data.mpsv.cz/od/soubory/ciselniky/obce.json,2026-08-21
obec,Obec/507091,CZ080,Moravskoslezský kraj,https://data.mpsv.cz/od/soubory/ciselniky/obce.json,2026-08-21
obec,Obec/598542,CZ080,Moravskoslezský kraj,https://data.mpsv.cz/od/soubory/ciselniky/obce.json,2026-08-21
obec,Obec/598551,CZ080,Moravskoslezský kraj,https://data.mpsv.cz/od/soubory/ciselniky/obce.json,2026-08-21
obec,Obec/598569,CZ080,Moravskoslezský kraj,https://data.mpsv.cz/od/soubory/ciselniky/obce.json,2026-08-21
obec,Obec/552500,CZ080,Moravskoslezský kraj,https://data.mpsv.cz/od/soubory/ciselniky/obce.json,2026-08-21
obec,Obec/557226,CZ080,Moravskoslezský kraj,https://data.mpsv.cz/od/soubory/ciselniky/obce.json,2026-08-21
obec,Obec/512028,CZ080,Moravskoslezský kraj,https://data.mpsv.cz/od/soubory/ciselniky/obce.json,2026-08-21
obec,Obec/568813,CZ080,Moravskoslezský kraj,https://data.mpsv.cz/od/soubory/ciselniky/obce.json,2026-08-21
obec,Obec/507181,CZ080,Moravskoslezský kraj,https://data.mpsv.cz/od/soubory/ciselniky/obce.json,2026-08-21
obec,Obec/552577,CZ080,Moravskoslezský kraj,https://data.mpsv.cz/od/soubory/ciselniky/obce.json,2026-08-21
obec,Obec/549665,CZ080,Moravskoslezský kraj,https://data.mpsv.cz/od/soubory/ciselniky/obce.json,2026-08-21
obec,Obec/556971,CZ080,Moravskoslezský kraj,https://data.mpsv.cz/od/soubory/ciselniky/obce.json,2026-08-21
obec,Obec/552640,CZ080,Moravskoslezský kraj,https://data.mpsv.cz/od/soubory/ciselniky/obce.json,2026-08-21
obec,Obec/568830,CZ080,Moravskoslezský kraj,https://data.mpsv.cz/od/soubory/ciselniky/obce.json,2026-08-21
obec,Obec/598674,CZ080,Moravskoslezský kraj,https://data.mpsv.cz/od/soubory/ciselniky/obce.json,2026-08-21
obec,Obec/552658,CZ080,Moravskoslezský kraj,https://data.mpsv.cz/od/soubory/ciselniky/obce.json,2026-08-21
obec,Obec/568791,CZ080,Moravskoslezský kraj,https://data.mpsv.cz/od/soubory/ciselniky/obce.json,2026-08-21
obec,Obec/598747,CZ080,Moravskoslezský kraj,https://data.mpsv.cz/od/soubory/ciselniky/obce.json,2026-08-21
obec,Obec/552551,CZ080,Moravskoslezský kraj,https://data.mpsv.cz/od/soubory/ciselniky/obce.json,2026-08-21
obec,Obec/552569,CZ080,Moravskoslezský kraj,https://data.mpsv.cz/od/soubory/ciselniky/obce.json,2026-08-21
obec,Obec/552674,CZ080,Moravskoslezský kraj,https://data.mpsv.cz/od/soubory/ciselniky/obce.json,2026-08-21
obec,Obec/569631,CZ080,Moravskoslezský kraj,https://data.mpsv.cz/od/soubory/ciselniky/obce.json,2026-08-21
obec,Obec/552623,CZ080,Moravskoslezský kraj,https://data.mpsv.cz/od/soubory/ciselniky/obce.json,2026-08-21
obec,Obec/598810,CZ080,Moravskoslezský kraj,https://data.mpsv.cz/od/soubory/ciselniky/obce.json,2026-08-21
obec,Obec/552615,CZ080,Moravskoslezský kraj,https://data.mpsv.cz/od/soubory/ciselniky/obce.json,2026-08-21
obec,Obec/554928,CZ080,Moravskoslezský kraj,https://data.mpsv.cz/od/soubory/ciselniky/obce.json,2026-08-21
obec,Obec/552488,CZ080,Moravskoslezský kraj,https://data.mpsv.cz/od/soubory/ciselniky/obce.json,2026-08-21
obec,Obec/552682,CZ080,Moravskoslezský kraj,https://data.mpsv.cz/od/soubory/ciselniky/obce.json,2026-08-21
obec,Obec/552691,CZ080,Moravskoslezský kraj,https://data.mpsv.cz/od/soubory/ciselniky/obce.json,2026-08-21
obec,Obec/568163,CZ080,Moravskoslezský kraj,https://data.mpsv.cz/od/soubory/ciselniky/obce.json,2026-08-21
obec,Obec/598925,CZ080,Moravskoslezský kraj,https://data.mpsv.cz/od/soubory/ciselniky/obce.json,2026-08-21
obec,Obec/599051,CZ080,Moravskoslezský kraj,https://data.mpsv.cz/od/soubory/ciselniky/obce.json,2026-08-21
obec,Obec/598933,CZ080,Moravskoslezský kraj,https://data.mpsv.cz/od/soubory/ciselniky/obce.json,2026-08-21
obec,Obec/598941,CZ080,Moravskoslezský kraj,https://data.mpsv.cz/od/soubory/ciselniky/obce.json,2026-08-21
obec,Obec/598968,CZ080,Moravskoslezský kraj,https://data.mpsv.cz/od/soubory/ciselniky/obce.json,2026-08-21
obec,Obec/568864,CZ080,Moravskoslezský kraj,https://data.mpsv.cz/od/soubory/ciselniky/obce.json,2026-08-21
obec,Obec/555088,CZ080,Moravskoslezský kraj,https://data.mpsv.cz/od/soubory/ciselniky/obce.json,2026-08-21
obec,Obec/598178,CZ080,Moravskoslezský kraj,https://data.mpsv.cz/od/soubory/ciselniky/obce.json,2026-08-21
obec,Obec/552739,CZ080,Moravskoslezský kraj,https://data.mpsv.cz/od/soubory/ciselniky/obce.json,2026-08-21
obec,Obec/555291,CZ080,Moravskoslezský kraj,https://data.mpsv.cz/od/soubory/ciselniky/obce.json,2026-08-21
obec,Obec/598917,CZ080,Moravskoslezský kraj,https://data.mpsv.cz/od/soubory/ciselniky/obce.json,2026-08-21
obec,Obec/599069,CZ080,Moravskoslezský kraj,https://data.mpsv.cz/od/soubory/ciselniky/obce.json,2026-08-21
obec,Obec/599077,CZ080,Moravskoslezský kraj,https://data.mpsv.cz/od/soubory/ciselniky/obce.json,2026-08-21
obec,Obec/599085,CZ080,Moravskoslezský kraj,https://data.mpsv.cz/od/soubory/ciselniky/obce.json,2026-08-21
obec,Obec/599107,CZ080,Moravskoslezský kraj,https://data.mpsv.cz/od/soubory/ciselniky/obce.json,2026-08-21
obec,Obec/599140,CZ080,Moravskoslezský kraj,https://data.mpsv.cz/od/soubory/ciselniky/obce.json,2026-08-21
obec,Obec/599158,CZ080,Moravskoslezský kraj,https://data.mpsv.cz/od/soubory/ciselniky/obce.json,2026-08-21
obec,Obec/568741,CZ080,Moravskoslezský kraj,https://data.mpsv.cz/od/soubory/ciselniky/obce.json,2026-08-21
obec,Obec/599212,CZ080,Moravskoslezský kraj,https://data.mpsv.cz/od/soubory/ciselniky/obce.json,2026-08-21
obec,Obec/568481,CZ080,Moravskoslezský kraj,https://data.mpsv.cz/od/soubory/ciselniky/obce.json,2026-08-21
obec,Obec/546984,CZ080,Moravskoslezský kraj,https://data.mpsv.cz/od/soubory/ciselniky/obce.json,2026-08-21
obec,Obec/599247,CZ080,Moravskoslezský kraj,https://data.mpsv.cz/od/soubory/ciselniky/obce.json,2026-08-21
obec,Obec/554936,CZ080,Moravskoslezský kraj,https://data.mpsv.cz/od/soubory/ciselniky/obce.json,2026-08-21
obec,Obec/568431,CZ080,Moravskoslezský kraj,https://data.mpsv.cz/od/soubory/ciselniky/obce.json,2026-08-21
obec,Obec/556858,CZ080,Moravskoslezský kraj,https://data.mpsv.cz/od/soubory/ciselniky/obce.json,2026-08-21
obec,Obec/599344,CZ080,Moravskoslezský kraj,https://data.mpsv.cz/od/soubory/ciselniky/obce.json,2026-08-21
obec,Obec/599352,CZ080,Moravskoslezský kraj,https://data.mpsv.cz/od/soubory/ciselniky/obce.json,2026-08-21
obec,Obec/568562,CZ080,Moravskoslezský kraj,https://data.mpsv.cz/od/soubory/ciselniky/obce.json,2026-08-21
obec,Obec/568571,CZ080,Moravskoslezský kraj,https://data.mpsv.cz/od/soubory/ciselniky/obce.json,2026-08-21
obec,Obec/569666,CZ080,Moravskoslezský kraj,https://data.mpsv.cz/od/soubory/ciselniky/obce.json,2026-08-21
obec,Obec/599409,CZ080,Moravskoslezský kraj,https://data.mpsv.cz/od/soubory/ciselniky/obce.json,2026-08-21
obec,Obec/568511,CZ080,Moravskoslezský kraj,https://data.mpsv.cz/od/soubory/ciselniky/obce.json,2026-08-21
obec,Obec/554065,CZ080,Moravskoslezský kraj,https://data.mpsv.cz/od/soubory/ciselniky/obce.json,2026-08-21
obec,Obec/599468,CZ080,Moravskoslezský kraj,https://data.mpsv.cz/od/soubory/ciselniky/obce.json,2026-08-21
obec,Obec/599506,CZ080,Moravskoslezský kraj,https://data.mpsv.cz/od/soubory/ciselniky/obce.json,2026-08-21
obec,Obec/568643,CZ080,Moravskoslezský kraj,https://data.mpsv.cz/od/soubory/ciselniky/obce.json,2026-08-21
obec,Obec/599565,CZ080,Moravskoslezský kraj,https://data.mpsv.cz/od/soubory/ciselniky/obce.json,2026-08-21
obec,Obec/555312,CZ080,Moravskoslezský kraj,https://data.mpsv.cz/od/soubory/ciselniky/obce.json,2026-08-21
obec,Obec/568546,CZ080,Moravskoslezský kraj,https://data.mpsv.cz/od/soubory/ciselniky/obce.json,2026-08-21
obec,Obec/500046,CZ080,Moravskoslezský kraj,https://data.mpsv.cz/od/soubory/ciselniky/obce.json,2026-08-21
obec,Obec/599603,CZ080,Moravskoslezský kraj,https://data.mpsv.cz/od/soubory/ciselniky/obce.json,2026-08-21
obec,Obec/599646,CZ080,Moravskoslezský kraj,https://data.mpsv.cz/od/soubory/ciselniky/obce.json,2026-08-21
obec,Obec/568589,CZ080,Moravskoslezský kraj,https://data.mpsv.cz/od/soubory/ciselniky/obce.json,2026-08-21
obec,Obec/599689,CZ080,Moravskoslezský kraj,https://data.mpsv.cz/od/soubory/ciselniky/obce.json,2026-08-21
obec,Obec/568686,CZ080,Moravskoslezský kraj,https://data.mpsv.cz/od/soubory/ciselniky/obce.json,2026-08-21
obec,Obec/599191,CZ080,Moravskoslezský kraj,https://data.mpsv.cz/od/soubory/ciselniky/obce.json,2026-08-21
obec,Obec/599701,CZ080,Moravskoslezský kraj,https://data.mpsv.cz/od/soubory/ciselniky/obce.json,2026-08-21
obec,Obec/599743,CZ080,Moravskoslezský kraj,https://data.mpsv.cz/od/soubory/ciselniky/obce.json,2026-08-21
obec,Obec/599808,CZ080,Moravskoslezský kraj,https://data.mpsv.cz/od/soubory/ciselniky/obce.json,2026-08-21
obec,Obec/568775,CZ080,Moravskoslezský kraj,https://data.mpsv.cz/od/soubory/ciselniky/obce.json,2026-08-21
obec,Obec/568554,CZ080,Moravskoslezský kraj,https://data.mpsv.cz/od/soubory/ciselniky/obce.json,2026-08-21
obec,Obec/599832,CZ080,Moravskoslezský kraj,https://data.mpsv.cz/od/soubory/ciselniky/obce.json,2026-08-21
obec,Obec/568716,CZ080,Moravskoslezský kraj,https://data.mpsv.cz/od/soubory/ciselniky/obce.json,2026-08-21
obec,Obec/568406,CZ080,Moravskoslezský kraj,https://data.mpsv.cz/od/soubory/ciselniky/obce.json,2026-08-21
obec,Obec/599867,CZ080,Moravskoslezský kraj,https://data.mpsv.cz/od/soubory/ciselniky/obce.json,2026-08-21
obec,Obec/599905,CZ080,Moravskoslezský kraj,https://data.mpsv.cz/od/soubory/ciselniky/obce.json,2026-08-21
obec,Obec/599921,CZ080,Moravskoslezský kraj,https://data.mpsv.cz/od/soubory/ciselniky/obce.json,2026-08-21
obec,Obec/599930,CZ080,Moravskoslezský kraj,https://data.mpsv.cz/od/soubory/ciselniky/obce.json,2026-08-21
obec,Obec/554171,CZ080,Moravskoslezský kraj,https://data.mpsv.cz/od/soubory/ciselniky/obce.json,2026-08-21
obec,Obec/599948,CZ080,Moravskoslezský kraj,https://data.mpsv.cz/od/soubory/ciselniky/obce.json,2026-08-21
obec,Obec/599956,CZ080,Moravskoslezský kraj,https://data.mpsv.cz/od/soubory/ciselniky/obce.json,2026-08-21
obec,Obec/599964,CZ080,Moravskoslezský kraj,https://data.mpsv.cz/od/soubory/ciselniky/obce.json,2026-08-21
obec,Obec/569755,CZ080,Moravskoslezský kraj,https://data.mpsv.cz/od/soubory/ciselniky/obce.json,2026-08-21
obec,Obec/599999,CZ080,Moravskoslezský kraj,https://data.mpsv.cz/od/soubory/ciselniky/obce.json,2026-08-21
obec,Obec/568422,CZ080,Moravskoslezský kraj,https://data.mpsv.cz/od/soubory/ciselniky/obce.json,2026-08-21
obec,Obec/500259,CZ080,Moravskoslezský kraj,https://data.mpsv.cz/od/soubory/ciselniky/obce.json,2026-08-21
obec,Obec/554910,CZ080,Moravskoslezský kraj,https://data.mpsv.cz/od/soubory/ciselniky/obce.json,2026-08-21
obec,Obec/569747,CZ080,Moravskoslezský kraj,https://data.mpsv.cz/od/soubory/ciselniky/obce.json,2026-08-21
obec,Obec/568473,CZ080,Moravskoslezský kraj,https://data.mpsv.cz/od/soubory/ciselniky/obce.json,2026-08-21
obec,Obec/568732,CZ080,Moravskoslezský kraj,https://data.mpsv.cz/od/soubory/ciselniky/obce.json,2026-08-21
obec,Obec/547000,CZ080,Moravskoslezský kraj,https://data.mpsv.cz/od/soubory/ciselniky/obce.json,2026-08-21
obec,Obec/552356,CZ071,Olomoucký kraj,https://data.mpsv.cz/od/soubory/ciselniky/obce.json,2026-08-21
obec,Obec/500526,CZ071,Olomoucký kraj,https://data.mpsv.cz/od/soubory/ciselniky/obce.json,2026-08-21
obec,Obec/500623,CZ071,Olomoucký kraj,https://data.mpsv.cz/od/soubory/ciselniky/obce.json,2026-08-21
obec,Obec/552062,CZ071,Olomoucký kraj,https://data.mpsv.cz/od/soubory/ciselniky/obce.json,2026-08-21
obec,Obec/500801,CZ071,Olomoucký kraj,https://data.mpsv.cz/od/soubory/ciselniky/obce.json,2026-08-21
obec,Obec/500852,CZ071,Olomoucký kraj,https://data.mpsv.cz/od/soubory/ciselniky/obce.json,2026-08-21
obec,Obec/500861,CZ071,Olomoucký kraj,https://data.mpsv.cz/od/soubory/ciselniky/obce.json,2026-08-21
obec,Obec/552402,CZ071,Olomoucký kraj,https://data.mpsv.cz/od/soubory/ciselniky/obce.json,2026-08-21
obec,Obec/500879,CZ071,Olomoucký kraj,https://data.mpsv.cz/od/soubory/ciselniky/obce.json,2026-08-21
obec,Obec/547026,CZ071,Olomoucký kraj,https://data.mpsv.cz/od/soubory/ciselniky/obce.json,2026-08-21
obec,Obec/552186,CZ071,Olomoucký kraj,https://data.mpsv.cz/od/soubory/ciselniky/obce.json,2026-08-21
obec,Obec/552445,CZ071,Olomoucký kraj,https://data.mpsv.cz/od/soubory/ciselniky/obce.json,2026-08-21
obec,Obec/501476,CZ071,Olomoucký kraj,https://data.mpsv.cz/od/soubory/ciselniky/obce.json,2026-08-21
obec,Obec/501646,CZ071,Olomoucký kraj,https://data.mpsv.cz/od/soubory/ciselniky/obce.json,2026-08-21
obec,Obec/568392,CZ071,Olomoucký kraj,https://data.mpsv.cz/od/soubory/ciselniky/obce.json,2026-08-21
obec,Obec/545279,CZ071,Olomoucký kraj,https://data.mpsv.cz/od/soubory/ciselniky/obce.json,2026-08-21
obec,Obec/552313,CZ071,Olomoucký kraj,https://data.mpsv.cz/od/soubory/ciselniky/obce.json,2026-08-21
obec,Obec/501751,CZ071,Olomoucký kraj,https://data.mpsv.cz/od/soubory/ciselniky/obce.json,2026-08-21
obec,Obec/501794,CZ071,Olomoucký kraj,https://data.mpsv.cz/od/soubory/ciselniky/obce.json,2026-08-21
obec,Obec/552071,CZ071,Olomoucký kraj,https://data.mpsv.cz/od/soubory/ciselniky/obce.json,2026-08-21
obec,Obec/501841,CZ071,Olomoucký kraj,https://data.mpsv.cz/od/soubory/ciselniky/obce.json,2026-08-21
obec,Obec/552178,CZ071,Olomoucký kraj,https://data.mpsv.cz/od/soubory/ciselniky/obce.json,2026-08-21
obec,Obec/552330,CZ071,Olomoucký kraj,https://data.mpsv.cz/od/soubory/ciselniky/obce.json,2026-08-21
obec,Obec/502146,CZ071,Olomoucký kraj,https://data.mpsv.cz/od/soubory/ciselniky/obce.json,2026-08-21
obec,Obec/552020,CZ071,Olomoucký kraj,https://data.mpsv.cz/od/soubory/ciselniky/obce.json,2026-08-21
obec,Obec/502235,CZ071,Olomoucký kraj,https://data.mpsv.cz/od/soubory/ciselniky/obce.json,2026-08-21
obec,Obec/502405,CZ071,Olomoucký kraj,https://data.mpsv.cz/od/soubory/ciselniky/obce.json,2026-08-21
obec,Obec/502545,CZ071,Olomoucký kraj,https://data.mpsv.cz/od/soubory/ciselniky/obce.json,2026-08-21
obec,Obec/569798,CZ071,Olomoucký kraj,https://data.mpsv.cz/od/soubory/ciselniky/obce.json,2026-08-21
obec,Obec/546976,CZ071,Olomoucký kraj,https://data.mpsv.cz/od/soubory/ciselniky/obce.json,2026-08-21
obec,Obec/597414,CZ071,Olomoucký kraj,https://data.mpsv.cz/od/soubory/ciselniky/obce.json,2026-08-21
obec,Obec/568872,CZ071,Olomoucký kraj,https://data.mpsv.cz/od/soubory/ciselniky/obce.json,2026-08-21
obec,Obec/502839,CZ071,Olomoucký kraj,https://data.mpsv.cz/od/soubory/ciselniky/obce.json,2026-08-21
obec,Obec/503142,CZ071,Olomoucký kraj,https://data.mpsv.cz/od/soubory/ciselniky/obce.json,2026-08-21
obec,Obec/547123,CZ071,Olomoucký kraj,https://data.mpsv.cz/od/soubory/ciselniky/obce.json,2026-08-21
obec,Obec/500135,CZ071,Olomoucký kraj,https://data.mpsv.cz/od/soubory/ciselniky/obce.json,2026-08-21
obec,Obec/503304,CZ071,Olomoucký kraj,https://data.mpsv.cz/od/soubory/ciselniky/obce.json,2026-08-21
obec,Obec/552437,CZ071,Olomoucký kraj,https://data.mpsv.cz/od/soubory/ciselniky/obce.json,2026-08-21
obec,Obec/554901,CZ071,Olomoucký kraj,https://data.mpsv.cz/od/soubory/ciselniky/obce.json,2026-08-21
obec,Obec/503941,CZ071,Olomoucký kraj,https://data.mpsv.cz/od/soubory/ciselniky/obce.json,2026-08-21
obec,Obec/569003,CZ071,Olomoucký kraj,https://data.mpsv.cz/od/soubory/ciselniky/obce.json,2026-08-21
obec,Obec/552305,CZ071,Olomoucký kraj,https://data.mpsv.cz/od/soubory/ciselniky/obce.json,2026-08-21
obec,Obec/540005,CZ071,Olomoucký kraj,https://data.mpsv.cz/od/soubory/ciselniky/obce.json,2026-08-21
obec,Obec/503444,CZ071,Olomoucký kraj,https://data.mpsv.cz/od/soubory/ciselniky/obce.json,2026-08-21
obec,Obec/552232,CZ071,Olomoucký kraj,https://data.mpsv.cz/od/soubory/ciselniky/obce.json,2026-08-21
obec,Obec/552038,CZ071,Olomoucký kraj,https://data.mpsv.cz/od/soubory/ciselniky/obce.json,2026-08-21
obec,Obec/552216,CZ071,Olomoucký kraj,https://data.mpsv.cz/od/soubory/ciselniky/obce.json,2026-08-21
obec,Obec/503622,CZ071,Olomoucký kraj,https://data.mpsv.cz/od/soubory/ciselniky/obce.json,2026-08-21
obec,Obec/503657,CZ071,Olomoucký kraj,https://data.mpsv.cz/od/soubory/ciselniky/obce.json,2026-08-21
obec,Obec/569844,CZ071,Olomoucký kraj,https://data.mpsv.cz/od/soubory/ciselniky/obce.json,2026-08-21
obec,Obec/503738,CZ071,Olomoucký kraj,https://data.mpsv.cz/od/soubory/ciselniky/obce.json,2026-08-21
obec,Obec/552372,CZ071,Olomoucký kraj,https://data.mpsv.cz/od/soubory/ciselniky/obce.json,2026-08-21
obec,Obec/568911,CZ071,Olomoucký kraj,https://data.mpsv.cz/od/soubory/ciselniky/obce.json,2026-08-21
obec,Obec/500160,CZ071,Olomoucký kraj,https://data.mpsv.cz/od/soubory/ciselniky/obce.json,2026-08-21
obec,Obec/504246,CZ071,Olomoucký kraj,https://data.mpsv.cz/od/soubory/ciselniky/obce.json,2026-08-21
obec,Obec/552348,CZ071,Olomoucký kraj,https://data.mpsv.cz/od/soubory/ciselniky/obce.json,2026-08-21
obec,Obec/597678,CZ071,Olomoucký kraj,https://data.mpsv.cz/od/soubory/ciselniky/obce.json,2026-08-21
obec,Obec/554944,CZ071,Olomoucký kraj,https://data.mpsv.cz/od/soubory/ciselniky/obce.json,2026-08-21
obec,Obec/547093,CZ071,Olomoucký kraj,https://data.mpsv.cz/od/soubory/ciselniky/obce.json,2026-08-21
obec,Obec/504441,CZ071,Olomoucký kraj,https://data.mpsv.cz/od/soubory/ciselniky/obce.json,2026-08-21
obec,Obec/504505,CZ071,Olomoucký kraj,https://data.mpsv.cz/od/soubory/ciselniky/obce.json,2026-08-21
obec,Obec/597686,CZ071,Olomoucký kraj,https://data.mpsv.cz/od/soubory/ciselniky/obce.json,2026-08-21
obec,Obec/552381,CZ071,Olomoucký kraj,https://data.mpsv.cz/od/soubory/ciselniky/obce.json,2026-08-21
obec,Obec/552259,CZ071,Olomoucký kraj,https://data.mpsv.cz/od/soubory/ciselniky/obce.json,2026-08-21
obec,Obec/500496,CZ071,Olomoucký kraj,https://data.mpsv.cz/od/soubory/ciselniky/obce.json,2026-08-21
obec,Obec/504785,CZ071,Olomoucký kraj,https://data.mpsv.cz/od/soubory/ciselniky/obce.json,2026-08-21
obec,Obec/552160,CZ071,Olomoucký kraj,https://data.mpsv.cz/od/soubory/ciselniky/obce.json,2026-08-21
obec,Obec/552411,CZ071,Olomoucký kraj,https://data.mpsv.cz/od/soubory/ciselniky/obce.json,2026-08-21
obec,Obec/505013,CZ071,Olomoucký kraj,https://data.mpsv.cz/od/soubory/ciselniky/obce.json,2026-08-21
obec,Obec/554103,CZ071,Olomoucký kraj,https://data.mpsv.cz/od/soubory/ciselniky/obce.json,2026-08-21
obec,Obec/547077,CZ071,Olomoucký kraj,https://data.mpsv.cz/od/soubory/ciselniky/obce.json,2026-08-21
obec,Obec/505081,CZ071,Olomoucký kraj,https://data.mpsv.cz/od/soubory/ciselniky/obce.json,2026-08-21
obec,Obec/552267,CZ071,Olomoucký kraj,https://data.mpsv.cz/od/soubory/ciselniky/obce.json,2026-08-21
obec,Obec/552151,CZ071,Olomoucký kraj,https://data.mpsv.cz/od/soubory/ciselniky/obce.json,2026-08-21
obec,Obec/505111,CZ071,Olomoucký kraj,https://data.mpsv.cz/od/soubory/ciselniky/obce.json,2026-08-21
obec,Obec/552194,CZ071,Olomoucký kraj,https://data.mpsv.cz/od/soubory/ciselniky/obce.json,2026-08-21
obec,Obec/569054,CZ071,Olomoucký kraj,https://data.mpsv.cz/od/soubory/ciselniky/obce.json,2026-08-21
obec,Obec/547018,CZ071,Olomoucký kraj,https://data.mpsv.cz/od/soubory/ciselniky/obce.json,2026-08-21
obec,Obec/569771,CZ071,Olomoucký kraj,https://data.mpsv.cz/od/soubory/ciselniky/obce.json,2026-08-21
obec,Obec/552429,CZ071,Olomoucký kraj,https://data.mpsv.cz/od/soubory/ciselniky/obce.json,2026-08-21
obec,Obec/552011,CZ071,Olomoucký kraj,https://data.mpsv.cz/od/soubory/ciselniky/obce.json,2026-08-21
obec,Obec/505161,CZ071,Olomoucký kraj,https://data.mpsv.cz/od/soubory/ciselniky/obce.json,2026-08-21
obec,Obec/505188,CZ071,Olomoucký kraj,https://data.mpsv.cz/od/soubory/ciselniky/obce.json,2026-08-21
obec,Obec/505218,CZ071,Olomoucký kraj,https://data.mpsv.cz/od/soubory/ciselniky/obce.json,2026-08-21
obec,Obec/505269,CZ071,Olomoucký kraj,https://data.mpsv.cz/od/soubory/ciselniky/obce.json,2026-08-21
obec,Obec/552089,CZ071,Olomoucký kraj,https://data.mpsv.cz/od/soubory/ciselniky/obce.json,2026-08-21
obec,Obec/505293,CZ071,Olomoucký kraj,https://data.mpsv.cz/od/soubory/ciselniky/obce.json,2026-08-21
obec,Obec/505366,CZ071,Olomoucký kraj,https://data.mpsv.cz/od/soubory/ciselniky/obce.json,2026-08-21
obec,Obec/505501,CZ071,Olomoucký kraj,https://data.mpsv.cz/od/soubory/ciselniky/obce.json,2026-08-21
obec,Obec/505587,CZ071,Olomoucký kraj,https://data.mpsv.cz/od/soubory/ciselniky/obce.json,2026-08-21
obec,Obec/552364,CZ071,Olomoucký kraj,https://data.mpsv.cz/od/soubory/ciselniky/obce.json,2026-08-21
obec,Obec/505609,CZ071,Olomoucký kraj,https://data.mpsv.cz/od/soubory/ciselniky/obce.json,2026-08-21
obec,Obec/505650,CZ071,Olomoucký kraj,https://data.mpsv.cz/od/soubory/ciselniky/obce.json,2026-08-21
obec,Obec/505668,CZ071,Olomoucký kraj,https://data.mpsv.cz/od/soubory/ciselniky/obce.json,2026-08-21
obec,Obec/552119,CZ071,Olomoucký kraj,https://data.mpsv.cz/od/soubory/ciselniky/obce.json,2026-08-21
obec,Obec/568961,CZ071,Olomoucký kraj,https://data.mpsv.cz/od/soubory/ciselniky/obce.json,2026-08-21
obec,Obec/552399,CZ071,Olomoucký kraj,https://data.mpsv.cz/od/soubory/ciselniky/obce.json,2026-08-21
obec,Obec/505862,CZ071,Olomoucký kraj,https://data.mpsv.cz/od/soubory/ciselniky/obce.json,2026-08-21
obec,Obec/512974,CZ080,Moravskoslezský kraj,https://data.mpsv.cz/od/soubory/ciselniky/obce.json,2026-08-21
obec,Obec/506192,CZ080,Moravskoslezský kraj,https://data.mpsv.cz/od/soubory/ciselniky/obce.json,2026-08-21
obec,Obec/506214,CZ080,Moravskoslezský kraj,https://data.mpsv.cz/od/soubory/ciselniky/obce.json,2026-08-21
obec,Obec/554197,CZ080,Moravskoslezský kraj,https://data.mpsv.cz/od/soubory/ciselniky/obce.json,2026-08-21
obec,Obec/553107,CZ080,Moravskoslezský kraj,https://data.mpsv.cz/od/soubory/ciselniky/obce.json,2026-08-21
obec,Obec/506320,CZ080,Moravskoslezský kraj,https://data.mpsv.cz/od/soubory/ciselniky/obce.json,2026-08-21
obec,Obec/506451,CZ080,Moravskoslezský kraj,https://data.mpsv.cz/od/soubory/ciselniky/obce.json,2026-08-21
obec,Obec/506460,CZ080,Moravskoslezský kraj,https://data.mpsv.cz/od/soubory/ciselniky/obce.json,2026-08-21
obec,Obec/568261,CZ080,Moravskoslezský kraj,https://data.mpsv.cz/od/soubory/ciselniky/obce.json,2026-08-21
obec,Obec/569950,CZ080,Moravskoslezský kraj,https://data.mpsv.cz/od/soubory/ciselniky/obce.json,2026-08-21
obec,Obec/568228,CZ080,Moravskoslezský kraj,https://data.mpsv.cz/od/soubory/ciselniky/obce.json,2026-08-21
obec,Obec/568236,CZ080,Moravskoslezský kraj,https://data.mpsv.cz/od/soubory/ciselniky/obce.json,2026-08-21
obec,Obec/569895,CZ080,Moravskoslezský kraj,https://data.mpsv.cz/od/soubory/ciselniky/obce.json,2026-08-21
obec,Obec/506702,CZ080,Moravskoslezský kraj,https://data.mpsv.cz/od/soubory/ciselniky/obce.json,2026-08-21
obec,Obec/553051,CZ080,Moravskoslezský kraj,https://data.mpsv.cz/od/soubory/ciselniky/obce.json,2026-08-21
obec,Obec/506753,CZ080,Moravskoslezský kraj,https://data.mpsv.cz/od/soubory/ciselniky/obce.json,2026-08-21
obec,Obec/568210,CZ080,Moravskoslezský kraj,https://data.mpsv.cz/od/soubory/ciselniky/obce.json,2026-08-21
obec,Obec/553093,CZ080,Moravskoslezský kraj,https://data.mpsv.cz/od/soubory/ciselniky/obce.json,2026-08-21
obec,Obec/568368,CZ080,Moravskoslezský kraj,https://data.mpsv.cz/od/soubory/ciselniky/obce.json,2026-08-21
obec,Obec/507016,CZ080,Moravskoslezský kraj,https://data.mpsv.cz/od/soubory/ciselniky/obce.json,2026-08-21
obec,Obec/507105,CZ080,Moravskoslezský kraj,https://data.mpsv.cz/od/soubory/ciselniky/obce.json,2026-08-21
obec,Obec/507113,CZ080,Moravskoslezský kraj,https://data.mpsv.cz/od/soubory/ciselniky/obce.json,2026-08-21
obec,Obec/507261,CZ080,Moravskoslezský kraj,https://data.mpsv.cz/od/soubory/ciselniky/obce.json,2026-08-21
obec,Obec/507270,CZ080,Moravskoslezský kraj,https://data.mpsv.cz/od/soubory/ciselniky/obce.json,2026-08-21
obec,Obec/512923,CZ080,Moravskoslezský kraj,https://data.mpsv.cz/od/soubory/ciselniky/obce.json,2026-08-21
obec,Obec/507334,CZ080,Moravskoslezský kraj,https://data.mpsv.cz/od/soubory/ciselniky/obce.json,2026-08-21
obec,Obec/569909,CZ080,Moravskoslezský kraj,https://data.mpsv.cz/od/soubory/ciselniky/obce.json,2026-08-21
obec,Obec/507377,CZ080,Moravskoslezský kraj,https://data.mpsv.cz/od/soubory/ciselniky/obce.json,2026-08-21
obec,Obec/547191,CZ080,Moravskoslezský kraj,https://data.mpsv.cz/od/soubory/ciselniky/obce.json,2026-08-21
obec,Obec/507504,CZ080,Moravskoslezský kraj,https://data.mpsv.cz/od/soubory/ciselniky/obce.json,2026-08-21
obec,Obec/547182,CZ080,Moravskoslezský kraj,https://data.mpsv.cz/od/soubory/ciselniky/obce.json,2026-08-21
obec,Obec/507580,CZ080,Moravskoslezský kraj,https://data.mpsv.cz/od/soubory/ciselniky/obce.json,2026-08-21
obec,Obec/568180,CZ080,Moravskoslezský kraj,https://data.mpsv.cz/od/soubory/ciselniky/obce.json,2026-08-21
obec,Obec/512907,CZ080,Moravskoslezský kraj,https://data.mpsv.cz/od/soubory/ciselniky/obce.json,2026-08-21
obec,Obec/553115,CZ080,Moravskoslezský kraj,https://data.mpsv.cz/od/soubory/ciselniky/obce.json,2026-08-21
obec,Obec/507920,CZ080,Moravskoslezský kraj,https://data.mpsv.cz/od/soubory/ciselniky/obce.json,2026-08-21
obec,Obec/507971,CZ080,Moravskoslezský kraj,https://data.mpsv.cz/od/soubory/ciselniky/obce.json,2026-08-21
obec,Obec/508128,CZ080,Moravskoslezský kraj,https://data.mpsv.cz/od/soubory/ciselniky/obce.json,2026-08-21
obec,Obec/508144,CZ080,Moravskoslezský kraj,https://data.mpsv.cz/od/soubory/ciselniky/obce.json,2026-08-21
obec,Obec/568279,CZ080,Moravskoslezský kraj,https://data.mpsv.cz/od/soubory/ciselniky/obce.json,2026-08-21
obec,Obec/553042,CZ080,Moravskoslezský kraj,https://data.mpsv.cz/od/soubory/ciselniky/obce.json,2026-08-21
obec,Obec/508373,CZ080,Moravskoslezský kraj,https://data.mpsv.cz/od/soubory/ciselniky/obce.json,2026-08-21
obec,Obec/569097,CZ080,Moravskoslezský kraj,https://data.mpsv.cz/od/soubory/ciselniky/obce.json,2026-08-21
obec,Obec/553158,CZ080,Moravskoslezský kraj,https://data.mpsv.cz/od/soubory/ciselniky/obce.json,2026-08-21
obec,Obec/512893,CZ080,Moravskoslezský kraj,https://data.mpsv.cz/od/soubory/ciselniky/obce.json,2026-08-21
obec,Obec/555274,CZ080,Moravskoslezský kraj,https://data.mpsv.cz/od/soubory/ciselniky/obce.json,2026-08-21
obec,Obec/509574,CZ080,Moravskoslezský kraj,https://data.mpsv.cz/od/soubory/ciselniky/obce.json,2026-08-21
obec,Obec/505927,CZ080,Moravskoslezský kraj,https://data.mpsv.cz/od/soubory/ciselniky/obce.json,2026-08-21
obec,Obec/509612,CZ080,Moravskoslezský kraj,https://data.mpsv.cz/od/soubory/ciselniky/obce.json,2026-08-21
obec,Obec/509647,CZ080,Moravskoslezský kraj,https://data.mpsv.cz/od/soubory/ciselniky/obce.json,2026-08-21
obec,Obec/509736,CZ080,Moravskoslezský kraj,https://data.mpsv.cz/od/soubory/ciselniky/obce.json,2026-08-21
obec,Obec/568317,CZ080,Moravskoslezský kraj,https://data.mpsv.cz/od/soubory/ciselniky/obce.json,2026-08-21
obec,Obec/509841,CZ080,Moravskoslezský kraj,https://data.mpsv.cz/od/soubory/ciselniky/obce.json,2026-08-21
obec,Obec/568376,CZ080,Moravskoslezský kraj,https://data.mpsv.cz/od/soubory/ciselniky/obce.json,2026-08-21
obec,Obec/510131,CZ080,Moravskoslezský kraj,https://data.mpsv.cz/od/soubory/ciselniky/obce.json,2026-08-21
obec,Obec/510289,CZ080,Moravskoslezský kraj,https://data.mpsv.cz/od/soubory/ciselniky/obce.json,2026-08-21
obec,Obec/510297,CZ080,Moravskoslezský kraj,https://data.mpsv.cz/od/soubory/ciselniky/obce.json,2026-08-21
obec,Obec/597821,CZ080,Moravskoslezský kraj,https://data.mpsv.cz/od/soubory/ciselniky/obce.json,2026-08-21
obec,Obec/568198,CZ080,Moravskoslezský kraj,https://data.mpsv.cz/od/soubory/ciselniky/obce.json,2026-08-21
obec,Obec/510343,CZ080,Moravskoslezský kraj,https://data.mpsv.cz/od/soubory/ciselniky/obce.json,2026-08-21
obec,Obec/512869,CZ080,Moravskoslezský kraj,https://data.mpsv.cz/od/soubory/ciselniky/obce.json,2026-08-21
obec,Obec/510378,CZ080,Moravskoslezský kraj,https://data.mpsv.cz/od/soubory/ciselniky/obce.json,2026-08-21
obec,Obec/547131,CZ080,Moravskoslezský kraj,https://data.mpsv.cz/od/soubory/ciselniky/obce.json,2026-08-21
obec,Obec/510432,CZ080,Moravskoslezský kraj,https://data.mpsv.cz/od/soubory/ciselniky/obce.json,2026-08-21
obec,Obec/568333,CZ080,Moravskoslezský kraj,https://data.mpsv.cz/od/soubory/ciselniky/obce.json,2026-08-21
obec,Obec/510483,CZ080,Moravskoslezský kraj,https://data.mpsv.cz/od/soubory/ciselniky/obce.json,2026-08-21
obec,Obec/510491,CZ080,Moravskoslezský kraj,https://data.mpsv.cz/od/soubory/ciselniky/obce.json,2026-08-21
obec,Obec/512745,CZ080,Moravskoslezský kraj,https://data.mpsv.cz/od/soubory/ciselniky/obce.json,2026-08-21
obec,Obec/569101,CZ080,Moravskoslezský kraj,https://data.mpsv.cz/od/soubory/ciselniky/obce.json,2026-08-21
obec,Obec/568341,CZ080,Moravskoslezský kraj,https://data.mpsv.cz/od/soubory/ciselniky/obce.json,2026-08-21
obec,Obec/510891,CZ080,Moravskoslezský kraj,https://data.mpsv.cz/od/soubory/ciselniky/obce.json,2026-08-21
obec,Obec/510939,CZ080,Moravskoslezský kraj,https://data.mpsv.cz/od/soubory/ciselniky/obce.json,2026-08-21
obec,Obec/570036,CZ080,Moravskoslezský kraj,https://data.mpsv.cz/od/soubory/ciselniky/obce.json,2026-08-21
obec,Obec/511021,CZ080,Moravskoslezský kraj,https://data.mpsv.cz/od/soubory/ciselniky/obce.json,2026-08-21
obec,Obec/511161,CZ080,Moravskoslezský kraj,https://data.mpsv.cz/od/soubory/ciselniky/obce.json,2026-08-21
obec,Obec/568244,CZ080,Moravskoslezský kraj,https://data.mpsv.cz/od/soubory/ciselniky/obce.json,2026-08-21
obec,Obec/553492,CZ080,Moravskoslezský kraj,https://data.mpsv.cz/od/soubory/ciselniky/obce.json,2026-08-21
obec,Obec/569119,CZ080,Moravskoslezský kraj,https://data.mpsv.cz/od/soubory/ciselniky/obce.json,2026-08-21
obec,Obec/506711,CZ080,Moravskoslezský kraj,https://data.mpsv.cz/od/soubory/ciselniky/obce.json,2026-08-21
obec,Obec/569500,CZ080,Moravskoslezský kraj,https://data.mpsv.cz/od/soubory/ciselniky/obce.json,2026-08-21
obec,Obec/599549,CZ080,Moravskoslezský kraj,https://data.mpsv.cz/od/soubory/ciselniky/obce.json,2026-08-21
obec,Obec/554049,CZ080,Moravskoslezský kraj,https://data.mpsv.cz/od/soubory/ciselniky/obce.json,2026-08-21
obec,Obec/554821,CZ080,Moravskoslezský kraj,https://data.mpsv.cz/od/soubory/ciselniky/obce.json,2026-08-21
obec,Obec/598739,CZ080,Moravskoslezský kraj,https://data.mpsv.cz/od/soubory/ciselniky/obce.json,2026-08-21
obec,Obec/598798,CZ080,Moravskoslezský kraj,https://data.mpsv.cz/od/soubory/ciselniky/obce.json,2026-08-21
obec,Obec/598836,CZ080,Moravskoslezský kraj,https://data.mpsv.cz/od/soubory/ciselniky/obce.json,2026-08-21
obec,Obec/510882,CZ080,Moravskoslezský kraj,https://data.mpsv.cz/od/soubory/ciselniky/obce.json,2026-08-21
obec,Obec/598879,CZ080,Moravskoslezský kraj,https://data.mpsv.cz/od/soubory/ciselniky/obce.json,2026-08-21
obec,Obec/500291,CZ080,Moravskoslezský kraj,https://data.mpsv.cz/od/soubory/ciselniky/obce.json,2026-08-21
obec,Obec/568449,CZ080,Moravskoslezský kraj,https://data.mpsv.cz/od/soubory/ciselniky/obce.json,2026-08-21
obec,Obec/512231,CZ071,Olomoucký kraj,https://data.mpsv.cz/od/soubory/ciselniky/obce.json,2026-08-21
obec,Obec/512281,CZ071,Olomoucký kraj,https://data.mpsv.cz/od/soubory/ciselniky/obce.json,2026-08-21
obec,Obec/512401,CZ071,Olomoucký kraj,https://data.mpsv.cz/od/soubory/ciselniky/obce.json,2026-08-21
obec,Obec/569178,CZ071,Olomoucký kraj,https://data.mpsv.cz/od/soubory/ciselniky/obce.json,2026-08-21
obec,Obec/512532,CZ071,Olomoucký kraj,https://data.mpsv.cz/od/soubory/ciselniky/obce.json,2026-08-21
obec,Obec/512800,CZ071,Olomoucký kraj,https://data.mpsv.cz/od/soubory/ciselniky/obce.json,2026-08-21
obec,Obec/512826,CZ071,Olomoucký kraj,https://data.mpsv.cz/od/soubory/ciselniky/obce.json,2026-08-21
obec,Obec/512877,CZ071,Olomoucký kraj,https://data.mpsv.cz/od/soubory/ciselniky/obce.json,2026-08-21
obec,Obec/569135,CZ071,Olomoucký kraj,https://data.mpsv.cz/od/soubory/ciselniky/obce.json,2026-08-21
obec,Obec/512982,CZ071,Olomoucký kraj,https://data.mpsv.cz/od/soubory/ciselniky/obce.json,2026-08-21
obec,Obec/552771,CZ071,Olomoucký kraj,https://data.mpsv.cz/od/soubory/ciselniky/obce.json,2026-08-21
obec,Obec/513059,CZ071,Olomoucký kraj,https://data.mpsv.cz/od/soubory/ciselniky/obce.json,2026-08-21
obec,Obec/513067,CZ071,Olomoucký kraj,https://data.mpsv.cz/od/soubory/ciselniky/obce.json,2026-08-21
obec,Obec/513105,CZ071,Olomoucký kraj,https://data.mpsv.cz/od/soubory/ciselniky/obce.json,2026-08-21
obec,Obec/569259,CZ071,Olomoucký kraj,https://data.mpsv.cz/od/soubory/ciselniky/obce.json,2026-08-21
obec,Obec/552984,CZ071,Olomoucký kraj,https://data.mpsv.cz/od/soubory/ciselniky/obce.json,2026-08-21
obec,Obec/513199,CZ071,Olomoucký kraj,https://data.mpsv.cz/od/soubory/ciselniky/obce.json,2026-08-21
obec,Obec/513211,CZ071,Olomoucký kraj,https://data.mpsv.cz/od/soubory/ciselniky/obce.json,2026-08-21
obec,Obec/513229,CZ071,Olomoucký kraj,https://data.mpsv.cz/od/soubory/ciselniky/obce.json,2026-08-21
obec,Obec/569194,CZ071,Olomoucký kraj,https://data.mpsv.cz/od/soubory/ciselniky/obce.json,2026-08-21
obec,Obec/569267,CZ071,Olomoucký kraj,https://data.mpsv.cz/od/soubory/ciselniky/obce.json,2026-08-21
obec,Obec/513491,CZ071,Olomoucký kraj,https://data.mpsv.cz/od/soubory/ciselniky/obce.json,2026-08-21
obec,Obec/569275,CZ071,Olomoucký kraj,https://data.mpsv.cz/od/soubory/ciselniky/obce.json,2026-08-21
obec,Obec/552968,CZ071,Olomoucký kraj,https://data.mpsv.cz/od/soubory/ciselniky/obce.json,2026-08-21
obec,Obec/569542,CZ071,Olomoucký kraj,https://data.mpsv.cz/od/soubory/ciselniky/obce.json,2026-08-21
obec,Obec/513636,CZ071,Olomoucký kraj,https://data.mpsv.cz/od/soubory/ciselniky/obce.json,2026-08-21
obec,Obec/513733,CZ071,Olomoucký kraj,https://data.mpsv.cz/od/soubory/ciselniky/obce.json,2026-08-21
obec,Obec/513750,CZ071,Olomoucký kraj,https://data.mpsv.cz/od/soubory/ciselniky/obce.json,2026-08-21
obec,Obec/513768,CZ071,Olomoucký kraj,https://data.mpsv.cz/od/soubory/ciselniky/obce.json,2026-08-21
obec,Obec/556998,CZ071,Olomoucký kraj,https://data.mpsv.cz/od/soubory/ciselniky/obce.json,2026-08-21
obec,Obec/513873,CZ071,Olomoucký kraj,https://data.mpsv.cz/od/soubory/ciselniky/obce.json,2026-08-21
obec,Obec/569283,CZ071,Olomoucký kraj,https://data.mpsv.cz/od/soubory/ciselniky/obce.json,2026-08-21
obec,Obec/514047,CZ071,Olomoucký kraj,https://data.mpsv.cz/od/soubory/ciselniky/obce.json,2026-08-21
obec,Obec/514055,CZ071,Olomoucký kraj,https://data.mpsv.cz/od/soubory/ciselniky/obce.json,2026-08-21
obec,Obec/514152,CZ071,Olomoucký kraj,https://data.mpsv.cz/od/soubory/ciselniky/obce.json,2026-08-21
obec,Obec/569143,CZ071,Olomoucký kraj,https://data.mpsv.cz/od/soubory/ciselniky/obce.json,2026-08-21
obec,Obec/552780,CZ071,Olomoucký kraj,https://data.mpsv.cz/od/soubory/ciselniky/obce.json,2026-08-21
obec,Obec/514446,CZ071,Olomoucký kraj,https://data.mpsv.cz/od/soubory/ciselniky/obce.json,2026-08-21
obec,Obec/514471,CZ071,Olomoucký kraj,https://data.mpsv.cz/od/soubory/ciselniky/obce.json,2026-08-21
obec,Obec/514497,CZ071,Olomoucký kraj,https://data.mpsv.cz/od/soubory/ciselniky/obce.json,2026-08-21
obec,Obec/514527,CZ071,Olomoucký kraj,https://data.mpsv.cz/od/soubory/ciselniky/obce.json,2026-08-21
obec,Obec/514705,CZ071,Olomoucký kraj,https://data.mpsv.cz/od/soubory/ciselniky/obce.json,2026-08-21
obec,Obec/514772,CZ071,Olomoucký kraj,https://data.mpsv.cz/od/soubory/ciselniky/obce.json,2026-08-21
obec,Obec/514802,CZ071,Olomoucký kraj,https://data.mpsv.cz/od/soubory/ciselniky/obce.json,2026-08-21
obec,Obec/515191,CZ071,Olomoucký kraj,https://data.mpsv.cz/od/soubory/ciselniky/obce.json,2026-08-21
obec,Obec/500151,CZ071,Olomoucký kraj,https://data.mpsv.cz/od/soubory/ciselniky/obce.json,2026-08-21
obec,Obec/515329,CZ071,Olomoucký kraj,https://data.mpsv.cz/od/soubory/ciselniky/obce.json,2026-08-21
obec,Obec/552909,CZ071,Olomoucký kraj,https://data.mpsv.cz/od/soubory/ciselniky/obce.json,2026-08-21
obec,Obec/515418,CZ071,Olomoucký kraj,https://data.mpsv.cz/od/soubory/ciselniky/obce.json,2026-08-21
obec,Obec/515477,CZ071,Olomoucký kraj,https://data.mpsv.cz/od/soubory/ciselniky/obce.json,2026-08-21
obec,Obec/552810,CZ071,Olomoucký kraj,https://data.mpsv.cz/od/soubory/ciselniky/obce.json,2026-08-21
obec,Obec/515787,CZ071,Olomoucký kraj,https://data.mpsv.cz/od/soubory/ciselniky/obce.json,2026-08-21
obec,Obec/515825,CZ071,Olomoucký kraj,https://data.mpsv.cz/od/soubory/ciselniky/obce.json,2026-08-21
obec,Obec/552844,CZ071,Olomoucký kraj,https://data.mpsv.cz/od/soubory/ciselniky/obce.json,2026-08-21
obec,Obec/516201,CZ071,Olomoucký kraj,https://data.mpsv.cz/od/soubory/ciselniky/obce.json,2026-08-21
obec,Obec/553000,CZ071,Olomoucký kraj,https://data.mpsv.cz/od/soubory/ciselniky/obce.json,2026-08-21
obec,Obec/516350,CZ071,Olomoucký kraj,https://data.mpsv.cz/od/soubory/ciselniky/obce.json,2026-08-21
obec,Obec/516619,CZ071,Olomoucký kraj,https://data.mpsv.cz/od/soubory/ciselniky/obce.json,2026-08-21
obec,Obec/516635,CZ071,Olomoucký kraj,https://data.mpsv.cz/od/soubory/ciselniky/obce.json,2026-08-21
obec,Obec/516686,CZ071,Olomoucký kraj,https://data.mpsv.cz/od/soubory/ciselniky/obce.json,2026-08-21
obec,Obec/516694,CZ071,Olomoucký kraj,https://data.mpsv.cz/od/soubory/ciselniky/obce.json,2026-08-21
obec,Obec/516864,CZ071,Olomoucký kraj,https://data.mpsv.cz/od/soubory/ciselniky/obce.json,2026-08-21
obec,Obec/516899,CZ071,Olomoucký kraj,https://data.mpsv.cz/od/soubory/ciselniky/obce.json,2026-08-21
obec,Obec/516911,CZ071,Olomoucký kraj,https://data.mpsv.cz/od/soubory/ciselniky/obce.json,2026-08-21
obec,Obec/517101,CZ071,Olomoucký kraj,https://data.mpsv.cz/od/soubory/ciselniky/obce.json,2026-08-21
obec,Obec/517151,CZ071,Olomoucký kraj,https://data.mpsv.cz/od/soubory/ciselniky/obce.json,2026-08-21
obec,Obec/517208,CZ071,Olomoucký kraj,https://data.mpsv.cz/od/soubory/ciselniky/obce.json,2026-08-21
obec,Obec/511382,CZ071,Olomoucký kraj,https://data.mpsv.cz/od/soubory/ciselniky/obce.json,2026-08-21
obec,Obec/517224,CZ071,Olomoucký kraj,https://data.mpsv.cz/od/soubory/ciselniky/obce.json,2026-08-21
obec,Obec/517275,CZ071,Olomoucký kraj,https://data.mpsv.cz/od/soubory/ciselniky/obce.json,2026-08-21
obec,Obec/517321,CZ071,Olomoucký kraj,https://data.mpsv.cz/od/soubory/ciselniky/obce.json,2026-08-21
obec,Obec/517437,CZ071,Olomoucký kraj,https://data.mpsv.cz/od/soubory/ciselniky/obce.json,2026-08-21
obec,Obec/517445,CZ071,Olomoucký kraj,https://data.mpsv.cz/od/soubory/ciselniky/obce.json,2026-08-21
obec,Obec/517534,CZ071,Olomoucký kraj,https://data.mpsv.cz/od/soubory/ciselniky/obce.json,2026-08-21
obec,Obec/517569,CZ071,Olomoucký kraj,https://data.mpsv.cz/od/soubory/ciselniky/obce.json,2026-08-21
obec,Obec/517585,CZ071,Olomoucký kraj,https://data.mpsv.cz/od/soubory/ciselniky/obce.json,2026-08-21
obec,Obec/517607,CZ071,Olomoucký kraj,https://data.mpsv.cz/od/soubory/ciselniky/obce.json,2026-08-21
obec,Obec/517615,CZ071,Olomoucký kraj,https://data.mpsv.cz/od/soubory/ciselniky/obce.json,2026-08-21
obec,Obec/517666,CZ071,Olomoucký kraj,https://data.mpsv.cz/od/soubory/ciselniky/obce.json,2026-08-21
obec,Obec/517747,CZ071,Olomoucký kraj,https://data.mpsv.cz/od/soubory/ciselniky/obce.json,2026-08-21
obec,Obec/517844,CZ071,Olomoucký kraj,https://data.mpsv.cz/od/soubory/ciselniky/obce.json,2026-08-21
obec,Obec/517836,CZ071,Olomoucký kraj,https://data.mpsv.cz/od/soubory/ciselniky/obce.json,2026-08-21
obec,Obec/517887,CZ071,Olomoucký kraj,https://data.mpsv.cz/od/soubory/ciselniky/obce.json,2026-08-21
obec,Obec/552887,CZ071,Olomoucký kraj,https://data.mpsv.cz/od/soubory/ciselniky/obce.json,2026-08-21
obec,Obec/517909,CZ071,Olomoucký kraj,https://data.mpsv.cz/od/soubory/ciselniky/obce.json,2026-08-21
obec,Obec/518026,CZ071,Olomoucký kraj,https://data.mpsv.cz/od/soubory/ciselniky/obce.json,2026-08-21
obec,Obec/552950,CZ071,Olomoucký kraj,https://data.mpsv.cz/od/soubory/ciselniky/obce.json,2026-08-21
obec,Obec/570061,CZ071,Olomoucký kraj,https://data.mpsv.cz/od/soubory/ciselniky/obce.json,2026-08-21
obec,Obec/519031,CZ071,Olomoucký kraj,https://data.mpsv.cz/od/soubory/ciselniky/obce.json,2026-08-21
obec,Obec/519146,CZ071,Olomoucký kraj,https://data.mpsv.cz/od/soubory/ciselniky/obce.json,2026-08-21
obec,Obec/519651,CZ071,Olomoucký kraj,https://data.mpsv.cz/od/soubory/ciselniky/obce.json,2026-08-21
obec,Obec/520047,CZ071,Olomoucký kraj,https://data.mpsv.cz/od/soubory/ciselniky/obce.json,2026-08-21
obec,Obec/552836,CZ071,Olomoucký kraj,https://data.mpsv.cz/od/soubory/ciselniky/obce.json,2026-08-21
obec,Obec/570079,CZ071,Olomoucký kraj,https://data.mpsv.cz/od/soubory/ciselniky/obce.json,2026-08-21
obec,Obec/552879,CZ071,Olomoucký kraj,https://data.mpsv.cz/od/soubory/ciselniky/obce.json,2026-08-21
obec,Obec/520306,CZ071,Olomoucký kraj,https://data.mpsv.cz/od/soubory/ciselniky/obce.json,2026-08-21
obec,Obec/520420,CZ071,Olomoucký kraj,https://data.mpsv.cz/od/soubory/ciselniky/obce.json,2026-08-21
obec,Obec/552755,CZ071,Olomoucký kraj,https://data.mpsv.cz/od/soubory/ciselniky/obce.json,2026-08-21
obec,Obec/547433,CZ071,Olomoucký kraj,https://data.mpsv.cz/od/soubory/ciselniky/obce.json,2026-08-21
obec,Obec/521531,CZ071,Olomoucký kraj,https://data.mpsv.cz/od/soubory/ciselniky/obce.json,2026-08-21
obec,Obec/547450,CZ071,Olomoucký kraj,https://data.mpsv.cz/od/soubory/ciselniky/obce.json,2026-08-21
obec,Obec/547514,CZ071,Olomoucký kraj,https://data.mpsv.cz/od/soubory/ciselniky/obce.json,2026-08-21
obec,Obec/522775,CZ071,Olomoucký kraj,https://data.mpsv.cz/od/soubory/ciselniky/obce.json,2026-08-21
obec,Obec/523453,CZ071,Olomoucký kraj,https://data.mpsv.cz/od/soubory/ciselniky/obce.json,2026-08-21
obec,Obec/523640,CZ071,Olomoucký kraj,https://data.mpsv.cz/od/soubory/ciselniky/obce.json,2026-08-21
obec,Obec/525588,CZ071,Olomoucký kraj,https://data.mpsv.cz/od/soubory/ciselniky/obce.json,2026-08-21
obec,Obec/525804,CZ071,Olomoucký kraj,https://data.mpsv.cz/od/soubory/ciselniky/obce.json,2026-08-21
obec,Obec/525880,CZ071,Olomoucký kraj,https://data.mpsv.cz/od/soubory/ciselniky/obce.json,2026-08-21
obec,Obec/525979,CZ071,Olomoucký kraj,https://data.mpsv.cz/od/soubory/ciselniky/obce.json,2026-08-21
obec,Obec/526169,CZ071,Olomoucký kraj,https://data.mpsv.cz/od/soubory/ciselniky/obce.json,2026-08-21
obec,Obec/569437,CZ071,Olomoucký kraj,https://data.mpsv.cz/od/soubory/ciselniky/obce.json,2026-08-21
obec,Obec/530727,CZ071,Olomoucký kraj,https://data.mpsv.cz/od/soubory/ciselniky/obce.json,2026-08-21
obec,Obec/532894,CZ071,Olomoucký kraj,https://data.mpsv.cz/od/soubory/ciselniky/obce.json,2026-08-21
obec,Obec/533688,CZ071,Olomoucký kraj,https://data.mpsv.cz/od/soubory/ciselniky/obce.json,2026-08-21
obec,Obec/553379,CZ071,Olomoucký kraj,https://data.mpsv.cz/od/soubory/ciselniky/obce.json,2026-08-21
obec,Obec/570141,CZ071,Olomoucký kraj,https://data.mpsv.cz/od/soubory/ciselniky/obce.json,2026-08-21
obec,Obec/534927,CZ071,Olomoucký kraj,https://data.mpsv.cz/od/soubory/ciselniky/obce.json,2026-08-21
obec,Obec/535532,CZ071,Olomoucký kraj,https://data.mpsv.cz/od/soubory/ciselniky/obce.json,2026-08-21
obec,Obec/535770,CZ071,Olomoucký kraj,https://data.mpsv.cz/od/soubory/ciselniky/obce.json,2026-08-21
obec,Obec/535885,CZ071,Olomoucký kraj,https://data.mpsv.cz/od/soubory/ciselniky/obce.json,2026-08-21
obec,Obec/553387,CZ071,Olomoucký kraj,https://data.mpsv.cz/od/soubory/ciselniky/obce.json,2026-08-21
obec,Obec/536091,CZ071,Olomoucký kraj,https://data.mpsv.cz/od/soubory/ciselniky/obce.json,2026-08-21
obec,Obec/553221,CZ071,Olomoucký kraj,https://data.mpsv.cz/od/soubory/ciselniky/obce.json,2026-08-21
obec,Obec/536113,CZ071,Olomoucký kraj,https://data.mpsv.cz/od/soubory/ciselniky/obce.json,2026-08-21
obec,Obec/569305,CZ071,Olomoucký kraj,https://data.mpsv.cz/od/soubory/ciselniky/obce.json,2026-08-21
obec,Obec/553344,CZ071,Olomoucký kraj,https://data.mpsv.cz/od/soubory/ciselniky/obce.json,2026-08-21
obec,Obec/553212,CZ071,Olomoucký kraj,https://data.mpsv.cz/od/soubory/ciselniky/obce.json,2026-08-21
obec,Obec/536288,CZ071,Olomoucký kraj,https://data.mpsv.cz/od/soubory/ciselniky/obce.json,2026-08-21
obec,Obec/536393,CZ071,Olomoucký kraj,https://data.mpsv.cz/od/soubory/ciselniky/obce.json,2026-08-21
obec,Obec/536521,CZ071,Olomoucký kraj,https://data.mpsv.cz/od/soubory/ciselniky/obce.json,2026-08-21
obec,Obec/536571,CZ071,Olomoucký kraj,https://data.mpsv.cz/od/soubory/ciselniky/obce.json,2026-08-21
obec,Obec/536687,CZ071,Olomoucký kraj,https://data.mpsv.cz/od/soubory/ciselniky/obce.json,2026-08-21
obec,Obec/536733,CZ071,Olomoucký kraj,https://data.mpsv.cz/od/soubory/ciselniky/obce.json,2026-08-21
obec,Obec/553247,CZ071,Olomoucký kraj,https://data.mpsv.cz/od/soubory/ciselniky/obce.json,2026-08-21
obec,Obec/536814,CZ071,Olomoucký kraj,https://data.mpsv.cz/od/soubory/ciselniky/obce.json,2026-08-21
obec,Obec/569372,CZ071,Olomoucký kraj,https://data.mpsv.cz/od/soubory/ciselniky/obce.json,2026-08-21
obec,Obec/537284,CZ071,Olomoucký kraj,https://data.mpsv.cz/od/soubory/ciselniky/obce.json,2026-08-21
obec,Obec/537713,CZ071,Olomoucký kraj,https://data.mpsv.cz/od/soubory/ciselniky/obce.json,2026-08-21
obec,Obec/539961,CZ071,Olomoucký kraj,https://data.mpsv.cz/od/soubory/ciselniky/obce.json,2026-08-21
obec,Obec/540161,CZ071,Olomoucký kraj,https://data.mpsv.cz/od/soubory/ciselniky/obce.json,2026-08-21
obec,Obec/540196,CZ071,Olomoucký kraj,https://data.mpsv.cz/od/soubory/ciselniky/obce.json,2026-08-21
obec,Obec/540226,CZ071,Olomoucký kraj,https://data.mpsv.cz/od/soubory/ciselniky/obce.json,2026-08-21
obec,Obec/540234,CZ071,Olomoucký kraj,https://data.mpsv.cz/od/soubory/ciselniky/obce.json,2026-08-21
obec,Obec/540331,CZ071,Olomoucký kraj,https://data.mpsv.cz/od/soubory/ciselniky/obce.json,2026-08-21
obec,Obec/540366,CZ071,Olomoucký kraj,https://data.mpsv.cz/od/soubory/ciselniky/obce.json,2026-08-21
obec,Obec/569381,CZ071,Olomoucký kraj,https://data.mpsv.cz/od/soubory/ciselniky/obce.json,2026-08-21
obec,Obec/540471,CZ071,Olomoucký kraj,https://data.mpsv.cz/od/soubory/ciselniky/obce.json,2026-08-21
obec,Obec/540480,CZ071,Olomoucký kraj,https://data.mpsv.cz/od/soubory/ciselniky/obce.json,2026-08-21
obec,Obec/553476,CZ071,Olomoucký kraj,https://data.mpsv.cz/od/soubory/ciselniky/obce.json,2026-08-21
obec,Obec/540501,CZ071,Olomoucký kraj,https://data.mpsv.cz/od/soubory/ciselniky/obce.json,2026-08-21
obec,Obec/540510,CZ071,Olomoucký kraj,https://data.mpsv.cz/od/soubory/ciselniky/obce.json,2026-08-21
obec,Obec/540544,CZ071,Olomoucký kraj,https://data.mpsv.cz/od/soubory/ciselniky/obce.json,2026-08-21
obec,Obec/540595,CZ071,Olomoucký kraj,https://data.mpsv.cz/od/soubory/ciselniky/obce.json,2026-08-21
obec,Obec/540609,CZ071,Olomoucký kraj,https://data.mpsv.cz/od/soubory/ciselniky/obce.json,2026-08-21
obec,Obec/500020,CZ071,Olomoucký kraj,https://data.mpsv.cz/od/soubory/ciselniky/obce.json,2026-08-21
obec,Obec/540650,CZ071,Olomoucký kraj,https://data.mpsv.cz/od/soubory/ciselniky/obce.json,2026-08-21
obec,Obec/540731,CZ071,Olomoucký kraj,https://data.mpsv.cz/od/soubory/ciselniky/obce.json,2026-08-21
obec,Obec/540773,CZ071,Olomoucký kraj,https://data.mpsv.cz/od/soubory/ciselniky/obce.json,2026-08-21
obec,Obec/553352,CZ071,Olomoucký kraj,https://data.mpsv.cz/od/soubory/ciselniky/obce.json,2026-08-21
obec,Obec/540854,CZ071,Olomoucký kraj,https://data.mpsv.cz/od/soubory/ciselniky/obce.json,2026-08-21
obec,Obec/540862,CZ071,Olomoucký kraj,https://data.mpsv.cz/od/soubory/ciselniky/obce.json,2026-08-21
obec,Obec/553395,CZ071,Olomoucký kraj,https://data.mpsv.cz/od/soubory/ciselniky/obce.json,2026-08-21
obec,Obec/540871,CZ071,Olomoucký kraj,https://data.mpsv.cz/od/soubory/ciselniky/obce.json,2026-08-21
obec,Obec/540919,CZ071,Olomoucký kraj,https://data.mpsv.cz/od/soubory/ciselniky/obce.json,2026-08-21
obec,Obec/540978,CZ071,Olomoucký kraj,https://data.mpsv.cz/od/soubory/ciselniky/obce.json,2026-08-21
obec,Obec/540986,CZ071,Olomoucký kraj,https://data.mpsv.cz/od/soubory/ciselniky/obce.json,2026-08-21
obec,Obec/541079,CZ071,Olomoucký kraj,https://data.mpsv.cz/od/soubory/ciselniky/obce.json,2026-08-21
obec,Obec/570281,CZ071,Olomoucký kraj,https://data.mpsv.cz/od/soubory/ciselniky/obce.json,2026-08-21
obec,Obec/541109,CZ071,Olomoucký kraj,https://data.mpsv.cz/od/soubory/ciselniky/obce.json,2026-08-21
obec,Obec/541125,CZ071,Olomoucký kraj,https://data.mpsv.cz/od/soubory/ciselniky/obce.json,2026-08-21
obec,Obec/570117,CZ071,Olomoucký kraj,https://data.mpsv.cz/od/soubory/ciselniky/obce.json,2026-08-21
obec,Obec/541168,CZ071,Olomoucký kraj,https://data.mpsv.cz/od/soubory/ciselniky/obce.json,2026-08-21
obec,Obec/523704,CZ071,Olomoucký kraj,https://data.mpsv.cz/od/soubory/ciselniky/obce.json,2026-08-21
obec,Obec/553336,CZ071,Olomoucký kraj,https://data.mpsv.cz/od/soubory/ciselniky/obce.json,2026-08-21
obec,Obec/541222,CZ071,Olomoucký kraj,https://data.mpsv.cz/od/soubory/ciselniky/obce.json,2026-08-21
obec,Obec/541265,CZ071,Olomoucký kraj,https://data.mpsv.cz/od/soubory/ciselniky/obce.json,2026-08-21
obec,Obec/554146,CZ071,Olomoucký kraj,https://data.mpsv.cz/od/soubory/ciselniky/obce.json,2026-08-21
obec,Obec/553191,CZ071,Olomoucký kraj,https://data.mpsv.cz/od/soubory/ciselniky/obce.json,2026-08-21
obec,Obec/569445,CZ071,Olomoucký kraj,https://data.mpsv.cz/od/soubory/ciselniky/obce.json,2026-08-21
obec,Obec/570095,CZ071,Olomoucký kraj,https://data.mpsv.cz/od/soubory/ciselniky/obce.json,2026-08-21
obec,Obec/541354,CZ071,Olomoucký kraj,https://data.mpsv.cz/od/soubory/ciselniky/obce.json,2026-08-21
obec,Obec/570338,CZ071,Olomoucký kraj,https://data.mpsv.cz/od/soubory/ciselniky/obce.json,2026-08-21
obec,Obec/541478,CZ071,Olomoucký kraj,https://data.mpsv.cz/od/soubory/ciselniky/obce.json,2026-08-21
obec,Obec/541648,CZ072,Zlínský kraj,https://data.mpsv.cz/od/soubory/ciselniky/obce.json,2026-08-21
obec,Obec/541711,CZ072,Zlínský kraj,https://data.mpsv.cz/od/soubory/ciselniky/obce.json,2026-08-21
obec,Obec/541800,CZ072,Zlínský kraj,https://data.mpsv.cz/od/soubory/ciselniky/obce.json,2026-08-21
obec,Obec/542644,CZ072,Zlínský kraj,https://data.mpsv.cz/od/soubory/ciselniky/obce.json,2026-08-21
obec,Obec/542679,CZ072,Zlínský kraj,https://data.mpsv.cz/od/soubory/ciselniky/obce.json,2026-08-21
obec,Obec/542687,CZ072,Zlínský kraj,https://data.mpsv.cz/od/soubory/ciselniky/obce.json,2026-08-21
obec,Obec/542725,CZ072,Zlínský kraj,https://data.mpsv.cz/od/soubory/ciselniky/obce.json,2026-08-21
obec,Obec/542750,CZ072,Zlínský kraj,https://data.mpsv.cz/od/soubory/ciselniky/obce.json,2026-08-21
obec,Obec/542768,CZ072,Zlínský kraj,https://data.mpsv.cz/od/soubory/ciselniky/obce.json,2026-08-21
obec,Obec/542784,CZ072,Zlínský kraj,https://data.mpsv.cz/od/soubory/ciselniky/obce.json,2026-08-21
obec,Obec/542814,CZ072,Zlínský kraj,https://data.mpsv.cz/od/soubory/ciselniky/obce.json,2026-08-21
obec,Obec/542831,CZ072,Zlínský kraj,https://data.mpsv.cz/od/soubory/ciselniky/obce.json,2026-08-21
obec,Obec/542865,CZ072,Zlínský kraj,https://data.mpsv.cz/od/soubory/ciselniky/obce.json,2026-08-21
obec,Obec/570346,CZ072,Zlínský kraj,https://data.mpsv.cz/od/soubory/ciselniky/obce.json,2026-08-21
obec,Obec/542903,CZ072,Zlínský kraj,https://data.mpsv.cz/od/soubory/ciselniky/obce.json,2026-08-21
obec,Obec/542911,CZ072,Zlínský kraj,https://data.mpsv.cz/od/soubory/ciselniky/obce.json,2026-08-21
obec,Obec/542946,CZ072,Zlínský kraj,https://data.mpsv.cz/od/soubory/ciselniky/obce.json,2026-08-21
obec,Obec/542989,CZ072,Zlínský kraj,https://data.mpsv.cz/od/soubory/ciselniky/obce.json,2026-08-21
obec,Obec/542997,CZ072,Zlínský kraj,https://data.mpsv.cz/od/soubory/ciselniky/obce.json,2026-08-21
obec,Obec/500062,CZ072,Zlínský kraj,https://data.mpsv.cz/od/soubory/ciselniky/obce.json,2026-08-21
obec,Obec/543021,CZ072,Zlínský kraj,https://data.mpsv.cz/od/soubory/ciselniky/obce.json,2026-08-21
obec,Obec/543098,CZ072,Zlínský kraj,https://data.mpsv.cz/od/soubory/ciselniky/obce.json,2026-08-21
obec,Obec/544264,CZ072,Zlínský kraj,https://data.mpsv.cz/od/soubory/ciselniky/obce.json,2026-08-21
obec,Obec/544302,CZ072,Zlínský kraj,https://data.mpsv.cz/od/soubory/ciselniky/obce.json,2026-08-21
obec,Obec/556866,CZ072,Zlínský kraj,https://data.mpsv.cz/od/soubory/ciselniky/obce.json,2026-08-21
obec,Obec/544370,CZ072,Zlínský kraj,https://data.mpsv.cz/od/soubory/ciselniky/obce.json,2026-08-21
obec,Obec/544396,CZ072,Zlínský kraj,https://data.mpsv.cz/od/soubory/ciselniky/obce.json,2026-08-21
obec,Obec/544418,CZ072,Zlínský kraj,https://data.mpsv.cz/od/soubory/ciselniky/obce.json,2026-08-21
obec,Obec/544434,CZ072,Zlínský kraj,https://data.mpsv.cz/od/soubory/ciselniky/obce.json,2026-08-21
obec,Obec/544469,CZ072,Zlínský kraj,https://data.mpsv.cz/od/soubory/ciselniky/obce.json,2026-08-21
obec,Obec/544507,CZ072,Zlínský kraj,https://data.mpsv.cz/od/soubory/ciselniky/obce.json,2026-08-21
obec,Obec/544566,CZ072,Zlínský kraj,https://data.mpsv.cz/od/soubory/ciselniky/obce.json,2026-08-21
obec,Obec/544574,CZ072,Zlínský kraj,https://data.mpsv.cz/od/soubory/ciselniky/obce.json,2026-08-21
obec,Obec/569496,CZ072,Zlínský kraj,https://data.mpsv.cz/od/soubory/ciselniky/obce.json,2026-08-21
obec,Obec/544621,CZ072,Zlínský kraj,https://data.mpsv.cz/od/soubory/ciselniky/obce.json,2026-08-21
obec,Obec/500071,CZ072,Zlínský kraj,https://data.mpsv.cz/od/soubory/ciselniky/obce.json,2026-08-21
obec,Obec/544655,CZ072,Zlínský kraj,https://data.mpsv.cz/od/soubory/ciselniky/obce.json,2026-08-21
obec,Obec/544671,CZ072,Zlínský kraj,https://data.mpsv.cz/od/soubory/ciselniky/obce.json,2026-08-21
obec,Obec/544698,CZ072,Zlínský kraj,https://data.mpsv.cz/od/soubory/ciselniky/obce.json,2026-08-21
obec,Obec/544728,CZ072,Zlínský kraj,https://data.mpsv.cz/od/soubory/ciselniky/obce.json,2026-08-21
obec,Obec/544787,CZ072,Zlínský kraj,https://data.mpsv.cz/od/soubory/ciselniky/obce.json,2026-08-21
obec,Obec/544841,CZ072,Zlínský kraj,https://data.mpsv.cz/od/soubory/ciselniky/obce.json,2026-08-21
obec,Obec/544850,CZ072,Zlínský kraj,https://data.mpsv.cz/od/soubory/ciselniky/obce.json,2026-08-21
obec,Obec/544906,CZ072,Zlínský kraj,https://data.mpsv.cz/od/soubory/ciselniky/obce.json,2026-08-21
obec,Obec/544914,CZ072,Zlínský kraj,https://data.mpsv.cz/od/soubory/ciselniky/obce.json,2026-08-21
obec,Obec/544922,CZ072,Zlínský kraj,https://data.mpsv.cz/od/soubory/ciselniky/obce.json,2026-08-21
obec,Obec/570371,CZ072,Zlínský kraj,https://data.mpsv.cz/od/soubory/ciselniky/obce.json,2026-08-21
obec,Obec/544949,CZ072,Zlínský kraj,https://data.mpsv.cz/od/soubory/ciselniky/obce.json,2026-08-21
obec,Obec/544990,CZ072,Zlínský kraj,https://data.mpsv.cz/od/soubory/ciselniky/obce.json,2026-08-21
obec,Obec/553026,CZ072,Zlínský kraj,https://data.mpsv.cz/od/soubory/ciselniky/obce.json,2026-08-21
obec,Obec/545058,CZ072,Zlínský kraj,https://data.mpsv.cz/od/soubory/ciselniky/obce.json,2026-08-21
obec,Obec/545147,CZ072,Zlínský kraj,https://data.mpsv.cz/od/soubory/ciselniky/obce.json,2026-08-21
obec,Obec/545163,CZ072,Zlínský kraj,https://data.mpsv.cz/od/soubory/ciselniky/obce.json,2026-08-21
obec,Obec/545198,CZ072,Zlínský kraj,https://data.mpsv.cz/od/soubory/ciselniky/obce.json,2026-08-21
obec,Obec/545210,CZ072,Zlínský kraj,https://data.mpsv.cz/od/soubory/ciselniky/obce.json,2026-08-21
obec,Obec/541630,CZ072,Zlínský kraj,https://data.mpsv.cz/od/soubory/ciselniky/obce.json,2026-08-21
obec,Obec/545236,CZ072,Zlínský kraj,https://data.mpsv.cz/od/soubory/ciselniky/obce.json,2026-08-21
obec,Obec/545244,CZ072,Zlínský kraj,https://data.mpsv.cz/od/soubory/ciselniky/obce.json,2026-08-21
obec,Obec/545252,CZ072,Zlínský kraj,https://data.mpsv.cz/od/soubory/ciselniky/obce.json,2026-08-21
obec,Obec/523917,CZ071,Olomoucký kraj,https://data.mpsv.cz/od/soubory/ciselniky/obce.json,2026-08-21
obec,Obec/524891,CZ071,Olomoucký kraj,https://data.mpsv.cz/od/soubory/ciselniky/obce.json,2026-08-21
obec,Obec/525227,CZ071,Olomoucký kraj,https://data.mpsv.cz/od/soubory/ciselniky/obce.json,2026-08-21
obec,Obec/533491,CZ071,Olomoucký kraj,https://data.mpsv.cz/od/soubory/ciselniky/obce.json,2026-08-21
obec,Obec/569356,CZ071,Olomoucký kraj,https://data.mpsv.cz/od/soubory/ciselniky/obce.json,2026-08-21
obec,Obec/553301,CZ071,Olomoucký kraj,https://data.mpsv.cz/od/soubory/ciselniky/obce.json,2026-08-21
obec,Obec/536148,CZ071,Olomoucký kraj,https://data.mpsv.cz/od/soubory/ciselniky/obce.json,2026-08-21
obec,Obec/536385,CZ071,Olomoucký kraj,https://data.mpsv.cz/od/soubory/ciselniky/obce.json,2026-08-21
obec,Obec/557218,CZ071,Olomoucký kraj,https://data.mpsv.cz/od/soubory/ciselniky/obce.json,2026-08-21
obec,Obec/540030,CZ071,Olomoucký kraj,https://data.mpsv.cz/od/soubory/ciselniky/obce.json,2026-08-21
obec,Obec/540382,CZ071,Olomoucký kraj,https://data.mpsv.cz/od/soubory/ciselniky/obce.json,2026-08-21
obec,Obec/569330,CZ071,Olomoucký kraj,https://data.mpsv.cz/od/soubory/ciselniky/obce.json,2026-08-21
obec,Obec/540684,CZ071,Olomoucký kraj,https://data.mpsv.cz/od/soubory/ciselniky/obce.json,2026-08-21
obec,Obec/553484,CZ071,Olomoucký kraj,https://data.mpsv.cz/od/soubory/ciselniky/obce.json,2026-08-21
obec,Obec/541036,CZ071,Olomoucký kraj,https://data.mpsv.cz/od/soubory/ciselniky/obce.json,2026-08-21
obec,Obec/541117,CZ071,Olomoucký kraj,https://data.mpsv.cz/od/soubory/ciselniky/obce.json,2026-08-21
obec,Obec/541214,CZ071,Olomoucký kraj,https://data.mpsv.cz/od/soubory/ciselniky/obce.json,2026-08-21
obec,Obec/541249,CZ071,Olomoucký kraj,https://data.mpsv.cz/od/soubory/ciselniky/obce.json,2026-08-21
obec,Obec/553468,CZ071,Olomoucký kraj,https://data.mpsv.cz/od/soubory/ciselniky/obce.json,2026-08-21
obec,Obec/569453,CZ071,Olomoucký kraj,https://data.mpsv.cz/od/soubory/ciselniky/obce.json,2026-08-21
obec,Obec/541303,CZ071,Olomoucký kraj,https://data.mpsv.cz/od/soubory/ciselniky/obce.json,2026-08-21
obec,Obec/541346,CZ071,Olomoucký kraj,https://data.mpsv.cz/od/soubory/ciselniky/obce.json,2026-08-21
obec,Obec/597996,CZ071,Olomoucký kraj,https://data.mpsv.cz/od/soubory/ciselniky/obce.json,2026-08-21
obec,Obec/541575,CZ071,Olomoucký kraj,https://data.mpsv.cz/od/soubory/ciselniky/obce.json,2026-08-21
